<?xml version="1.0"?>
<!DOCTYPE modification SYSTEM "http://www.simplemachines.org/xml/modification">
<!-- Released under the GNU/GPL license -->
<modification xmlns="http://www.simplemachines.org/xml/modification" xmlns:smf="http://www.simplemachines.org/">
	<id>HoverClub:NewsLetterMod</id>
	<version>1.24</version>
	
	<file name="$boarddir/index.php">
		<operation>
			<search position="before"><![CDATA[		'.xml' => array('News.php', 'ShowXmlFeed'),]]></search>
			<add><![CDATA[
		'NewsSubscribe' => array('NewsSubscribe.php', 'Handler'),
			]]></add>
		</operation>	
	</file>

	<file name="$themedir/languages/ManageScheduledTasks.english.php">
		<operation>
			<search position="end" />
			<add>
			<![CDATA[
$txt['scheduled_task_newsltr'] = 'Newsletter';
$txt['scheduled_task_desc_newsltr'] = 'Sends a newsletter to members or guests who have subscribed.';
			]]></add>
		</operation>
	</file>

	<file name="$themedir/languages/ManageScheduledTasks.english_british.php" error="skip">
		<operation>
			<search position="end" />
			<add>
			<![CDATA[
$txt['scheduled_task_newsltr'] = 'Newsletter';
$txt['scheduled_task_desc_newsltr'] = 'Sends a newsletter to members or guests who have subscribed.';
			]]></add>
		</operation>
	</file>

	<file name="$sourcedir/ScheduledTasks.php">
		<!-- add task to handle newsletters  -->
		<operation>
			<search position="after"><![CDATA[?>]]></search>
			<add><![CDATA[
function scheduled_newsltr()
{
	global $modSettings, $settings, $sourcedir, $scripturl, $mbname, $txt, $smcFunc, $context;
	
	include($sourcedir. '/Subs-Newsletter.php');
	SendNews();
	return true;
}
]]></add>
		</operation>	
	</file>

	
	<file name="$sourcedir/BoardIndex.php">
		<operation>
			<search position="before"><![CDATA[	$context += getMembersOnlineStats($membersOnlineOptions);
]]></search>
	<add><![CDATA[
	$context['user']['newsltr'] = array('next_ltr_date'=>'', 'period'=>'', 'email'=>'',);
	if (!$context['user']['is_guest'])
	{
		global $smcFunc;
		$result = $smcFunc['db_query']('', '
			SELECT email, next_ltr_date, period
				FROM {db_prefix}hcb_newsletter
			WHERE email = {text:memail}
				LIMIT 1',
			array ('memail'=> $context['user']['email'],)
		);

		if ($row = $smcFunc['db_fetch_assoc']($result))
			$context['user']['newsltr'] = $row;
		$smcFunc['db_free_result']($result);
	}
]]></add>
		</operation>
	</file>

	
	<file name="$themedir/BoardIndex.template.php">
		<operation>
			<search position="before"><![CDATA[<div id="boardindex_table">
	]]></search>
	<add><![CDATA[
	';
	$news_ltr = '';
	if (
			(!empty($modSettings['newsltr_news']) OR !empty($modSettings['newsltr_topic_count']) OR !empty($modSettings['newsltr_events']) OR !empty($modSettings['newsltr_stats']))
		AND 
			(!$context['user']['is_guest'] OR ($context['user']['is_guest'] AND $modSettings['newsltr_allow_guest']))
		)
	{
		$news_ltr = '
	<div class="smalltext">
		<form action="' . $scripturl . '?action=NewsSubscribe" method="post" accept-charset="' . $context['character_set'] .'" name="newsSubscriber">
			<input type="hidden" name="sc" value="' . $context['session_id'] . '" />
			<input type="hidden" name="lastaction" value="forum" />
			' . $context['forum_name'] . ' ' . $txt['newsubscribe_mod_title'];
		
		if ($context['user']['is_guest'])
			$news_ltr .= $txt['newsubscribe_mod_email'] . '<input type="text" clasa="input_text" maxlength="255" size="25" value="' . $context['user']['newsltr']['email'] . '" name="email" />';
		else
			$news_ltr .= '
				<input type="hidden" name="email" value="' . $context['user']['email'] . '" />';
		if ($context['user']['is_guest'] OR empty($context['user']['newsltr']['email']))
			$news_ltr .='
				<input type="submit" class="button_submit" name="subscribe" value="' . $txt['newsubscribe_mod_subscribe'] .'"/>' .
			$txt['newsubscribe_mod_week'] . '<Input type="radio" name ="period" value="7"' . (($context['user']['newsltr']['period'] == 7) ? ' checked="checked"' :'')  . '>' .
			$txt['newsubscribe_mod_fort'] . '<input type="radio" name ="period" value="14"' . (($context['user']['newsltr']['period'] == 14) ? ' checked="checked"' :'')  . '>' . 
			$txt['newsubscribe_mod_month'] . '<input type="radio" name ="period" value="30"' . ((empty($context['user']['newsltr']['period']) OR $context['user']['newsltr']['period'] == 30) ? ' checked="checked"' : '')  . '>';
		if ($context['user']['is_guest'] OR !empty($context['user']['newsltr']['email']))
			$news_ltr .= ($context['user']['is_guest'] ? '' : $txt['newsubscribe_mod_next'] . date(' j F', $context['user']['newsltr']['next_ltr_date'])) . '<input type="submit" class="button_submit" name="unsubscribe"  value="' . $txt['newsubscribe_mod_unsubscribe'] .'"/>';
	$news_ltr .= '
		</form>
	</div>';
	}
	if (empty($modSettings['newsltr_position']))
		echo $news_ltr;
	echo '	<table class="table_list" cellspacing="0">';
	echo ']]></add>
		</operation>
		<operation>
			<search position="before"><![CDATA[	echo '
		</table>
]]></search>
	<add><![CDATA[';
	if (!empty($modSettings['newsltr_position']))
		echo $news_ltr . ']]></add>
		</operation>
	</file>

	
	<!-- subscribe on registration option -->
	<file name="$sourcedir/Register.php">
		<operation>
			<search position="after"><![CDATA[	// If COPPA has been selected then things get complicated, setup the template.
]]></search>
			<add><![CDATA[
			if (isset($_REQUEST['news_subscribe']) AND $modSettings['newsltr_register_subscribe'])
				{
					$period= time() + (86400 * 7);  // default to 7 days for newsletter
					
					$smcFunc['db_insert']('replace',
						'{db_prefix}hcb_newsletter',
						array('next_ltr_date' => 'int', 'email' => 'text', 'period' => 'int',),
						array($period, $regOptions['email'], '7',),
						array()
					);
				}
]]></add>
		</operation>	
	</file>

	<file name="$themedir/Register.template.php">
		<operation>
			<search position="after"><![CDATA[	if ($context['visual_verification'])]]></search>
			<add>
			<![CDATA[ 
	if ($modSettings['newsltr_register_subscribe'])
		echo '
			<div class="title_bar">
				<h4 class="titlebg">', $txt['newsubscribe_mod_title'], '</h4>
			</div>
			<div class="windowbg2">
				<span class="topslice"><span></span></span>
				<fieldset class="content">
					<dl class="register_form" id="mod_newsletters">
						<dt>', $txt['newsltr_subscribe'], '</dt>
						<dd><input type="checkbox" class="input_check" id="news_subscribe" name="news_subscribe" checked="checked"></dd>
					</dl>
				</fieldset>
				<span class="botslice"><span></span></span>
			</div>';
]]></add>
		</operation>
	</file>


	<file name="$themedir/languages/Modifications.english.php">
		<operation>
			<search position="after"><![CDATA[?>]]></search>
			<add><![CDATA[
$txt['newsubscribe_mod_title'] = 'Newsletter ';
$txt['newsubscribe_mod_subscribe'] = 'Subscribe';
$txt['newsubscribe_mod_subscribed'] = ' people are subscribed';
$txt['newsubscribe_mod_unsubscribe'] = 'Unsubscribe';
$txt['newsubscribe_mod_preview'] = 'Preview Newsletter';
$txt['newsubscribe_mod_email'] = 'Email address: ';
$txt['newsubscribe_mod_week'] = '  Weekly';
$txt['newsubscribe_mod_fort'] = '  Fortnightly';
$txt['newsubscribe_mod_month'] = '  Monthly';
$txt['newsubscribe_mod_noemail'] = 'I\'m sorry but that email address wasn\'t found in the subscription list. Please try again. ';
$txt['newsubscribe_mod_bademail'] = 'I\'m sorry but that doesn\'t seem to be a valid email address. Please try again. ';
$txt['newsubscribe_mod_donesub'] = 'Your have successfully subscribed to the ';
$txt['newsubscribe_mod_doneunsub'] = 'You will no longer receive the ';
$txt['newsubscribe_mod_done'] = 'Back';
$txt['newsubscribe_mod_next'] = '  - due on ';

$txt['newsltr_subscribe'] = 'Subscribe to the newsletter: <br /><span class="smalltext">You can change your subscription options at any time on the main forum page.</span>';

$txt['newsltr_news'] = 'Include the latest news fader item:<br /><span class= "smalltext">The news fader display does NOT have to be enabled to include news.</span>';
$txt['newsltr_events'] = 'Include calendar events:<br /><span class= "smalltext">Calendar must be enabled - the number of events included is set by <i>Max days in advance on board index</i> in the Admin Calendar settings.</span>';
$txt['newsltr_topic_count'] = 'Number of topic titles/links to include (max. 50):<br /><span class= "smalltext">Set to 0 or leave blank if you don\'t want topics to be included in the newsletter.</span>';
$txt['newsltr_video_count'] = 'Number of videos to include (max: 20):<br /><span class= "smalltext">Latest YouTube video links - set to 0 or leave blank if you don\'t want to include videos.</span>';
$txt['newsltr_picture_count'] = 'Number of gallery pictures to include (max: 20):<br /><span class= "smalltext">Latest SMF Gallery images - set to 0 or leave blank if you don\'t want pictures to be included.</span>';
$txt['newsltr_exclude_cats'] = 'Don\'t include pictures from these gallery categories:<br /><span class= "smalltext">Use Ctrl or Shift key to select multiple categories.</span>';
$txt['newsltr_position'] = 'Place subscribe/unsubscribe buttons underneath the board list:<br /><span class= "smalltext">If clear then the subscribe/unsubscribe buttons will appear above the board list.</span>';
$txt['newsltr_register_subscribe'] = 'Show newlsetter subscribe option during registration <br /><span class="smalltext">If set then users will be able to subscribe to the newsletter during forum registration.</span>';

$txt['newsltr_stats'] = 'Include forum statistics:<br /><span class= "smalltext">Includes total post, topic and member counts.</span>';
$txt['newsltr_allow_guest'] = 'Allow guests to subscribe';
$txt['newsltr_use_perms'] = 'Use guest permissions:<br /><span class= "smalltext">If set, the newsletter will only include titles of topics and videos that a guest has permission to read - if left clear then it may include links to topics that a guest may not be able to fully view.</span>';
$txt['newsltr_exclude_boards'] = 'Don\'t include topics from these boards:<br /><span class= "smalltext">Use Ctrl or Shift key to select multiple boards.</span>';
$txt['newsltr_exclude_vboards'] = 'Don\'t include videos from these boards:<br /><span class= "smalltext">Use Ctrl or Shift key to select multiple boards.</span>';
$txt['newsltr_includeall'] = 'Include all';
$txt['newsubscribe_mod_delmail'] = 'Delete a recipient from the mailing list.';

// email text
$txt['newsltr_email_header'] = 'Newsletter from the %s';
$txt['newsltr_email_unsub'] = '<div class="smalltext">To unsubscribe from this newsletter please <a href="'. $scripturl . '?action=NewsSubscribe;unsubscribe;email=%s">click here</a></div>';
$txt['newsltr_email_news'] = 'Latest News:';
$txt['newsltr_email_posts'] = 'Latest Posts:';
$txt['newsltr_email_events'] = 'Upcoming Events:';
$txt['newsltr_email_pictures'] = 'Latest pictures:';
$txt['newsltr_email_videos'] = 'Latest Videos:';
$txt['newsltr_email_style'] = '#content{padding-left: 20px; margin: 0 auto; font: 78%/130% "Verdana","Arial","Helvetica",sans-serif; color: #444444; empty-cells: show;} #header {text-align:center;} table { width:100%;border-bottom: 1px solid #FFFFFF;border-right: 1px solid #fff; padding: 3px; } thead { background: #a7b9cd; color: #ffffff; } .subject { background-color: #F0F4F7;color: #000000;} .smalltext { font-size: 0.9em;} .icon { text-align: center; background-color: #E7EAEF; } .date { background-color: #F0F4F7; color:green;} td { padding: 3px;border-bottom: 1px solid #fff; border-right: 1px solid #fff;} h2 { margin: 4px; text-align:center;} .picture {text-align:center;padding:5px;background-color:#dedAdF;} .video {text-align:center;width:135px;padding:5px;background-color:#dedAdF;} .vimage {box-shadow: 2px 2px 7px rgba(0, 0, 0, 0.8); -moz-box-shadow: 2 2px 7px rgba(0,0,0,0.8); -webkit-box-shadow: 2 2px 7px rgba(0,0,0,0.8);}  .pimage {box-shadow: 2px 2px 7px rgba(0, 0, 0, 0.8); -moz-box-shadow: 2 2px 7px rgba(0,0,0,0.8); -webkit-box-shadow: 2 2px 7px rgba(0,0,0,0.8);}';

]]></add>
		</operation>
	</file>

<!-- now the admin settings -->
	<file name="$sourcedir/Admin.php">
		<operation>
			<search position="before"><![CDATA[						// Note the comma!! The setting with automatically appear with the first mod to be added.
]]></search>
			<add><![CDATA[						'newsltr' => array($txt['newsubscribe_mod_title']),
]]></add>
		</operation>
	</file>


	<file name="$sourcedir/ManageSettings.php">
		<operation>
			<search position="before"><![CDATA[		// Mod authors, once again, if you have a whole section to add do it AFTER this line, and keep a comma at the end.
]]></search>
			<add><![CDATA[		'newsltr' => 'ModifyNewsltrSettings',
]]></add>
		</operation>
		<operation>
			<search position="before"><![CDATA[		'description' => $txt['modification_settings_desc'],
		'tabs' => array(
			'general' => array(
			),
]]></search>
			<add><![CDATA[			'newsltr' => array(
			),
]]></add>
		</operation>
		<operation>
			<search position="end" />
			<add><![CDATA[function ModifyNewsltrSettings($return_config = false)
{
	global $sourcedir, $boarddir, $txt, $scripturl, $context, $settings, $sc, $modSettings, $smcFunc;

	// get list of boards...
	$cats = $boards = array(0=>$txt['newsltr_includeall']); // include all boards

	$result = $smcFunc['db_query']('', 'SELECT id_board, name FROM {db_prefix}boards');

	while ($row = $smcFunc['db_fetch_assoc']($result))
		$boards[$row['id_board']] = $row['name'];

	// get total subscribers
	$result = $smcFunc['db_query']('', 'SELECT COUNT(*) AS c FROM {db_prefix}hcb_newsletter');
	$c = $smcFunc['db_fetch_assoc']($result);
	$count = $c['c'];
	$smcFunc['db_free_result']($result);

	
	$config_vars = array(
			array('check', 'newsltr_allow_guest'),
			array('check', 'newsltr_use_perms'),
			array('check', 'newsltr_position'),
			array('check', 'newsltr_register_subscribe'),
			'',
			array('int', 'newsltr_topic_count'),
			array('select', 'newsltr_exclude_boards', $boards, 'multiple'=>true,),
			'',
			array('int', 'newsltr_video_count'),
			array('select', 'newsltr_exclude_vboards', $boards, 'multiple'=>true,),
			'',
		);
			
	include ($sourcedir . '/Subs-Package.php');
	$installed = loadInstalledPackages(); // get list of installed packages
	foreach ($installed as $name)
	{
		if (stripos($name['name'], 'SMF Gallery') !== false)
		{
		
			// get a list of gallery categories this user can view
			$dbresult = $smcFunc['db_query']('', 'SELECT id_cat, title FROM {db_prefix}gallery_cat ORDER BY roworder ASC');
			while($row = $smcFunc['db_fetch_assoc']($dbresult))	
				$cats[$row['id_cat']] = $row['title'];

			$config_vars[] = array('int', 'newsltr_picture_count');  //SMF gallery support
			$config_vars[] = array('select', 'newsltr_exclude_cats', $cats, 'multiple'=>true,);
			$config_vars[] = '';

			break;
		}
	}
	
	$c = array(
			array('check', 'newsltr_stats'),
			array('check', 'newsltr_news'),
			array('check', 'newsltr_events'),
			'',
			array('desc','newsltr_prev', 
				'text_label'=>'<a href="' . $scripturl . '?action=NewsSubscribe;preview;sc=' . $context['session_id']. '">[' . $txt['newsubscribe_mod_preview'] . ']</a>'),
			array('desc','newsltr_subscribed', 
				'text_label'=> $count . $txt['newsubscribe_mod_subscribed']),	
			array('desc','newsltr_delete', 
				'text_label'=>'<a href="' . $scripturl . '?action=NewsSubscribe;delemail;email;sc=' . $context['session_id'] . ';lastaction=' . rawurlencode('admin;area=modsettings;sa=newsltr') . '">[' . $txt['newsubscribe_mod_delmail'] . ']</a>'),
		);
		
	$config_vars = array_merge($config_vars,$c);
	

	if ($return_config)
		return $config_vars;

	$context['post_url'] = $scripturl . '?action=admin;area=modsettings;save;sa=newsltr';
	$context['settings_title'] = $txt['newsubscribe_mod_title'];

	// Saving?
	if (isset($_GET['save']))
	{
		checkSession();
		$save_vars = $config_vars;
		saveDBSettings($save_vars);
		redirectexit('action=admin;area=modsettings;sa=newsltr');
	}
	prepareDBSettingContext($config_vars);
}

]]></add>
		</operation>
	</file>

</modification>
