<?xml version="1.0"?>
<!DOCTYPE package-info SYSTEM "http://www.simplemachines.org/xml/package-info">
<!-- 
	Copyright 2013 John Robertson
	Released under the GNU/GPL license

	This file is part of the Global Post Limit mod for SMF2.

    This is free software: you can redistribute it and/or modify
    it under the terms of the GNU General Public License as published by
    the Free Software Foundation, either version 3 of the License, or
    (at your option) any later version.

    This software is distributed in the hope that it will be useful,
    but WITHOUT ANY WARRANTY; without even the implied warranty of
    MERCHANTABILITY or FITNESS FOR A PARTICULAR PURPOSE.  See the
    GNU General Public License for more details.
-->
<package-info xmlns="http://www.simplemachines.org/xml/package-info" xmlns:smf="http://www.simplemachines.org/">
	<id>HoverClub:NewsLetter</id>
	<name>News Letter Mod for SMF2</name>
	<version>1.25</version>

	<type>modification</type>

	<install for="2.0-2.0.99">
		<readme type="file" parsebbc="true">readme_bb.txt</readme>
		<modification>modification.xml</modification>
		<database>database.php</database>		
		<require-file name="NewsSubscribe.php" destination="$sourcedir" />
		<require-file name="Subs-Newsletter.php" destination="$sourcedir" />
		<require-file name="Newsletter.template.php" destination="$themedir" />
		<redirect url="$scripturl?action=admin;area=modsettings;sa=newsltr" />
	</install>
	
	<uninstall for="2.0-2.0.99">
		<modification reverse="true">modification.xml</modification>
		<remove-file name="$sourcedir/NewsSubscribe.php" />
		<remove-file name="$sourcedir/Subs-Newsletter.php" />
		<remove-file name="Newsletter.template.php" />
	</uninstall>
</package-info>
