-- MySQL dump 10.13  Distrib 5.5.44, for debian-linux-gnu (x86_64)
--
-- Host: localhost    Database: wwwsubl_forum
-- ------------------------------------------------------
-- Server version	5.5.44-0ubuntu0.14.04.1

/*!40101 SET @OLD_CHARACTER_SET_CLIENT=@@CHARACTER_SET_CLIENT */;
/*!40101 SET @OLD_CHARACTER_SET_RESULTS=@@CHARACTER_SET_RESULTS */;
/*!40101 SET @OLD_COLLATION_CONNECTION=@@COLLATION_CONNECTION */;
/*!40101 SET NAMES utf8 */;
/*!40103 SET @OLD_TIME_ZONE=@@TIME_ZONE */;
/*!40103 SET TIME_ZONE='+00:00' */;
/*!40014 SET @OLD_UNIQUE_CHECKS=@@UNIQUE_CHECKS, UNIQUE_CHECKS=0 */;
/*!40014 SET @OLD_FOREIGN_KEY_CHECKS=@@FOREIGN_KEY_CHECKS, FOREIGN_KEY_CHECKS=0 */;
/*!40101 SET @OLD_SQL_MODE=@@SQL_MODE, SQL_MODE='NO_AUTO_VALUE_ON_ZERO' */;
/*!40111 SET @OLD_SQL_NOTES=@@SQL_NOTES, SQL_NOTES=0 */;

--
-- Table structure for table `smf_admin_info_files`
--

DROP TABLE IF EXISTS `smf_admin_info_files`;
/*!40101 SET @saved_cs_client     = @@character_set_client */;
/*!40101 SET character_set_client = utf8 */;
CREATE TABLE `smf_admin_info_files` (
  `id_file` tinyint(4) unsigned NOT NULL AUTO_INCREMENT,
  `filename` varchar(255) NOT NULL DEFAULT '',
  `path` varchar(255) NOT NULL DEFAULT '',
  `parameters` varchar(255) NOT NULL DEFAULT '',
  `data` text NOT NULL,
  `filetype` varchar(255) NOT NULL DEFAULT '',
  PRIMARY KEY (`id_file`),
  KEY `filename` (`filename`(30))
) ENGINE=InnoDB AUTO_INCREMENT=5 DEFAULT CHARSET=utf8;
/*!40101 SET character_set_client = @saved_cs_client */;

--
-- Dumping data for table `smf_admin_info_files`
--

LOCK TABLES `smf_admin_info_files` WRITE;
/*!40000 ALTER TABLE `smf_admin_info_files` DISABLE KEYS */;
INSERT INTO `smf_admin_info_files` VALUES (1,'current-version.js','/smf/','version=%3$s','window.smfVersion = \"SMF 2.0.10\";','text/javascript'),(2,'detailed-version.js','/smf/','language=%1$s&version=%3$s','window.smfVersions = {\n	\'SMF\': \'SMF 1.1.21\',\n	\'SourcesAdmin.php\': \'1.1.6\',\n	\'SourcesBoardIndex.php\': \'1.1.11\',\n	\'SourcesCalendar.php\': \'1.1.5\',\n	\'SourcesDisplay.php\': \'1.1.11\',\n	\'SourcesDumpDatabase.php\': \'1.1.12\',\n	\'SourcesErrors.php\': \'1.1\',\n	\'SourcesHelp.php\': \'1.1\',\n	\'SourcesKarma.php\': \'1.1.5\',\n	\'SourcesLoad.php\': \'1.1.15\',\n	\'SourcesLockTopic.php\': \'1.1\',\n	\'SourcesLogInOut.php\': \'1.1.19\',\n	\'SourcesManageAttachments.php\': \'1.1.11\',\n	\'SourcesManageBans.php\': \'1.1.10\',\n	\'SourcesManageBoards.php\': \'1.1.2\',\n	\'SourcesManageCalendar.php\': \'1.1.11\',\n	\'SourcesManageErrors.php\': \'1.1\',\n	\'SourcesManageMembergroups.php\': \'1.1.4\',\n	\'SourcesManageMembers.php\': \'1.1.11\',\n	\'SourcesManageNews.php\': \'1.1.13\',\n	\'SourcesManagePermissions.php\': \'1.1.11\',\n	\'SourcesManagePosts.php\': \'1.1\',\n	\'SourcesManageRegistration.php\': \'1.1.10\',\n	\'SourcesManageSearch.php\': \'1.1.12\',\n	\'SourcesManageServer.php\': \'1.1.5\',\n	\'SourcesManageSmileys.php\': \'1.1.12\',\n	\'SourcesMemberlist.php\': \'1.1\',\n	\'SourcesMessageIndex.php\': \'1.1.16\',\n	\'SourcesModSettings.php\': \'1.1\',\n	\'SourcesModlog.php\': \'1.1.11\',\n	\'SourcesMoveTopic.php\': \'1.1\',\n	\'SourcesNews.php\': \'1.1.12\',\n	\'SourcesNotify.php\': \'1.1\',\n	\'SourcesPackageGet.php\': \'1.1.20\',\n	\'SourcesPackages.php\': \'1.1.20\',\n	\'SourcesPersonalMessage.php\': \'1.1.10\',\n	\'SourcesPoll.php\': \'1.1.11\',\n	\'SourcesPost.php\': \'1.1.20\',\n	\'SourcesPrintpage.php\': \'1.1\',\n	\'SourcesProfile.php\': \'1.1.19\',\n	\'SourcesQueryString.php\': \'1.1.13\',\n	\'SourcesRecent.php\': \'1.1.5\',\n	\'SourcesRegister.php\': \'1.1.19\',\n	\'SourcesReminder.php\': \'1.1.18\',\n	\'SourcesRemoveTopic.php\': \'1.1.5\',\n	\'SourcesRepairBoards.php\': \'1.1\',\n	\'SourcesReports.php\': \'1.1\',\n	\'SourcesSSI.php\': \'1.1.17\',\n	\'SourcesSearch.php\': \'1.1.13\',\n	\'SourcesSecurity.php\': \'1.1.17\',\n	\'SourcesSendTopic.php\': \'1.1\',\n	\'SourcesSplitTopics.php\': \'1.1.11\',\n	\'SourcesStats.php\': \'1.1.6\',\n	\'SourcesSubs.php\': \'1.1.15\',\n	\'SourcesSubs-Auth.php\': \'1.1.20\',\n	\'SourcesSubs-Boards.php\': \'1.1.11\',\n	\'SourcesSubs-Charset.php\' : \'1.1\',\n	\'SourcesSubs-Compat.php\': \'1.1.6\',\n	\'SourcesSubs-Graphics.php\': \'1.1.11\',\n	\'SourcesSubs-Members.php\': \'1.1.19\',\n	\'SourcesSubs-Package.php\': \'1.1.20\',\n	\'SourcesSubs-Post.php\': \'1.1.9\',\n	\'SourcesSubs-Sound.php\': \'1.1.6\',\n	\'SourcesThemes.php\': \'1.1.18\',\n	\'SourcesViewQuery.php\': \'1.1\',\n	\'SourcesWho.php\': \'1.1\',\n	\'DefaultAdmin.template.php\': \'1.1.12\',\n	\'DefaultBoardIndex.template.php\': \'1.1\',\n	\'DefaultCalendar.template.php\': \'1.1\',\n	\'DefaultCombat.template.php\': \'1.1\',\n	\'DefaultDisplay.template.php\': \'1.1.12\',\n	\'DefaultErrors.template.php\': \'1.1\',\n	\'DefaultHelp.template.php\': \'1.1\',\n	\'DefaultLogin.template.php\': \'1.1\',\n	\'DefaultManageAttachments.template.php\': \'1.1.9\',\n	\'DefaultManageBans.template.php\': \'1.1\',\n	\'DefaultManageBoards.template.php\': \'1.1\',\n	\'DefaultManageCalendar.template.php\': \'1.1\',\n	\'DefaultManageMembergroups.template.php\': \'1.1\',\n	\'DefaultManageMembers.template.php\': \'1.1\',\n	\'DefaultManageNews.template.php\': \'1.1\',\n	\'DefaultManagePermissions.template.php\': \'1.1\',\n	\'DefaultManageSearch.template.php\': \'1.1\',\n	\'DefaultManageSmileys.template.php\': \'1.1\',\n	\'DefaultMemberlist.template.php\': \'1.1\',\n	\'DefaultMessageIndex.template.php\': \'1.1\',\n	\'DefaultModlog.template.php\': \'1.1\',\n	\'DefaultMoveTopic.template.php\': \'1.1\',\n	\'DefaultNotify.template.php\': \'1.1\',\n	\'DefaultPackages.template.php\': \'1.1.11\',\n	\'DefaultPersonalMessage.template.php\': \'1.1\',\n	\'DefaultPoll.template.php\': \'1.1.2\',\n	\'DefaultPost.template.php\': \'1.1.21\',\n	\'DefaultPrintpage.template.php\': \'1.1\',\n	\'DefaultProfile.template.php\': \'1.1.2\',\n	\'DefaultRecent.template.php\': \'1.1.9\',\n	\'DefaultRegister.template.php\': \'1.1.10\',\n	\'DefaultReminder.template.php\': \'1.1\',\n	\'DefaultReports.template.php\': \'1.1\',\n	\'DefaultSearch.template.php\': \'1.1.1\',\n	\'DefaultSendTopic.template.php\': \'1.1\',\n	\'DefaultSettings.template.php\': \'1.1\',\n	\'DefaultSplitTopics.template.php\': \'1.1.11\',\n	\'DefaultStats.template.php\': \'1.1\',\n	\'DefaultThemes.template.php\': \'1.1\',\n	\'DefaultWho.template.php\': \'1.1\',\n	\'DefaultWireless.template.php\': \'1.1\',\n	\'DefaultXml.template.php\': \'1.1\',\n	\'Defaultindex.template.php\': \'1.1.5\',\n	\'TemplatesAdmin.template.php\': \'1.1\',\n	\'TemplatesBoardIndex.template.php\': \'1.1\',\n	\'TemplatesCalendar.template.php\': \'1.1\',\n	\'TemplatesDisplay.template.php\': \'1.1.12\',\n	\'TemplatesErrors.template.php\': \'1.1\',\n	\'TemplatesHelp.template.php\': \'1.1\',\n	\'TemplatesLogin.template.php\': \'1.1\',\n	\'TemplatesManageAttachments.template.php\': \'1.1\',\n	\'TemplatesManageBans.template.php\': \'1.1\',\n	\'TemplatesManageBoards.template.php\': \'1.1\',\n	\'TemplatesManageCalendar.template.php\': \'1.1\',\n	\'TemplatesManageMembergroups.template.php\': \'1.1\',\n	\'TemplatesManageMembers.template.php\': \'1.1\',\n	\'TemplatesManageNews.template.php\': \'1.1\',\n	\'TemplatesManagePermissions.template.php\': \'1.1\',\n	\'TemplatesManageSearch.template.php\': \'1.1\',\n	\'TemplatesManageSmileys.template.php\': \'1.1\',\n	\'TemplatesMemberlist.template.php\': \'1.1\',\n	\'TemplatesMessageIndex.template.php\': \'1.1\',\n	\'TemplatesModlog.template.php\': \'1.1\',\n	\'TemplatesMoveTopic.template.php\': \'1.1\',\n	\'TemplatesNotify.template.php\': \'1.1\',\n	\'TemplatesPackages.template.php\': \'1.1\',\n	\'TemplatesPersonalMessage.template.php\': \'1.1\',\n	\'TemplatesPoll.template.php\': \'1.1.2\',\n	\'TemplatesPost.template.php\': \'1.1.21\',\n	\'TemplatesPrintpage.template.php\': \'1.1\',\n	\'TemplatesProfile.template.php\': \'1.1.2\',\n	\'TemplatesRecent.template.php\': \'1.1.9\',\n	\'TemplatesRegister.template.php\': \'1.1.2\',\n	\'TemplatesReminder.template.php\': \'1.1\',\n	\'TemplatesReports.template.php\': \'1.1\',\n	\'TemplatesSearch.template.php\': \'1.1\',\n	\'TemplatesSendTopic.template.php\': \'1.1\',\n	\'TemplatesSettings.template.php\': \'1.1\',\n	\'TemplatesSplitTopics.template.php\': \'1.1\',\n	\'TemplatesStats.template.php\': \'1.1\',\n	\'TemplatesThemes.template.php\': \'1.1\',\n	\'TemplatesWho.template.php\': \'1.1\',\n	\'TemplatesWireless.template.php\': \'1.1\',\n	\'TemplatesXml.template.php\': \'1.1\',\n	\'Templatesindex.template.php\': \'1.1\'\n};\n\nwindow.smfLanguageVersions = {\n	\'Admin\': \'1.1.13\',\n	\'Errors\': \'1.1.2\',\n	\'Help\': \'1.1\',\n	\'index\': \'1.1.21\',\n	\'Install\': \'1.1\',\n	\'Login\': \'1.1.2\',\n	\'ManageBoards\': \'1.1\',\n	\'ManageCalendar\': \'1.1\',\n	\'ManageMembers\': \'1.1\',\n	\'ManagePermissions\': \'1.1\',\n	\'ManageSmileys\': \'1.1\',\n	\'Manual\': \'1.1\',\n	\'ModSettings\': \'1.1.5\',\n	\'Modifications\': \'1.1\',\n	\'Packages\': \'1.1.8\',\n	\'PersonalMessage\': \'1.1\',\n	\'Post\': \'1.1\',\n	\'Profile\': \'1.1\',\n	\'Reports\': \'1.1\',\n	\'Search\': \'1.1\',\n	\'Settings\': \'1.1\',\n	\'Stats\': \'1.1\',\n	\'Themes\': \'1.1\',\n	\'Who\': \'1.1\',\n	\'Wireless\': \'1.1\'\n};\n\n','text/javascript'),(3,'latest-news.js','/smf/','language=%1$s&format=%2$s','\nwindow.smfAnnouncements = [\n	{\n		subject: \'SMF 2.1 Beta 2 released\',\n		href: \'http://www.simplemachines.org/community/index.php?topic=538198.0\',\n		time: \'Thursday 16 July 2015 - 17:45\',\n		author: \'Oldiesmann\',\n		message: \'\'\n	},\n	{\n		subject: \'SMF 2.0.10 and 1.1.21 have been released.\',\n		href: \'http://www.simplemachines.org/community/index.php?topic=535828.0\',\n		time: \'Friday 24 April 2015 - 10:09\',\n		author: \'Oldiesmann\',\n		message: \'A patch has been released, addressing a few bugs in SMF 2.0.x and SMF 1.1.x. We urge all forum administrators to upgrade to SMF 2.0.10 or 1.1.21&mdash;simply visit the package manager to install the patch.\'\n	},\n	{\n		subject: \'SMF 2.1 Beta 1 released\',\n		href: \'http://www.simplemachines.org/community/index.php?topic=530233.0\',\n		time: \'Thursday 20 November 2014 - 19:40\',\n		author: \'Oldiesmann\',\n		message: \'Simple Machines is proud to announce the first beta of the next version of SMF, with many improvements and new features!\'\n	},\n	{\n		subject: \'SMF 2.0.9 and 1.1.20 security patches have been released.\',\n		href: \'http://www.simplemachines.org/community/index.php?topic=528448.0\',\n		time: \'Thursday 02 October 2014 - 19:13\',\n		author: \'Oldiesmann\',\n		message: \'Critical security patches have been released, addressing a few vulnerabilities in SMF 2.0.x and SMF 1.1.x. We urge all administrators to upgrade as soon as possible. Just visit the package manager to install the patch.\'\n	},\n	{\n		subject: \'SMF 2.0.8 released.\',\n		href: \'http://www.simplemachines.org/community/index.php?topic=524016.0\',\n		time: \'Wednesday 18 June 2014 - 10:11\',\n		author: \'Oldiesmann\',\n		message: \'A patch has been released, addressing memory issues with 2.0.7, MySQL 5.6 compatibility issues and a rare memberlist search bug. We urge all forum administrators to upgrade to SMF 2.0.8&mdash;simply visit the package manager to install the patch.\'\n	},\n	{\n		subject: \'SMF 2.0.7 released.\',\n		href: \'http://www.simplemachines.org/community/index.php?topic=517205.0\',\n		time: \'Monday 20 January 2014 - 21:48\',\n		author: \'Oldiesmann\',\n		message: \'A patch has been released, addressing several bugs, including PHP 5.5 compatibility.  We urge all forum administrators to upgrade to SMF 2.0.7&mdash;simply visit the package manager to install the patch.\'\n	},\n	{\n		subject: \'SMF 2.0.6 and 1.1.19 security patches have been released.\',\n		href: \'http://www.simplemachines.org/community/index.php?topic=512964.0\',\n		time: \'Tuesday 22 October 2013 - 09:00\',\n		author: \'Illori\',\n		message: \'Critical security patches have been released, addressing few vulnerabilities in SMF 2.0.x and SMF 1.1.x. We urge all administrators to upgrade as soon as possible. Just visit the package manager to install the patch.\'\n	},\n	{\n		subject: \'SMF 2.0.5 security patches has been released.\',\n		href: \'http://www.simplemachines.org/community/index.php?topic=509417.0\',\n		time: \'Monday 12 August 2013 - 20:34\',\n		author: \'Oldiesmann\',\n		message: \'A critical security patch has been released, addressing a few vulnerabilities in SMF 2.0.x. We urge all administrators to upgrade as soon as possible. Just visit the package manager to install the patch.\'\n	},\n	{\n		subject: \'SMF 2.0.4 and 1.1.18 security patches have been released.\',\n		href: \'http://www.simplemachines.org/community/index.php?topic=496403.0\',\n		time: \'Friday 01 February 2013 - 17:27\',\n		author: \'emanuele\',\n		message: \'Critical security patches have been released, addressing few vulnerabilities in SMF 2.0.x and SMF 1.1.x. We urge all administrators to upgrade as soon as possible. Just visit the package manager to install the patch.\'\n	},\n	{\n		subject: \'SMF 2.0.3, 1.1.17 and 1.0.23 security patches have been released.\',\n		href: \'http://www.simplemachines.org/community/index.php?topic=492786.0\',\n		time: \'Sunday 16 December 2012 - 23:41\',\n		author: \'emanuele\',\n		message: \'Security patches have been released, addressing a vulnerability in SMF 2.0.x, SMF 1.1.x and SMF 1.0.x. We urge all administrators to upgrade as soon as possible. Just visit the package manager to install the patch.\'\n	},\n	{\n		subject: \'SMF 2.0.2 and 1.1.16 security patches have been released.\',\n		href: \'http://www.simplemachines.org/community/index.php?topic=463103.0\',\n		time: \'Friday 23 December 2011 - 00:41\',\n		author: \'Norv\',\n		message: \'Critical security patches have been released, addressing vulnerabilities in SMF 2.0.x and SMF 1.1.x. We urge all administrators to upgrade as soon as possible. Just visit the package manager to install the patch.\'\n	},\n	{\n		subject: \'SMF 2.0.1 and 1.1.15 security patches have been released.\',\n		href: \'http://www.simplemachines.org/community/index.php?topic=452888.0\',\n		time: \'Sunday 18 September 2011 - 16:48\',\n		author: \'Norv\',\n		message: \'Critical security patches have been released, addressing vulnerabilities in SMF 2.0 and SMF 1.1.x. We urge all administrators to upgrade as soon as possible. Just visit the package manager to install the patch.\'\n	},\n	{\n		subject: \'SMF 2.0 Gold\',\n		href: \'http://www.simplemachines.org/community/index.php?topic=421547.0\',\n		time: \'Saturday 04 June 2011 - 17:00\',\n		author: \'Norv\',\n		message: \'SMF 2.0 has gone Gold! Please upgrade your forum from older versions, as 2.0 is now the stable version, and mods and themes will be built on it.\'\n	},\n	{\n		subject: \'SMF 1.1.13, 2.0 RC4 security patch and SMF 2.0 RC5 released\',\n		href: \'http://www.simplemachines.org/community/index.php?topic=421547.0\',\n		time: \'Friday 11 February 2011 - 15:16\',\n		author: \'Norv\',\n		message: \'Simple Machines announces the release of important security patches for SMF 1.1.x and SMF 2.0 RC4, along with the fifth Release Candidate of SMF 2.0. Please visit the Simple Machines site for more information on how you can help test this new release.\'\n	},\n	{\n		subject: \'SMF 2.0 RC4 and SMF 1.1.12 released\',\n		href: \'http://www.simplemachines.org/community/index.php?topic=407256.0\',\n		time: \'Monday 01 November 2010 - 12:14\',\n		author: \'Norv\',\n		message: \'Simple Machines is pleased to announce the release of the fourth Release Candidate of SMF 2.0, along with an important security patch for SMF 1.1.x. Please visit the Simple Machines site for more information on how you can help test this new release.\'\n	},\n	{\n		subject: \'SMF 2.0 RC3 Public released\',\n		href: \'http://www.simplemachines.org/community/index.php?topic=369616.0\',\n		time: \'Monday 08 March 2010 - 18:03\',\n		author: \'Aaron\',\n		message: \'Simple Machines is pleased to announce the release of the third Release Candidate of SMF 2.0. Please visit the Simple Machines site for more information on how you can help test this new release.\'\n	},\n	{\n		subject: \'SMF 1.1.11 released\',\n		href: \'http://www.simplemachines.org/community/index.php?topic=351341.0\',\n		time: \'Tuesday 01 December 2009 - 17:59\',\n		author: \'SleePy\',\n		message: \'A patch has been released, addressing multiple vulnerabilites.  We urge all forum administrators to upgrade to 1.1.11. Simply visit the package manager to install the patch. Also for those still using the 1.0 branch, version 1.0.19 has been released.\'\n	},\n	{\n		subject: \'SMF 2.0 RC2 Public released\',\n		href: \'http://www.simplemachines.org/community/index.php?topic=346813.0\',\n		time: \'Sunday 08 November 2009 - 19:10\',\n		author: \'Aaron\',\n		message: \'Simple Machines is very pleased to announce the release of the second Release Candidate of SMF 2.0. Please visit the Simple Machines site for more information on how you can help test this new release.\'\n	},\n	{\n		subject: \'SMF 1.1.10 and 2.0 RC1.2 released\',\n		href: \'http://www.simplemachines.org/community/index.php?topic=324169.0\',\n		time: \'Tuesday 14 July 2009 - 19:05\',\n		author: \'Compuart\',\n		message: \'A patch has been released, addressing a few security vulnerabilites.  We urge all forum administrators to upgrade to either 1.1.10 or 2.0 RC1.2, depending on the current version. Simply visit the package manager to install the patch.\'\n	},\n	{\n		subject: \'SMF 1.1.9 and 2.0 RC1-1 released\',\n		href: \'http://www.simplemachines.org/community/index.php?topic=311899.0\',\n		time: \'Wednesday 20 May 2009 - 20:40\',\n		author: \'Compuart\',\n		message: \'A patch has been released, addressing multiple security vulnerabilites.  We urge all forum administrators to upgrade to either 1.1.9 or 2.0 RC1-1, depending on the current version. Simply visit the package manager to install the patch.\'\n	},\n	{\n		subject: \'SMF 2.0 RC1 Public Released\',\n		href: \'http://www.simplemachines.org/community/index.php?topic=290609.0\',\n		time: \'Wednesday 04 February 2009 - 23:10\',\n		author: \'Compuart\',\n		message: \'Simple Machines are very pleased to announce the release of the first Release Candidate of SMF 2.0. Please visit the Simple Machines site for more information on how you can help test this new release.\'\n	},\n	{\n		subject: \'SMF 1.1.8\',\n		href: \'http://www.simplemachines.org/community/index.php?topic=290608.0\',\n		time: \'Wednesday 04 February 2009 - 23:08\',\n		author: \'Compuart\',\n		message: \'A patch has been released, addressing multiple security vulnerabilites.  We urge all forum administrators to upgrade to SMF 1.1.8&mdash;simply visit the package manager to install the patch.\'\n	},\n	{\n		subject: \'SMF 1.1.7\',\n		href: \'http://www.simplemachines.org/community/index.php?topic=272861.0\',\n		time: \'Friday 07 November 2008 - 14:15\',\n		author: \'Compuart\',\n		message: \'A patch has been released, addressing multiple security vulnerabilites.  We urge all forum administrators to upgrade to SMF 1.1.7&mdash;simply visit the package manager to install the patch.\'\n	},\n	{\n		subject: \'SMF 1.1.6\',\n		href: \'http://www.simplemachines.org/community/index.php?topic=260145.0\',\n		time: \'Sunday 07 September 2008 - 04:38\',\n		author: \'Compuart\',\n		message: \'A patch has been released fixing a few bugs and addressing a security vulnerability.  We urge all forum administrators to upgrade to SMF 1.1.6&mdash;simply visit the package manager to install the patch.\'\n	},\n	{\n		subject: \'SMF 1.1.5\',\n		href: \'http://www.simplemachines.org/community/index.php?topic=236816.0\',\n		time: \'Sunday 20 April 2008 - 21:56\',\n		author: \'Compuart\',\n		message: \'A patch has been released fixing a few bugs and addressing some security vulnerabilities.  We urge all forum administrators to upgrade to SMF 1.1.5&mdash;simply visit the package manager to install the patch.\'\n	},\n	{\n		subject: \'SMF 2.0 Beta 3 Public Released\',\n		href: \'http://www.simplemachines.org/community/index.php?topic=228921.0\',\n		time: \'Monday 17 March 2008 - 15:20\',\n		author: \'Grudge\',\n		message: \'Simple Machines are very pleased to announce the release of the first public beta of SMF 2.0. Please visit the Simple Machines site for more information on how you can help test this new release.\'\n	},\n	{\n		subject: \'SMF 1.1.4\',\n		href: \'http://www.simplemachines.org/community/index.php?topic=196380.0\',\n		time: \'Monday 24 September 2007 - 21:07\',\n		author: \'Compuart\',\n		message: \'A patch has been released to address some security vulnerabilities discovered in SMF 1.1.3.  We urge all forum administrators to upgrade to SMF 1.1.4&mdash;simply visit the package manager to install the patch.\'\n	},\n	{\n		subject: \'SMF 2.0 Beta 1 Released to Charter Members\',\n		href: \'http://www.simplemachines.org/community/index.php?topic=190812.0\',\n		time: \'Saturday 25 August 2007 - 07:29\',\n		author: \'Grudge\',\n		message: \'Simple Machines are pleased to announce the first beta of SMF 2.0 has been released to our Charter Members. Visit the Simple Machines site for information on what\\\'s new\'\n	},\n	{\n		subject: \'SMF 1.1.3\',\n		href: \'http://www.simplemachines.org/community/index.php?topic=178757.0\',\n		time: \'Sunday 24 June 2007 - 21:52\',\n		author: \'Thantos\',\n		message: \'A number of small bugs and a potential security issue have been discovered in SMF 1.1.2.  We urge all forum administrators to upgrade to SMF 1.1.3&mdash;simply visit the package manager to install the patch.\'\n	},\n	{\n		subject: \'SMF 1.1.2\',\n		href: \'http://www.simplemachines.org/community/index.php?topic=149553.0\',\n		time: \'Sunday 11 February 2007 - 08:35\',\n		author: \'Grudge\',\n		message: \'A patch has been released to address a number of outstanding bugs in SMF 1.1.1, including several around UTF-8 language support. In addition this patch offers improved image verification support and fixes a couple of low risk security related bugs. If you need any help upgrading please visit our forum.\'\n	},\n	{\n		subject: \'SMF 1.1.1\',\n		href: \'http://www.simplemachines.org/community/index.php?topic=134971.0\',\n		time: \'Sunday 17 December 2006 - 09:33\',\n		author: \'Grudge\',\n		message: \'A number of small bugs and a potential security issue have been discovered in SMF 1.1. We urge all forum administrators to upgrade to SMF 1.1.1 - simply visit the package manager to install the patch.\'\n	},\n	{\n		subject: \'SMF 1.1\',\n		href: \'http://www.simplemachines.org/community/index.php?topic=131008.0\',\n		time: \'Saturday 02 December 2006 - 14:53\',\n		author: \'Grudge\',\n		message: \'SMF 1.1 has gone gold!  If you are using an older version, please upgrade as soon as possible - many things have been changed and fixed, and mods and packages will expect you to be using 1.1.  If you need any help upgrading custom modifications to the new version, please feel free to ask us at our forum.\'\n	},\n	{\n		subject: \'SMF 1.0.9 and patch for SMF 1.1 RC3\',\n		href: \'http://www.simplemachines.org/community/index.php?topic=123285.0\',\n		time: \'Sunday 29 October 2006 - 05:57\',\n		author: \'Compuart\',\n		message: \'A security issue has been discovered in both SMF 1.0 and SMF 1.1. Therefore a patch has been released that will upgrade SMF 1.0.8 to 1.0.9 and update SMF 1.1 RC3. You are encouraged to update immediately, using the package manager or otherwise.\'\n	},\n	{\n		subject: \'SMF 1.1 RC3\',\n		href: \'http://www.simplemachines.org/community/index.php?topic=107112.0\',\n		time: \'Monday 21 August 2006 - 19:32\',\n		author: \'Grudge\',\n		message: \'Release Candidate 3 of SMF 1.1 has been released! This is the final update to SMF 1.1 before it goes final - and includes UTF support as well as numerous bug fixes. Please read the announcement for details - and only upgrade if you are comfortable running software yet to go gold.\'\n	},\n	{\n		subject: \'SMF 1.0.8\',\n		href: \'http://www.simplemachines.org/community/index.php?topic=107135.0\',\n		time: \'Monday 21 August 2006 - 19:32\',\n		author: \'Compuart\',\n		message: \'A security issue has been reported in PHP causing a vulnerability in SMF. A patch has been released to upgrade Simple Machines Forum from 1.0.7 to 1.0.8. You are encouraged to update immediately, using the package manager or otherwise.\'\n	},\n	{\n		subject: \'SMF 1.0.7 and patch for SMF 1.1 RC2\',\n		href: \'http://www.simplemachines.org/community/index.php?topic=78841.0\',\n		time: \'Wednesday 29 March 2006 - 17:32\',\n		author: \'Compuart\',\n		message: \'A security issue has been discovered in both SMF 1.0 and SMF 1.1. Therefor a patch has been released that will upgrade SMF 1.0.6 to 1.0.7 and update SMF 1.1 RC2. You are encouraged to update immediately, using the package manager or otherwise.\'\n	},\n	{\n		subject: \'SMF 1.0.6\',\n		href: \'http://www.simplemachines.org/community/index.php?topic=68110.0\',\n		time: \'Saturday 28 January 2006 - 06:36\',\n		author: \'Grudge\',\n		message: \'SMF 1.0.6 has been released.  This release addresses a potential security issue as well as a few minor bugs found since the 1.0.5 release. You are encouraged to update immediately, using the package manager or otherwise. This update does not apply to the 1.1 line!\'\n	},\n	{\n		subject: \'Bug in Firefox 1.5\',\n		href: \'http://www.simplemachines.org/community/index.php?topic=66862.0\',\n		time: \'Tuesday 24 January 2006 - 08:09\',\n		author: \'Grudge\',\n		message: \'There is a bug in Firefox 1.5 which can cause server issues for forums running SMF 1.1 (RC1/RC2). There is a simple fix which can be downloaded from the Simple Machines forum.\'\n	},\n	{\n		subject: \'SMF 1.1 RC2\',\n		href: \'http://www.simplemachines.org/community/index.php?topic=62731.0\',\n		time: \'Saturday 31 December 2005 - 14:58\',\n		author: \'Grudge\',\n		message: \'The second (and final) Release Candidate of SMF 1.1 has been released! Please read the announcement for details - and please update only if you are certain you are comfortable with software that hasn\\\'t gone gold yet. There is no package manager style update for this version.\'\n	}\n];\nif (window.smfVersion < \"SMF 1.1\")\n{\n	window.smfUpdateNotice = \'SMF 1.1 Final has now been released. To take advantage of the improvements available in SMF 1.1 we recommend upgrading as soon as is practical.\';\n	window.smfUpdateCritical = false;\n}\n\nif (document.getElementById(\"yourVersion\"))\n{\n	var yourVersion = getInnerHTML(document.getElementById(\"yourVersion\"));\n	if (yourVersion == \"SMF 1.0.4\")\n		window.smfUpdatePackage = \"http://custom.simplemachines.org/mods/downloads/smf_1-0-5_package.tar.gz\";\n	else if (yourVersion == \"SMF 1.0.5\" || yourVersion == \"SMF 1.0.6\")\n	{\n		window.smfUpdatePackage = \"http://custom.simplemachines.org/mods/downloads/smf_patch_1.0.7_1.1-RC2-1.tar.gz\";\n		window.smfUpdateCritical = false;\n	}\n	else if (yourVersion == \"SMF 1.0.7\")\n		window.smfUpdatePackage = \"http://custom.simplemachines.org/mods/downloads/smf_1-0-8_package.tar.gz\";\n	else if (yourVersion == \"SMF 1.0.8\")\n		window.smfUpdatePackage = \"http://custom.simplemachines.org/mods/downloads/smf_patch_1-0-9_1-1-rc3-1.tar.gz\";\n	else if (yourVersion == \"SMF 1.0.9\")\n		window.smfUpdatePackage = \"http://custom.simplemachines.org/mods/downloads/smf_1-0-10_patch.tar.gz\";\n	else if (yourVersion == \"SMF 1.0.10\" || yourVersion == \"SMF 1.1.2\")\n		window.smfUpdatePackage = \"http://custom.simplemachines.org/mods/downloads/smf_patch_1.1.3_1.0.11.tar.gz\";\n	else if (yourVersion == \"SMF 1.0.11\" || yourVersion == \"SMF 1.1.3\" || yourVersion == \"SMF 2.0 beta 1\")\n	{\n		window.smfUpdatePackage = \"http://custom.simplemachines.org/mods/downloads/smf_patch_1.0.12_1.1.4_2.0.b1.1.tar.gz\";\n		window.smfUpdateCritical = true;\n	}\n	else if (yourVersion == \"SMF 1.0.12\" || yourVersion == \"SMF 1.1.4\" || yourVersion == \"SMF 2.0 beta 3 Public\")\n		window.smfUpdatePackage = \"http://custom.simplemachines.org/mods/downloads/smf_patch_1.0.13_1.1.5_2.0-b3.1.zip\";\n	else if (yourVersion == \"SMF 1.0.13\" || yourVersion == \"SMF 1.1.5\")\n	{\n		window.smfUpdatePackage = \"http://custom.simplemachines.org/mods/downloads/smf_patch_1.0.14_1.1.6.zip\";\n		window.smfUpdateCritical = true;\n	}\n	else if (yourVersion == \"SMF 1.0.14\" || yourVersion == \"SMF 1.1.6\")\n	{\n		window.smfUpdatePackage = \"http://custom.simplemachines.org/mods/downloads/smf_patch_1.0.15_1.1.7.zip\";\n		window.smfUpdateCritical = true;\n	}\n	else if (yourVersion == \"SMF 1.0.15\" || yourVersion == \"SMF 1.1.7\")\n	{\n		window.smfUpdatePackage = \"http://custom.simplemachines.org/mods/downloads/smf_patch_1.0.16_1.1.8.zip\";\n		window.smfUpdateCritical = false;\n	}\n	else if (yourVersion == \"SMF 1.0.16\" || yourVersion == \"SMF 1.1.8\" || yourVersion == \"SMF 2.0 RC1\")\n		window.smfUpdatePackage = \"http://custom.simplemachines.org/mods/downloads/smf_patch_1.0.17_1.1.9_2.0-RC1-1.zip\";\n	else if (yourVersion == \"SMF 1.0.17\" || yourVersion == \"SMF 1.1.9\" || yourVersion == \"SMF 2.0 RC1-1\")\n		window.smfUpdatePackage = \"http://custom.simplemachines.org/mods/downloads/smf_patch_1.0.18_1.1.10-2.0-RC1.2.zip\";\n	else if (yourVersion == \"SMF 1.0.18\" || yourVersion == \"SMF 1.1.10\")\n	{\n		window.smfUpdatePackage = \"http://custom.simplemachines.org/mods/downloads/smf_patch_1.0.19_1.1.11.zip\";\n		window.smfUpdateCritical = true;\n	}\n	else if (yourVersion == \"SMF 1.0.19\" || yourVersion == \"SMF 1.1.11\")\n	{\n		window.smfUpdatePackage = \"http://custom.simplemachines.org/mods/downloads/smf_patch_1.0.20_1.1.12.tar.gz\";\n	}\n	else if (yourVersion == \"SMF 1.0.20\" || yourVersion == \"SMF 1.1.12\")\n	{\n		window.smfUpdatePackage = \"http://custom.simplemachines.org/mods/downloads/smf_patch_1.0.21_1.1.13.tar.gz\";\n		window.smfUpdateCritical = true;\n	}\n	else if (yourVersion == \"SMF 1.1.14\")\n	{\n		window.smfUpdatePackage = \"http://custom.simplemachines.org/mods/downloads/smf_patch_1.1.15.tar.gz\";\n		window.smfUpdateCritical = true;\n	}\n	else if (yourVersion == \"SMF 2.0\")\n	{\n		window.smfUpdatePackage = \"http://custom.simplemachines.org/mods/downloads/smf_patch_2.0.1.tar.gz\";\n		window.smfUpdateCritical = true;\n	}\n	else if (yourVersion == \"SMF 1.1.15\" || yourVersion == \"SMF 1.0.21\")\n	{\n		window.smfUpdatePackage = \"http://custom.simplemachines.org/mods/downloads/smf_patch_1.0.22_1.1.16.tar.gz\";\n		window.smfUpdateCritical = true;\n	}\n	else if (yourVersion == \"SMF 2.0.1\")\n	{\n		window.smfUpdatePackage = \"http://custom.simplemachines.org/mods/downloads/smf_patch_2.0.2.tar.gz\";\n		window.smfUpdateCritical = true;\n	}\n	else if (yourVersion == \"SMF 1.1.16\" || yourVersion == \"SMF 1.0.22\")\n	{\n		window.smfUpdatePackage = \"http://custom.simplemachines.org/mods/downloads/smf_patch_1.0.23_1.1.17.tar.gz\";\n		window.smfUpdateCritical = true;\n	}\n	else if (yourVersion == \"SMF 1.1.17\")\n	{\n		window.smfUpdatePackage = \"http://custom.simplemachines.org/mods/downloads/smf_patch_1.1.18.tar.gz\";\n		window.smfUpdateCritical = true;\n	}\n	else if (yourVersion == \"SMF 2.0.2\")\n	{\n		window.smfUpdatePackage = \"http://custom.simplemachines.org/mods/downloads/smf_patch_2.0.3.tar.gz\";\n		window.smfUpdateCritical = true;\n	}\n	else if (yourVersion == \"SMF 2.0.3\")\n	{\n		window.smfUpdatePackage = \"http://custom.simplemachines.org/mods/downloads/smf_patch_2.0.4.tar.gz\";\n		window.smfUpdateCritical = true;\n	}\n	else if (yourVersion == \"SMF 2.0.4\")\n	{\n		window.smfUpdatePackage = \"http://custom.simplemachines.org/mods/downloads/smf_patch_2.0.5.tar.gz\";\n		window.smfUpdateCritical = true;\n	}\n	else if (yourVersion == \"SMF 1.1.18\" || yourVersion == \"SMF 2.0.5\")\n	{\n		window.smfUpdatePackage = \"http://custom.simplemachines.org/mods/downloads/smf_patch_1.1.19_2.0.6.tar.gz\";\n		window.smfUpdateCritical = true;\n	}\n	else if (yourVersion == \"SMF 1.1.19\" || yourVersion == \"SMF 2.0.8\")\n	{\n		window.smfUpdatePackage = \"http://custom.simplemachines.org/mods/downloads/smf_patch_1.1.20_2.0.9.zip\";\n		window.smfUpdateCritical = true;\n	}\n	else if (yourVersion == \"SMF 1.1\")\n		window.smfUpdatePackage = \"http://custom.simplemachines.org/mods/downloads/smf_1-1-1_patch.tar.gz\";\n	else if (yourVersion == \"SMF 1.1.1\")\n		window.smfUpdatePackage = \"http://custom.simplemachines.org/mods/downloads/smf_1-1-2_patch.tar.gz\";\n}\n\nif (document.getElementById(\'credits\'))\n	setInnerHTML(document.getElementById(\'credits\'), getInnerHTML(document.getElementById(\'credits\')).replace(/anyone we may have missed/, \'<span title=\"And you thought you had escaped the credits, hadn\\\'t you, Zef Hemel?\">anyone we may have missed</span>\'));\n','text/javascript'),(4,'latest-versions.txt','/smf/','version=%3$s','[\"SMF 2.0 RC2\", \"SMF 2.0 RC3\", \"SMF 2.0 RC4\", \"SMF 2.0 RC5\", \"SMF 2.0\", \"SMF 2.0.1\", \"SMF 2.0.2\", \"SMF 2.0.3\", \"SMF 2.0.4\", \"SMF 2.0.5\", \"SMF 2.0.6\", \"SMF 2.0.7\", \"SMF 2.0.8\", \"SMF 2.0.9\", \"SMF 2.0.10\", \"SMF 2.1 Beta 1\", \"SMF 2.1 Beta 2\"]','text/plain');
/*!40000 ALTER TABLE `smf_admin_info_files` ENABLE KEYS */;
UNLOCK TABLES;

--
-- Table structure for table `smf_approval_queue`
--

DROP TABLE IF EXISTS `smf_approval_queue`;
/*!40101 SET @saved_cs_client     = @@character_set_client */;
/*!40101 SET character_set_client = utf8 */;
CREATE TABLE `smf_approval_queue` (
  `id_msg` int(10) unsigned NOT NULL DEFAULT '0',
  `id_attach` int(10) unsigned NOT NULL DEFAULT '0',
  `id_event` smallint(5) unsigned NOT NULL DEFAULT '0'
) ENGINE=InnoDB DEFAULT CHARSET=utf8;
/*!40101 SET character_set_client = @saved_cs_client */;

--
-- Dumping data for table `smf_approval_queue`
--

LOCK TABLES `smf_approval_queue` WRITE;
/*!40000 ALTER TABLE `smf_approval_queue` DISABLE KEYS */;
/*!40000 ALTER TABLE `smf_approval_queue` ENABLE KEYS */;
UNLOCK TABLES;

--
-- Table structure for table `smf_attachments`
--

DROP TABLE IF EXISTS `smf_attachments`;
/*!40101 SET @saved_cs_client     = @@character_set_client */;
/*!40101 SET character_set_client = utf8 */;
CREATE TABLE `smf_attachments` (
  `id_attach` int(10) unsigned NOT NULL AUTO_INCREMENT,
  `id_thumb` int(10) unsigned NOT NULL DEFAULT '0',
  `id_msg` int(10) unsigned NOT NULL DEFAULT '0',
  `id_member` mediumint(8) unsigned NOT NULL DEFAULT '0',
  `id_folder` tinyint(3) NOT NULL DEFAULT '1',
  `attachment_type` tinyint(3) unsigned NOT NULL DEFAULT '0',
  `filename` varchar(255) NOT NULL DEFAULT '',
  `file_hash` varchar(40) NOT NULL DEFAULT '',
  `fileext` varchar(8) NOT NULL DEFAULT '',
  `size` int(10) unsigned NOT NULL DEFAULT '0',
  `downloads` mediumint(8) unsigned NOT NULL DEFAULT '0',
  `width` mediumint(8) unsigned NOT NULL DEFAULT '0',
  `height` mediumint(8) unsigned NOT NULL DEFAULT '0',
  `mime_type` varchar(20) NOT NULL DEFAULT '',
  `approved` tinyint(3) NOT NULL DEFAULT '1',
  PRIMARY KEY (`id_attach`),
  UNIQUE KEY `id_member` (`id_member`,`id_attach`),
  KEY `id_msg` (`id_msg`),
  KEY `attachment_type` (`attachment_type`)
) ENGINE=InnoDB AUTO_INCREMENT=26 DEFAULT CHARSET=utf8;
/*!40101 SET character_set_client = @saved_cs_client */;

--
-- Dumping data for table `smf_attachments`
--

LOCK TABLES `smf_attachments` WRITE;
/*!40000 ALTER TABLE `smf_attachments` DISABLE KEYS */;
INSERT INTO `smf_attachments` VALUES (4,0,0,2,1,1,'avatar_2_1439660622.png','','png',6788,0,43,65,'image/png',1),(5,0,0,1,1,1,'avatar_1_1439987866.png','','png',9148,0,65,65,'image/png',1),(16,17,66,0,1,0,'1.jpg','d490c237cd8a9bffd3753df65abb3ba06a27b893','jpg',82215,3,800,590,'image/jpeg',1),(17,0,66,0,1,3,'1.jpg_thumb','2a84b4493943a6e2fe7141b42e8cfcfd44e7ed47','jpg',40728,0,150,111,'image/png',1),(18,19,67,0,1,0,'2.jpg','07f3d50d33d0cdd2649451a2ea8bad6e63751a8f','jpg',63677,3,960,461,'image/jpeg',1),(19,0,67,0,1,3,'2.jpg_thumb','b63bbb194a844684a1b98e870cdf12fc19a3c582','jpg',23612,0,150,72,'image/png',1),(20,21,68,0,1,0,'3.jpg','19c2767ab0cc783b8d2181d3ddb81dec27e47c5b','jpg',78669,3,960,720,'image/jpeg',1),(21,0,68,0,1,3,'3.jpg_thumb','8b8f6baaa309fed80982214102663256740a8b80','jpg',30774,0,150,113,'image/png',1),(22,23,69,0,1,0,'4.jpg','deb93866c7d1c03506884afcd075c1113fb458ab','jpg',54673,3,774,600,'image/jpeg',1),(23,0,69,0,1,3,'4.jpg_thumb','49d66b7dd29a3ac1f66ccaf28e54a51c8021b7de','jpg',34816,0,150,116,'image/png',1),(24,25,76,0,1,0,'5.jpg','6dbae81bb8a74761710bd02e716236e608692698','jpg',86615,1,960,960,'image/jpeg',1),(25,0,76,0,1,3,'5.jpg_thumb','591a2329139f6348f59d99837c016cfbf583afeb','jpg',43638,0,150,150,'image/png',1);
/*!40000 ALTER TABLE `smf_attachments` ENABLE KEYS */;
UNLOCK TABLES;

--
-- Table structure for table `smf_background_tasks`
--

DROP TABLE IF EXISTS `smf_background_tasks`;
/*!40101 SET @saved_cs_client     = @@character_set_client */;
/*!40101 SET character_set_client = utf8 */;
CREATE TABLE `smf_background_tasks` (
  `id_task` int(10) unsigned NOT NULL AUTO_INCREMENT,
  `task_file` varchar(255) NOT NULL DEFAULT '',
  `task_class` varchar(255) NOT NULL DEFAULT '',
  `task_data` mediumtext NOT NULL,
  `claimed_time` int(10) unsigned NOT NULL DEFAULT '0',
  PRIMARY KEY (`id_task`)
) ENGINE=InnoDB AUTO_INCREMENT=23 DEFAULT CHARSET=utf8;
/*!40101 SET character_set_client = @saved_cs_client */;

--
-- Dumping data for table `smf_background_tasks`
--

LOCK TABLES `smf_background_tasks` WRITE;
/*!40000 ALTER TABLE `smf_background_tasks` DISABLE KEYS */;
/*!40000 ALTER TABLE `smf_background_tasks` ENABLE KEYS */;
UNLOCK TABLES;

--
-- Table structure for table `smf_ban_groups`
--

DROP TABLE IF EXISTS `smf_ban_groups`;
/*!40101 SET @saved_cs_client     = @@character_set_client */;
/*!40101 SET character_set_client = utf8 */;
CREATE TABLE `smf_ban_groups` (
  `id_ban_group` mediumint(8) unsigned NOT NULL AUTO_INCREMENT,
  `name` varchar(20) NOT NULL DEFAULT '',
  `ban_time` int(10) unsigned NOT NULL DEFAULT '0',
  `expire_time` int(10) unsigned DEFAULT NULL,
  `cannot_access` tinyint(3) unsigned NOT NULL DEFAULT '0',
  `cannot_register` tinyint(3) unsigned NOT NULL DEFAULT '0',
  `cannot_post` tinyint(3) unsigned NOT NULL DEFAULT '0',
  `cannot_login` tinyint(3) unsigned NOT NULL DEFAULT '0',
  `reason` varchar(255) NOT NULL DEFAULT '',
  `notes` text NOT NULL,
  PRIMARY KEY (`id_ban_group`)
) ENGINE=InnoDB DEFAULT CHARSET=utf8;
/*!40101 SET character_set_client = @saved_cs_client */;

--
-- Dumping data for table `smf_ban_groups`
--

LOCK TABLES `smf_ban_groups` WRITE;
/*!40000 ALTER TABLE `smf_ban_groups` DISABLE KEYS */;
/*!40000 ALTER TABLE `smf_ban_groups` ENABLE KEYS */;
UNLOCK TABLES;

--
-- Table structure for table `smf_ban_items`
--

DROP TABLE IF EXISTS `smf_ban_items`;
/*!40101 SET @saved_cs_client     = @@character_set_client */;
/*!40101 SET character_set_client = utf8 */;
CREATE TABLE `smf_ban_items` (
  `id_ban` mediumint(8) unsigned NOT NULL AUTO_INCREMENT,
  `id_ban_group` smallint(5) unsigned NOT NULL DEFAULT '0',
  `ip_low1` smallint(255) unsigned NOT NULL DEFAULT '0',
  `ip_high1` smallint(255) unsigned NOT NULL DEFAULT '0',
  `ip_low2` smallint(255) unsigned NOT NULL DEFAULT '0',
  `ip_high2` smallint(255) unsigned NOT NULL DEFAULT '0',
  `ip_low3` smallint(255) unsigned NOT NULL DEFAULT '0',
  `ip_high3` smallint(255) unsigned NOT NULL DEFAULT '0',
  `ip_low4` smallint(255) unsigned NOT NULL DEFAULT '0',
  `ip_high4` smallint(255) unsigned NOT NULL DEFAULT '0',
  `ip_low5` smallint(255) unsigned NOT NULL DEFAULT '0',
  `ip_high5` smallint(255) unsigned NOT NULL DEFAULT '0',
  `ip_low6` smallint(255) unsigned NOT NULL DEFAULT '0',
  `ip_high6` smallint(255) unsigned NOT NULL DEFAULT '0',
  `ip_low7` smallint(255) unsigned NOT NULL DEFAULT '0',
  `ip_high7` smallint(255) unsigned NOT NULL DEFAULT '0',
  `ip_low8` smallint(255) unsigned NOT NULL DEFAULT '0',
  `ip_high8` smallint(255) unsigned NOT NULL DEFAULT '0',
  `hostname` varchar(255) NOT NULL DEFAULT '',
  `email_address` varchar(255) NOT NULL DEFAULT '',
  `id_member` mediumint(8) unsigned NOT NULL DEFAULT '0',
  `hits` mediumint(8) unsigned NOT NULL DEFAULT '0',
  PRIMARY KEY (`id_ban`),
  KEY `id_ban_group` (`id_ban_group`)
) ENGINE=InnoDB DEFAULT CHARSET=utf8;
/*!40101 SET character_set_client = @saved_cs_client */;

--
-- Dumping data for table `smf_ban_items`
--

LOCK TABLES `smf_ban_items` WRITE;
/*!40000 ALTER TABLE `smf_ban_items` DISABLE KEYS */;
/*!40000 ALTER TABLE `smf_ban_items` ENABLE KEYS */;
UNLOCK TABLES;

--
-- Table structure for table `smf_board_permissions`
--

DROP TABLE IF EXISTS `smf_board_permissions`;
/*!40101 SET @saved_cs_client     = @@character_set_client */;
/*!40101 SET character_set_client = utf8 */;
CREATE TABLE `smf_board_permissions` (
  `id_group` smallint(5) NOT NULL DEFAULT '0',
  `id_profile` smallint(5) unsigned NOT NULL DEFAULT '0',
  `permission` varchar(30) NOT NULL DEFAULT '',
  `add_deny` tinyint(4) NOT NULL DEFAULT '1',
  PRIMARY KEY (`id_group`,`id_profile`,`permission`)
) ENGINE=InnoDB DEFAULT CHARSET=utf8;
/*!40101 SET character_set_client = @saved_cs_client */;

--
-- Dumping data for table `smf_board_permissions`
--

LOCK TABLES `smf_board_permissions` WRITE;
/*!40000 ALTER TABLE `smf_board_permissions` DISABLE KEYS */;
INSERT INTO `smf_board_permissions` VALUES (-1,1,'poll_view',1),(-1,1,'post_new',1),(-1,1,'post_reply_any',1),(-1,2,'poll_view',1),(-1,3,'poll_view',1),(-1,4,'poll_view',1),(0,1,'delete_own',1),(0,1,'lock_own',1),(0,1,'modify_own',1),(0,1,'poll_add_own',1),(0,1,'poll_edit_own',1),(0,1,'poll_lock_own',1),(0,1,'poll_post',1),(0,1,'poll_view',1),(0,1,'poll_vote',1),(0,1,'post_draft',1),(0,1,'post_unapproved_attachments',1),(0,1,'post_unapproved_replies_any',1),(0,1,'post_unapproved_replies_own',1),(0,1,'post_unapproved_topics',1),(0,1,'remove_own',1),(0,1,'report_any',1),(0,1,'view_attachments',1),(0,2,'delete_own',1),(0,2,'lock_own',1),(0,2,'modify_own',1),(0,2,'poll_view',1),(0,2,'poll_vote',1),(0,2,'post_attachment',1),(0,2,'post_draft',1),(0,2,'post_new',1),(0,2,'post_reply_any',1),(0,2,'post_reply_own',1),(0,2,'post_unapproved_attachments',1),(0,2,'post_unapproved_replies_any',1),(0,2,'post_unapproved_replies_own',1),(0,2,'post_unapproved_topics',1),(0,2,'remove_own',1),(0,2,'report_any',1),(0,2,'view_attachments',1),(0,3,'delete_own',1),(0,3,'lock_own',1),(0,3,'modify_own',1),(0,3,'poll_view',1),(0,3,'poll_vote',1),(0,3,'post_attachment',1),(0,3,'post_reply_any',1),(0,3,'post_reply_own',1),(0,3,'post_unapproved_attachments',1),(0,3,'post_unapproved_replies_any',1),(0,3,'post_unapproved_replies_own',1),(0,3,'remove_own',1),(0,3,'report_any',1),(0,3,'view_attachments',1),(0,4,'poll_view',1),(0,4,'poll_vote',1),(0,4,'report_any',1),(0,4,'view_attachments',1),(2,1,'approve_posts',1),(2,1,'delete_any',1),(2,1,'delete_own',1),(2,1,'lock_any',1),(2,1,'lock_own',1),(2,1,'make_sticky',1),(2,1,'merge_any',1),(2,1,'moderate_board',1),(2,1,'modify_any',1),(2,1,'modify_own',1),(2,1,'move_any',1),(2,1,'poll_add_any',1),(2,1,'poll_edit_any',1),(2,1,'poll_lock_any',1),(2,1,'poll_post',1),(2,1,'poll_remove_any',1),(2,1,'poll_view',1),(2,1,'poll_vote',1),(2,1,'post_attachment',1),(2,1,'post_draft',1),(2,1,'post_new',1),(2,1,'post_reply_any',1),(2,1,'post_reply_own',1),(2,1,'post_unapproved_attachments',1),(2,1,'post_unapproved_replies_any',1),(2,1,'post_unapproved_replies_own',1),(2,1,'post_unapproved_topics',1),(2,1,'remove_any',1),(2,1,'report_any',1),(2,1,'split_any',1),(2,1,'view_attachments',1),(2,2,'approve_posts',1),(2,2,'delete_any',1),(2,2,'delete_own',1),(2,2,'lock_any',1),(2,2,'lock_own',1),(2,2,'make_sticky',1),(2,2,'merge_any',1),(2,2,'moderate_board',1),(2,2,'modify_any',1),(2,2,'modify_own',1),(2,2,'move_any',1),(2,2,'poll_add_any',1),(2,2,'poll_edit_any',1),(2,2,'poll_lock_any',1),(2,2,'poll_post',1),(2,2,'poll_remove_any',1),(2,2,'poll_view',1),(2,2,'poll_vote',1),(2,2,'post_attachment',1),(2,2,'post_draft',1),(2,2,'post_new',1),(2,2,'post_reply_any',1),(2,2,'post_reply_own',1),(2,2,'post_unapproved_attachments',1),(2,2,'post_unapproved_replies_any',1),(2,2,'post_unapproved_replies_own',1),(2,2,'post_unapproved_topics',1),(2,2,'remove_any',1),(2,2,'report_any',1),(2,2,'split_any',1),(2,2,'view_attachments',1),(2,3,'approve_posts',1),(2,3,'delete_any',1),(2,3,'delete_own',1),(2,3,'lock_any',1),(2,3,'lock_own',1),(2,3,'make_sticky',1),(2,3,'merge_any',1),(2,3,'moderate_board',1),(2,3,'modify_any',1),(2,3,'modify_own',1),(2,3,'move_any',1),(2,3,'poll_add_any',1),(2,3,'poll_edit_any',1),(2,3,'poll_lock_any',1),(2,3,'poll_post',1),(2,3,'poll_remove_any',1),(2,3,'poll_view',1),(2,3,'poll_vote',1),(2,3,'post_attachment',1),(2,3,'post_draft',1),(2,3,'post_new',1),(2,3,'post_reply_any',1),(2,3,'post_reply_own',1),(2,3,'post_unapproved_attachments',1),(2,3,'post_unapproved_replies_any',1),(2,3,'post_unapproved_replies_own',1),(2,3,'post_unapproved_topics',1),(2,3,'remove_any',1),(2,3,'report_any',1),(2,3,'split_any',1),(2,3,'view_attachments',1),(2,4,'approve_posts',1),(2,4,'delete_any',1),(2,4,'delete_own',1),(2,4,'lock_any',1),(2,4,'lock_own',1),(2,4,'make_sticky',1),(2,4,'merge_any',1),(2,4,'moderate_board',1),(2,4,'modify_any',1),(2,4,'modify_own',1),(2,4,'move_any',1),(2,4,'poll_add_any',1),(2,4,'poll_edit_any',1),(2,4,'poll_lock_any',1),(2,4,'poll_post',1),(2,4,'poll_remove_any',1),(2,4,'poll_view',1),(2,4,'poll_vote',1),(2,4,'post_attachment',1),(2,4,'post_draft',1),(2,4,'post_new',1),(2,4,'post_reply_any',1),(2,4,'post_reply_own',1),(2,4,'post_unapproved_attachments',1),(2,4,'post_unapproved_replies_any',1),(2,4,'post_unapproved_replies_own',1),(2,4,'post_unapproved_topics',1),(2,4,'remove_any',1),(2,4,'report_any',1),(2,4,'split_any',1),(2,4,'view_attachments',1),(3,1,'approve_posts',1),(3,1,'delete_any',1),(3,1,'delete_own',1),(3,1,'lock_any',1),(3,1,'lock_own',1),(3,1,'make_sticky',1),(3,1,'merge_any',1),(3,1,'moderate_board',1),(3,1,'modify_any',1),(3,1,'modify_own',1),(3,1,'move_any',1),(3,1,'poll_add_any',1),(3,1,'poll_edit_any',1),(3,1,'poll_lock_any',1),(3,1,'poll_post',1),(3,1,'poll_remove_any',1),(3,1,'poll_view',1),(3,1,'poll_vote',1),(3,1,'post_attachment',1),(3,1,'post_draft',1),(3,1,'post_new',1),(3,1,'post_reply_any',1),(3,1,'post_reply_own',1),(3,1,'post_unapproved_attachments',1),(3,1,'post_unapproved_replies_any',1),(3,1,'post_unapproved_replies_own',1),(3,1,'post_unapproved_topics',1),(3,1,'remove_any',1),(3,1,'report_any',1),(3,1,'split_any',1),(3,1,'view_attachments',1),(3,2,'approve_posts',1),(3,2,'delete_any',1),(3,2,'delete_own',1),(3,2,'lock_any',1),(3,2,'lock_own',1),(3,2,'make_sticky',1),(3,2,'merge_any',1),(3,2,'moderate_board',1),(3,2,'modify_any',1),(3,2,'modify_own',1),(3,2,'move_any',1),(3,2,'poll_add_any',1),(3,2,'poll_edit_any',1),(3,2,'poll_lock_any',1),(3,2,'poll_post',1),(3,2,'poll_remove_any',1),(3,2,'poll_view',1),(3,2,'poll_vote',1),(3,2,'post_attachment',1),(3,2,'post_draft',1),(3,2,'post_new',1),(3,2,'post_reply_any',1),(3,2,'post_reply_own',1),(3,2,'post_unapproved_attachments',1),(3,2,'post_unapproved_replies_any',1),(3,2,'post_unapproved_replies_own',1),(3,2,'post_unapproved_topics',1),(3,2,'remove_any',1),(3,2,'report_any',1),(3,2,'split_any',1),(3,2,'view_attachments',1),(3,3,'approve_posts',1),(3,3,'delete_any',1),(3,3,'delete_own',1),(3,3,'lock_any',1),(3,3,'lock_own',1),(3,3,'make_sticky',1),(3,3,'merge_any',1),(3,3,'moderate_board',1),(3,3,'modify_any',1),(3,3,'modify_own',1),(3,3,'move_any',1),(3,3,'poll_add_any',1),(3,3,'poll_edit_any',1),(3,3,'poll_lock_any',1),(3,3,'poll_post',1),(3,3,'poll_remove_any',1),(3,3,'poll_view',1),(3,3,'poll_vote',1),(3,3,'post_attachment',1),(3,3,'post_draft',1),(3,3,'post_new',1),(3,3,'post_reply_any',1),(3,3,'post_reply_own',1),(3,3,'post_unapproved_attachments',1),(3,3,'post_unapproved_replies_any',1),(3,3,'post_unapproved_replies_own',1),(3,3,'post_unapproved_topics',1),(3,3,'remove_any',1),(3,3,'report_any',1),(3,3,'split_any',1),(3,3,'view_attachments',1),(3,4,'approve_posts',1),(3,4,'delete_any',1),(3,4,'delete_own',1),(3,4,'lock_any',1),(3,4,'lock_own',1),(3,4,'make_sticky',1),(3,4,'merge_any',1),(3,4,'moderate_board',1),(3,4,'modify_any',1),(3,4,'modify_own',1),(3,4,'move_any',1),(3,4,'poll_add_any',1),(3,4,'poll_edit_any',1),(3,4,'poll_lock_any',1),(3,4,'poll_post',1),(3,4,'poll_remove_any',1),(3,4,'poll_view',1),(3,4,'poll_vote',1),(3,4,'post_attachment',1),(3,4,'post_draft',1),(3,4,'post_new',1),(3,4,'post_reply_any',1),(3,4,'post_reply_own',1),(3,4,'post_unapproved_attachments',1),(3,4,'post_unapproved_replies_any',1),(3,4,'post_unapproved_replies_own',1),(3,4,'post_unapproved_topics',1),(3,4,'remove_any',1),(3,4,'report_any',1),(3,4,'split_any',1),(3,4,'view_attachments',1),(9,1,'delete_own',1),(9,1,'lock_own',1),(9,1,'modify_own',1),(9,1,'poll_add_own',1),(9,1,'poll_edit_own',1),(9,1,'poll_lock_own',1),(9,1,'poll_post',1),(9,1,'poll_view',1),(9,1,'poll_vote',1),(9,1,'post_attachment',1),(9,1,'post_draft',1),(9,1,'post_new',1),(9,1,'post_reply_any',1),(9,1,'post_reply_own',1),(9,1,'post_unapproved_attachments',1),(9,1,'post_unapproved_replies_any',1),(9,1,'post_unapproved_replies_own',1),(9,1,'post_unapproved_topics',1),(9,1,'remove_own',1),(9,1,'report_any',1),(9,1,'view_attachments',1),(9,2,'delete_own',1),(9,2,'lock_own',1),(9,2,'modify_own',1),(9,2,'poll_view',1),(9,2,'poll_vote',1),(9,2,'post_attachment',1),(9,2,'post_draft',1),(9,2,'post_new',1),(9,2,'post_reply_any',1),(9,2,'post_reply_own',1),(9,2,'post_unapproved_attachments',1),(9,2,'post_unapproved_replies_any',1),(9,2,'post_unapproved_replies_own',1),(9,2,'post_unapproved_topics',1),(9,2,'remove_own',1),(9,2,'report_any',1),(9,2,'view_attachments',1),(9,3,'delete_own',1),(9,3,'lock_own',1),(9,3,'modify_own',1),(9,3,'poll_view',1),(9,3,'poll_vote',1),(9,3,'post_attachment',1),(9,3,'post_reply_any',1),(9,3,'post_reply_own',1),(9,3,'post_unapproved_attachments',1),(9,3,'post_unapproved_replies_any',1),(9,3,'post_unapproved_replies_own',1),(9,3,'remove_own',1),(9,3,'report_any',1),(9,3,'view_attachments',1),(9,4,'poll_view',1),(9,4,'poll_vote',1),(9,4,'report_any',1),(9,4,'view_attachments',1),(10,1,'delete_own',1),(10,1,'lock_own',1),(10,1,'modify_own',1),(10,1,'poll_add_own',1),(10,1,'poll_edit_own',1),(10,1,'poll_lock_own',1),(10,1,'poll_post',1),(10,1,'poll_view',1),(10,1,'poll_vote',1),(10,1,'post_attachment',1),(10,1,'post_draft',1),(10,1,'post_new',1),(10,1,'post_reply_any',1),(10,1,'post_reply_own',1),(10,1,'post_unapproved_attachments',1),(10,1,'post_unapproved_replies_any',1),(10,1,'post_unapproved_replies_own',1),(10,1,'post_unapproved_topics',1),(10,1,'remove_own',1),(10,1,'report_any',1),(10,1,'view_attachments',1),(10,2,'delete_own',1),(10,2,'lock_own',1),(10,2,'modify_own',1),(10,2,'poll_view',1),(10,2,'poll_vote',1),(10,2,'post_attachment',1),(10,2,'post_draft',1),(10,2,'post_new',1),(10,2,'post_reply_any',1),(10,2,'post_reply_own',1),(10,2,'post_unapproved_attachments',1),(10,2,'post_unapproved_replies_any',1),(10,2,'post_unapproved_replies_own',1),(10,2,'post_unapproved_topics',1),(10,2,'remove_own',1),(10,2,'report_any',1),(10,2,'view_attachments',1),(10,3,'delete_own',1),(10,3,'lock_own',1),(10,3,'modify_own',1),(10,3,'poll_view',1),(10,3,'poll_vote',1),(10,3,'post_attachment',1),(10,3,'post_reply_any',1),(10,3,'post_reply_own',1),(10,3,'post_unapproved_attachments',1),(10,3,'post_unapproved_replies_any',1),(10,3,'post_unapproved_replies_own',1),(10,3,'remove_own',1),(10,3,'report_any',1),(10,3,'view_attachments',1),(10,4,'poll_view',1),(10,4,'poll_vote',1),(10,4,'report_any',1),(10,4,'view_attachments',1);
/*!40000 ALTER TABLE `smf_board_permissions` ENABLE KEYS */;
UNLOCK TABLES;

--
-- Table structure for table `smf_boards`
--

DROP TABLE IF EXISTS `smf_boards`;
/*!40101 SET @saved_cs_client     = @@character_set_client */;
/*!40101 SET character_set_client = utf8 */;
CREATE TABLE `smf_boards` (
  `id_board` smallint(5) unsigned NOT NULL AUTO_INCREMENT,
  `id_cat` tinyint(4) unsigned NOT NULL DEFAULT '0',
  `child_level` tinyint(4) unsigned NOT NULL DEFAULT '0',
  `id_parent` smallint(5) unsigned NOT NULL DEFAULT '0',
  `board_order` smallint(5) NOT NULL DEFAULT '0',
  `id_last_msg` int(10) unsigned NOT NULL DEFAULT '0',
  `id_msg_updated` int(10) unsigned NOT NULL DEFAULT '0',
  `member_groups` varchar(255) NOT NULL DEFAULT '-1,0',
  `id_profile` smallint(5) unsigned NOT NULL DEFAULT '1',
  `name` varchar(255) NOT NULL DEFAULT '',
  `description` text NOT NULL,
  `num_topics` mediumint(8) unsigned NOT NULL DEFAULT '0',
  `num_posts` mediumint(8) unsigned NOT NULL DEFAULT '0',
  `count_posts` tinyint(4) NOT NULL DEFAULT '0',
  `id_theme` tinyint(4) unsigned NOT NULL DEFAULT '0',
  `override_theme` tinyint(4) unsigned NOT NULL DEFAULT '0',
  `unapproved_posts` smallint(5) NOT NULL DEFAULT '0',
  `unapproved_topics` smallint(5) NOT NULL DEFAULT '0',
  `redirect` varchar(255) NOT NULL DEFAULT '',
  `deny_member_groups` varchar(255) NOT NULL DEFAULT '',
  PRIMARY KEY (`id_board`),
  UNIQUE KEY `categories` (`id_cat`,`id_board`),
  KEY `id_parent` (`id_parent`),
  KEY `id_msg_updated` (`id_msg_updated`),
  KEY `member_groups` (`member_groups`(48))
) ENGINE=InnoDB AUTO_INCREMENT=27 DEFAULT CHARSET=utf8;
/*!40101 SET character_set_client = @saved_cs_client */;

--
-- Dumping data for table `smf_boards`
--

LOCK TABLES `smf_boards` WRITE;
/*!40000 ALTER TABLE `smf_boards` DISABLE KEYS */;
INSERT INTO `smf_boards` VALUES (1,1,0,0,2,5,5,'-1,0,2,4,5,6,7,8',1,'Charte du Forum','',1,1,0,0,0,0,0,'',''),(2,2,0,0,8,10,10,'-1,0,2,4,5,6,7,8',1,'Parapsychologie','Perceptions extra-sentorielles',1,1,0,0,0,0,0,'',''),(3,2,0,0,9,21,21,'-1,0,2,4,5,6,7,8',1,'Tarologie','La voie du Tarot',2,2,0,0,0,0,0,'',''),(4,2,0,0,11,20,20,'-1,0,2,4,5,6,7,8',1,'Clairvoyance','Divination',1,1,0,0,0,0,0,'',''),(5,1,0,0,3,6,6,'-1,0,2',1,'Informations lgales','',1,1,0,0,0,0,0,'',''),(6,2,0,0,12,8,8,'-1,0,2',1,'Le petit Lenormand','Tout \"savoir\" s\'acquiert, toute \"connaissance\" se transmet.',2,2,0,0,0,0,0,'',''),(7,2,0,0,13,23,23,'-1,0,2,4,5,6,7,8',1,'Radiethsie','Qu\'est-ce que la radiesthsie ?',1,2,0,0,0,0,0,'',''),(8,2,0,0,14,24,24,'-1,0,2',1,'La Lithothrapie','La magie des pierres et des cristaux',1,1,0,0,0,0,0,'',''),(9,2,0,0,15,25,25,'-1,0,2,4,5,6,7,8',1,'Le Reiki',' Le Reiki est-il l\'nergie universelle de vie?\r\n',1,1,0,0,0,0,0,'',''),(10,2,0,0,10,19,19,'-1,0,2,4,5,6,7,8',1,'sotrisme','Penses paranormales',1,1,0,0,0,0,0,'',''),(12,3,0,0,19,76,76,'-1,0,2,4,5,6,7,8',1,'Le bistrot du coin','Venez discuter, poser vos questions publique au coin du bar ou install dans l\'un de nos profonds fauteuils ',3,8,0,0,0,0,0,'',''),(13,5,0,0,22,89,89,'-1,0,2',1,'Phrases positives','Des phrases positives  se rpter rgulirement',1,26,0,0,0,0,0,'',''),(14,6,0,0,5,27,27,'-1,0,2,4,5,6,7,8',1,'Alexandra','Clairvoyante, tarologue, pendule.',1,1,0,0,0,0,0,'',''),(15,6,0,0,6,29,29,'-1,0,2,4,5,6,7,8',1,'Pauline','Medium clairvoyante, tarologue.',1,1,0,0,0,0,0,'',''),(16,7,0,0,1,34,34,'',1,'Tek','',1,1,0,0,0,0,0,'',''),(17,9,0,0,16,36,36,'-1,0,2',1,'Les matres qui nous gouvernent','On attribue  chaque signe du zodiaque un astre qui est son Matre et qui le gouverne, dans lequel ce dernier se trouve en Domicile Diurne',1,1,0,0,0,0,0,'',''),(18,9,0,0,17,49,49,'-1,0,2',1,'Analogie entre les saisons','Les quatres lments, Air, Terre, Eau, Feu et les signes du zodiaque',4,4,0,0,0,0,0,'',''),(19,9,0,0,18,84,84,'-1,0,2,9,10',1,'Symbolisme des signes du zodiaque','Signe par signe',12,12,0,0,0,0,0,'',''),(20,3,0,0,21,53,53,'-1,0,2,9,10',1,'Participation','Participation au forum',1,1,0,0,0,0,0,'',''),(21,10,0,0,4,0,0,'-1,0,2,9,10',1,'Questions','Posez votre question gratuite, nous vous rpondrons selon votre choix par MP ou par mail.',0,0,0,0,0,0,0,'',''),(23,12,0,0,7,0,0,'-1,0,2,9,10',1,'Tmoignages et avis','Laissez votre tmoignages et avis  propos de nos opratrices',0,0,0,0,0,0,0,'',''),(25,13,0,0,23,0,0,'-1,0,2,9,10',1,'Bug','Vous avez des soucis avec le forum, signalez le ici.',0,0,0,0,0,0,0,'',''),(26,3,0,0,20,88,88,'-1,0,2,9,10',1,'Livres','Choix de livre pour vous aider  changer ou amliorer votre vie',3,3,0,0,0,0,0,'','');
/*!40000 ALTER TABLE `smf_boards` ENABLE KEYS */;
UNLOCK TABLES;

--
-- Table structure for table `smf_calendar`
--

DROP TABLE IF EXISTS `smf_calendar`;
/*!40101 SET @saved_cs_client     = @@character_set_client */;
/*!40101 SET character_set_client = utf8 */;
CREATE TABLE `smf_calendar` (
  `id_event` smallint(5) unsigned NOT NULL AUTO_INCREMENT,
  `start_date` date NOT NULL DEFAULT '0001-01-01',
  `end_date` date NOT NULL DEFAULT '0001-01-01',
  `id_board` smallint(5) unsigned NOT NULL DEFAULT '0',
  `id_topic` mediumint(8) unsigned NOT NULL DEFAULT '0',
  `title` varchar(255) NOT NULL DEFAULT '',
  `id_member` mediumint(8) unsigned NOT NULL DEFAULT '0',
  PRIMARY KEY (`id_event`),
  KEY `start_date` (`start_date`),
  KEY `end_date` (`end_date`),
  KEY `topic` (`id_topic`,`id_member`)
) ENGINE=InnoDB DEFAULT CHARSET=utf8;
/*!40101 SET character_set_client = @saved_cs_client */;

--
-- Dumping data for table `smf_calendar`
--

LOCK TABLES `smf_calendar` WRITE;
/*!40000 ALTER TABLE `smf_calendar` DISABLE KEYS */;
/*!40000 ALTER TABLE `smf_calendar` ENABLE KEYS */;
UNLOCK TABLES;

--
-- Table structure for table `smf_calendar_holidays`
--

DROP TABLE IF EXISTS `smf_calendar_holidays`;
/*!40101 SET @saved_cs_client     = @@character_set_client */;
/*!40101 SET character_set_client = utf8 */;
CREATE TABLE `smf_calendar_holidays` (
  `id_holiday` smallint(5) unsigned NOT NULL AUTO_INCREMENT,
  `event_date` date NOT NULL DEFAULT '0001-01-01',
  `title` varchar(255) NOT NULL DEFAULT '',
  PRIMARY KEY (`id_holiday`),
  KEY `event_date` (`event_date`)
) ENGINE=InnoDB AUTO_INCREMENT=116 DEFAULT CHARSET=utf8;
/*!40101 SET character_set_client = @saved_cs_client */;

--
-- Dumping data for table `smf_calendar_holidays`
--

LOCK TABLES `smf_calendar_holidays` WRITE;
/*!40000 ALTER TABLE `smf_calendar_holidays` DISABLE KEYS */;
INSERT INTO `smf_calendar_holidays` VALUES (1,'0004-01-01','New Year\'s'),(2,'0004-12-25','Christmas'),(3,'0004-02-14','Valentine\'s Day'),(4,'0004-03-17','St. Patrick\'s Day'),(5,'0004-04-01','April Fools'),(6,'0004-04-22','Earth Day'),(7,'0004-10-24','United Nations Day'),(8,'0004-10-31','Halloween'),(9,'2010-05-09','Mother\'s Day'),(10,'2011-05-08','Mother\'s Day'),(11,'2012-05-13','Mother\'s Day'),(12,'2013-05-12','Mother\'s Day'),(13,'2014-05-11','Mother\'s Day'),(14,'2015-05-10','Mother\'s Day'),(15,'2016-05-08','Mother\'s Day'),(16,'2017-05-14','Mother\'s Day'),(17,'2018-05-13','Mother\'s Day'),(18,'2019-05-12','Mother\'s Day'),(19,'2020-05-10','Mother\'s Day'),(20,'2008-06-15','Father\'s Day'),(21,'2009-06-21','Father\'s Day'),(22,'2010-06-20','Father\'s Day'),(23,'2011-06-19','Father\'s Day'),(24,'2012-06-17','Father\'s Day'),(25,'2013-06-16','Father\'s Day'),(26,'2014-06-15','Father\'s Day'),(27,'2015-06-21','Father\'s Day'),(28,'2016-06-19','Father\'s Day'),(29,'2017-06-18','Father\'s Day'),(30,'2018-06-17','Father\'s Day'),(31,'2019-06-16','Father\'s Day'),(32,'2020-06-21','Father\'s Day'),(33,'2010-06-21','Summer Solstice'),(34,'2011-06-21','Summer Solstice'),(35,'2012-06-20','Summer Solstice'),(36,'2013-06-21','Summer Solstice'),(37,'2014-06-21','Summer Solstice'),(38,'2015-06-21','Summer Solstice'),(39,'2016-06-20','Summer Solstice'),(40,'2017-06-20','Summer Solstice'),(41,'2018-06-21','Summer Solstice'),(42,'2019-06-21','Summer Solstice'),(43,'2020-06-20','Summer Solstice'),(44,'2010-03-20','Vernal Equinox'),(45,'2011-03-20','Vernal Equinox'),(46,'2012-03-20','Vernal Equinox'),(47,'2013-03-20','Vernal Equinox'),(48,'2014-03-20','Vernal Equinox'),(49,'2015-03-20','Vernal Equinox'),(50,'2016-03-19','Vernal Equinox'),(51,'2017-03-20','Vernal Equinox'),(52,'2018-03-20','Vernal Equinox'),(53,'2019-03-20','Vernal Equinox'),(54,'2020-03-19','Vernal Equinox'),(55,'2010-12-21','Winter Solstice'),(56,'2011-12-22','Winter Solstice'),(57,'2012-12-21','Winter Solstice'),(58,'2013-12-21','Winter Solstice'),(59,'2014-12-21','Winter Solstice'),(60,'2015-12-21','Winter Solstice'),(61,'2016-12-21','Winter Solstice'),(62,'2017-12-21','Winter Solstice'),(63,'2018-12-21','Winter Solstice'),(64,'2019-12-21','Winter Solstice'),(65,'2020-12-21','Winter Solstice'),(66,'2010-09-22','Autumnal Equinox'),(67,'2011-09-23','Autumnal Equinox'),(68,'2012-09-22','Autumnal Equinox'),(69,'2013-09-22','Autumnal Equinox'),(70,'2014-09-22','Autumnal Equinox'),(71,'2015-09-23','Autumnal Equinox'),(72,'2016-09-22','Autumnal Equinox'),(73,'2017-09-22','Autumnal Equinox'),(74,'2018-09-22','Autumnal Equinox'),(75,'2019-09-23','Autumnal Equinox'),(76,'2020-09-22','Autumnal Equinox'),(77,'0004-07-04','Independence Day'),(78,'0004-05-05','Cinco de Mayo'),(79,'0004-06-14','Flag Day'),(80,'0004-11-11','Veterans Day'),(81,'0004-02-02','Groundhog Day'),(82,'2010-11-25','Thanksgiving'),(83,'2011-11-24','Thanksgiving'),(84,'2012-11-22','Thanksgiving'),(85,'2013-11-28','Thanksgiving'),(86,'2014-11-27','Thanksgiving'),(87,'2015-11-26','Thanksgiving'),(88,'2016-11-24','Thanksgiving'),(89,'2017-11-23','Thanksgiving'),(90,'2018-11-22','Thanksgiving'),(91,'2019-11-28','Thanksgiving'),(92,'2020-11-26','Thanksgiving'),(93,'2010-05-31','Memorial Day'),(94,'2011-05-30','Memorial Day'),(95,'2012-05-28','Memorial Day'),(96,'2013-05-27','Memorial Day'),(97,'2014-05-26','Memorial Day'),(98,'2015-05-25','Memorial Day'),(99,'2016-05-30','Memorial Day'),(100,'2017-05-29','Memorial Day'),(101,'2018-05-28','Memorial Day'),(102,'2019-05-27','Memorial Day'),(103,'2020-05-25','Memorial Day'),(104,'2010-09-06','Labor Day'),(105,'2011-09-05','Labor Day'),(106,'2012-09-03','Labor Day'),(107,'2013-09-02','Labor Day'),(108,'2014-09-01','Labor Day'),(109,'2015-09-07','Labor Day'),(110,'2016-09-05','Labor Day'),(111,'2017-09-04','Labor Day'),(112,'2018-09-03','Labor Day'),(113,'2019-09-02','Labor Day'),(114,'2020-09-07','Labor Day'),(115,'0004-06-06','D-Day');
/*!40000 ALTER TABLE `smf_calendar_holidays` ENABLE KEYS */;
UNLOCK TABLES;

--
-- Table structure for table `smf_categories`
--

DROP TABLE IF EXISTS `smf_categories`;
/*!40101 SET @saved_cs_client     = @@character_set_client */;
/*!40101 SET character_set_client = utf8 */;
CREATE TABLE `smf_categories` (
  `id_cat` tinyint(4) unsigned NOT NULL AUTO_INCREMENT,
  `cat_order` tinyint(4) NOT NULL DEFAULT '0',
  `name` varchar(255) NOT NULL DEFAULT '',
  `description` text NOT NULL,
  `can_collapse` tinyint(1) NOT NULL DEFAULT '1',
  PRIMARY KEY (`id_cat`)
) ENGINE=InnoDB AUTO_INCREMENT=14 DEFAULT CHARSET=utf8;
/*!40101 SET character_set_client = @saved_cs_client */;

--
-- Dumping data for table `smf_categories`
--

LOCK TABLES `smf_categories` WRITE;
/*!40000 ALTER TABLE `smf_categories` DISABLE KEYS */;
INSERT INTO `smf_categories` VALUES (1,3,'Rglement du Forum','',1),(2,7,'Les sciences paranormales','',1),(3,9,'Dtente et bonne humeur','',1),(4,2,'Penses positives','',1),(5,10,'Penses positives','Comment se positiver, garder sa bonne humeur.',1),(6,5,'Voyantes  de Sublime Voyance','',1),(7,1,'Admin','',1),(8,0,'Les signes astrologiques','Les astres, les dieux, les mythes et les symboles',1),(9,8,'Les Astres, les Dieux, les Mythes  et les Symboles','',1),(10,4,'Posez votre question gratuite  la voyante de votre choix','',1),(12,6,'Tmoinages','',1),(13,11,'Bug du forum','',1);
/*!40000 ALTER TABLE `smf_categories` ENABLE KEYS */;
UNLOCK TABLES;

--
-- Table structure for table `smf_custom_fields`
--

DROP TABLE IF EXISTS `smf_custom_fields`;
/*!40101 SET @saved_cs_client     = @@character_set_client */;
/*!40101 SET character_set_client = utf8 */;
CREATE TABLE `smf_custom_fields` (
  `id_field` smallint(5) NOT NULL AUTO_INCREMENT,
  `col_name` varchar(12) NOT NULL DEFAULT '',
  `field_name` varchar(40) NOT NULL DEFAULT '',
  `field_desc` varchar(255) NOT NULL DEFAULT '',
  `field_type` varchar(8) NOT NULL DEFAULT 'text',
  `field_length` smallint(5) NOT NULL DEFAULT '255',
  `field_options` text NOT NULL,
  `field_order` tinyint(3) NOT NULL DEFAULT '0',
  `mask` varchar(255) NOT NULL DEFAULT '',
  `show_reg` tinyint(3) NOT NULL DEFAULT '0',
  `show_display` tinyint(3) NOT NULL DEFAULT '0',
  `show_mlist` tinyint(3) NOT NULL DEFAULT '0',
  `show_profile` varchar(20) NOT NULL DEFAULT 'forumprofile',
  `private` tinyint(3) NOT NULL DEFAULT '0',
  `active` tinyint(3) NOT NULL DEFAULT '1',
  `bbc` tinyint(3) NOT NULL DEFAULT '0',
  `can_search` tinyint(3) NOT NULL DEFAULT '0',
  `default_value` varchar(255) NOT NULL DEFAULT '',
  `enclose` text NOT NULL,
  `placement` tinyint(3) NOT NULL DEFAULT '0',
  PRIMARY KEY (`id_field`),
  UNIQUE KEY `col_name` (`col_name`)
) ENGINE=InnoDB AUTO_INCREMENT=7 DEFAULT CHARSET=utf8;
/*!40101 SET character_set_client = @saved_cs_client */;

--
-- Dumping data for table `smf_custom_fields`
--

LOCK TABLES `smf_custom_fields` WRITE;
/*!40000 ALTER TABLE `smf_custom_fields` DISABLE KEYS */;
INSERT INTO `smf_custom_fields` VALUES (1,'cust_aolins','AOL Instant Messenger','This is your AOL Instant Messenger nickname.','text',50,'',1,'regex~[a-z][0-9a-z.-]{1,31}~i',0,1,0,'forumprofile',0,1,0,0,'','<a class=\"aim\" href=\"aim:goim?screenname={INPUT}&message=Hello!+Are+you+there?\" target=\"_blank\" title=\"AIM - {INPUT}\"><img src=\"{IMAGES_URL}/aim.png\" alt=\"AIM - {INPUT}\"></a>',1),(2,'cust_icq','ICQ','This is your ICQ number.','text',12,'',2,'regex~[1-9][0-9]{4,9}~i',0,1,0,'forumprofile',0,1,0,0,'','<a class=\"icq\" href=\"//www.icq.com/people/{INPUT}\" target=\"_blank\" title=\"ICQ - {INPUT}\"><img src=\"{DEFAULT_IMAGES_URL}/icq.png\" alt=\"ICQ - {INPUT}\"></a>',1),(3,'cust_skype','Skype','Your Skype name','text',32,'',3,'nohtml',0,1,0,'forumprofile',0,1,0,0,'','<a href=\"skype:{INPUT}?call\"><img src=\"{DEFAULT_IMAGES_URL}/skype.png\" alt=\"{INPUT}\" title=\"{INPUT}\" /></a> ',1),(4,'cust_yahoo','Yahoo! Messenger','This is your Yahoo! Instant Messenger nickname.','text',50,'',4,'nohtml',0,1,0,'forumprofile',0,1,0,0,'','<a class=\"yim\" href=\"edit.yahoo.com/config/send_webmesg?.target={INPUT}\" target=\"_blank\" title=\"Yahoo! Messenger - {INPUT}\"><img src=\"{IMAGES_URL}/yahoo.png\" alt=\"Yahoo! Messenger - {INPUT}\"></a>',1),(5,'cust_loca','Location','Geographic location.','text',50,'',5,'nohtml',0,1,0,'forumprofile',0,1,0,0,'','',0),(6,'cust_gender','Gender','Your gender.','radio',255,'None,Male,Female',6,'nohtml',1,1,0,'forumprofile',0,1,0,0,'None','<span class=\" generic_icons gender_{INPUT}\" title=\"{INPUT}\"></span>',1);
/*!40000 ALTER TABLE `smf_custom_fields` ENABLE KEYS */;
UNLOCK TABLES;

--
-- Table structure for table `smf_group_moderators`
--

DROP TABLE IF EXISTS `smf_group_moderators`;
/*!40101 SET @saved_cs_client     = @@character_set_client */;
/*!40101 SET character_set_client = utf8 */;
CREATE TABLE `smf_group_moderators` (
  `id_group` smallint(5) unsigned NOT NULL DEFAULT '0',
  `id_member` mediumint(8) unsigned NOT NULL DEFAULT '0',
  PRIMARY KEY (`id_group`,`id_member`)
) ENGINE=InnoDB DEFAULT CHARSET=utf8;
/*!40101 SET character_set_client = @saved_cs_client */;

--
-- Dumping data for table `smf_group_moderators`
--

LOCK TABLES `smf_group_moderators` WRITE;
/*!40000 ALTER TABLE `smf_group_moderators` DISABLE KEYS */;
/*!40000 ALTER TABLE `smf_group_moderators` ENABLE KEYS */;
UNLOCK TABLES;

--
-- Table structure for table `smf_log_actions`
--

DROP TABLE IF EXISTS `smf_log_actions`;
/*!40101 SET @saved_cs_client     = @@character_set_client */;
/*!40101 SET character_set_client = utf8 */;
CREATE TABLE `smf_log_actions` (
  `id_action` int(10) unsigned NOT NULL AUTO_INCREMENT,
  `id_log` tinyint(3) unsigned NOT NULL DEFAULT '1',
  `log_time` int(10) unsigned NOT NULL DEFAULT '0',
  `id_member` mediumint(8) unsigned NOT NULL DEFAULT '0',
  `ip` char(16) NOT NULL DEFAULT '',
  `action` varchar(30) NOT NULL DEFAULT '',
  `id_board` smallint(5) unsigned NOT NULL DEFAULT '0',
  `id_topic` mediumint(8) unsigned NOT NULL DEFAULT '0',
  `id_msg` int(10) unsigned NOT NULL DEFAULT '0',
  `extra` text NOT NULL,
  PRIMARY KEY (`id_action`),
  KEY `id_log` (`id_log`),
  KEY `log_time` (`log_time`),
  KEY `id_member` (`id_member`),
  KEY `id_board` (`id_board`),
  KEY `id_msg` (`id_msg`),
  KEY `id_topic_id_log` (`id_topic`,`id_log`)
) ENGINE=InnoDB AUTO_INCREMENT=199 DEFAULT CHARSET=utf8;
/*!40101 SET character_set_client = @saved_cs_client */;

--
-- Dumping data for table `smf_log_actions`
--

LOCK TABLES `smf_log_actions` WRITE;
/*!40000 ALTER TABLE `smf_log_actions` DISABLE KEYS */;
INSERT INTO `smf_log_actions` VALUES (1,3,1439636119,1,'85.27.74.173','install',0,0,0,'a:1:{s:7:\"version\";s:10:\"2.1 Beta 1\";}'),(2,3,1439641022,2,'85.27.74.173','edit_board',1,0,0,'a:0:{}'),(3,3,1439641064,2,'85.27.74.173','edit_cat',0,0,0,'a:1:{s:7:\"catname\";s:15:\"Charte du forum\";}'),(4,3,1439641077,2,'85.27.74.173','edit_cat',0,0,0,'a:1:{s:7:\"catname\";s:15:\"Charte du forum\";}'),(5,3,1439641885,2,'85.27.74.173','edit_cat',0,0,0,'a:1:{s:7:\"catname\";s:19:\"Rglement du Forum\";}'),(6,3,1439641998,2,'85.27.74.173','edit_board',1,0,0,'a:0:{}'),(7,3,1439642048,2,'85.27.74.173','add_cat',0,0,0,'a:1:{s:7:\"catname\";s:19:\"Nouvelle catgorie\";}'),(8,3,1439642080,2,'85.27.74.173','add_board',2,0,0,'a:0:{}'),(9,3,1439642164,2,'85.27.74.173','edit_cat',0,0,0,'a:1:{s:7:\"catname\";s:25:\"Les sciences paranormales\";}'),(10,3,1439642177,2,'85.27.74.173','edit_cat',0,0,0,'a:1:{s:7:\"catname\";s:25:\"Les sciences paranormales\";}'),(11,3,1439642211,2,'85.27.74.173','edit_board',2,0,0,'a:0:{}'),(12,3,1439642341,2,'85.27.74.173','add_board',3,0,0,'a:0:{}'),(13,3,1439642393,2,'85.27.74.173','edit_board',1,0,0,'a:0:{}'),(14,3,1439642424,2,'85.27.74.173','edit_board',1,0,0,'a:0:{}'),(15,3,1439642471,2,'85.27.74.173','edit_board',3,0,0,'a:0:{}'),(16,3,1439642505,2,'85.27.74.173','edit_board',1,0,0,'a:0:{}'),(17,3,1439642688,2,'85.27.74.173','edit_board',3,0,0,'a:0:{}'),(18,3,1439642729,2,'85.27.74.173','edit_board',3,0,0,'a:0:{}'),(19,1,1439642843,2,'85.27.74.173','modify',1,1,1,'a:1:{s:6:\"member\";s:1:\"0\";}'),(20,3,1439643011,2,'85.27.74.173','add_board',4,0,0,'a:0:{}'),(21,3,1439643174,2,'85.27.74.173','edit_board',4,0,0,'a:0:{}'),(22,3,1439643190,2,'85.27.74.173','edit_board',4,0,0,'a:0:{}'),(23,3,1439643220,2,'85.27.74.173','edit_board',4,0,0,'a:0:{}'),(24,3,1439643260,2,'85.27.74.173','edit_board',2,0,0,'a:0:{}'),(25,3,1439643273,2,'85.27.74.173','edit_board',2,0,0,'a:0:{}'),(26,1,1439643543,2,'85.27.74.173','modify',1,1,1,'a:1:{s:6:\"member\";s:1:\"0\";}'),(27,3,1439643670,2,'85.27.74.173','add_board',5,0,0,'a:0:{}'),(28,1,1439643717,2,'85.27.74.173','move',5,1,0,'a:1:{s:10:\"board_from\";s:1:\"1\";}'),(29,1,1439644513,2,'85.27.74.173','remove',5,1,0,'a:2:{s:7:\"subject\";s:3:\"CGU\";s:6:\"member\";s:1:\"0\";}'),(30,3,1439644740,2,'85.27.74.173','edit_board',1,0,0,'a:0:{}'),(31,3,1439644757,2,'85.27.74.173','edit_board',1,0,0,'a:0:{}'),(32,1,1439644962,2,'85.27.74.173','remove',1,2,0,'a:2:{s:7:\"subject\";s:6:\"Charte\";s:6:\"member\";s:1:\"2\";}'),(33,1,1439645011,1,'80.200.23.231','news',0,0,0,'a:0:{}'),(34,1,1439645027,1,'80.200.23.231','news',0,0,0,'a:0:{}'),(35,1,1439645080,1,'80.200.23.231','news',0,0,0,'a:0:{}'),(36,1,1439645117,1,'80.200.23.231','news',0,0,0,'a:0:{}'),(37,1,1439645157,1,'80.200.23.231','news',0,0,0,'a:0:{}'),(38,1,1439645195,1,'80.200.23.231','news',0,0,0,'a:0:{}'),(39,3,1439645245,2,'85.27.74.173','edit_board',5,0,0,'a:0:{}'),(40,1,1439645251,1,'80.200.23.231','news',0,0,0,'a:0:{}'),(41,1,1439645296,1,'80.200.23.231','news',0,0,0,'a:0:{}'),(42,1,1439645303,1,'80.200.23.231','news',0,0,0,'a:0:{}'),(43,3,1439645616,2,'85.27.74.173','edit_board',5,0,0,'a:0:{}'),(45,3,1439645870,2,'85.27.74.173','edit_board',4,0,0,'a:0:{}'),(46,1,1439648531,2,'85.27.74.173','lock',5,6,0,'a:0:{}'),(47,1,1439648544,2,'85.27.74.173','lock',1,5,0,'a:0:{}'),(48,3,1439648768,2,'85.27.74.173','add_board',6,0,0,'a:0:{}'),(49,3,1439648787,2,'85.27.74.173','edit_board',6,0,0,'a:0:{}'),(50,3,1439649161,2,'85.27.74.173','add_board',7,0,0,'a:0:{}'),(51,3,1439649179,2,'85.27.74.173','edit_board',7,0,0,'a:0:{}'),(52,3,1439649381,2,'85.27.74.173','add_board',8,0,0,'a:0:{}'),(53,3,1439649483,2,'85.27.74.173','edit_board',8,0,0,'a:0:{}'),(54,3,1439649508,2,'85.27.74.173','edit_board',3,0,0,'a:0:{}'),(55,3,1439649520,2,'85.27.74.173','edit_board',3,0,0,'a:0:{}'),(56,3,1439649719,2,'85.27.74.173','add_board',9,0,0,'a:0:{}'),(57,3,1439650637,2,'85.27.74.173','edit_board',4,0,0,'a:0:{}'),(58,3,1439650704,2,'85.27.74.173','edit_board',4,0,0,'a:0:{}'),(59,3,1439652031,2,'85.27.74.173','edit_board',3,0,0,'a:0:{}'),(60,3,1439652233,2,'85.27.74.173','edit_board',3,0,0,'a:0:{}'),(61,3,1439652348,2,'85.27.74.173','add_board',10,0,0,'a:0:{}'),(62,3,1439652367,2,'85.27.74.173','edit_board',3,0,0,'a:0:{}'),(63,3,1439652582,2,'85.27.74.173','edit_board',2,0,0,'a:0:{}'),(64,1,1439652762,2,'85.27.74.173','lock',6,8,0,'a:0:{}'),(65,3,1439652838,2,'85.27.74.173','add_cat',0,0,0,'a:1:{s:7:\"catname\";s:24:\"Dtente et bonne humeur\";}'),(66,3,1439652893,2,'85.27.74.173','edit_cat',0,0,0,'a:1:{s:7:\"catname\";s:24:\"Dtente et bonne humeur\";}'),(67,3,1439652989,2,'85.27.74.173','add_board',11,0,0,'a:0:{}'),(68,3,1439653031,2,'85.27.74.173','edit_board',11,0,0,'a:0:{}'),(69,3,1439653203,2,'85.27.74.173','add_board',12,0,0,'a:0:{}'),(70,3,1439653249,2,'85.27.74.173','edit_board',11,0,0,'a:0:{}'),(71,3,1439653362,2,'85.27.74.173','delete_board',0,0,0,'a:1:{s:9:\"boardname\";s:6:\"Livres\";}'),(72,3,1439653548,2,'85.27.74.173','add_cat',0,0,0,'a:1:{s:7:\"catname\";s:18:\"Penses positives\";}'),(73,3,1439653634,2,'85.27.74.173','edit_board',12,0,0,'a:0:{}'),(74,3,1439654109,2,'85.27.74.173','edit_board',2,0,0,'a:0:{}'),(75,3,1439654211,2,'85.27.74.173','edit_board',3,0,0,'a:0:{}'),(76,3,1439654831,2,'85.27.74.173','add_cat',0,0,0,'a:1:{s:7:\"catname\";s:18:\"Penses positives\";}'),(77,3,1439655027,2,'85.27.74.173','add_board',13,0,0,'a:0:{}'),(78,3,1439656546,2,'85.27.74.173','edit_board',10,0,0,'a:0:{}'),(79,3,1439656823,2,'85.27.74.173','edit_board',10,0,0,'a:0:{}'),(80,3,1439656902,2,'85.27.74.173','edit_board',3,0,0,'a:0:{}'),(81,3,1439656924,2,'85.27.74.173','edit_board',3,0,0,'a:0:{}'),(82,3,1439656937,2,'85.27.74.173','edit_board',2,0,0,'a:0:{}'),(83,3,1439656997,2,'85.27.74.173','edit_board',4,0,0,'a:0:{}'),(84,3,1439657028,2,'85.27.74.173','edit_board',2,0,0,'a:0:{}'),(85,3,1439657224,2,'85.27.74.173','edit_board',4,0,0,'a:0:{}'),(86,3,1439657250,2,'85.27.74.173','edit_board',2,0,0,'a:0:{}'),(87,3,1439657483,2,'85.27.74.173','edit_board',3,0,0,'a:0:{}'),(88,3,1439657714,2,'85.27.74.173','edit_board',7,0,0,'a:0:{}'),(89,3,1439657962,2,'85.27.74.173','edit_board',7,0,0,'a:0:{}'),(90,3,1439659092,2,'85.27.74.173','edit_board',8,0,0,'a:0:{}'),(91,3,1439659252,2,'85.27.74.173','edit_board',8,0,0,'a:0:{}'),(92,3,1439659732,2,'85.27.74.173','edit_board',9,0,0,'a:0:{}'),(93,3,1439659985,2,'85.27.74.173','edit_board',9,0,0,'a:0:{}'),(94,3,1439660129,2,'85.27.74.173','edit_board',12,0,0,'a:0:{}'),(95,3,1439660147,2,'85.27.74.173','edit_board',12,0,0,'a:0:{}'),(96,3,1439660236,2,'85.27.74.173','edit_cat',0,0,0,'a:1:{s:7:\"catname\";s:25:\"Les sciences paranormales\";}'),(97,3,1439668936,2,'85.27.74.173','add_cat',0,0,0,'a:1:{s:7:\"catname\";s:31:\"Opratrices de Sublime Voyance\";}'),(98,3,1439668987,2,'85.27.74.173','add_board',14,0,0,'a:0:{}'),(99,3,1439669023,2,'85.27.74.173','edit_cat',0,0,0,'a:1:{s:7:\"catname\";s:31:\"Opratrices de Sublime Voyance\";}'),(100,3,1439669175,2,'85.27.74.173','edit_board',14,0,0,'a:0:{}'),(101,3,1439669410,2,'85.27.74.173','add_board',15,0,0,'a:0:{}'),(102,1,1439670071,2,'85.27.74.173','remove',14,19,0,'a:2:{s:7:\"subject\";s:9:\"Alexandra\";s:6:\"member\";s:1:\"2\";}'),(103,2,1439727714,7,'85.27.74.173','customfield_cust_gender',0,0,0,'a:4:{s:8:\"previous\";s:0:\"\";s:3:\"new\";s:6:\"Female\";s:10:\"applicator\";i:0;s:15:\"member_affected\";i:7;}'),(104,1,1439814833,2,'85.27.74.173','delete',15,22,0,'a:2:{s:7:\"subject\";s:13:\"Re: Pauline\";s:6:\"member\";s:1:\"1\";}'),(105,2,1439815419,4,'91.178.135.63','customfield_cust_aolins',0,0,0,'a:4:{s:8:\"previous\";s:0:\"\";s:3:\"new\";s:0:\"\";s:10:\"applicator\";i:1;s:15:\"member_affected\";s:1:\"4\";}'),(106,2,1439815419,4,'91.178.135.63','customfield_cust_icq',0,0,0,'a:4:{s:8:\"previous\";s:0:\"\";s:3:\"new\";s:0:\"\";s:10:\"applicator\";i:1;s:15:\"member_affected\";s:1:\"4\";}'),(107,2,1439815419,4,'91.178.135.63','customfield_cust_skype',0,0,0,'a:4:{s:8:\"previous\";s:0:\"\";s:3:\"new\";s:0:\"\";s:10:\"applicator\";i:1;s:15:\"member_affected\";s:1:\"4\";}'),(108,2,1439815419,4,'91.178.135.63','customfield_cust_yahoo',0,0,0,'a:4:{s:8:\"previous\";s:0:\"\";s:3:\"new\";s:0:\"\";s:10:\"applicator\";i:1;s:15:\"member_affected\";s:1:\"4\";}'),(109,2,1439815419,4,'91.178.135.63','customfield_cust_loca',0,0,0,'a:4:{s:8:\"previous\";s:0:\"\";s:3:\"new\";s:0:\"\";s:10:\"applicator\";i:1;s:15:\"member_affected\";s:1:\"4\";}'),(110,2,1439815419,4,'91.178.135.63','customfield_cust_gender',0,0,0,'a:4:{s:8:\"previous\";s:0:\"\";s:3:\"new\";s:6:\"Female\";s:10:\"applicator\";i:1;s:15:\"member_affected\";s:1:\"4\";}'),(111,2,1439815419,4,'91.178.135.63','personal_text',0,0,0,'a:4:{s:8:\"previous\";s:42:\"Bienvenue dans le forum de Sunlime-Voyance\";s:3:\"new\";s:42:\"Bienvenue dans le forum de Sublime-Voyance\";s:10:\"applicator\";i:1;s:15:\"member_affected\";s:1:\"4\";}'),(112,3,1439816887,1,'91.178.135.63','newsletter',0,0,0,'a:0:{}'),(113,3,1439818416,2,'85.27.74.173','add_cat',0,0,0,'a:1:{s:7:\"catname\";s:5:\"Admin\";}'),(114,3,1439818479,2,'85.27.74.173','add_board',16,0,0,'a:0:{}'),(115,3,1439822675,2,'85.27.74.173','add_cat',0,0,0,'a:1:{s:7:\"catname\";s:24:\"Les signes astrologiques\";}'),(116,3,1439839458,2,'85.27.74.173','edit_cat',0,0,0,'a:1:{s:7:\"catname\";s:24:\"Les signes astrologiques\";}'),(117,3,1439839568,2,'85.27.74.173','edit_cat',0,0,0,'a:1:{s:7:\"catname\";s:24:\"Les signes astrologiques\";}'),(118,3,1439839597,2,'85.27.74.173','add_board',17,0,0,'a:0:{}'),(119,3,1439840023,2,'85.27.74.173','edit_board',17,0,0,'a:0:{}'),(120,3,1439840061,2,'85.27.74.173','edit_board',17,0,0,'a:0:{}'),(121,3,1439840083,2,'85.27.74.173','edit_board',17,0,0,'a:0:{}'),(122,3,1439840100,2,'85.27.74.173','edit_board',17,0,0,'a:0:{}'),(123,3,1439840249,2,'85.27.74.173','add_cat',0,0,0,'a:1:{s:7:\"catname\";s:32:\"Les matres qui nous gouvernent\";}'),(124,3,1439840266,2,'85.27.74.173','edit_board',17,0,0,'a:0:{}'),(125,3,1439840316,2,'85.27.74.173','edit_cat',0,0,0,'a:1:{s:7:\"catname\";s:6:\"tatati\";}'),(126,3,1439840440,2,'85.27.74.173','edit_cat',0,0,0,'a:1:{s:7:\"catname\";s:50:\"Les Astres, les Dieux, les Mythes  et les Symboles\";}'),(127,3,1439853785,2,'91.178.135.63','edit_board',17,0,0,'a:0:{}'),(128,1,1439884210,1,'91.178.135.63','modify',17,24,36,'a:1:{s:6:\"member\";s:1:\"2\";}'),(129,1,1439902253,2,'91.178.135.63','remove',17,25,0,'a:2:{s:7:\"subject\";s:27:\"Analogie entre les saisons \";s:6:\"member\";s:1:\"2\";}'),(130,3,1439902530,2,'91.178.135.63','add_board',18,0,0,'a:0:{}'),(131,3,1439903607,2,'91.178.135.63','edit_board',18,0,0,'a:0:{}'),(132,3,1439903690,2,'91.178.135.63','add_board',19,0,0,'a:0:{}'),(133,3,1439903814,2,'91.178.135.63','edit_board',18,0,0,'a:0:{}'),(134,3,1439903846,2,'91.178.135.63','edit_board',19,0,0,'a:0:{}'),(135,3,1439903864,2,'91.178.135.63','edit_board',19,0,0,'a:0:{}'),(136,3,1439903889,2,'91.178.135.63','delete_board',0,0,0,'a:1:{s:9:\"boardname\";s:100:\"Blier: Premier signe du zodiaque, premier signe de Feu dans la premire saison domine par l\'Air\";}'),(137,3,1439903954,2,'91.178.135.63','edit_board',18,0,0,'a:0:{}'),(138,1,1439905344,2,'91.178.135.63','remove',18,27,0,'a:2:{s:7:\"subject\";s:82:\"Blier: Premier signe du zodiaque, premier signe de Feu dans la premire saison \";s:6:\"member\";s:1:\"2\";}'),(139,3,1439905404,2,'91.178.135.63','edit_board',18,0,0,'a:0:{}'),(140,1,1439911175,2,'85.27.74.173','remove',18,26,0,'a:2:{s:7:\"subject\";s:36:\"Printemps, lment dominant, l\'air\";s:6:\"member\";s:1:\"2\";}'),(141,3,1439989291,1,'91.178.173.136','approve_member',0,0,0,'a:1:{s:6:\"member\";s:1:\"3\";}'),(142,3,1439989291,1,'91.178.173.136','approve_member',0,0,0,'a:1:{s:6:\"member\";s:1:\"5\";}'),(143,3,1439989291,1,'91.178.173.136','approve_member',0,0,0,'a:1:{s:6:\"member\";s:1:\"7\";}'),(144,1,1440004349,2,'85.27.74.173','remove',18,29,0,'a:2:{s:7:\"subject\";s:26:\"Les conditions gnrales\";s:6:\"member\";s:1:\"2\";}'),(145,1,1440004358,2,'85.27.74.173','remove',18,28,0,'a:2:{s:7:\"subject\";s:6:\"yuyyuy\";s:6:\"member\";s:1:\"2\";}'),(146,3,1440102966,2,'85.27.74.173','edited_group',0,0,0,'a:1:{s:5:\"group\";s:14:\"Administrateur\";}'),(147,3,1440102980,2,'85.27.74.173','edited_group',0,0,0,'a:1:{s:5:\"group\";s:17:\"Global Moderateur\";}'),(148,3,1440102992,2,'85.27.74.173','edited_group',0,0,0,'a:1:{s:5:\"group\";s:10:\"Moderateur\";}'),(149,3,1440103125,2,'85.27.74.173','edited_group',0,0,0,'a:1:{s:5:\"group\";s:17:\"Moderateur Global\";}'),(150,3,1440103187,2,'85.27.74.173','add_group',0,0,0,'a:1:{s:5:\"group\";s:11:\"Opratrice\";}'),(151,3,1440103193,2,'85.27.74.173','edited_group',0,0,0,'a:1:{s:5:\"group\";s:11:\"Opratrice\";}'),(152,3,1440103223,2,'85.27.74.173','edited_group',0,0,0,'a:1:{s:5:\"group\";s:10:\"Moderateur\";}'),(153,3,1440103248,2,'85.27.74.173','add_group',0,0,0,'a:1:{s:5:\"group\";s:9:\"Titulaire\";}'),(154,3,1440103250,2,'85.27.74.173','edited_group',0,0,0,'a:1:{s:5:\"group\";s:9:\"Titulaire\";}'),(155,3,1440103282,2,'85.27.74.173','edited_group',0,0,0,'a:1:{s:5:\"group\";s:11:\"Opratrice\";}'),(156,3,1440103325,2,'85.27.74.173','edited_group',0,0,0,'a:1:{s:5:\"group\";s:9:\"Titulaire\";}'),(157,1,1440104506,1,'91.178.173.136','remove',1,4,0,'a:0:{}'),(158,1,1440152267,2,'85.27.74.173','remove',18,30,0,'a:2:{s:7:\"subject\";s:17:\"Les signes de feu\";s:6:\"member\";s:1:\"2\";}'),(159,3,1440230359,2,'85.27.74.173','add_board',19,0,0,'a:0:{}'),(160,3,1440231167,2,'85.27.74.173','edit_board',19,0,0,'a:0:{}'),(161,3,1440249570,2,'85.27.74.173','add_board',20,0,0,'a:0:{}'),(162,3,1440249578,2,'85.27.74.173','edit_board',20,0,0,'a:0:{}'),(163,3,1440249653,2,'85.27.74.173','edit_board',20,0,0,'a:0:{}'),(164,3,1440250125,2,'85.27.74.173','edit_board',20,0,0,'a:0:{}'),(165,3,1440281049,2,'85.27.74.173','add_cat',0,0,0,'a:1:{s:7:\"catname\";s:29:\"Posez votre question gratuite\";}'),(166,3,1440281087,2,'85.27.74.173','edit_cat',0,0,0,'a:1:{s:7:\"catname\";s:29:\"Posez votre question gratuite\";}'),(167,3,1440281113,2,'85.27.74.173','add_board',21,0,0,'a:0:{}'),(168,3,1440281145,2,'85.27.74.173','edit_board',21,0,0,'a:0:{}'),(169,3,1440281323,2,'85.27.74.173','add_cat',0,0,0,'a:1:{s:7:\"catname\";s:28:\"Posez vos questions publique\";}'),(170,3,1440281377,2,'85.27.74.173','add_board',22,0,0,'a:0:{}'),(171,3,1440281747,2,'85.27.74.173','add_cat',0,0,0,'a:1:{s:7:\"catname\";s:11:\"Tmoinages\";}'),(172,3,1440281863,2,'85.27.74.173','add_board',23,0,0,'a:0:{}'),(173,3,1440325827,2,'85.27.74.173','edit_board',21,0,0,'a:0:{}'),(174,3,1440325893,2,'85.27.74.173','edit_board',21,0,0,'a:0:{}'),(175,3,1440326044,2,'85.27.74.173','edit_cat',0,0,0,'a:1:{s:7:\"catname\";s:28:\"Voyantes  de Sublime Voyance\";}'),(176,3,1440326096,2,'85.27.74.173','edit_cat',0,0,0,'a:1:{s:7:\"catname\";s:58:\"Posez votre question gratuite  la voyante de votre choix\";}'),(177,3,1440327654,2,'85.27.74.173','delete_board',0,0,0,'a:1:{s:9:\"boardname\";s:44:\"Ici posez vos questions ouvertes au publique\";}'),(178,3,1440327654,2,'85.27.74.173','delete_cat',0,0,0,'a:1:{s:7:\"catname\";s:28:\"Posez vos questions publique\";}'),(179,3,1440327714,2,'85.27.74.173','edit_cat',0,0,0,'a:1:{s:7:\"catname\";s:11:\"Tmoinages\";}'),(180,3,1440327757,2,'85.27.74.173','edit_cat',0,0,0,'a:1:{s:7:\"catname\";s:11:\"Tmoinages\";}'),(181,3,1440327775,2,'85.27.74.173','edit_cat',0,0,0,'a:1:{s:7:\"catname\";s:58:\"Posez votre question gratuite  la voyante de votre choix\";}'),(182,3,1440328768,2,'91.178.173.136','edit_board',12,0,0,'a:0:{}'),(183,3,1440328868,2,'91.178.173.136','edit_board',21,0,0,'a:0:{}'),(184,1,1440337872,2,'85.27.74.173','approve',12,21,0,'a:2:{s:7:\"subject\";s:14:\"Re: Le Forum\";s:6:\"member\";s:1:\"7\";}'),(185,1,1440344990,2,'85.27.74.173','delete',12,21,0,'a:2:{s:7:\"subject\";s:14:\"Re: Le Forum\";s:6:\"member\";s:1:\"7\";}'),(186,3,1440347818,2,'85.27.74.173','add_cat',0,0,0,'a:1:{s:7:\"catname\";s:12:\"Bug du forum\";}'),(187,3,1440347895,2,'85.27.74.173','add_board',24,0,0,'a:0:{}'),(188,3,1440347926,2,'85.27.74.173','delete_board',0,0,0,'a:1:{s:9:\"boardname\";s:22:\"Signaler les bugs ici.\";}'),(189,3,1440347978,2,'85.27.74.173','add_board',25,0,0,'a:0:{}'),(190,3,1440348011,2,'85.27.74.173','edit_cat',0,0,0,'a:1:{s:7:\"catname\";s:12:\"Bug du forum\";}'),(191,1,1440522414,1,'91.178.180.178','modify',14,20,27,'a:1:{s:6:\"member\";s:1:\"2\";}'),(192,1,1440664243,2,'85.27.74.173','remove',12,41,0,'a:2:{s:7:\"subject\";s:6:\"Images\";s:6:\"member\";s:1:\"2\";}'),(193,2,1440664296,2,'85.27.74.173','announce_topic',0,42,0,'a:0:{}'),(194,3,1440925877,2,'85.27.74.173','edit_board',13,0,0,'a:0:{}'),(195,2,1441021396,2,'85.27.74.173','announce_topic',0,46,0,'a:0:{}'),(196,1,1441265109,2,'85.27.74.173','remove',21,50,0,'a:2:{s:7:\"subject\";s:31:\"ma relation amoureuse avec marc\";s:6:\"member\";s:1:\"4\";}'),(197,3,1441282228,2,'85.27.74.173','add_board',26,0,0,'a:0:{}'),(198,3,1441282283,2,'85.27.74.173','edit_board',26,0,0,'a:0:{}');
/*!40000 ALTER TABLE `smf_log_actions` ENABLE KEYS */;
UNLOCK TABLES;

--
-- Table structure for table `smf_log_activity`
--

DROP TABLE IF EXISTS `smf_log_activity`;
/*!40101 SET @saved_cs_client     = @@character_set_client */;
/*!40101 SET character_set_client = utf8 */;
CREATE TABLE `smf_log_activity` (
  `date` date NOT NULL DEFAULT '0001-01-01',
  `hits` mediumint(8) unsigned NOT NULL DEFAULT '0',
  `topics` smallint(5) unsigned NOT NULL DEFAULT '0',
  `posts` smallint(5) unsigned NOT NULL DEFAULT '0',
  `registers` smallint(5) unsigned NOT NULL DEFAULT '0',
  `most_on` smallint(5) unsigned NOT NULL DEFAULT '0',
  PRIMARY KEY (`date`)
) ENGINE=InnoDB DEFAULT CHARSET=utf8;
/*!40101 SET character_set_client = @saved_cs_client */;

--
-- Dumping data for table `smf_log_activity`
--

LOCK TABLES `smf_log_activity` WRITE;
/*!40000 ALTER TABLE `smf_log_activity` DISABLE KEYS */;
INSERT INTO `smf_log_activity` VALUES ('2015-08-15',1823,22,29,2,6),('2015-08-16',123,0,1,5,2),('2015-08-17',363,1,4,0,4),('2015-08-18',364,4,5,0,5),('2015-08-19',307,2,3,0,3),('2015-08-20',286,0,1,0,2),('2015-08-21',379,5,6,0,2),('2015-08-22',363,4,5,0,2),('2015-08-23',504,0,2,0,3),('2015-08-24',73,0,1,0,4),('2015-08-25',390,0,1,0,9),('2015-08-26',184,2,3,0,9),('2015-08-27',322,3,10,0,4),('2015-08-28',55,0,0,0,3),('2015-08-29',51,0,1,0,3),('2015-08-30',63,1,3,0,3),('2015-08-31',220,4,6,0,2),('2015-09-01',281,1,2,0,2),('2015-09-02',202,2,3,0,2),('2015-09-03',304,2,3,0,3),('2015-09-04',190,0,1,0,3);
/*!40000 ALTER TABLE `smf_log_activity` ENABLE KEYS */;
UNLOCK TABLES;

--
-- Table structure for table `smf_log_banned`
--

DROP TABLE IF EXISTS `smf_log_banned`;
/*!40101 SET @saved_cs_client     = @@character_set_client */;
/*!40101 SET character_set_client = utf8 */;
CREATE TABLE `smf_log_banned` (
  `id_ban_log` mediumint(8) unsigned NOT NULL AUTO_INCREMENT,
  `id_member` mediumint(8) unsigned NOT NULL DEFAULT '0',
  `ip` char(16) NOT NULL DEFAULT '',
  `email` varchar(255) NOT NULL DEFAULT '',
  `log_time` int(10) unsigned NOT NULL DEFAULT '0',
  PRIMARY KEY (`id_ban_log`),
  KEY `log_time` (`log_time`)
) ENGINE=InnoDB DEFAULT CHARSET=utf8;
/*!40101 SET character_set_client = @saved_cs_client */;

--
-- Dumping data for table `smf_log_banned`
--

LOCK TABLES `smf_log_banned` WRITE;
/*!40000 ALTER TABLE `smf_log_banned` DISABLE KEYS */;
/*!40000 ALTER TABLE `smf_log_banned` ENABLE KEYS */;
UNLOCK TABLES;

--
-- Table structure for table `smf_log_boards`
--

DROP TABLE IF EXISTS `smf_log_boards`;
/*!40101 SET @saved_cs_client     = @@character_set_client */;
/*!40101 SET character_set_client = utf8 */;
CREATE TABLE `smf_log_boards` (
  `id_member` mediumint(8) unsigned NOT NULL DEFAULT '0',
  `id_board` smallint(5) unsigned NOT NULL DEFAULT '0',
  `id_msg` int(10) unsigned NOT NULL DEFAULT '0',
  PRIMARY KEY (`id_member`,`id_board`)
) ENGINE=InnoDB DEFAULT CHARSET=utf8;
/*!40101 SET character_set_client = @saved_cs_client */;

--
-- Dumping data for table `smf_log_boards`
--

LOCK TABLES `smf_log_boards` WRITE;
/*!40000 ALTER TABLE `smf_log_boards` DISABLE KEYS */;
INSERT INTO `smf_log_boards` VALUES (1,1,43),(1,2,34),(1,3,28),(1,4,34),(1,5,36),(1,6,29),(1,7,34),(1,8,34),(1,9,34),(1,10,34),(1,12,77),(1,13,87),(1,14,57),(1,15,57),(1,16,85),(1,17,36),(1,18,49),(1,19,85),(1,20,53),(1,21,54),(2,1,88),(2,2,88),(2,3,49),(2,4,45),(2,5,88),(2,6,88),(2,7,43),(2,8,43),(2,9,85),(2,10,19),(2,12,87),(2,13,89),(2,14,57),(2,15,36),(2,16,34),(2,17,55),(2,18,49),(2,19,86),(2,20,53),(2,21,85),(2,23,88),(2,26,88),(4,3,83),(4,21,83),(6,3,36),(6,14,57),(6,17,37),(7,2,55),(7,12,69);
/*!40000 ALTER TABLE `smf_log_boards` ENABLE KEYS */;
UNLOCK TABLES;

--
-- Table structure for table `smf_log_comments`
--

DROP TABLE IF EXISTS `smf_log_comments`;
/*!40101 SET @saved_cs_client     = @@character_set_client */;
/*!40101 SET character_set_client = utf8 */;
CREATE TABLE `smf_log_comments` (
  `id_comment` mediumint(8) unsigned NOT NULL AUTO_INCREMENT,
  `id_member` mediumint(8) unsigned NOT NULL DEFAULT '0',
  `member_name` varchar(80) NOT NULL DEFAULT '',
  `comment_type` varchar(8) NOT NULL DEFAULT 'warning',
  `id_recipient` mediumint(8) unsigned NOT NULL DEFAULT '0',
  `recipient_name` varchar(255) NOT NULL DEFAULT '',
  `log_time` int(10) NOT NULL DEFAULT '0',
  `id_notice` mediumint(8) unsigned NOT NULL DEFAULT '0',
  `counter` tinyint(3) NOT NULL DEFAULT '0',
  `body` text NOT NULL,
  PRIMARY KEY (`id_comment`),
  KEY `id_recipient` (`id_recipient`),
  KEY `log_time` (`log_time`),
  KEY `comment_type` (`comment_type`)
) ENGINE=InnoDB DEFAULT CHARSET=utf8;
/*!40101 SET character_set_client = @saved_cs_client */;

--
-- Dumping data for table `smf_log_comments`
--

LOCK TABLES `smf_log_comments` WRITE;
/*!40000 ALTER TABLE `smf_log_comments` DISABLE KEYS */;
/*!40000 ALTER TABLE `smf_log_comments` ENABLE KEYS */;
UNLOCK TABLES;

--
-- Table structure for table `smf_log_digest`
--

DROP TABLE IF EXISTS `smf_log_digest`;
/*!40101 SET @saved_cs_client     = @@character_set_client */;
/*!40101 SET character_set_client = utf8 */;
CREATE TABLE `smf_log_digest` (
  `id_topic` mediumint(8) unsigned NOT NULL,
  `id_msg` int(10) unsigned NOT NULL,
  `note_type` varchar(10) NOT NULL DEFAULT 'post',
  `daily` tinyint(3) unsigned NOT NULL DEFAULT '0',
  `exclude` mediumint(8) unsigned NOT NULL DEFAULT '0'
) ENGINE=InnoDB DEFAULT CHARSET=utf8;
/*!40101 SET character_set_client = @saved_cs_client */;

--
-- Dumping data for table `smf_log_digest`
--

LOCK TABLES `smf_log_digest` WRITE;
/*!40000 ALTER TABLE `smf_log_digest` DISABLE KEYS */;
INSERT INTO `smf_log_digest` VALUES (12,30,'reply',0,2),(12,31,'reply',0,2),(22,32,'reply',0,2),(22,33,'reply',0,1),(23,34,'topic',0,1),(12,35,'reply',0,2),(24,36,'topic',0,2),(25,37,'topic',0,2),(26,38,'topic',0,2),(27,39,'topic',0,2),(12,40,'reply',0,2),(28,41,'topic',0,2),(29,42,'topic',0,2),(12,43,'reply',0,2),(30,44,'topic',0,2),(12,45,'reply',0,2),(31,46,'topic',0,2),(32,47,'topic',0,2),(33,48,'topic',0,2),(34,49,'topic',0,2),(35,50,'topic',0,2),(36,51,'topic',0,2),(12,52,'reply',0,2),(37,53,'topic',0,2),(38,54,'topic',0,2),(12,55,'reply',0,2),(21,56,'reply',0,7),(12,56,'reply',0,2),(12,57,'reply',0,2),(12,58,'reply',0,2),(39,59,'topic',0,2),(40,60,'topic',0,2),(12,61,'reply',0,2),(21,62,'reply',0,2),(21,63,'reply',0,2),(21,64,'reply',0,2),(41,65,'topic',0,2),(42,66,'topic',0,2),(42,67,'reply',0,2),(42,68,'reply',0,2),(42,69,'reply',0,2),(43,70,'topic',0,2),(12,71,'reply',0,2),(12,72,'reply',0,2),(44,73,'topic',0,2),(44,74,'reply',0,2),(12,75,'reply',0,2),(42,76,'reply',0,2),(45,77,'topic',0,2),(46,78,'topic',0,2),(47,79,'topic',0,2),(48,80,'topic',0,2),(12,81,'reply',0,2),(49,82,'topic',0,2),(51,84,'topic',0,2),(12,85,'reply',0,2),(12,86,'reply',0,2),(52,87,'topic',0,2),(52,87,'move',0,2),(53,88,'topic',0,2),(12,89,'reply',0,2);
/*!40000 ALTER TABLE `smf_log_digest` ENABLE KEYS */;
UNLOCK TABLES;

--
-- Table structure for table `smf_log_errors`
--

DROP TABLE IF EXISTS `smf_log_errors`;
/*!40101 SET @saved_cs_client     = @@character_set_client */;
/*!40101 SET character_set_client = utf8 */;
CREATE TABLE `smf_log_errors` (
  `id_error` mediumint(8) unsigned NOT NULL AUTO_INCREMENT,
  `log_time` int(10) unsigned NOT NULL DEFAULT '0',
  `id_member` mediumint(8) unsigned NOT NULL DEFAULT '0',
  `ip` char(16) NOT NULL DEFAULT '',
  `url` text NOT NULL,
  `message` text NOT NULL,
  `session` char(64) NOT NULL DEFAULT '',
  `error_type` char(15) NOT NULL DEFAULT 'general',
  `file` varchar(255) NOT NULL DEFAULT '',
  `line` mediumint(8) unsigned NOT NULL DEFAULT '0',
  PRIMARY KEY (`id_error`),
  KEY `log_time` (`log_time`),
  KEY `id_member` (`id_member`),
  KEY `ip` (`ip`)
) ENGINE=InnoDB DEFAULT CHARSET=utf8;
/*!40101 SET character_set_client = @saved_cs_client */;

--
-- Dumping data for table `smf_log_errors`
--

LOCK TABLES `smf_log_errors` WRITE;
/*!40000 ALTER TABLE `smf_log_errors` DISABLE KEYS */;
/*!40000 ALTER TABLE `smf_log_errors` ENABLE KEYS */;
UNLOCK TABLES;

--
-- Table structure for table `smf_log_floodcontrol`
--

DROP TABLE IF EXISTS `smf_log_floodcontrol`;
/*!40101 SET @saved_cs_client     = @@character_set_client */;
/*!40101 SET character_set_client = utf8 */;
CREATE TABLE `smf_log_floodcontrol` (
  `ip` char(16) NOT NULL DEFAULT '',
  `log_time` int(10) unsigned NOT NULL DEFAULT '0',
  `log_type` varchar(8) NOT NULL DEFAULT 'post',
  PRIMARY KEY (`ip`,`log_type`)
) ENGINE=MEMORY DEFAULT CHARSET=utf8;
/*!40101 SET character_set_client = @saved_cs_client */;

--
-- Dumping data for table `smf_log_floodcontrol`
--

LOCK TABLES `smf_log_floodcontrol` WRITE;
/*!40000 ALTER TABLE `smf_log_floodcontrol` DISABLE KEYS */;
INSERT INTO `smf_log_floodcontrol` VALUES ('85.27.74.173',1441349156,'login'),('85.27.74.173',1441354386,'post'),('85.26.2.106',1441115557,'remind');
/*!40000 ALTER TABLE `smf_log_floodcontrol` ENABLE KEYS */;
UNLOCK TABLES;

--
-- Table structure for table `smf_log_group_requests`
--

DROP TABLE IF EXISTS `smf_log_group_requests`;
/*!40101 SET @saved_cs_client     = @@character_set_client */;
/*!40101 SET character_set_client = utf8 */;
CREATE TABLE `smf_log_group_requests` (
  `id_request` mediumint(8) unsigned NOT NULL AUTO_INCREMENT,
  `id_member` mediumint(8) unsigned NOT NULL DEFAULT '0',
  `id_group` smallint(5) unsigned NOT NULL DEFAULT '0',
  `time_applied` int(10) unsigned NOT NULL DEFAULT '0',
  `reason` text NOT NULL,
  `status` tinyint(3) unsigned NOT NULL DEFAULT '0',
  `id_member_acted` mediumint(8) unsigned NOT NULL DEFAULT '0',
  `member_name_acted` varchar(255) NOT NULL DEFAULT '',
  `time_acted` int(10) unsigned NOT NULL DEFAULT '0',
  `act_reason` text NOT NULL,
  PRIMARY KEY (`id_request`),
  KEY `id_member` (`id_member`,`id_group`)
) ENGINE=InnoDB DEFAULT CHARSET=utf8;
/*!40101 SET character_set_client = @saved_cs_client */;

--
-- Dumping data for table `smf_log_group_requests`
--

LOCK TABLES `smf_log_group_requests` WRITE;
/*!40000 ALTER TABLE `smf_log_group_requests` DISABLE KEYS */;
/*!40000 ALTER TABLE `smf_log_group_requests` ENABLE KEYS */;
UNLOCK TABLES;

--
-- Table structure for table `smf_log_mark_read`
--

DROP TABLE IF EXISTS `smf_log_mark_read`;
/*!40101 SET @saved_cs_client     = @@character_set_client */;
/*!40101 SET character_set_client = utf8 */;
CREATE TABLE `smf_log_mark_read` (
  `id_member` mediumint(8) unsigned NOT NULL DEFAULT '0',
  `id_board` smallint(5) unsigned NOT NULL DEFAULT '0',
  `id_msg` int(10) unsigned NOT NULL DEFAULT '0',
  PRIMARY KEY (`id_member`,`id_board`)
) ENGINE=InnoDB DEFAULT CHARSET=utf8;
/*!40101 SET character_set_client = @saved_cs_client */;

--
-- Dumping data for table `smf_log_mark_read`
--

LOCK TABLES `smf_log_mark_read` WRITE;
/*!40000 ALTER TABLE `smf_log_mark_read` DISABLE KEYS */;
INSERT INTO `smf_log_mark_read` VALUES (1,19,85),(2,1,6),(2,2,6),(2,3,6),(2,4,6),(2,5,6),(4,21,83);
/*!40000 ALTER TABLE `smf_log_mark_read` ENABLE KEYS */;
UNLOCK TABLES;

--
-- Table structure for table `smf_log_member_notices`
--

DROP TABLE IF EXISTS `smf_log_member_notices`;
/*!40101 SET @saved_cs_client     = @@character_set_client */;
/*!40101 SET character_set_client = utf8 */;
CREATE TABLE `smf_log_member_notices` (
  `id_notice` mediumint(8) unsigned NOT NULL AUTO_INCREMENT,
  `subject` varchar(255) NOT NULL DEFAULT '',
  `body` text NOT NULL,
  PRIMARY KEY (`id_notice`)
) ENGINE=InnoDB DEFAULT CHARSET=utf8;
/*!40101 SET character_set_client = @saved_cs_client */;

--
-- Dumping data for table `smf_log_member_notices`
--

LOCK TABLES `smf_log_member_notices` WRITE;
/*!40000 ALTER TABLE `smf_log_member_notices` DISABLE KEYS */;
/*!40000 ALTER TABLE `smf_log_member_notices` ENABLE KEYS */;
UNLOCK TABLES;

--
-- Table structure for table `smf_log_notify`
--

DROP TABLE IF EXISTS `smf_log_notify`;
/*!40101 SET @saved_cs_client     = @@character_set_client */;
/*!40101 SET character_set_client = utf8 */;
CREATE TABLE `smf_log_notify` (
  `id_member` mediumint(8) unsigned NOT NULL DEFAULT '0',
  `id_topic` mediumint(8) unsigned NOT NULL DEFAULT '0',
  `id_board` smallint(5) unsigned NOT NULL DEFAULT '0',
  `sent` tinyint(1) unsigned NOT NULL DEFAULT '0',
  PRIMARY KEY (`id_member`,`id_topic`,`id_board`),
  KEY `id_topic` (`id_topic`,`id_member`)
) ENGINE=InnoDB DEFAULT CHARSET=utf8;
/*!40101 SET character_set_client = @saved_cs_client */;

--
-- Dumping data for table `smf_log_notify`
--

LOCK TABLES `smf_log_notify` WRITE;
/*!40000 ALTER TABLE `smf_log_notify` DISABLE KEYS */;
INSERT INTO `smf_log_notify` VALUES (1,0,13,1),(1,12,0,1),(1,20,0,0),(1,22,0,0),(1,23,0,0),(2,6,0,0),(2,12,0,0),(2,20,0,0),(2,21,0,0),(2,22,0,0),(2,24,0,0),(2,31,0,0),(2,32,0,0),(2,33,0,0),(2,34,0,0),(2,35,0,0),(2,36,0,0),(2,37,0,0),(2,38,0,0),(2,39,0,0),(2,40,0,0),(2,42,0,0),(2,43,0,0),(2,44,0,0),(2,45,0,0),(2,46,0,0),(2,47,0,0),(2,48,0,0),(2,49,0,0),(2,51,0,0),(2,52,0,0),(2,53,0,0),(7,21,0,1);
/*!40000 ALTER TABLE `smf_log_notify` ENABLE KEYS */;
UNLOCK TABLES;

--
-- Table structure for table `smf_log_online`
--

DROP TABLE IF EXISTS `smf_log_online`;
/*!40101 SET @saved_cs_client     = @@character_set_client */;
/*!40101 SET character_set_client = utf8 */;
CREATE TABLE `smf_log_online` (
  `session` varchar(64) NOT NULL DEFAULT '',
  `log_time` int(10) NOT NULL DEFAULT '0',
  `id_member` mediumint(8) unsigned NOT NULL DEFAULT '0',
  `id_spider` smallint(5) unsigned NOT NULL DEFAULT '0',
  `ip` int(10) unsigned NOT NULL DEFAULT '0',
  `url` varchar(1024) NOT NULL,
  PRIMARY KEY (`session`),
  KEY `log_time` (`log_time`),
  KEY `id_member` (`id_member`)
) ENGINE=MEMORY DEFAULT CHARSET=utf8;
/*!40101 SET character_set_client = @saved_cs_client */;

--
-- Dumping data for table `smf_log_online`
--

LOCK TABLES `smf_log_online` WRITE;
/*!40000 ALTER TABLE `smf_log_online` DISABLE KEYS */;
INSERT INTO `smf_log_online` VALUES ('ip188.165.15.196',1441356701,0,0,3164934084,'a:3:{s:5:\"topic\";i:42;s:5:\"board\";i:12;s:10:\"USER_AGENT\";s:66:\"Mozilla/5.0 (compatible; AhrefsBot/5.0; +http://ahrefs.com/robot/)\";}');
/*!40000 ALTER TABLE `smf_log_online` ENABLE KEYS */;
UNLOCK TABLES;

--
-- Table structure for table `smf_log_packages`
--

DROP TABLE IF EXISTS `smf_log_packages`;
/*!40101 SET @saved_cs_client     = @@character_set_client */;
/*!40101 SET character_set_client = utf8 */;
CREATE TABLE `smf_log_packages` (
  `id_install` int(10) NOT NULL AUTO_INCREMENT,
  `filename` varchar(255) NOT NULL DEFAULT '',
  `package_id` varchar(255) NOT NULL DEFAULT '',
  `name` varchar(255) NOT NULL DEFAULT '',
  `version` varchar(255) NOT NULL DEFAULT '',
  `id_member_installed` mediumint(8) NOT NULL DEFAULT '0',
  `member_installed` varchar(255) NOT NULL DEFAULT '',
  `time_installed` int(10) NOT NULL DEFAULT '0',
  `id_member_removed` mediumint(8) NOT NULL DEFAULT '0',
  `member_removed` varchar(255) NOT NULL DEFAULT '',
  `time_removed` int(10) NOT NULL DEFAULT '0',
  `install_state` tinyint(3) NOT NULL DEFAULT '1',
  `failed_steps` text NOT NULL,
  `themes_installed` varchar(255) NOT NULL DEFAULT '',
  `db_changes` text NOT NULL,
  `credits` varchar(255) NOT NULL DEFAULT '',
  PRIMARY KEY (`id_install`),
  KEY `filename` (`filename`(15))
) ENGINE=InnoDB DEFAULT CHARSET=utf8;
/*!40101 SET character_set_client = @saved_cs_client */;

--
-- Dumping data for table `smf_log_packages`
--

LOCK TABLES `smf_log_packages` WRITE;
/*!40000 ALTER TABLE `smf_log_packages` DISABLE KEYS */;
/*!40000 ALTER TABLE `smf_log_packages` ENABLE KEYS */;
UNLOCK TABLES;

--
-- Table structure for table `smf_log_polls`
--

DROP TABLE IF EXISTS `smf_log_polls`;
/*!40101 SET @saved_cs_client     = @@character_set_client */;
/*!40101 SET character_set_client = utf8 */;
CREATE TABLE `smf_log_polls` (
  `id_poll` mediumint(8) unsigned NOT NULL DEFAULT '0',
  `id_member` mediumint(8) unsigned NOT NULL DEFAULT '0',
  `id_choice` tinyint(3) unsigned NOT NULL DEFAULT '0',
  KEY `id_poll` (`id_poll`,`id_member`,`id_choice`)
) ENGINE=InnoDB DEFAULT CHARSET=utf8;
/*!40101 SET character_set_client = @saved_cs_client */;

--
-- Dumping data for table `smf_log_polls`
--

LOCK TABLES `smf_log_polls` WRITE;
/*!40000 ALTER TABLE `smf_log_polls` DISABLE KEYS */;
/*!40000 ALTER TABLE `smf_log_polls` ENABLE KEYS */;
UNLOCK TABLES;

--
-- Table structure for table `smf_log_reported`
--

DROP TABLE IF EXISTS `smf_log_reported`;
/*!40101 SET @saved_cs_client     = @@character_set_client */;
/*!40101 SET character_set_client = utf8 */;
CREATE TABLE `smf_log_reported` (
  `id_report` mediumint(8) unsigned NOT NULL AUTO_INCREMENT,
  `id_msg` int(10) unsigned NOT NULL DEFAULT '0',
  `id_topic` mediumint(8) unsigned NOT NULL DEFAULT '0',
  `id_board` smallint(5) unsigned NOT NULL DEFAULT '0',
  `id_member` mediumint(8) unsigned NOT NULL DEFAULT '0',
  `membername` varchar(255) NOT NULL DEFAULT '',
  `subject` varchar(255) NOT NULL DEFAULT '',
  `body` mediumtext NOT NULL,
  `time_started` int(10) NOT NULL DEFAULT '0',
  `time_updated` int(10) NOT NULL DEFAULT '0',
  `num_reports` mediumint(6) NOT NULL DEFAULT '0',
  `closed` tinyint(3) NOT NULL DEFAULT '0',
  `ignore_all` tinyint(3) NOT NULL DEFAULT '0',
  PRIMARY KEY (`id_report`),
  KEY `id_member` (`id_member`),
  KEY `id_topic` (`id_topic`),
  KEY `closed` (`closed`),
  KEY `time_started` (`time_started`),
  KEY `id_msg` (`id_msg`)
) ENGINE=InnoDB DEFAULT CHARSET=utf8;
/*!40101 SET character_set_client = @saved_cs_client */;

--
-- Dumping data for table `smf_log_reported`
--

LOCK TABLES `smf_log_reported` WRITE;
/*!40000 ALTER TABLE `smf_log_reported` DISABLE KEYS */;
/*!40000 ALTER TABLE `smf_log_reported` ENABLE KEYS */;
UNLOCK TABLES;

--
-- Table structure for table `smf_log_reported_comments`
--

DROP TABLE IF EXISTS `smf_log_reported_comments`;
/*!40101 SET @saved_cs_client     = @@character_set_client */;
/*!40101 SET character_set_client = utf8 */;
CREATE TABLE `smf_log_reported_comments` (
  `id_comment` mediumint(8) unsigned NOT NULL AUTO_INCREMENT,
  `id_report` mediumint(8) NOT NULL DEFAULT '0',
  `id_member` mediumint(8) NOT NULL,
  `membername` varchar(255) NOT NULL DEFAULT '',
  `member_ip` varchar(255) NOT NULL DEFAULT '',
  `comment` varchar(255) NOT NULL DEFAULT '',
  `time_sent` int(10) NOT NULL,
  PRIMARY KEY (`id_comment`),
  KEY `id_report` (`id_report`),
  KEY `id_member` (`id_member`),
  KEY `time_sent` (`time_sent`)
) ENGINE=InnoDB DEFAULT CHARSET=utf8;
/*!40101 SET character_set_client = @saved_cs_client */;

--
-- Dumping data for table `smf_log_reported_comments`
--

LOCK TABLES `smf_log_reported_comments` WRITE;
/*!40000 ALTER TABLE `smf_log_reported_comments` DISABLE KEYS */;
/*!40000 ALTER TABLE `smf_log_reported_comments` ENABLE KEYS */;
UNLOCK TABLES;

--
-- Table structure for table `smf_log_scheduled_tasks`
--

DROP TABLE IF EXISTS `smf_log_scheduled_tasks`;
/*!40101 SET @saved_cs_client     = @@character_set_client */;
/*!40101 SET character_set_client = utf8 */;
CREATE TABLE `smf_log_scheduled_tasks` (
  `id_log` mediumint(8) NOT NULL AUTO_INCREMENT,
  `id_task` smallint(5) NOT NULL DEFAULT '0',
  `time_run` int(10) NOT NULL DEFAULT '0',
  `time_taken` float NOT NULL DEFAULT '0',
  PRIMARY KEY (`id_log`)
) ENGINE=InnoDB AUTO_INCREMENT=265 DEFAULT CHARSET=utf8;
/*!40101 SET character_set_client = @saved_cs_client */;

--
-- Dumping data for table `smf_log_scheduled_tasks`
--

LOCK TABLES `smf_log_scheduled_tasks` WRITE;
/*!40000 ALTER TABLE `smf_log_scheduled_tasks` DISABLE KEYS */;
INSERT INTO `smf_log_scheduled_tasks` VALUES (1,3,1439636152,0),(2,5,1439636159,0),(3,6,1439636171,0),(4,7,1439636205,1),(5,9,1439636209,0),(6,11,1439636220,0),(7,12,1439636550,0),(8,13,1439637663,0),(9,1,1439640076,0),(10,1,1439650801,0),(11,1,1439658007,0),(12,1,1439668758,0),(13,1,1439672669,0),(14,1,1439721944,0),(15,5,1439721969,0),(16,3,1439721973,0),(17,11,1439721979,0),(18,12,1439721982,0),(19,13,1439721986,0),(20,1,1439732678,0),(21,1,1439740730,0),(22,1,1439748760,0),(23,1,1439760484,0),(24,7,1439797520,1),(25,1,1439797538,0),(26,5,1439797616,0),(27,3,1439797620,0),(28,11,1439797742,0),(29,12,1439797794,0),(30,13,1439797841,0),(31,1,1439807170,0),(32,1,1439816426,0),(33,1,1439824839,0),(34,1,1439839020,0),(35,1,1439847333,0),(36,7,1439848269,1),(37,1,1439853574,0),(38,5,1439853578,0),(39,3,1439853581,0),(40,11,1439853586,0),(41,12,1439853591,0),(42,13,1439853592,0),(43,1,1439876983,0),(44,1,1439882950,0),(45,1,1439888481,0),(46,1,1439897273,0),(47,1,1439902842,0),(48,1,1439910082,0),(49,1,1439917743,0),(50,1,1439934739,0),(51,7,1439935672,1),(52,1,1439967221,0),(53,5,1439972839,0),(54,3,1439972843,0),(55,11,1439972864,0),(56,12,1439972866,0),(57,13,1439972872,0),(58,1,1439986170,0),(59,1,1439996630,0),(60,1,1440003736,0),(61,1,1440016954,0),(62,7,1440023107,2),(63,1,1440051553,0),(64,5,1440051571,0),(65,3,1440051588,0),(66,11,1440051592,0),(67,12,1440051607,0),(68,13,1440051613,0),(69,1,1440061229,0),(70,1,1440074517,0),(71,1,1440084489,0),(72,1,1440094316,0),(73,1,1440104406,0),(74,7,1440105679,1),(75,1,1440111798,0),(76,5,1440112085,0),(77,3,1440112089,0),(78,11,1440112094,0),(79,12,1440112103,0),(80,13,1440112114,0),(81,1,1440118807,0),(82,1,1440143983,0),(83,1,1440150336,0),(84,1,1440156011,0),(85,1,1440164454,0),(86,1,1440170330,0),(87,1,1440222946,0),(88,7,1440222957,1),(89,5,1440228576,0),(90,3,1440228578,0),(91,11,1440228630,0),(92,12,1440228635,0),(93,13,1440228639,0),(94,6,1440228645,0),(95,9,1440228649,0),(96,1,1440228660,0),(97,1,1440235983,0),(98,1,1440241863,0),(99,1,1440248681,0),(100,1,1440257008,0),(101,1,1440263211,0),(102,1,1440274407,0),(103,7,1440278964,1),(104,1,1440305609,0),(105,5,1440308288,0),(106,3,1440308292,0),(107,11,1440308294,0),(108,12,1440308305,0),(109,13,1440308308,0),(110,1,1440313753,0),(111,1,1440320603,0),(112,1,1440327604,0),(113,1,1440336649,0),(114,1,1440342872,4),(115,1,1440349564,1),(116,1,1440357303,0),(117,1,1440387446,0),(118,7,1440399687,1),(119,5,1440399743,0),(120,3,1440399746,0),(121,11,1440399751,0),(122,12,1440399759,0),(123,13,1440399762,0),(124,1,1440399773,0),(125,1,1440411642,0),(126,1,1440428547,0),(127,1,1440435915,0),(128,1,1440445332,0),(129,1,1440480224,0),(130,7,1440490117,2),(131,3,1440490122,0),(132,11,1440490124,0),(133,12,1440494585,0),(134,13,1440494591,0),(135,1,1440494594,0),(136,1,1440501494,0),(137,1,1440507861,0),(138,1,1440520916,0),(139,1,1440535826,0),(140,7,1440539840,2),(141,1,1440543689,0),(142,5,1440543697,0),(143,3,1440543700,0),(144,11,1440543734,0),(145,12,1440544047,0),(146,13,1440546865,0),(147,1,1440572140,0),(148,1,1440580333,0),(149,1,1440587382,0),(150,1,1440594989,0),(151,1,1440602695,0),(152,1,1440611476,0),(153,1,1440616708,0),(154,1,1440626140,0),(155,7,1440630688,2),(156,1,1440635234,0),(157,5,1440639782,0),(158,3,1440644327,0),(159,11,1440648873,0),(160,12,1440653421,1),(161,13,1440659493,0),(162,1,1440660143,0),(163,1,1440666599,0),(164,1,1440673222,0),(165,1,1440680588,0),(166,1,1440689075,0),(167,1,1440697150,0),(168,1,1440712234,0),(169,7,1440748128,7),(170,1,1440750737,0),(171,5,1440750745,0),(172,3,1440750763,0),(173,11,1440750765,0),(174,12,1440750779,0),(175,13,1440770046,0),(176,1,1440770056,0),(177,1,1440806768,0),(178,7,1440806846,1),(179,5,1440806849,1),(180,6,1440837867,0),(181,9,1440838108,0),(182,3,1440838112,0),(183,11,1440838114,0),(184,12,1440838120,0),(185,1,1440843623,0),(186,1,1440854685,0),(187,1,1440874543,0),(188,1,1440893788,0),(189,7,1440897119,1),(190,5,1440904337,0),(191,3,1440925725,0),(192,11,1440925751,0),(193,12,1440925754,0),(194,13,1440925756,0),(195,1,1440925779,0),(196,1,1440933890,0),(197,1,1440944798,1),(198,1,1440965376,0),(199,7,1440975655,1),(200,1,1440975685,0),(201,5,1440975689,0),(202,3,1440975691,0),(203,11,1440979048,0),(204,12,1440979049,0),(205,13,1440984402,0),(206,1,1440984416,0),(207,1,1440991448,0),(208,1,1440998437,0),(209,1,1441011674,0),(210,1,1441018829,0),(211,1,1441027461,0),(212,1,1441034682,0),(213,1,1441040918,0),(214,1,1441052173,1),(215,7,1441059150,2),(216,1,1441064982,1),(217,5,1441064988,0),(218,3,1441064994,0),(219,11,1441064999,0),(220,12,1441065004,0),(221,13,1441065009,0),(222,1,1441070282,1),(223,1,1441076418,0),(224,1,1441093477,0),(225,1,1441102293,0),(226,1,1441115246,0),(227,1,1441125360,0),(228,1,1441134032,0),(229,1,1441147915,0),(230,7,1441154390,1),(231,5,1441154393,0),(232,3,1441158597,0),(233,11,1441158606,0),(234,12,1441158614,0),(235,13,1441158623,0),(236,1,1441172541,0),(237,1,1441177986,0),(238,1,1441186063,0),(239,1,1441195267,0),(240,1,1441208400,0),(241,1,1441231674,0),(242,7,1441231686,1),(243,5,1441237096,0),(244,3,1441237101,0),(245,11,1441237106,0),(246,12,1441237111,0),(247,13,1441237116,0),(248,1,1441243043,0),(249,1,1441251862,0),(250,1,1441260507,0),(251,1,1441280711,0),(252,1,1441293044,0),(253,1,1441299641,0),(254,1,1441309299,0),(255,1,1441325273,0),(256,7,1441325316,1),(257,5,1441325320,0),(258,3,1441325329,0),(259,11,1441325342,0),(260,12,1441325381,0),(261,13,1441331242,1),(262,1,1441336113,0),(263,1,1441343479,0),(264,1,1441354214,2);
/*!40000 ALTER TABLE `smf_log_scheduled_tasks` ENABLE KEYS */;
UNLOCK TABLES;

--
-- Table structure for table `smf_log_search_messages`
--

DROP TABLE IF EXISTS `smf_log_search_messages`;
/*!40101 SET @saved_cs_client     = @@character_set_client */;
/*!40101 SET character_set_client = utf8 */;
CREATE TABLE `smf_log_search_messages` (
  `id_search` tinyint(3) unsigned NOT NULL DEFAULT '0',
  `id_msg` int(10) unsigned NOT NULL DEFAULT '0',
  PRIMARY KEY (`id_search`,`id_msg`)
) ENGINE=InnoDB DEFAULT CHARSET=utf8;
/*!40101 SET character_set_client = @saved_cs_client */;

--
-- Dumping data for table `smf_log_search_messages`
--

LOCK TABLES `smf_log_search_messages` WRITE;
/*!40000 ALTER TABLE `smf_log_search_messages` DISABLE KEYS */;
/*!40000 ALTER TABLE `smf_log_search_messages` ENABLE KEYS */;
UNLOCK TABLES;

--
-- Table structure for table `smf_log_search_results`
--

DROP TABLE IF EXISTS `smf_log_search_results`;
/*!40101 SET @saved_cs_client     = @@character_set_client */;
/*!40101 SET character_set_client = utf8 */;
CREATE TABLE `smf_log_search_results` (
  `id_search` tinyint(3) unsigned NOT NULL DEFAULT '0',
  `id_topic` mediumint(8) unsigned NOT NULL DEFAULT '0',
  `id_msg` int(10) unsigned NOT NULL DEFAULT '0',
  `relevance` smallint(5) unsigned NOT NULL DEFAULT '0',
  `num_matches` smallint(5) unsigned NOT NULL DEFAULT '0',
  PRIMARY KEY (`id_search`,`id_topic`)
) ENGINE=InnoDB DEFAULT CHARSET=utf8;
/*!40101 SET character_set_client = @saved_cs_client */;

--
-- Dumping data for table `smf_log_search_results`
--

LOCK TABLES `smf_log_search_results` WRITE;
/*!40000 ALTER TABLE `smf_log_search_results` DISABLE KEYS */;
INSERT INTO `smf_log_search_results` VALUES (1,22,29,571,1),(2,8,8,550,1),(3,6,6,550,1);
/*!40000 ALTER TABLE `smf_log_search_results` ENABLE KEYS */;
UNLOCK TABLES;

--
-- Table structure for table `smf_log_search_subjects`
--

DROP TABLE IF EXISTS `smf_log_search_subjects`;
/*!40101 SET @saved_cs_client     = @@character_set_client */;
/*!40101 SET character_set_client = utf8 */;
CREATE TABLE `smf_log_search_subjects` (
  `word` varchar(20) NOT NULL DEFAULT '',
  `id_topic` mediumint(8) unsigned NOT NULL DEFAULT '0',
  PRIMARY KEY (`word`,`id_topic`),
  KEY `id_topic` (`id_topic`)
) ENGINE=InnoDB DEFAULT CHARSET=utf8;
/*!40101 SET character_set_client = @saved_cs_client */;

--
-- Dumping data for table `smf_log_search_subjects`
--

LOCK TABLES `smf_log_search_subjects` WRITE;
/*!40000 ALTER TABLE `smf_log_search_subjects` DISABLE KEYS */;
INSERT INTO `smf_log_search_subjects` VALUES ('charte',5),('conditions',6),('gnrales',6),('cartomancie',7),('de',7),('et',7),('goffinet',7),('jeanine',7),('marco',7),('mary',7),('mthode',7),('par',7),('du',8),('explication',8),('forum',8),('le',9),('lenormand',9),('petit',9),('',10),('introduction',10),('la',10),('parapsychologie',10),('de',11),('jeu',11),('le',11),('tarot',11),('phrase',12),('positive',12),('esotrique',13),('clairvoyance',14),('de',15),('la',15),('les',15),('secrets',15),('tarologie',15),('autre',16),('objet',16),('ou',16),('pendule',16),('tout',16),('cristaux',17),('des',17),('et',17),('le',17),('pierres',17),('pouvoir',17),('l\'nergie',18),('le',18),('par',18),('reiki',18),('alexandra',20),('forum',21),('le',21),('pauline',22),('du',23),('manuel',23),('mod',23),('news',23),('gouvernent',24),('les',24),('matres',24),('nous',24),('qui',24),('de',31),('et',31),('feu',31),('les',31),('leur',31),('professions',31),('signes',31),('de',32),('et',32),('les',32),('leur',32),('professions',32),('signes',32),('terre',32),('d\'air',33),('et',33),('les',33),('leur',33),('proffessions',33),('signes',33),('d\'eau',34),('et',34),('les',34),('leur',34),('professions',34),('signes',34),('blier',35),('taureau',36),('active',37),('au',37),('forum',37),('participation',37),('gmeaux',38),('cancer',39),('lion',40),('images',42),('vierge',43),('dtente',44),('balance',45),('scorpion',46),('sagittaire',47),('capricorne',48),('verseau',49),('poissons',51),('l\'astrologie',52),('par',52),('transformez',52),('vie',52),('votre',52),('d\'astrologie',53),('manuelpratique',53);
/*!40000 ALTER TABLE `smf_log_search_subjects` ENABLE KEYS */;
UNLOCK TABLES;

--
-- Table structure for table `smf_log_search_topics`
--

DROP TABLE IF EXISTS `smf_log_search_topics`;
/*!40101 SET @saved_cs_client     = @@character_set_client */;
/*!40101 SET character_set_client = utf8 */;
CREATE TABLE `smf_log_search_topics` (
  `id_search` tinyint(3) unsigned NOT NULL DEFAULT '0',
  `id_topic` mediumint(8) unsigned NOT NULL DEFAULT '0',
  PRIMARY KEY (`id_search`,`id_topic`)
) ENGINE=InnoDB DEFAULT CHARSET=utf8;
/*!40101 SET character_set_client = @saved_cs_client */;

--
-- Dumping data for table `smf_log_search_topics`
--

LOCK TABLES `smf_log_search_topics` WRITE;
/*!40000 ALTER TABLE `smf_log_search_topics` DISABLE KEYS */;
/*!40000 ALTER TABLE `smf_log_search_topics` ENABLE KEYS */;
UNLOCK TABLES;

--
-- Table structure for table `smf_log_spider_hits`
--

DROP TABLE IF EXISTS `smf_log_spider_hits`;
/*!40101 SET @saved_cs_client     = @@character_set_client */;
/*!40101 SET character_set_client = utf8 */;
CREATE TABLE `smf_log_spider_hits` (
  `id_hit` int(10) unsigned NOT NULL AUTO_INCREMENT,
  `id_spider` smallint(5) unsigned NOT NULL DEFAULT '0',
  `log_time` int(10) unsigned NOT NULL DEFAULT '0',
  `url` varchar(1024) NOT NULL DEFAULT '',
  `processed` tinyint(3) NOT NULL DEFAULT '0',
  PRIMARY KEY (`id_hit`),
  KEY `id_spider` (`id_spider`),
  KEY `log_time` (`log_time`),
  KEY `processed` (`processed`)
) ENGINE=InnoDB AUTO_INCREMENT=318 DEFAULT CHARSET=utf8;
/*!40101 SET character_set_client = @saved_cs_client */;

--
-- Dumping data for table `smf_log_spider_hits`
--

LOCK TABLES `smf_log_spider_hits` WRITE;
/*!40000 ALTER TABLE `smf_log_spider_hits` DISABLE KEYS */;
INSERT INTO `smf_log_spider_hits` VALUES (4,1,1440501494,'a:2:{s:5:\"board\";i:14;s:10:\"USER_AGENT\";s:72:\"Mozilla/5.0 (compatible; Googlebot/2.1; +http://www.google.com/bot.html)\";}',1),(5,1,1440501686,'a:2:{s:5:\"board\";i:7;s:10:\"USER_AGENT\";s:72:\"Mozilla/5.0 (compatible; Googlebot/2.1; +http://www.google.com/bot.html)\";}',1),(6,1,1440513186,'a:3:{s:5:\"topic\";i:20;s:5:\"board\";i:14;s:10:\"USER_AGENT\";s:72:\"Mozilla/5.0 (compatible; Googlebot/2.1; +http://www.google.com/bot.html)\";}',1),(7,1,1440513748,'a:2:{s:6:\"action\";s:4:\"help\";s:10:\"USER_AGENT\";s:72:\"Mozilla/5.0 (compatible; Googlebot/2.1; +http://www.google.com/bot.html)\";}',1),(8,1,1440513759,'a:2:{s:6:\"action\";s:5:\"login\";s:10:\"USER_AGENT\";s:72:\"Mozilla/5.0 (compatible; Googlebot/2.1; +http://www.google.com/bot.html)\";}',1),(9,1,1440513779,'a:2:{s:6:\"action\";s:6:\"search\";s:10:\"USER_AGENT\";s:72:\"Mozilla/5.0 (compatible; Googlebot/2.1; +http://www.google.com/bot.html)\";}',1),(10,1,1440513792,'a:2:{s:6:\"action\";s:6:\"signup\";s:10:\"USER_AGENT\";s:72:\"Mozilla/5.0 (compatible; Googlebot/2.1; +http://www.google.com/bot.html)\";}',1),(11,1,1440513803,'a:2:{s:6:\"action\";s:7:\"credits\";s:10:\"USER_AGENT\";s:72:\"Mozilla/5.0 (compatible; Googlebot/2.1; +http://www.google.com/bot.html)\";}',1),(12,1,1440513815,'a:2:{s:8:\"language\";s:7:\"english\";s:10:\"USER_AGENT\";s:72:\"Mozilla/5.0 (compatible; Googlebot/2.1; +http://www.google.com/bot.html)\";}',1),(13,1,1440513826,'a:2:{s:8:\"language\";s:11:\"french-utf8\";s:10:\"USER_AGENT\";s:72:\"Mozilla/5.0 (compatible; Googlebot/2.1; +http://www.google.com/bot.html)\";}',1),(14,1,1440513838,'a:3:{s:6:\"action\";s:7:\"profile\";s:1:\"u\";s:1:\"2\";s:10:\"USER_AGENT\";s:72:\"Mozilla/5.0 (compatible; Googlebot/2.1; +http://www.google.com/bot.html)\";}',1),(15,1,1440513839,'a:4:{s:6:\"action\";s:7:\"profile\";s:1:\"u\";s:1:\"2\";s:5:\"error\";s:11:\"guest_login\";s:10:\"USER_AGENT\";s:72:\"Mozilla/5.0 (compatible; Googlebot/2.1; +http://www.google.com/bot.html)\";}',1),(16,1,1440513851,'a:3:{s:6:\"action\";s:4:\"help\";s:2:\"sa\";s:5:\"rules\";s:10:\"USER_AGENT\";s:72:\"Mozilla/5.0 (compatible; Googlebot/2.1; +http://www.google.com/bot.html)\";}',1),(17,1,1440513887,'a:4:{s:5:\"topic\";i:20;s:9:\"prev_next\";s:4:\"next\";s:5:\"board\";i:14;s:10:\"USER_AGENT\";s:72:\"Mozilla/5.0 (compatible; Googlebot/2.1; +http://www.google.com/bot.html)\";}',1),(18,1,1440513902,'a:3:{s:5:\"topic\";i:12;s:5:\"board\";i:13;s:10:\"USER_AGENT\";s:72:\"Mozilla/5.0 (compatible; Googlebot/2.1; +http://www.google.com/bot.html)\";}',1),(19,1,1440513909,'a:3:{s:5:\"topic\";i:37;s:5:\"board\";i:20;s:10:\"USER_AGENT\";s:72:\"Mozilla/5.0 (compatible; Googlebot/2.1; +http://www.google.com/bot.html)\";}',1),(20,1,1440513913,'a:3:{s:5:\"topic\";i:12;s:5:\"board\";i:13;s:10:\"USER_AGENT\";s:72:\"Mozilla/5.0 (compatible; Googlebot/2.1; +http://www.google.com/bot.html)\";}',1),(21,1,1440513921,'a:3:{s:5:\"topic\";i:38;s:5:\"board\";i:19;s:10:\"USER_AGENT\";s:72:\"Mozilla/5.0 (compatible; Googlebot/2.1; +http://www.google.com/bot.html)\";}',1),(22,1,1440513926,'a:3:{s:5:\"topic\";i:12;s:5:\"board\";i:13;s:10:\"USER_AGENT\";s:72:\"Mozilla/5.0 (compatible; Googlebot/2.1; +http://www.google.com/bot.html)\";}',1),(23,1,1440513982,'a:3:{s:9:\"PHPSESSID\";s:26:\"nc3uoj3gtrrkm45aj8q5i33sc7\";s:6:\"action\";s:8:\"reminder\";s:10:\"USER_AGENT\";s:72:\"Mozilla/5.0 (compatible; Googlebot/2.1; +http://www.google.com/bot.html)\";}',1),(24,1,1440514003,'a:2:{s:8:\"language\";s:7:\"english\";s:10:\"USER_AGENT\";s:72:\"Mozilla/5.0 (compatible; Googlebot/2.1; +http://www.google.com/bot.html)\";}',1),(25,1,1440514009,'a:2:{s:5:\"board\";i:5;s:10:\"USER_AGENT\";s:72:\"Mozilla/5.0 (compatible; Googlebot/2.1; +http://www.google.com/bot.html)\";}',1),(26,1,1440514022,'a:2:{s:5:\"board\";i:9;s:10:\"USER_AGENT\";s:72:\"Mozilla/5.0 (compatible; Googlebot/2.1; +http://www.google.com/bot.html)\";}',1),(27,1,1440514028,'a:2:{s:5:\"board\";i:3;s:10:\"USER_AGENT\";s:72:\"Mozilla/5.0 (compatible; Googlebot/2.1; +http://www.google.com/bot.html)\";}',1),(28,1,1440514035,'a:2:{s:5:\"board\";i:1;s:10:\"USER_AGENT\";s:72:\"Mozilla/5.0 (compatible; Googlebot/2.1; +http://www.google.com/bot.html)\";}',1),(29,1,1440514042,'a:2:{s:5:\"board\";i:2;s:10:\"USER_AGENT\";s:72:\"Mozilla/5.0 (compatible; Googlebot/2.1; +http://www.google.com/bot.html)\";}',1),(30,1,1440514049,'a:2:{s:5:\"board\";i:8;s:10:\"USER_AGENT\";s:72:\"Mozilla/5.0 (compatible; Googlebot/2.1; +http://www.google.com/bot.html)\";}',1),(31,1,1440514055,'a:2:{s:5:\"board\";i:6;s:10:\"USER_AGENT\";s:72:\"Mozilla/5.0 (compatible; Googlebot/2.1; +http://www.google.com/bot.html)\";}',1),(32,1,1440514062,'a:2:{s:5:\"board\";i:4;s:10:\"USER_AGENT\";s:72:\"Mozilla/5.0 (compatible; Googlebot/2.1; +http://www.google.com/bot.html)\";}',1),(33,1,1440514069,'a:2:{s:5:\"board\";i:25;s:10:\"USER_AGENT\";s:72:\"Mozilla/5.0 (compatible; Googlebot/2.1; +http://www.google.com/bot.html)\";}',1),(34,1,1440514077,'a:2:{s:5:\"board\";i:13;s:10:\"USER_AGENT\";s:72:\"Mozilla/5.0 (compatible; Googlebot/2.1; +http://www.google.com/bot.html)\";}',1),(35,1,1440514083,'a:2:{s:5:\"board\";i:19;s:10:\"USER_AGENT\";s:72:\"Mozilla/5.0 (compatible; Googlebot/2.1; +http://www.google.com/bot.html)\";}',1),(36,1,1440514089,'a:2:{s:5:\"board\";i:12;s:10:\"USER_AGENT\";s:72:\"Mozilla/5.0 (compatible; Googlebot/2.1; +http://www.google.com/bot.html)\";}',1),(37,1,1440514097,'a:2:{s:5:\"board\";i:21;s:10:\"USER_AGENT\";s:72:\"Mozilla/5.0 (compatible; Googlebot/2.1; +http://www.google.com/bot.html)\";}',1),(38,1,1440514103,'a:2:{s:5:\"board\";i:17;s:10:\"USER_AGENT\";s:72:\"Mozilla/5.0 (compatible; Googlebot/2.1; +http://www.google.com/bot.html)\";}',1),(39,1,1440514110,'a:2:{s:5:\"board\";i:23;s:10:\"USER_AGENT\";s:72:\"Mozilla/5.0 (compatible; Googlebot/2.1; +http://www.google.com/bot.html)\";}',1),(40,1,1440514116,'a:2:{s:5:\"board\";i:20;s:10:\"USER_AGENT\";s:72:\"Mozilla/5.0 (compatible; Googlebot/2.1; +http://www.google.com/bot.html)\";}',1),(41,1,1440514124,'a:2:{s:5:\"board\";i:10;s:10:\"USER_AGENT\";s:72:\"Mozilla/5.0 (compatible; Googlebot/2.1; +http://www.google.com/bot.html)\";}',1),(42,1,1440514130,'a:2:{s:5:\"board\";i:15;s:10:\"USER_AGENT\";s:72:\"Mozilla/5.0 (compatible; Googlebot/2.1; +http://www.google.com/bot.html)\";}',1),(43,1,1440514138,'a:2:{s:5:\"board\";i:18;s:10:\"USER_AGENT\";s:72:\"Mozilla/5.0 (compatible; Googlebot/2.1; +http://www.google.com/bot.html)\";}',1),(44,1,1440514144,'a:2:{s:8:\"language\";s:11:\"french-utf8\";s:10:\"USER_AGENT\";s:72:\"Mozilla/5.0 (compatible; Googlebot/2.1; +http://www.google.com/bot.html)\";}',1),(45,1,1440514166,'a:2:{s:6:\"action\";s:5:\"stats\";s:10:\"USER_AGENT\";s:72:\"Mozilla/5.0 (compatible; Googlebot/2.1; +http://www.google.com/bot.html)\";}',1),(46,1,1440514180,'a:2:{s:6:\"action\";s:6:\"recent\";s:10:\"USER_AGENT\";s:72:\"Mozilla/5.0 (compatible; Googlebot/2.1; +http://www.google.com/bot.html)\";}',1),(47,1,1440514198,'a:3:{s:5:\"topic\";i:9;s:5:\"board\";i:12;s:10:\"USER_AGENT\";s:72:\"Mozilla/5.0 (compatible; Googlebot/2.1; +http://www.google.com/bot.html)\";}',1),(48,1,1440514236,'a:3:{s:5:\"topic\";i:12;s:5:\"board\";i:13;s:10:\"USER_AGENT\";s:72:\"Mozilla/5.0 (compatible; Googlebot/2.1; +http://www.google.com/bot.html)\";}',1),(49,1,1440514260,'a:3:{s:5:\"topic\";i:12;s:5:\"board\";i:13;s:10:\"USER_AGENT\";s:72:\"Mozilla/5.0 (compatible; Googlebot/2.1; +http://www.google.com/bot.html)\";}',1),(50,1,1440514365,'a:4:{s:5:\"topic\";i:37;s:9:\"prev_next\";s:4:\"prev\";s:5:\"board\";i:20;s:10:\"USER_AGENT\";s:72:\"Mozilla/5.0 (compatible; Googlebot/2.1; +http://www.google.com/bot.html)\";}',1),(51,1,1440520916,'a:4:{s:5:\"topic\";i:20;s:9:\"prev_next\";s:4:\"prev\";s:5:\"board\";i:14;s:10:\"USER_AGENT\";s:72:\"Mozilla/5.0 (compatible; Googlebot/2.1; +http://www.google.com/bot.html)\";}',1),(52,1,1440572140,'a:3:{s:6:\"action\";s:7:\"profile\";s:1:\"u\";s:1:\"7\";s:10:\"USER_AGENT\";s:72:\"Mozilla/5.0 (compatible; Googlebot/2.1; +http://www.google.com/bot.html)\";}',1),(53,1,1440572141,'a:4:{s:6:\"action\";s:7:\"profile\";s:1:\"u\";s:1:\"7\";s:5:\"error\";s:11:\"guest_login\";s:10:\"USER_AGENT\";s:72:\"Mozilla/5.0 (compatible; Googlebot/2.1; +http://www.google.com/bot.html)\";}',1),(54,1,1440572163,'a:3:{s:6:\"action\";s:7:\"profile\";s:1:\"u\";s:1:\"3\";s:10:\"USER_AGENT\";s:72:\"Mozilla/5.0 (compatible; Googlebot/2.1; +http://www.google.com/bot.html)\";}',1),(55,1,1440572163,'a:4:{s:6:\"action\";s:7:\"profile\";s:1:\"u\";s:1:\"3\";s:5:\"error\";s:11:\"guest_login\";s:10:\"USER_AGENT\";s:72:\"Mozilla/5.0 (compatible; Googlebot/2.1; +http://www.google.com/bot.html)\";}',1),(56,1,1440572186,'a:4:{s:5:\"topic\";i:12;s:9:\"prev_next\";s:4:\"next\";s:5:\"board\";i:13;s:10:\"USER_AGENT\";s:72:\"Mozilla/5.0 (compatible; Googlebot/2.1; +http://www.google.com/bot.html)\";}',1),(57,1,1440572209,'a:4:{s:5:\"topic\";i:37;s:9:\"prev_next\";s:4:\"next\";s:5:\"board\";i:20;s:10:\"USER_AGENT\";s:72:\"Mozilla/5.0 (compatible; Googlebot/2.1; +http://www.google.com/bot.html)\";}',1),(58,1,1440572232,'a:4:{s:5:\"topic\";i:38;s:9:\"prev_next\";s:4:\"prev\";s:5:\"board\";i:19;s:10:\"USER_AGENT\";s:72:\"Mozilla/5.0 (compatible; Googlebot/2.1; +http://www.google.com/bot.html)\";}',1),(59,1,1440572255,'a:4:{s:5:\"topic\";i:38;s:9:\"prev_next\";s:4:\"next\";s:5:\"board\";i:19;s:10:\"USER_AGENT\";s:72:\"Mozilla/5.0 (compatible; Googlebot/2.1; +http://www.google.com/bot.html)\";}',1),(60,1,1440572278,'a:4:{s:5:\"topic\";i:12;s:9:\"prev_next\";s:4:\"prev\";s:5:\"board\";i:13;s:10:\"USER_AGENT\";s:72:\"Mozilla/5.0 (compatible; Googlebot/2.1; +http://www.google.com/bot.html)\";}',1),(61,1,1440572301,'a:4:{s:6:\"action\";s:7:\"credits\";s:5:\"topic\";i:12;s:5:\"board\";i:13;s:10:\"USER_AGENT\";s:72:\"Mozilla/5.0 (compatible; Googlebot/2.1; +http://www.google.com/bot.html)\";}',1),(62,1,1440572324,'a:4:{s:6:\"action\";s:7:\"credits\";s:5:\"topic\";i:12;s:5:\"board\";i:13;s:10:\"USER_AGENT\";s:72:\"Mozilla/5.0 (compatible; Googlebot/2.1; +http://www.google.com/bot.html)\";}',1),(63,1,1440572348,'a:4:{s:6:\"action\";s:7:\"credits\";s:5:\"topic\";i:12;s:5:\"board\";i:13;s:10:\"USER_AGENT\";s:72:\"Mozilla/5.0 (compatible; Googlebot/2.1; +http://www.google.com/bot.html)\";}',1),(64,1,1440572372,'a:4:{s:6:\"action\";s:7:\"credits\";s:5:\"topic\";i:37;s:5:\"board\";i:20;s:10:\"USER_AGENT\";s:72:\"Mozilla/5.0 (compatible; Googlebot/2.1; +http://www.google.com/bot.html)\";}',1),(65,1,1440575786,'a:4:{s:6:\"action\";s:7:\"credits\";s:5:\"topic\";i:38;s:5:\"board\";i:19;s:10:\"USER_AGENT\";s:72:\"Mozilla/5.0 (compatible; Googlebot/2.1; +http://www.google.com/bot.html)\";}',1),(66,1,1440580333,'a:4:{s:8:\"language\";s:7:\"english\";s:5:\"topic\";i:12;s:5:\"board\";i:13;s:10:\"USER_AGENT\";s:72:\"Mozilla/5.0 (compatible; Googlebot/2.1; +http://www.google.com/bot.html)\";}',1),(67,1,1440584879,'a:4:{s:8:\"language\";s:7:\"english\";s:5:\"topic\";i:12;s:5:\"board\";i:13;s:10:\"USER_AGENT\";s:72:\"Mozilla/5.0 (compatible; Googlebot/2.1; +http://www.google.com/bot.html)\";}',1),(68,1,1440589427,'a:4:{s:8:\"language\";s:7:\"english\";s:5:\"topic\";i:37;s:5:\"board\";i:20;s:10:\"USER_AGENT\";s:72:\"Mozilla/5.0 (compatible; Googlebot/2.1; +http://www.google.com/bot.html)\";}',1),(69,1,1440593982,'a:4:{s:8:\"language\";s:7:\"english\";s:5:\"topic\";i:12;s:5:\"board\";i:13;s:10:\"USER_AGENT\";s:72:\"Mozilla/5.0 (compatible; Googlebot/2.1; +http://www.google.com/bot.html)\";}',1),(70,1,1440597911,'a:2:{s:5:\"board\";i:7;s:10:\"USER_AGENT\";s:194:\"Mozilla/5.0 (iPhone; CPU iPhone OS 8_3 like Mac OS X) AppleWebKit/600.1.4 (KHTML, like Gecko) Version/8.0 Mobile/12F70 Safari/600.1.4 (compatible; Googlebot/2.1; +http://www.google.com/bot.html)\";}',1),(71,1,1440598521,'a:4:{s:8:\"language\";s:7:\"english\";s:5:\"topic\";i:38;s:5:\"board\";i:19;s:10:\"USER_AGENT\";s:72:\"Mozilla/5.0 (compatible; Googlebot/2.1; +http://www.google.com/bot.html)\";}',1),(72,1,1440602695,'a:2:{s:5:\"board\";i:14;s:10:\"USER_AGENT\";s:194:\"Mozilla/5.0 (iPhone; CPU iPhone OS 8_3 like Mac OS X) AppleWebKit/600.1.4 (KHTML, like Gecko) Version/8.0 Mobile/12F70 Safari/600.1.4 (compatible; Googlebot/2.1; +http://www.google.com/bot.html)\";}',1),(73,1,1440603067,'a:4:{s:8:\"language\";s:11:\"french-utf8\";s:5:\"topic\";i:38;s:5:\"board\";i:19;s:10:\"USER_AGENT\";s:72:\"Mozilla/5.0 (compatible; Googlebot/2.1; +http://www.google.com/bot.html)\";}',1),(74,1,1440607615,'a:4:{s:8:\"language\";s:11:\"french-utf8\";s:5:\"topic\";i:12;s:5:\"board\";i:13;s:10:\"USER_AGENT\";s:72:\"Mozilla/5.0 (compatible; Googlebot/2.1; +http://www.google.com/bot.html)\";}',1),(75,1,1440612162,'a:4:{s:8:\"language\";s:11:\"french-utf8\";s:5:\"topic\";i:37;s:5:\"board\";i:20;s:10:\"USER_AGENT\";s:72:\"Mozilla/5.0 (compatible; Googlebot/2.1; +http://www.google.com/bot.html)\";}',1),(76,1,1440616709,'a:4:{s:8:\"language\";s:11:\"french-utf8\";s:5:\"topic\";i:12;s:5:\"board\";i:13;s:10:\"USER_AGENT\";s:72:\"Mozilla/5.0 (compatible; Googlebot/2.1; +http://www.google.com/bot.html)\";}',1),(77,1,1440617912,'a:4:{s:8:\"language\";s:11:\"french-utf8\";s:5:\"topic\";i:12;s:5:\"board\";i:13;s:10:\"USER_AGENT\";s:72:\"Mozilla/5.0 (compatible; Googlebot/2.1; +http://www.google.com/bot.html)\";}',1),(78,1,1440617976,'a:4:{s:9:\"PHPSESSID\";s:26:\"2pgfkmrvi13jgqj5m2afomblr1\";s:5:\"topic\";i:5;s:5:\"board\";i:1;s:10:\"USER_AGENT\";s:72:\"Mozilla/5.0 (compatible; Googlebot/2.1; +http://www.google.com/bot.html)\";}',1),(79,1,1440618038,'a:4:{s:9:\"PHPSESSID\";s:26:\"uldt761jv69nben80hth23l252\";s:5:\"topic\";i:6;s:5:\"board\";i:5;s:10:\"USER_AGENT\";s:72:\"Mozilla/5.0 (compatible; Googlebot/2.1; +http://www.google.com/bot.html)\";}',1),(80,1,1440618102,'a:4:{s:9:\"PHPSESSID\";s:26:\"pi1345hk1k9enb2g4p5kho9384\";s:5:\"topic\";i:12;s:5:\"board\";i:13;s:10:\"USER_AGENT\";s:72:\"Mozilla/5.0 (compatible; Googlebot/2.1; +http://www.google.com/bot.html)\";}',1),(81,1,1440618175,'a:4:{s:9:\"PHPSESSID\";s:26:\"bgnk75vf7vb5ko6ldr18tbr8q5\";s:5:\"topic\";i:21;s:5:\"board\";i:12;s:10:\"USER_AGENT\";s:72:\"Mozilla/5.0 (compatible; Googlebot/2.1; +http://www.google.com/bot.html)\";}',1),(82,1,1440621614,'a:4:{s:9:\"PHPSESSID\";s:26:\"0f5u60j5pucf4ld2fnfg83lpa6\";s:5:\"topic\";i:12;s:5:\"board\";i:13;s:10:\"USER_AGENT\";s:72:\"Mozilla/5.0 (compatible; Googlebot/2.1; +http://www.google.com/bot.html)\";}',1),(83,1,1440626140,'a:4:{s:9:\"PHPSESSID\";s:26:\"nc3md8jdcitcejfk0102aobok6\";s:5:\"topic\";i:20;s:5:\"board\";i:14;s:10:\"USER_AGENT\";s:72:\"Mozilla/5.0 (compatible; Googlebot/2.1; +http://www.google.com/bot.html)\";}',1),(84,1,1440630689,'a:4:{s:9:\"PHPSESSID\";s:26:\"pspnc5rn92duqsnuk2ba2dt531\";s:5:\"topic\";i:18;s:5:\"board\";i:9;s:10:\"USER_AGENT\";s:72:\"Mozilla/5.0 (compatible; Googlebot/2.1; +http://www.google.com/bot.html)\";}',1),(85,1,1440635234,'a:4:{s:9:\"PHPSESSID\";s:26:\"0r5rlonbt5tf0gt0lmprkehf34\";s:5:\"topic\";i:37;s:5:\"board\";i:20;s:10:\"USER_AGENT\";s:72:\"Mozilla/5.0 (compatible; Googlebot/2.1; +http://www.google.com/bot.html)\";}',1),(86,1,1440639782,'a:4:{s:9:\"PHPSESSID\";s:26:\"o374fml58f52c7vq88f58e6lh1\";s:5:\"topic\";i:12;s:5:\"board\";i:13;s:10:\"USER_AGENT\";s:72:\"Mozilla/5.0 (compatible; Googlebot/2.1; +http://www.google.com/bot.html)\";}',1),(87,1,1440642574,'a:2:{s:6:\"action\";s:6:\"signup\";s:10:\"USER_AGENT\";s:194:\"Mozilla/5.0 (iPhone; CPU iPhone OS 8_3 like Mac OS X) AppleWebKit/600.1.4 (KHTML, like Gecko) Version/8.0 Mobile/12F70 Safari/600.1.4 (compatible; Googlebot/2.1; +http://www.google.com/bot.html)\";}',1),(88,1,1440644328,'a:4:{s:9:\"PHPSESSID\";s:26:\"p04md5gqje8d5i2cimqvfllbg5\";s:5:\"topic\";i:24;s:5:\"board\";i:17;s:10:\"USER_AGENT\";s:72:\"Mozilla/5.0 (compatible; Googlebot/2.1; +http://www.google.com/bot.html)\";}',1),(89,1,1440648874,'a:3:{s:5:\"topic\";i:6;s:5:\"board\";i:5;s:10:\"USER_AGENT\";s:72:\"Mozilla/5.0 (compatible; Googlebot/2.1; +http://www.google.com/bot.html)\";}',1),(90,1,1440653422,'a:3:{s:5:\"topic\";i:7;s:5:\"board\";i:6;s:10:\"USER_AGENT\";s:72:\"Mozilla/5.0 (compatible; Googlebot/2.1; +http://www.google.com/bot.html)\";}',1),(91,1,1440665775,'a:1:{s:10:\"USER_AGENT\";s:72:\"Mozilla/5.0 (compatible; Googlebot/2.1; +http://www.google.com/bot.html)\";}',1),(92,1,1440689075,'a:3:{s:6:\"action\";s:4:\"help\";s:2:\"sa\";s:5:\"rules\";s:10:\"USER_AGENT\";s:72:\"Mozilla/5.0 (compatible; Googlebot/2.1; +http://www.google.com/bot.html)\";}',1),(93,1,1440692254,'a:2:{s:5:\"board\";i:15;s:10:\"USER_AGENT\";s:72:\"Mozilla/5.0 (compatible; Googlebot/2.1; +http://www.google.com/bot.html)\";}',1),(94,1,1440843623,'a:3:{s:5:\"topic\";i:16;s:5:\"board\";i:7;s:10:\"USER_AGENT\";s:72:\"Mozilla/5.0 (compatible; Googlebot/2.1; +http://www.google.com/bot.html)\";}',1),(95,1,1440854685,'a:1:{s:10:\"USER_AGENT\";s:194:\"Mozilla/5.0 (iPhone; CPU iPhone OS 8_3 like Mac OS X) AppleWebKit/600.1.4 (KHTML, like Gecko) Version/8.0 Mobile/12F70 Safari/600.1.4 (compatible; Googlebot/2.1; +http://www.google.com/bot.html)\";}',1),(96,1,1440857376,'a:2:{s:5:\"board\";i:19;s:10:\"USER_AGENT\";s:194:\"Mozilla/5.0 (iPhone; CPU iPhone OS 8_3 like Mac OS X) AppleWebKit/600.1.4 (KHTML, like Gecko) Version/8.0 Mobile/12F70 Safari/600.1.4 (compatible; Googlebot/2.1; +http://www.google.com/bot.html)\";}',1),(97,1,1440858026,'a:2:{s:5:\"board\";i:15;s:10:\"USER_AGENT\";s:194:\"Mozilla/5.0 (iPhone; CPU iPhone OS 8_3 like Mac OS X) AppleWebKit/600.1.4 (KHTML, like Gecko) Version/8.0 Mobile/12F70 Safari/600.1.4 (compatible; Googlebot/2.1; +http://www.google.com/bot.html)\";}',1),(98,1,1440874543,'a:3:{s:6:\"action\";s:4:\"help\";s:2:\"sa\";s:5:\"rules\";s:10:\"USER_AGENT\";s:194:\"Mozilla/5.0 (iPhone; CPU iPhone OS 8_3 like Mac OS X) AppleWebKit/600.1.4 (KHTML, like Gecko) Version/8.0 Mobile/12F70 Safari/600.1.4 (compatible; Googlebot/2.1; +http://www.google.com/bot.html)\";}',1),(99,1,1440893788,'a:4:{s:5:\"topic\";i:16;s:9:\"prev_next\";s:4:\"prev\";s:5:\"board\";i:7;s:10:\"USER_AGENT\";s:72:\"Mozilla/5.0 (compatible; Googlebot/2.1; +http://www.google.com/bot.html)\";}',1),(100,1,1440897119,'a:2:{s:6:\"action\";s:7:\"credits\";s:10:\"USER_AGENT\";s:72:\"Mozilla/5.0 (compatible; Googlebot/2.1; +http://www.google.com/bot.html)\";}',1),(101,1,1440928740,'a:1:{s:10:\"USER_AGENT\";s:194:\"Mozilla/5.0 (iPhone; CPU iPhone OS 8_3 like Mac OS X) AppleWebKit/600.1.4 (KHTML, like Gecko) Version/8.0 Mobile/12F70 Safari/600.1.4 (compatible; Googlebot/2.1; +http://www.google.com/bot.html)\";}',1),(102,1,1440933890,'a:3:{s:5:\"topic\";i:42;s:5:\"board\";i:12;s:10:\"USER_AGENT\";s:72:\"Mozilla/5.0 (compatible; Googlebot/2.1; +http://www.google.com/bot.html)\";}',1),(103,1,1440979048,'a:1:{s:10:\"USER_AGENT\";s:72:\"Mozilla/5.0 (compatible; Googlebot/2.1; +http://www.google.com/bot.html)\";}',1),(104,1,1440979049,'a:1:{s:10:\"USER_AGENT\";s:72:\"Mozilla/5.0 (compatible; Googlebot/2.1; +http://www.google.com/bot.html)\";}',1),(105,17,1440984402,'a:1:{s:10:\"USER_AGENT\";s:11:\"ia_archiver\";}',1),(106,17,1440984416,'a:1:{s:10:\"USER_AGENT\";s:11:\"ia_archiver\";}',1),(107,17,1440984435,'a:2:{s:5:\"board\";i:12;s:10:\"USER_AGENT\";s:11:\"ia_archiver\";}',1),(108,17,1440984440,'a:3:{s:5:\"topic\";i:42;s:5:\"board\";i:12;s:10:\"USER_AGENT\";s:11:\"ia_archiver\";}',1),(109,17,1440984737,'a:1:{s:10:\"USER_AGENT\";s:11:\"ia_archiver\";}',1),(110,1,1440989224,'a:2:{s:5:\"board\";i:17;s:10:\"USER_AGENT\";s:72:\"Mozilla/5.0 (compatible; Googlebot/2.1; +http://www.google.com/bot.html)\";}',1),(111,1,1440991448,'a:3:{s:6:\"action\";s:7:\"profile\";s:1:\"u\";s:1:\"7\";s:10:\"USER_AGENT\";s:72:\"Mozilla/5.0 (compatible; Googlebot/2.1; +http://www.google.com/bot.html)\";}',1),(112,1,1440991448,'a:4:{s:6:\"action\";s:7:\"profile\";s:1:\"u\";s:1:\"7\";s:5:\"error\";s:11:\"guest_login\";s:10:\"USER_AGENT\";s:72:\"Mozilla/5.0 (compatible; Googlebot/2.1; +http://www.google.com/bot.html)\";}',1),(113,1,1440994220,'a:2:{s:8:\"language\";s:7:\"english\";s:10:\"USER_AGENT\";s:72:\"Mozilla/5.0 (compatible; Googlebot/2.1; +http://www.google.com/bot.html)\";}',1),(114,1,1440997167,'a:1:{s:10:\"USER_AGENT\";s:72:\"Mozilla/5.0 (compatible; Googlebot/2.1; +http://www.google.com/bot.html)\";}',1),(115,1,1440997171,'a:1:{s:10:\"USER_AGENT\";s:72:\"Mozilla/5.0 (compatible; Googlebot/2.1; +http://www.google.com/bot.html)\";}',1),(116,1,1440998437,'a:3:{s:5:\"topic\";i:43;s:5:\"board\";i:19;s:10:\"USER_AGENT\";s:72:\"Mozilla/5.0 (compatible; Googlebot/2.1; +http://www.google.com/bot.html)\";}',1),(117,17,1441047042,'a:2:{s:6:\"action\";s:4:\"help\";s:10:\"USER_AGENT\";s:11:\"ia_archiver\";}',1),(118,17,1441047052,'a:3:{s:6:\"action\";s:7:\"profile\";s:1:\"u\";s:1:\"2\";s:10:\"USER_AGENT\";s:11:\"ia_archiver\";}',1),(119,17,1441047053,'a:4:{s:6:\"action\";s:7:\"profile\";s:1:\"u\";s:1:\"2\";s:5:\"error\";s:11:\"guest_login\";s:10:\"USER_AGENT\";s:11:\"ia_archiver\";}',1),(120,17,1441047084,'a:2:{s:6:\"action\";s:6:\"search\";s:10:\"USER_AGENT\";s:11:\"ia_archiver\";}',1),(121,17,1441047089,'a:2:{s:6:\"action\";s:6:\"signup\";s:10:\"USER_AGENT\";s:11:\"ia_archiver\";}',1),(122,17,1441047116,'a:2:{s:5:\"board\";i:12;s:10:\"USER_AGENT\";s:11:\"ia_archiver\";}',1),(123,17,1441047156,'a:2:{s:5:\"board\";i:13;s:10:\"USER_AGENT\";s:11:\"ia_archiver\";}',1),(124,17,1441052174,'a:2:{s:5:\"board\";i:13;s:10:\"USER_AGENT\";s:11:\"ia_archiver\";}',1),(125,17,1441052177,'a:3:{s:5:\"topic\";i:12;s:5:\"board\";i:13;s:10:\"USER_AGENT\";s:11:\"ia_archiver\";}',1),(126,17,1441052222,'a:3:{s:5:\"topic\";i:12;s:5:\"board\";i:13;s:10:\"USER_AGENT\";s:11:\"ia_archiver\";}',1),(127,17,1441052655,'a:3:{s:6:\"action\";s:4:\"help\";s:2:\"sa\";s:5:\"rules\";s:10:\"USER_AGENT\";s:11:\"ia_archiver\";}',1),(128,17,1441052660,'a:2:{s:6:\"action\";s:5:\"login\";s:10:\"USER_AGENT\";s:11:\"ia_archiver\";}',1),(129,17,1441052666,'a:2:{s:6:\"action\";s:6:\"recent\";s:10:\"USER_AGENT\";s:11:\"ia_archiver\";}',1),(130,17,1441052670,'a:2:{s:5:\"board\";i:19;s:10:\"USER_AGENT\";s:11:\"ia_archiver\";}',1),(131,17,1441064982,'a:2:{s:5:\"board\";i:15;s:10:\"USER_AGENT\";s:11:\"ia_archiver\";}',1),(132,17,1441064989,'a:2:{s:5:\"board\";i:17;s:10:\"USER_AGENT\";s:11:\"ia_archiver\";}',1),(133,17,1441064994,'a:2:{s:5:\"board\";i:2;s:10:\"USER_AGENT\";s:11:\"ia_archiver\";}',1),(134,17,1441064999,'a:2:{s:5:\"board\";i:20;s:10:\"USER_AGENT\";s:11:\"ia_archiver\";}',1),(135,17,1441065004,'a:2:{s:5:\"board\";i:23;s:10:\"USER_AGENT\";s:11:\"ia_archiver\";}',1),(136,17,1441065009,'a:2:{s:5:\"board\";i:25;s:10:\"USER_AGENT\";s:11:\"ia_archiver\";}',1),(137,17,1441065014,'a:2:{s:5:\"board\";i:3;s:10:\"USER_AGENT\";s:11:\"ia_archiver\";}',1),(138,17,1441065019,'a:2:{s:5:\"board\";i:4;s:10:\"USER_AGENT\";s:11:\"ia_archiver\";}',1),(139,17,1441065024,'a:2:{s:5:\"board\";i:6;s:10:\"USER_AGENT\";s:11:\"ia_archiver\";}',1),(140,17,1441065030,'a:2:{s:5:\"board\";i:7;s:10:\"USER_AGENT\";s:11:\"ia_archiver\";}',1),(141,17,1441065035,'a:3:{s:5:\"topic\";i:44;s:5:\"board\";i:12;s:10:\"USER_AGENT\";s:11:\"ia_archiver\";}',1),(142,17,1441065041,'a:3:{s:6:\"action\";s:7:\"profile\";s:1:\"u\";s:1:\"3\";s:10:\"USER_AGENT\";s:11:\"ia_archiver\";}',1),(143,17,1441065041,'a:4:{s:6:\"action\";s:7:\"profile\";s:1:\"u\";s:1:\"3\";s:5:\"error\";s:11:\"guest_login\";s:10:\"USER_AGENT\";s:11:\"ia_archiver\";}',1),(144,17,1441065047,'a:2:{s:5:\"board\";i:10;s:10:\"USER_AGENT\";s:11:\"ia_archiver\";}',1),(145,17,1441065052,'a:2:{s:5:\"board\";i:14;s:10:\"USER_AGENT\";s:11:\"ia_archiver\";}',1),(146,17,1441065057,'a:2:{s:5:\"board\";i:18;s:10:\"USER_AGENT\";s:11:\"ia_archiver\";}',1),(147,17,1441065062,'a:2:{s:5:\"board\";i:20;s:10:\"USER_AGENT\";s:11:\"ia_archiver\";}',1),(148,17,1441065067,'a:2:{s:5:\"board\";i:23;s:10:\"USER_AGENT\";s:11:\"ia_archiver\";}',1),(149,17,1441065071,'a:2:{s:5:\"board\";i:3;s:10:\"USER_AGENT\";s:11:\"ia_archiver\";}',1),(150,17,1441065077,'a:2:{s:5:\"board\";i:4;s:10:\"USER_AGENT\";s:11:\"ia_archiver\";}',1),(151,17,1441065081,'a:2:{s:5:\"board\";i:5;s:10:\"USER_AGENT\";s:11:\"ia_archiver\";}',1),(152,17,1441065088,'a:2:{s:5:\"board\";i:6;s:10:\"USER_AGENT\";s:11:\"ia_archiver\";}',1),(153,17,1441065094,'a:2:{s:5:\"board\";i:7;s:10:\"USER_AGENT\";s:11:\"ia_archiver\";}',1),(154,17,1441065099,'a:2:{s:5:\"board\";i:8;s:10:\"USER_AGENT\";s:11:\"ia_archiver\";}',1),(155,17,1441065104,'a:2:{s:5:\"board\";i:9;s:10:\"USER_AGENT\";s:11:\"ia_archiver\";}',1),(156,17,1441065109,'a:2:{s:5:\"board\";i:1;s:10:\"USER_AGENT\";s:11:\"ia_archiver\";}',1),(157,17,1441065115,'a:2:{s:5:\"board\";i:10;s:10:\"USER_AGENT\";s:11:\"ia_archiver\";}',1),(158,17,1441065120,'a:2:{s:5:\"board\";i:14;s:10:\"USER_AGENT\";s:11:\"ia_archiver\";}',1),(159,17,1441065125,'a:2:{s:5:\"board\";i:18;s:10:\"USER_AGENT\";s:11:\"ia_archiver\";}',1),(160,17,1441065130,'a:2:{s:5:\"board\";i:19;s:10:\"USER_AGENT\";s:11:\"ia_archiver\";}',1),(161,17,1441065137,'a:2:{s:5:\"board\";i:21;s:10:\"USER_AGENT\";s:11:\"ia_archiver\";}',1),(162,17,1441065142,'a:2:{s:5:\"board\";i:5;s:10:\"USER_AGENT\";s:11:\"ia_archiver\";}',1),(163,17,1441065147,'a:2:{s:5:\"board\";i:8;s:10:\"USER_AGENT\";s:11:\"ia_archiver\";}',1),(164,17,1441065152,'a:2:{s:5:\"board\";i:9;s:10:\"USER_AGENT\";s:11:\"ia_archiver\";}',1),(165,17,1441065159,'a:3:{s:5:\"topic\";i:21;s:5:\"board\";i:12;s:10:\"USER_AGENT\";s:11:\"ia_archiver\";}',1),(166,17,1441065164,'a:3:{s:5:\"topic\";i:44;s:5:\"board\";i:12;s:10:\"USER_AGENT\";s:11:\"ia_archiver\";}',1),(167,17,1441065169,'a:3:{s:5:\"topic\";i:9;s:5:\"board\";i:12;s:10:\"USER_AGENT\";s:11:\"ia_archiver\";}',1),(168,17,1441065174,'a:2:{s:6:\"action\";s:7:\"credits\";s:10:\"USER_AGENT\";s:11:\"ia_archiver\";}',1),(169,17,1441065179,'a:3:{s:6:\"action\";s:7:\"profile\";s:1:\"u\";s:1:\"7\";s:10:\"USER_AGENT\";s:11:\"ia_archiver\";}',1),(170,17,1441065179,'a:4:{s:6:\"action\";s:7:\"profile\";s:1:\"u\";s:1:\"7\";s:5:\"error\";s:11:\"guest_login\";s:10:\"USER_AGENT\";s:11:\"ia_archiver\";}',1),(171,17,1441065184,'a:2:{s:6:\"action\";s:5:\"stats\";s:10:\"USER_AGENT\";s:11:\"ia_archiver\";}',1),(172,17,1441065189,'a:2:{s:5:\"board\";i:1;s:10:\"USER_AGENT\";s:11:\"ia_archiver\";}',1),(173,17,1441065194,'a:2:{s:5:\"board\";i:15;s:10:\"USER_AGENT\";s:11:\"ia_archiver\";}',1),(174,17,1441065261,'a:2:{s:5:\"board\";i:17;s:10:\"USER_AGENT\";s:11:\"ia_archiver\";}',1),(175,17,1441065271,'a:2:{s:5:\"board\";i:2;s:10:\"USER_AGENT\";s:11:\"ia_archiver\";}',1),(176,17,1441065276,'a:2:{s:5:\"board\";i:21;s:10:\"USER_AGENT\";s:11:\"ia_archiver\";}',1),(177,17,1441065281,'a:2:{s:5:\"board\";i:25;s:10:\"USER_AGENT\";s:11:\"ia_archiver\";}',1),(178,17,1441065560,'a:3:{s:5:\"topic\";i:44;s:5:\"board\";i:12;s:10:\"USER_AGENT\";s:11:\"ia_archiver\";}',1),(179,1,1441070283,'a:3:{s:5:\"topic\";i:12;s:5:\"board\";i:13;s:10:\"USER_AGENT\";s:72:\"Mozilla/5.0 (compatible; Googlebot/2.1; +http://www.google.com/bot.html)\";}',1),(180,17,1441076418,'a:3:{s:5:\"board\";i:12;s:4:\"sort\";s:7:\"subject\";s:10:\"USER_AGENT\";s:11:\"ia_archiver\";}',1),(181,17,1441076423,'a:3:{s:5:\"board\";i:12;s:4:\"sort\";s:5:\"views\";s:10:\"USER_AGENT\";s:11:\"ia_archiver\";}',1),(182,17,1441076428,'a:3:{s:5:\"topic\";i:22;s:5:\"board\";i:15;s:10:\"USER_AGENT\";s:11:\"ia_archiver\";}',1),(183,17,1441076433,'a:3:{s:5:\"topic\";i:24;s:5:\"board\";i:17;s:10:\"USER_AGENT\";s:11:\"ia_archiver\";}',1),(184,17,1441076439,'a:3:{s:5:\"topic\";i:34;s:5:\"board\";i:18;s:10:\"USER_AGENT\";s:11:\"ia_archiver\";}',1),(185,17,1441076444,'a:3:{s:5:\"topic\";i:37;s:5:\"board\";i:20;s:10:\"USER_AGENT\";s:11:\"ia_archiver\";}',1),(186,17,1441076497,'a:3:{s:5:\"board\";i:12;s:4:\"sort\";s:9:\"last_post\";s:10:\"USER_AGENT\";s:11:\"ia_archiver\";}',1),(187,17,1441076502,'a:3:{s:5:\"board\";i:12;s:4:\"sort\";s:7:\"replies\";s:10:\"USER_AGENT\";s:11:\"ia_archiver\";}',1),(188,17,1441076507,'a:3:{s:5:\"board\";i:12;s:4:\"sort\";s:7:\"starter\";s:10:\"USER_AGENT\";s:11:\"ia_archiver\";}',1),(189,17,1441076512,'a:3:{s:5:\"topic\";i:10;s:5:\"board\";i:2;s:10:\"USER_AGENT\";s:11:\"ia_archiver\";}',1),(190,17,1441076517,'a:3:{s:5:\"topic\";i:5;s:5:\"board\";i:1;s:10:\"USER_AGENT\";s:11:\"ia_archiver\";}',1),(191,17,1441076522,'a:3:{s:5:\"topic\";i:6;s:5:\"board\";i:5;s:10:\"USER_AGENT\";s:11:\"ia_archiver\";}',1),(192,17,1441076534,'a:3:{s:5:\"topic\";i:8;s:5:\"board\";i:6;s:10:\"USER_AGENT\";s:11:\"ia_archiver\";}',1),(193,17,1441076545,'a:3:{s:5:\"topic\";i:12;s:5:\"board\";i:13;s:10:\"USER_AGENT\";s:11:\"ia_archiver\";}',1),(194,17,1441076551,'a:3:{s:5:\"topic\";i:13;s:5:\"board\";i:10;s:10:\"USER_AGENT\";s:11:\"ia_archiver\";}',1),(195,17,1441076557,'a:3:{s:5:\"topic\";i:14;s:5:\"board\";i:4;s:10:\"USER_AGENT\";s:11:\"ia_archiver\";}',1),(196,17,1441076562,'a:3:{s:5:\"topic\";i:15;s:5:\"board\";i:3;s:10:\"USER_AGENT\";s:11:\"ia_archiver\";}',1),(197,17,1441076567,'a:3:{s:5:\"topic\";i:17;s:5:\"board\";i:8;s:10:\"USER_AGENT\";s:11:\"ia_archiver\";}',1),(198,17,1441076588,'a:3:{s:6:\"action\";s:7:\"credits\";s:5:\"board\";i:12;s:10:\"USER_AGENT\";s:11:\"ia_archiver\";}',1),(199,17,1441076594,'a:3:{s:5:\"topic\";i:16;s:5:\"board\";i:7;s:10:\"USER_AGENT\";s:11:\"ia_archiver\";}',1),(200,17,1441076599,'a:3:{s:5:\"topic\";i:18;s:5:\"board\";i:9;s:10:\"USER_AGENT\";s:11:\"ia_archiver\";}',1),(201,17,1441076604,'a:3:{s:5:\"topic\";i:20;s:5:\"board\";i:14;s:10:\"USER_AGENT\";s:11:\"ia_archiver\";}',1),(202,17,1441076609,'a:3:{s:5:\"topic\";i:43;s:5:\"board\";i:19;s:10:\"USER_AGENT\";s:11:\"ia_archiver\";}',1),(203,1,1441095286,'a:2:{s:5:\"board\";i:17;s:10:\"USER_AGENT\";s:194:\"Mozilla/5.0 (iPhone; CPU iPhone OS 8_3 like Mac OS X) AppleWebKit/600.1.4 (KHTML, like Gecko) Version/8.0 Mobile/12F70 Safari/600.1.4 (compatible; Googlebot/2.1; +http://www.google.com/bot.html)\";}',1),(204,1,1441135884,'a:3:{s:5:\"topic\";i:42;s:5:\"board\";i:12;s:10:\"USER_AGENT\";s:72:\"Mozilla/5.0 (compatible; Googlebot/2.1; +http://www.google.com/bot.html)\";}',1),(205,1,1441147915,'a:3:{s:5:\"topic\";i:42;s:5:\"board\";i:12;s:10:\"USER_AGENT\";s:72:\"Mozilla/5.0 (compatible; Googlebot/2.1; +http://www.google.com/bot.html)\";}',1),(206,17,1441154390,'a:3:{s:5:\"topic\";i:44;s:5:\"board\";i:12;s:10:\"USER_AGENT\";s:11:\"ia_archiver\";}',1),(207,17,1441154393,'a:3:{s:5:\"topic\";i:44;s:5:\"board\";i:12;s:10:\"USER_AGENT\";s:11:\"ia_archiver\";}',1),(208,17,1441158597,'a:1:{s:10:\"USER_AGENT\";s:11:\"ia_archiver\";}',1),(209,17,1441158606,'a:4:{s:6:\"action\";s:7:\"credits\";s:5:\"topic\";i:42;s:5:\"board\";i:12;s:10:\"USER_AGENT\";s:11:\"ia_archiver\";}',1),(210,17,1441158614,'a:4:{s:5:\"topic\";i:42;s:9:\"prev_next\";s:4:\"next\";s:5:\"board\";i:12;s:10:\"USER_AGENT\";s:11:\"ia_archiver\";}',1),(211,17,1441158624,'a:4:{s:5:\"topic\";i:42;s:9:\"prev_next\";s:4:\"prev\";s:5:\"board\";i:12;s:10:\"USER_AGENT\";s:11:\"ia_archiver\";}',1),(212,17,1441176142,'a:3:{s:5:\"topic\";i:18;s:5:\"board\";i:9;s:10:\"USER_AGENT\";s:11:\"ia_archiver\";}',1),(213,17,1441176162,'a:3:{s:5:\"topic\";i:37;s:5:\"board\";i:20;s:10:\"USER_AGENT\";s:11:\"ia_archiver\";}',1),(214,17,1441176305,'a:3:{s:5:\"topic\";i:16;s:5:\"board\";i:7;s:10:\"USER_AGENT\";s:11:\"ia_archiver\";}',1),(215,17,1441176328,'a:3:{s:5:\"topic\";i:34;s:5:\"board\";i:18;s:10:\"USER_AGENT\";s:11:\"ia_archiver\";}',1),(216,17,1441176871,'a:3:{s:5:\"topic\";i:10;s:5:\"board\";i:2;s:10:\"USER_AGENT\";s:11:\"ia_archiver\";}',1),(217,17,1441176876,'a:3:{s:5:\"topic\";i:12;s:5:\"board\";i:13;s:10:\"USER_AGENT\";s:11:\"ia_archiver\";}',1),(218,17,1441176881,'a:3:{s:5:\"topic\";i:22;s:5:\"board\";i:15;s:10:\"USER_AGENT\";s:11:\"ia_archiver\";}',1),(219,17,1441176886,'a:3:{s:5:\"topic\";i:24;s:5:\"board\";i:17;s:10:\"USER_AGENT\";s:11:\"ia_archiver\";}',1),(220,17,1441176893,'a:3:{s:5:\"topic\";i:43;s:5:\"board\";i:19;s:10:\"USER_AGENT\";s:11:\"ia_archiver\";}',1),(221,17,1441176898,'a:3:{s:5:\"topic\";i:6;s:5:\"board\";i:5;s:10:\"USER_AGENT\";s:11:\"ia_archiver\";}',1),(222,17,1441176926,'a:3:{s:5:\"topic\";i:8;s:5:\"board\";i:6;s:10:\"USER_AGENT\";s:11:\"ia_archiver\";}',1),(223,17,1441177986,'a:3:{s:5:\"topic\";i:14;s:5:\"board\";i:4;s:10:\"USER_AGENT\";s:11:\"ia_archiver\";}',1),(224,17,1441177992,'a:3:{s:5:\"topic\";i:5;s:5:\"board\";i:1;s:10:\"USER_AGENT\";s:11:\"ia_archiver\";}',1),(225,17,1441177997,'a:3:{s:5:\"topic\";i:13;s:5:\"board\";i:10;s:10:\"USER_AGENT\";s:11:\"ia_archiver\";}',1),(226,17,1441178017,'a:3:{s:5:\"topic\";i:15;s:5:\"board\";i:3;s:10:\"USER_AGENT\";s:11:\"ia_archiver\";}',1),(227,17,1441178048,'a:3:{s:5:\"topic\";i:20;s:5:\"board\";i:14;s:10:\"USER_AGENT\";s:11:\"ia_archiver\";}',1),(228,17,1441179529,'a:3:{s:5:\"topic\";i:17;s:5:\"board\";i:8;s:10:\"USER_AGENT\";s:11:\"ia_archiver\";}',1),(229,17,1441231675,'a:2:{s:5:\"board\";i:19;s:10:\"USER_AGENT\";s:11:\"ia_archiver\";}',1),(230,17,1441231688,'a:3:{s:5:\"topic\";i:47;s:5:\"board\";i:19;s:10:\"USER_AGENT\";s:11:\"ia_archiver\";}',1),(231,17,1441231691,'a:3:{s:5:\"topic\";i:48;s:5:\"board\";i:19;s:10:\"USER_AGENT\";s:11:\"ia_archiver\";}',1),(232,17,1441231763,'a:3:{s:5:\"topic\";i:44;s:5:\"board\";i:12;s:10:\"USER_AGENT\";s:11:\"ia_archiver\";}',1),(233,17,1441237096,'a:2:{s:5:\"board\";i:1;s:10:\"USER_AGENT\";s:11:\"ia_archiver\";}',1),(234,17,1441237101,'a:2:{s:5:\"board\";i:23;s:10:\"USER_AGENT\";s:11:\"ia_archiver\";}',1),(235,17,1441237106,'a:2:{s:5:\"board\";i:5;s:10:\"USER_AGENT\";s:11:\"ia_archiver\";}',1),(236,17,1441237111,'a:2:{s:5:\"board\";i:9;s:10:\"USER_AGENT\";s:11:\"ia_archiver\";}',1),(237,17,1441237116,'a:3:{s:5:\"topic\";i:18;s:5:\"board\";i:9;s:10:\"USER_AGENT\";s:11:\"ia_archiver\";}',1),(238,17,1441237121,'a:3:{s:5:\"topic\";i:42;s:5:\"board\";i:12;s:10:\"USER_AGENT\";s:11:\"ia_archiver\";}',1),(239,17,1441237126,'a:3:{s:5:\"topic\";i:43;s:5:\"board\";i:19;s:10:\"USER_AGENT\";s:11:\"ia_archiver\";}',1),(240,17,1441237132,'a:3:{s:5:\"topic\";i:45;s:5:\"board\";i:19;s:10:\"USER_AGENT\";s:11:\"ia_archiver\";}',1),(241,17,1441237137,'a:4:{s:5:\"topic\";i:46;s:9:\"boardseen\";s:0:\"\";s:5:\"board\";i:19;s:10:\"USER_AGENT\";s:11:\"ia_archiver\";}',1),(242,17,1441237142,'a:3:{s:5:\"topic\";i:47;s:5:\"board\";i:19;s:10:\"USER_AGENT\";s:11:\"ia_archiver\";}',1),(243,17,1441237147,'a:3:{s:5:\"topic\";i:47;s:5:\"board\";i:19;s:10:\"USER_AGENT\";s:11:\"ia_archiver\";}',1),(244,17,1441237152,'a:3:{s:5:\"topic\";i:48;s:5:\"board\";i:19;s:10:\"USER_AGENT\";s:11:\"ia_archiver\";}',1),(245,17,1441237157,'a:3:{s:5:\"topic\";i:6;s:5:\"board\";i:5;s:10:\"USER_AGENT\";s:11:\"ia_archiver\";}',1),(246,17,1441237162,'a:3:{s:5:\"topic\";i:6;s:5:\"board\";i:5;s:10:\"USER_AGENT\";s:11:\"ia_archiver\";}',1),(247,17,1441243043,'a:4:{s:6:\"action\";s:7:\"credits\";s:5:\"topic\";i:44;s:5:\"board\";i:12;s:10:\"USER_AGENT\";s:11:\"ia_archiver\";}',1),(248,17,1441243047,'a:4:{s:5:\"topic\";i:44;s:9:\"prev_next\";s:4:\"next\";s:5:\"board\";i:12;s:10:\"USER_AGENT\";s:11:\"ia_archiver\";}',1),(249,17,1441243059,'a:4:{s:5:\"topic\";i:44;s:9:\"prev_next\";s:4:\"prev\";s:5:\"board\";i:12;s:10:\"USER_AGENT\";s:11:\"ia_archiver\";}',1),(250,17,1441251862,'a:4:{s:6:\"action\";s:7:\"credits\";s:5:\"topic\";i:44;s:5:\"board\";i:12;s:10:\"USER_AGENT\";s:11:\"ia_archiver\";}',1),(251,17,1441251867,'a:4:{s:5:\"topic\";i:44;s:9:\"prev_next\";s:4:\"next\";s:5:\"board\";i:12;s:10:\"USER_AGENT\";s:11:\"ia_archiver\";}',1),(252,17,1441251892,'a:4:{s:5:\"topic\";i:44;s:9:\"prev_next\";s:4:\"prev\";s:5:\"board\";i:12;s:10:\"USER_AGENT\";s:11:\"ia_archiver\";}',1),(253,17,1441325273,'a:3:{s:5:\"topic\";i:45;s:5:\"board\";i:19;s:10:\"USER_AGENT\";s:11:\"ia_archiver\";}',1),(254,17,1441325316,'a:3:{s:5:\"topic\";i:46;s:5:\"board\";i:19;s:10:\"USER_AGENT\";s:11:\"ia_archiver\";}',1),(255,17,1441325320,'a:4:{s:5:\"topic\";i:47;s:9:\"prev_next\";s:4:\"next\";s:5:\"board\";i:19;s:10:\"USER_AGENT\";s:11:\"ia_archiver\";}',1),(256,17,1441325329,'a:4:{s:5:\"topic\";i:47;s:9:\"prev_next\";s:4:\"prev\";s:5:\"board\";i:19;s:10:\"USER_AGENT\";s:11:\"ia_archiver\";}',0),(257,17,1441325342,'a:4:{s:5:\"topic\";i:48;s:9:\"prev_next\";s:4:\"next\";s:5:\"board\";i:19;s:10:\"USER_AGENT\";s:11:\"ia_archiver\";}',0),(258,17,1441325381,'a:4:{s:5:\"topic\";i:48;s:9:\"prev_next\";s:4:\"prev\";s:5:\"board\";i:19;s:10:\"USER_AGENT\";s:11:\"ia_archiver\";}',0),(259,17,1441331243,'a:3:{s:5:\"board\";i:19;s:4:\"sort\";s:9:\"last_post\";s:10:\"USER_AGENT\";s:11:\"ia_archiver\";}',0),(260,17,1441331246,'a:3:{s:5:\"board\";i:19;s:4:\"sort\";s:7:\"replies\";s:10:\"USER_AGENT\";s:11:\"ia_archiver\";}',0),(261,17,1441331251,'a:3:{s:5:\"board\";i:19;s:4:\"sort\";s:7:\"starter\";s:10:\"USER_AGENT\";s:11:\"ia_archiver\";}',0),(262,17,1441331256,'a:3:{s:5:\"board\";i:19;s:4:\"sort\";s:7:\"subject\";s:10:\"USER_AGENT\";s:11:\"ia_archiver\";}',0),(263,17,1441331261,'a:3:{s:5:\"board\";i:19;s:4:\"sort\";s:5:\"views\";s:10:\"USER_AGENT\";s:11:\"ia_archiver\";}',0),(264,17,1441331267,'a:3:{s:5:\"topic\";i:35;s:5:\"board\";i:19;s:10:\"USER_AGENT\";s:11:\"ia_archiver\";}',0),(265,17,1441331272,'a:3:{s:5:\"topic\";i:36;s:5:\"board\";i:19;s:10:\"USER_AGENT\";s:11:\"ia_archiver\";}',0),(266,17,1441331277,'a:3:{s:5:\"topic\";i:38;s:5:\"board\";i:19;s:10:\"USER_AGENT\";s:11:\"ia_archiver\";}',0),(267,17,1441331282,'a:3:{s:5:\"topic\";i:39;s:5:\"board\";i:19;s:10:\"USER_AGENT\";s:11:\"ia_archiver\";}',0),(268,17,1441331287,'a:3:{s:5:\"topic\";i:40;s:5:\"board\";i:19;s:10:\"USER_AGENT\";s:11:\"ia_archiver\";}',0),(269,17,1441331292,'a:3:{s:5:\"topic\";i:43;s:5:\"board\";i:19;s:10:\"USER_AGENT\";s:11:\"ia_archiver\";}',0),(270,17,1441331297,'a:3:{s:5:\"topic\";i:45;s:5:\"board\";i:19;s:10:\"USER_AGENT\";s:11:\"ia_archiver\";}',0),(271,17,1441331302,'a:3:{s:5:\"topic\";i:46;s:5:\"board\";i:19;s:10:\"USER_AGENT\";s:11:\"ia_archiver\";}',0),(272,17,1441331307,'a:3:{s:5:\"topic\";i:47;s:5:\"board\";i:19;s:10:\"USER_AGENT\";s:11:\"ia_archiver\";}',0),(273,17,1441331312,'a:3:{s:5:\"topic\";i:48;s:5:\"board\";i:19;s:10:\"USER_AGENT\";s:11:\"ia_archiver\";}',0),(274,17,1441331317,'a:3:{s:5:\"topic\";i:49;s:5:\"board\";i:19;s:10:\"USER_AGENT\";s:11:\"ia_archiver\";}',0),(275,17,1441331359,'a:3:{s:5:\"topic\";i:51;s:5:\"board\";i:19;s:10:\"USER_AGENT\";s:11:\"ia_archiver\";}',0),(276,17,1441336113,'a:4:{s:5:\"topic\";i:6;s:9:\"prev_next\";s:4:\"next\";s:5:\"board\";i:5;s:10:\"USER_AGENT\";s:11:\"ia_archiver\";}',0),(277,17,1441336118,'a:4:{s:5:\"topic\";i:6;s:9:\"prev_next\";s:4:\"prev\";s:5:\"board\";i:5;s:10:\"USER_AGENT\";s:11:\"ia_archiver\";}',0),(278,17,1441336159,'a:4:{s:6:\"action\";s:7:\"credits\";s:5:\"topic\";i:47;s:5:\"board\";i:19;s:10:\"USER_AGENT\";s:11:\"ia_archiver\";}',0),(279,17,1441336164,'a:4:{s:6:\"action\";s:7:\"credits\";s:5:\"topic\";i:48;s:5:\"board\";i:19;s:10:\"USER_AGENT\";s:11:\"ia_archiver\";}',0),(280,17,1441336200,'a:3:{s:5:\"topic\";i:5;s:5:\"board\";i:1;s:10:\"USER_AGENT\";s:11:\"ia_archiver\";}',0),(281,17,1441348610,'a:3:{s:6:\"action\";s:7:\"credits\";s:5:\"board\";i:1;s:10:\"USER_AGENT\";s:11:\"ia_archiver\";}',0),(282,17,1441348611,'a:3:{s:6:\"action\";s:7:\"credits\";s:5:\"board\";i:23;s:10:\"USER_AGENT\";s:11:\"ia_archiver\";}',0),(283,17,1441348616,'a:3:{s:5:\"board\";i:5;s:4:\"sort\";s:9:\"last_post\";s:10:\"USER_AGENT\";s:11:\"ia_archiver\";}',0),(284,17,1441348621,'a:3:{s:5:\"board\";i:5;s:4:\"sort\";s:7:\"replies\";s:10:\"USER_AGENT\";s:11:\"ia_archiver\";}',0),(285,17,1441348626,'a:3:{s:5:\"board\";i:9;s:4:\"sort\";s:9:\"last_post\";s:10:\"USER_AGENT\";s:11:\"ia_archiver\";}',0),(286,17,1441348632,'a:3:{s:5:\"board\";i:9;s:4:\"sort\";s:7:\"replies\";s:10:\"USER_AGENT\";s:11:\"ia_archiver\";}',0),(287,17,1441348637,'a:4:{s:5:\"topic\";i:18;s:9:\"prev_next\";s:4:\"next\";s:5:\"board\";i:9;s:10:\"USER_AGENT\";s:11:\"ia_archiver\";}',0),(288,17,1441348642,'a:4:{s:5:\"topic\";i:18;s:9:\"prev_next\";s:4:\"prev\";s:5:\"board\";i:9;s:10:\"USER_AGENT\";s:11:\"ia_archiver\";}',0),(289,17,1441348647,'a:4:{s:5:\"topic\";i:43;s:9:\"prev_next\";s:4:\"prev\";s:5:\"board\";i:19;s:10:\"USER_AGENT\";s:11:\"ia_archiver\";}',0),(290,17,1441348652,'a:4:{s:5:\"topic\";i:45;s:9:\"prev_next\";s:4:\"next\";s:5:\"board\";i:19;s:10:\"USER_AGENT\";s:11:\"ia_archiver\";}',0),(291,17,1441348657,'a:4:{s:6:\"action\";s:7:\"credits\";s:5:\"topic\";i:45;s:5:\"board\";i:19;s:10:\"USER_AGENT\";s:11:\"ia_archiver\";}',0),(292,17,1441348662,'a:4:{s:5:\"topic\";i:46;s:9:\"prev_next\";s:4:\"prev\";s:5:\"board\";i:19;s:10:\"USER_AGENT\";s:11:\"ia_archiver\";}',0),(293,17,1441348668,'a:5:{s:6:\"action\";s:7:\"credits\";s:5:\"topic\";i:46;s:9:\"boardseen\";s:0:\"\";s:5:\"board\";i:19;s:10:\"USER_AGENT\";s:11:\"ia_archiver\";}',0),(294,17,1441348672,'a:4:{s:6:\"action\";s:7:\"credits\";s:5:\"topic\";i:48;s:5:\"board\";i:19;s:10:\"USER_AGENT\";s:11:\"ia_archiver\";}',0),(295,17,1441348677,'a:4:{s:6:\"action\";s:7:\"credits\";s:5:\"topic\";i:6;s:5:\"board\";i:5;s:10:\"USER_AGENT\";s:11:\"ia_archiver\";}',0),(296,17,1441348683,'a:4:{s:6:\"action\";s:7:\"credits\";s:5:\"topic\";i:6;s:5:\"board\";i:5;s:10:\"USER_AGENT\";s:11:\"ia_archiver\";}',0),(297,17,1441348687,'a:3:{s:5:\"board\";i:1;s:4:\"sort\";s:7:\"subject\";s:10:\"USER_AGENT\";s:11:\"ia_archiver\";}',0),(298,17,1441348719,'a:3:{s:6:\"action\";s:7:\"credits\";s:5:\"board\";i:5;s:10:\"USER_AGENT\";s:11:\"ia_archiver\";}',0),(299,17,1441348725,'a:3:{s:5:\"board\";i:5;s:4:\"sort\";s:7:\"starter\";s:10:\"USER_AGENT\";s:11:\"ia_archiver\";}',0),(300,17,1441348730,'a:3:{s:5:\"board\";i:5;s:4:\"sort\";s:7:\"subject\";s:10:\"USER_AGENT\";s:11:\"ia_archiver\";}',0),(301,17,1441348735,'a:3:{s:5:\"board\";i:5;s:4:\"sort\";s:5:\"views\";s:10:\"USER_AGENT\";s:11:\"ia_archiver\";}',0),(302,17,1441348740,'a:3:{s:6:\"action\";s:7:\"credits\";s:5:\"board\";i:9;s:10:\"USER_AGENT\";s:11:\"ia_archiver\";}',0),(303,17,1441348745,'a:3:{s:5:\"board\";i:9;s:4:\"sort\";s:7:\"starter\";s:10:\"USER_AGENT\";s:11:\"ia_archiver\";}',0),(304,17,1441348750,'a:3:{s:5:\"board\";i:9;s:4:\"sort\";s:7:\"subject\";s:10:\"USER_AGENT\";s:11:\"ia_archiver\";}',0),(305,17,1441348755,'a:3:{s:5:\"board\";i:9;s:4:\"sort\";s:5:\"views\";s:10:\"USER_AGENT\";s:11:\"ia_archiver\";}',0),(306,17,1441348760,'a:4:{s:6:\"action\";s:7:\"credits\";s:5:\"topic\";i:18;s:5:\"board\";i:9;s:10:\"USER_AGENT\";s:11:\"ia_archiver\";}',0),(307,17,1441348765,'a:4:{s:6:\"action\";s:7:\"credits\";s:5:\"topic\";i:43;s:5:\"board\";i:19;s:10:\"USER_AGENT\";s:11:\"ia_archiver\";}',0),(308,17,1441348770,'a:4:{s:5:\"topic\";i:43;s:9:\"prev_next\";s:4:\"next\";s:5:\"board\";i:19;s:10:\"USER_AGENT\";s:11:\"ia_archiver\";}',0),(309,17,1441348775,'a:4:{s:5:\"topic\";i:45;s:9:\"prev_next\";s:4:\"prev\";s:5:\"board\";i:19;s:10:\"USER_AGENT\";s:11:\"ia_archiver\";}',0),(310,17,1441348780,'a:4:{s:5:\"topic\";i:46;s:9:\"prev_next\";s:4:\"next\";s:5:\"board\";i:19;s:10:\"USER_AGENT\";s:11:\"ia_archiver\";}',0),(311,17,1441348786,'a:4:{s:6:\"action\";s:7:\"credits\";s:5:\"topic\";i:47;s:5:\"board\";i:19;s:10:\"USER_AGENT\";s:11:\"ia_archiver\";}',0),(312,17,1441348791,'a:4:{s:6:\"action\";s:7:\"credits\";s:5:\"topic\";i:47;s:5:\"board\";i:19;s:10:\"USER_AGENT\";s:11:\"ia_archiver\";}',0),(313,17,1441348796,'a:3:{s:5:\"board\";i:1;s:4:\"sort\";s:9:\"last_post\";s:10:\"USER_AGENT\";s:11:\"ia_archiver\";}',0),(314,17,1441348801,'a:3:{s:5:\"board\";i:1;s:4:\"sort\";s:7:\"replies\";s:10:\"USER_AGENT\";s:11:\"ia_archiver\";}',0),(315,17,1441348806,'a:3:{s:5:\"board\";i:1;s:4:\"sort\";s:7:\"starter\";s:10:\"USER_AGENT\";s:11:\"ia_archiver\";}',0),(316,17,1441348813,'a:3:{s:5:\"board\";i:1;s:4:\"sort\";s:5:\"views\";s:10:\"USER_AGENT\";s:11:\"ia_archiver\";}',0),(317,1,1441354214,'a:3:{s:5:\"topic\";i:36;s:5:\"board\";i:19;s:10:\"USER_AGENT\";s:72:\"Mozilla/5.0 (compatible; Googlebot/2.1; +http://www.google.com/bot.html)\";}',0);
/*!40000 ALTER TABLE `smf_log_spider_hits` ENABLE KEYS */;
UNLOCK TABLES;

--
-- Table structure for table `smf_log_spider_stats`
--

DROP TABLE IF EXISTS `smf_log_spider_stats`;
/*!40101 SET @saved_cs_client     = @@character_set_client */;
/*!40101 SET character_set_client = utf8 */;
CREATE TABLE `smf_log_spider_stats` (
  `id_spider` smallint(5) unsigned NOT NULL DEFAULT '0',
  `page_hits` smallint(5) unsigned NOT NULL DEFAULT '0',
  `last_seen` int(10) unsigned NOT NULL DEFAULT '0',
  `stat_date` date NOT NULL DEFAULT '0001-01-01',
  PRIMARY KEY (`stat_date`,`id_spider`)
) ENGINE=InnoDB DEFAULT CHARSET=utf8;
/*!40101 SET character_set_client = @saved_cs_client */;

--
-- Dumping data for table `smf_log_spider_stats`
--

LOCK TABLES `smf_log_spider_stats` WRITE;
/*!40000 ALTER TABLE `smf_log_spider_stats` DISABLE KEYS */;
INSERT INTO `smf_log_spider_stats` VALUES (1,2,1440434458,'2015-08-24'),(1,49,1440520916,'2015-08-25'),(1,13,1440572372,'2015-08-26'),(1,29,1440692254,'2015-08-27'),(1,1,1440843623,'2015-08-29'),(1,8,1440933890,'2015-08-30'),(1,9,1440998437,'2015-08-31'),(17,5,1440984737,'2015-08-31'),(1,2,1441095286,'2015-09-01'),(17,85,1441076609,'2015-09-01'),(1,2,1441147915,'2015-09-02'),(17,23,1441179529,'2015-09-02'),(17,24,1441251892,'2015-09-03'),(17,3,1441325320,'2015-09-04');
/*!40000 ALTER TABLE `smf_log_spider_stats` ENABLE KEYS */;
UNLOCK TABLES;

--
-- Table structure for table `smf_log_subscribed`
--

DROP TABLE IF EXISTS `smf_log_subscribed`;
/*!40101 SET @saved_cs_client     = @@character_set_client */;
/*!40101 SET character_set_client = utf8 */;
CREATE TABLE `smf_log_subscribed` (
  `id_sublog` int(10) unsigned NOT NULL AUTO_INCREMENT,
  `id_subscribe` mediumint(8) unsigned NOT NULL DEFAULT '0',
  `id_member` int(10) NOT NULL DEFAULT '0',
  `old_id_group` smallint(5) NOT NULL DEFAULT '0',
  `start_time` int(10) NOT NULL DEFAULT '0',
  `end_time` int(10) NOT NULL DEFAULT '0',
  `status` tinyint(3) NOT NULL DEFAULT '0',
  `payments_pending` tinyint(3) NOT NULL DEFAULT '0',
  `pending_details` text NOT NULL,
  `reminder_sent` tinyint(3) NOT NULL DEFAULT '0',
  `vendor_ref` varchar(255) NOT NULL DEFAULT '',
  PRIMARY KEY (`id_sublog`),
  UNIQUE KEY `id_subscribe` (`id_subscribe`,`id_member`),
  KEY `end_time` (`end_time`),
  KEY `reminder_sent` (`reminder_sent`),
  KEY `payments_pending` (`payments_pending`),
  KEY `status` (`status`),
  KEY `id_member` (`id_member`)
) ENGINE=InnoDB DEFAULT CHARSET=utf8;
/*!40101 SET character_set_client = @saved_cs_client */;

--
-- Dumping data for table `smf_log_subscribed`
--

LOCK TABLES `smf_log_subscribed` WRITE;
/*!40000 ALTER TABLE `smf_log_subscribed` DISABLE KEYS */;
/*!40000 ALTER TABLE `smf_log_subscribed` ENABLE KEYS */;
UNLOCK TABLES;

--
-- Table structure for table `smf_log_topics`
--

DROP TABLE IF EXISTS `smf_log_topics`;
/*!40101 SET @saved_cs_client     = @@character_set_client */;
/*!40101 SET character_set_client = utf8 */;
CREATE TABLE `smf_log_topics` (
  `id_member` mediumint(8) unsigned NOT NULL DEFAULT '0',
  `id_topic` mediumint(8) unsigned NOT NULL DEFAULT '0',
  `id_msg` int(10) unsigned NOT NULL DEFAULT '0',
  `unwatched` tinyint(3) NOT NULL DEFAULT '0',
  PRIMARY KEY (`id_member`,`id_topic`),
  KEY `id_topic` (`id_topic`)
) ENGINE=InnoDB DEFAULT CHARSET=utf8;
/*!40101 SET character_set_client = @saved_cs_client */;

--
-- Dumping data for table `smf_log_topics`
--

LOCK TABLES `smf_log_topics` WRITE;
/*!40000 ALTER TABLE `smf_log_topics` DISABLE KEYS */;
INSERT INTO `smf_log_topics` VALUES (1,5,43,0),(1,6,36,0),(1,7,29,0),(1,8,43,0),(1,9,34,0),(1,10,34,0),(1,12,87,0),(1,13,34,0),(1,14,34,0),(1,16,34,0),(1,17,34,0),(1,18,34,0),(1,20,57,0),(1,21,34,0),(1,22,57,0),(1,23,85,0),(1,24,36,0),(1,31,49,0),(1,32,49,0),(1,33,49,0),(1,34,49,0),(1,37,53,0),(1,42,77,0),(1,44,74,0),(2,5,25,0),(2,6,81,0),(2,7,8,0),(2,8,8,0),(2,9,87,0),(2,10,86,0),(2,11,11,0),(2,12,89,0),(2,13,19,0),(2,14,45,0),(2,15,21,0),(2,16,43,0),(2,17,43,0),(2,18,85,0),(2,20,57,0),(2,21,65,0),(2,22,33,0),(2,23,34,0),(2,24,43,0),(2,31,49,0),(2,32,49,0),(2,33,49,0),(2,34,49,0),(2,35,69,0),(2,36,69,0),(2,37,53,0),(2,38,85,0),(2,39,69,0),(2,40,82,0),(2,42,76,0),(2,43,76,0),(2,44,75,0),(2,45,77,0),(2,46,78,0),(2,47,81,0),(2,48,81,0),(2,49,82,0),(2,51,85,0),(2,52,87,0),(2,53,88,0),(4,15,83,0),(6,15,36,0),(6,20,57,0),(7,10,55,0),(7,21,56,0),(7,42,69,0);
/*!40000 ALTER TABLE `smf_log_topics` ENABLE KEYS */;
UNLOCK TABLES;

--
-- Table structure for table `smf_mail_queue`
--

DROP TABLE IF EXISTS `smf_mail_queue`;
/*!40101 SET @saved_cs_client     = @@character_set_client */;
/*!40101 SET character_set_client = utf8 */;
CREATE TABLE `smf_mail_queue` (
  `id_mail` int(10) unsigned NOT NULL AUTO_INCREMENT,
  `time_sent` int(10) NOT NULL DEFAULT '0',
  `recipient` varchar(255) NOT NULL DEFAULT '',
  `body` mediumtext NOT NULL,
  `subject` varchar(255) NOT NULL DEFAULT '',
  `headers` text NOT NULL,
  `send_html` tinyint(3) NOT NULL DEFAULT '0',
  `priority` tinyint(3) NOT NULL DEFAULT '1',
  `private` tinyint(1) NOT NULL DEFAULT '0',
  PRIMARY KEY (`id_mail`),
  KEY `time_sent` (`time_sent`),
  KEY `mail_priority` (`priority`,`id_mail`)
) ENGINE=InnoDB AUTO_INCREMENT=12 DEFAULT CHARSET=utf8;
/*!40101 SET character_set_client = @saved_cs_client */;

--
-- Dumping data for table `smf_mail_queue`
--

LOCK TABLES `smf_mail_queue` WRITE;
/*!40000 ALTER TABLE `smf_mail_queue` DISABLE KEYS */;
/*!40000 ALTER TABLE `smf_mail_queue` ENABLE KEYS */;
UNLOCK TABLES;

--
-- Table structure for table `smf_member_logins`
--

DROP TABLE IF EXISTS `smf_member_logins`;
/*!40101 SET @saved_cs_client     = @@character_set_client */;
/*!40101 SET character_set_client = utf8 */;
CREATE TABLE `smf_member_logins` (
  `id_login` int(10) NOT NULL AUTO_INCREMENT,
  `id_member` mediumint(8) NOT NULL DEFAULT '0',
  `time` int(10) NOT NULL DEFAULT '0',
  `ip` varchar(255) NOT NULL DEFAULT '0',
  `ip2` varchar(255) NOT NULL DEFAULT '0',
  PRIMARY KEY (`id_login`),
  KEY `id_member` (`id_member`),
  KEY `time` (`time`)
) ENGINE=InnoDB AUTO_INCREMENT=25 DEFAULT CHARSET=utf8;
/*!40101 SET character_set_client = @saved_cs_client */;

--
-- Dumping data for table `smf_member_logins`
--

LOCK TABLES `smf_member_logins` WRITE;
/*!40000 ALTER TABLE `smf_member_logins` DISABLE KEYS */;
INSERT INTO `smf_member_logins` VALUES (24,2,1441349156,'85.27.74.173','');
/*!40000 ALTER TABLE `smf_member_logins` ENABLE KEYS */;
UNLOCK TABLES;

--
-- Table structure for table `smf_membergroups`
--

DROP TABLE IF EXISTS `smf_membergroups`;
/*!40101 SET @saved_cs_client     = @@character_set_client */;
/*!40101 SET character_set_client = utf8 */;
CREATE TABLE `smf_membergroups` (
  `id_group` smallint(5) unsigned NOT NULL AUTO_INCREMENT,
  `group_name` varchar(80) NOT NULL DEFAULT '',
  `description` text NOT NULL,
  `online_color` varchar(20) NOT NULL DEFAULT '',
  `min_posts` mediumint(9) NOT NULL DEFAULT '-1',
  `max_messages` smallint(5) unsigned NOT NULL DEFAULT '0',
  `icons` varchar(255) NOT NULL DEFAULT '',
  `group_type` tinyint(3) NOT NULL DEFAULT '0',
  `hidden` tinyint(3) NOT NULL DEFAULT '0',
  `id_parent` smallint(5) NOT NULL DEFAULT '-2',
  PRIMARY KEY (`id_group`),
  KEY `min_posts` (`min_posts`)
) ENGINE=InnoDB AUTO_INCREMENT=11 DEFAULT CHARSET=utf8;
/*!40101 SET character_set_client = @saved_cs_client */;

--
-- Dumping data for table `smf_membergroups`
--

LOCK TABLES `smf_membergroups` WRITE;
/*!40000 ALTER TABLE `smf_membergroups` DISABLE KEYS */;
INSERT INTO `smf_membergroups` VALUES (1,'Administrateur','','#FF0000',-1,0,'5#iconadmin.png',0,0,-2),(2,'Moderateur Global','','#0000FF',-1,0,'5#icongmod.png',0,0,-2),(3,'Moderateur','','',-1,0,'5#iconmod.png',0,0,-2),(4,'Newbie','','',0,0,'1#icon.png',0,0,-2),(5,'Jr. Member','','',50,0,'2#icon.png',0,0,-2),(6,'Full Member','','',100,0,'3#icon.png',0,0,-2),(7,'Sr. Member','','',250,0,'4#icon.png',0,0,-2),(8,'Hero Member','','',500,0,'5#icon.png',0,0,-2),(9,'Opratrice','','',-1,0,'5#icon.png',0,0,0),(10,'Titulaire','','',-1,0,'5#icon.png',0,0,0);
/*!40000 ALTER TABLE `smf_membergroups` ENABLE KEYS */;
UNLOCK TABLES;

--
-- Table structure for table `smf_members`
--

DROP TABLE IF EXISTS `smf_members`;
/*!40101 SET @saved_cs_client     = @@character_set_client */;
/*!40101 SET character_set_client = utf8 */;
CREATE TABLE `smf_members` (
  `id_member` mediumint(8) unsigned NOT NULL AUTO_INCREMENT,
  `member_name` varchar(80) NOT NULL DEFAULT '',
  `date_registered` int(10) unsigned NOT NULL DEFAULT '0',
  `posts` mediumint(8) unsigned NOT NULL DEFAULT '0',
  `id_group` smallint(5) unsigned NOT NULL DEFAULT '0',
  `lngfile` varchar(255) NOT NULL DEFAULT '',
  `last_login` int(10) unsigned NOT NULL DEFAULT '0',
  `real_name` varchar(255) NOT NULL DEFAULT '',
  `instant_messages` smallint(5) NOT NULL DEFAULT '0',
  `unread_messages` smallint(5) NOT NULL DEFAULT '0',
  `new_pm` tinyint(3) unsigned NOT NULL DEFAULT '0',
  `alerts` int(10) unsigned NOT NULL DEFAULT '0',
  `buddy_list` text NOT NULL,
  `pm_ignore_list` varchar(255) NOT NULL DEFAULT '',
  `pm_prefs` mediumint(8) NOT NULL DEFAULT '0',
  `mod_prefs` varchar(20) NOT NULL DEFAULT '',
  `passwd` varchar(64) NOT NULL DEFAULT '',
  `email_address` varchar(255) NOT NULL DEFAULT '',
  `personal_text` varchar(255) NOT NULL DEFAULT '',
  `birthdate` date NOT NULL DEFAULT '0001-01-01',
  `website_title` varchar(255) NOT NULL DEFAULT '',
  `website_url` varchar(255) NOT NULL DEFAULT '',
  `hide_email` tinyint(4) NOT NULL DEFAULT '0',
  `show_online` tinyint(4) NOT NULL DEFAULT '1',
  `time_format` varchar(80) NOT NULL DEFAULT '',
  `signature` text NOT NULL,
  `time_offset` float NOT NULL DEFAULT '0',
  `avatar` varchar(255) NOT NULL DEFAULT '',
  `usertitle` varchar(255) NOT NULL DEFAULT '',
  `notify_announcements` tinyint(4) NOT NULL DEFAULT '1',
  `notify_regularity` tinyint(4) NOT NULL DEFAULT '1',
  `notify_send_body` tinyint(4) NOT NULL DEFAULT '0',
  `notify_types` tinyint(4) NOT NULL DEFAULT '2',
  `member_ip` varchar(255) NOT NULL DEFAULT '',
  `member_ip2` varchar(255) NOT NULL DEFAULT '',
  `secret_question` varchar(255) NOT NULL DEFAULT '',
  `secret_answer` varchar(64) NOT NULL DEFAULT '',
  `id_theme` tinyint(4) unsigned NOT NULL DEFAULT '0',
  `is_activated` tinyint(3) unsigned NOT NULL DEFAULT '1',
  `validation_code` varchar(10) NOT NULL DEFAULT '',
  `id_msg_last_visit` int(10) unsigned NOT NULL DEFAULT '0',
  `additional_groups` varchar(255) NOT NULL DEFAULT '',
  `smiley_set` varchar(48) NOT NULL DEFAULT '',
  `id_post_group` smallint(5) unsigned NOT NULL DEFAULT '0',
  `total_time_logged_in` int(10) unsigned NOT NULL DEFAULT '0',
  `password_salt` varchar(255) NOT NULL DEFAULT '',
  `ignore_boards` text NOT NULL,
  `warning` tinyint(4) NOT NULL DEFAULT '0',
  `passwd_flood` varchar(12) NOT NULL DEFAULT '',
  `pm_receive_from` tinyint(4) unsigned NOT NULL DEFAULT '1',
  `timezone` varchar(80) NOT NULL DEFAULT 'UTC',
  `tfa_secret` varchar(24) NOT NULL DEFAULT '',
  `tfa_backup` varchar(64) NOT NULL DEFAULT '',
  PRIMARY KEY (`id_member`),
  KEY `member_name` (`member_name`),
  KEY `real_name` (`real_name`),
  KEY `email_address` (`email_address`),
  KEY `date_registered` (`date_registered`),
  KEY `id_group` (`id_group`),
  KEY `birthdate` (`birthdate`),
  KEY `posts` (`posts`),
  KEY `last_login` (`last_login`),
  KEY `lngfile` (`lngfile`(30)),
  KEY `id_post_group` (`id_post_group`),
  KEY `warning` (`warning`),
  KEY `total_time_logged_in` (`total_time_logged_in`),
  KEY `id_theme` (`id_theme`)
) ENGINE=InnoDB AUTO_INCREMENT=8 DEFAULT CHARSET=utf8;
/*!40101 SET character_set_client = @saved_cs_client */;

--
-- Dumping data for table `smf_members`
--

LOCK TABLES `smf_members` WRITE;
/*!40000 ALTER TABLE `smf_members` DISABLE KEYS */;
INSERT INTO `smf_members` VALUES (1,'GrCOTE7',1439636117,1,1,'french-utf8',1441299764,'GrCOTE7',0,0,0,1,'','',0,'','$2y$10$Z6Iic1iG7SRCM/5d/A6Ag.v8Yu.02/b8VoElsUw6HONI.hYATs7YC','GrCOTE7@sublime-voyance.be','Soyez PArtout !','1965-03-23','Croupe COTE','http://www.COTE7.com',0,1,'%A %d %B %Y - %H:%M','[b]WWW[/B]...? [B]W[/B]ife, [B]W[/B]orld, [B]W[/B]eb [B]![/B]',0,'','Boosteur Aadminli',1,1,0,2,'91.178.131.43','','','',2,1,'',71,'','',4,37874,'7847','',0,'',1,'Europe/Brussels','',''),(2,'Alexandra',1439638869,70,1,'french-utf8',1441355783,'Alexandra',0,0,0,0,'','',0,'','$2y$10$8KbNxRZHxCb4hrzkbuS0r.Oy1rr2/Lq6KGC/PPdY4mGi4tiM7X5h.','alexandra7voyante@gmail.com','','0001-01-01','','',0,1,'%A %d %B %Y, %H:%M','[b]Testez-moi gratuitement[/b], envoyez une question, accompagne de votre nom, prnom, date de naissance et rgion. <br>[b][email=alexandra@sublime-voyance.be]alexandra@sublime-voyance.be[/email][/b]<br>Je vous rpondrai maximum dans les 48 heures.<br>Cette offre n&#39;est valable qu&#39;une seule fois!<br><br>Consultation immdiate: [b]0907/ 37 157[/b] (1,50/min) [b]7/7j[/b]',0,'','',1,1,0,2,'85.27.74.173','','','',2,1,'',58,'','',5,104827,'a784','',0,'',1,'Europe/Brussels','',''),(3,'Pauline',1439725762,0,0,'',0,'Pauline',0,0,0,0,'','',0,'','$2y$10$SZ15nD7EzNVB2NDIdERDCu1.ITlJMPXEAaPPeOvf1buC/lP2xpPA2','pioupiouone@mns.com','Bienvenue dans le forum de Sunlime-Voyance','0001-01-01','','',0,1,'','',0,'','',1,1,0,2,'127.0.0.1','127.0.0.1','','',2,1,'',0,'','',4,0,'f90d','',0,'',1,'UTC','',''),(4,'chantal rouyr',1439725953,0,0,'',1441256302,'chantal rouyr',0,0,0,0,'','',0,'','$2y$10$yluaaChpLMLOO9jCifTu5.Gq1YT/F0vXyb6Cii0L0ymTHpypnvbQO','rouyr.chantal@gmail.com','Bienvenue dans le forum de Sublime-Voyance','0001-01-01','','',0,1,'','',0,'','',1,1,0,2,'85.26.2.106','','','',2,1,'',82,'','',4,315,'4358','',0,'',1,'UTC','',''),(5,'Fafa1970',1439727461,0,0,'',0,'Fafa1970',0,0,0,0,'','',0,'','$2y$10$h57FZSXGu/raycBP4.1Q2e4X/uqa0cWOGvdlTTfZkKPUtDMl81FP6','fabrice.demarco@gmail.com','Bienvenue dans le forum de Sunlime-Voyance','0001-01-01','','',0,1,'','',0,'','',1,1,0,2,'127.0.0.1','127.0.0.1','','',2,1,'',0,'','',4,0,'6151','',0,'',1,'UTC','',''),(6,'Carolina',1439727562,0,0,'',1440522503,'Carolina',0,0,0,0,'','',0,'','$2y$10$qRxlz0cv1uGA6VTmQ79/EOf7FvwmexOQ4NjPxPNydHUGuFgVe5FQq','jadoulette@live.fr','Bienvenue dans le forum de Sunlime-Voyance','0001-01-01','','',0,1,'','',0,'','',1,1,0,2,'91.178.180.178','','','',2,1,'',57,'','',4,3510,'40fe','',0,'',1,'UTC','',''),(7,'Doro',1439727714,0,0,'',1440671071,'Doro',0,0,0,0,'','',0,'','$2y$10$5YFil7NQrQ5pTlrt.dKBMOqTcWPp8EwGsvAKOC1CQ.t8VxNVxOg5S','wilkinson.doro1@gmail.com','Bienvenue dans le forum de Sunlime-Voyance','0001-01-01','','',0,1,'','',0,'','',1,1,0,2,'85.27.74.173','','','',2,1,'',55,'','',4,1758,'17f1','',0,'',1,'UTC','','');
/*!40000 ALTER TABLE `smf_members` ENABLE KEYS */;
UNLOCK TABLES;

--
-- Table structure for table `smf_mentions`
--

DROP TABLE IF EXISTS `smf_mentions`;
/*!40101 SET @saved_cs_client     = @@character_set_client */;
/*!40101 SET character_set_client = utf8 */;
CREATE TABLE `smf_mentions` (
  `content_id` int(11) NOT NULL DEFAULT '0',
  `content_type` varchar(10) NOT NULL DEFAULT '',
  `id_mentioned` int(11) NOT NULL DEFAULT '0',
  `id_member` int(11) NOT NULL DEFAULT '0',
  `time` int(11) NOT NULL DEFAULT '0',
  PRIMARY KEY (`content_id`,`content_type`,`id_mentioned`),
  KEY `content` (`content_id`,`content_type`),
  KEY `mentionee` (`id_member`)
) ENGINE=InnoDB DEFAULT CHARSET=utf8;
/*!40101 SET character_set_client = @saved_cs_client */;

--
-- Dumping data for table `smf_mentions`
--

LOCK TABLES `smf_mentions` WRITE;
/*!40000 ALTER TABLE `smf_mentions` DISABLE KEYS */;
/*!40000 ALTER TABLE `smf_mentions` ENABLE KEYS */;
UNLOCK TABLES;

--
-- Table structure for table `smf_message_icons`
--

DROP TABLE IF EXISTS `smf_message_icons`;
/*!40101 SET @saved_cs_client     = @@character_set_client */;
/*!40101 SET character_set_client = utf8 */;
CREATE TABLE `smf_message_icons` (
  `id_icon` smallint(5) unsigned NOT NULL AUTO_INCREMENT,
  `title` varchar(80) NOT NULL DEFAULT '',
  `filename` varchar(80) NOT NULL DEFAULT '',
  `id_board` smallint(5) unsigned NOT NULL DEFAULT '0',
  `icon_order` smallint(5) unsigned NOT NULL DEFAULT '0',
  PRIMARY KEY (`id_icon`),
  KEY `id_board` (`id_board`)
) ENGINE=InnoDB AUTO_INCREMENT=14 DEFAULT CHARSET=utf8;
/*!40101 SET character_set_client = @saved_cs_client */;

--
-- Dumping data for table `smf_message_icons`
--

LOCK TABLES `smf_message_icons` WRITE;
/*!40000 ALTER TABLE `smf_message_icons` DISABLE KEYS */;
INSERT INTO `smf_message_icons` VALUES (1,'Standard','xx',0,0),(2,'Thumb Up','thumbup',0,1),(3,'Thumb Down','thumbdown',0,2),(4,'Exclamation point','exclamation',0,3),(5,'Question mark','question',0,4),(6,'Lamp','lamp',0,5),(7,'Smiley','smiley',0,6),(8,'Angry','angry',0,7),(9,'Cheesy','cheesy',0,8),(10,'Grin','grin',0,9),(11,'Sad','sad',0,10),(12,'Wink','wink',0,11),(13,'Poll','poll',0,12);
/*!40000 ALTER TABLE `smf_message_icons` ENABLE KEYS */;
UNLOCK TABLES;

--
-- Table structure for table `smf_messages`
--

DROP TABLE IF EXISTS `smf_messages`;
/*!40101 SET @saved_cs_client     = @@character_set_client */;
/*!40101 SET character_set_client = utf8 */;
CREATE TABLE `smf_messages` (
  `id_msg` int(10) unsigned NOT NULL AUTO_INCREMENT,
  `id_topic` mediumint(8) unsigned NOT NULL DEFAULT '0',
  `id_board` smallint(5) unsigned NOT NULL DEFAULT '0',
  `poster_time` int(10) unsigned NOT NULL DEFAULT '0',
  `id_member` mediumint(8) unsigned NOT NULL DEFAULT '0',
  `id_msg_modified` int(10) unsigned NOT NULL DEFAULT '0',
  `subject` varchar(255) NOT NULL DEFAULT '',
  `poster_name` varchar(255) NOT NULL DEFAULT '',
  `poster_email` varchar(255) NOT NULL DEFAULT '',
  `poster_ip` varchar(255) NOT NULL DEFAULT '',
  `smileys_enabled` tinyint(4) NOT NULL DEFAULT '1',
  `modified_time` int(10) unsigned NOT NULL DEFAULT '0',
  `modified_name` varchar(255) NOT NULL DEFAULT '',
  `modified_reason` varchar(255) NOT NULL DEFAULT '',
  `body` mediumtext NOT NULL,
  `icon` varchar(16) NOT NULL DEFAULT 'xx',
  `approved` tinyint(3) NOT NULL DEFAULT '1',
  `likes` smallint(5) unsigned NOT NULL DEFAULT '0',
  PRIMARY KEY (`id_msg`),
  UNIQUE KEY `topic` (`id_topic`,`id_msg`),
  UNIQUE KEY `id_board` (`id_board`,`id_msg`),
  UNIQUE KEY `id_member` (`id_member`,`id_msg`),
  KEY `approved` (`approved`),
  KEY `ip_index` (`poster_ip`(15),`id_topic`),
  KEY `participation` (`id_member`,`id_topic`),
  KEY `show_posts` (`id_member`,`id_board`),
  KEY `id_topic` (`id_topic`),
  KEY `id_member_msg` (`id_member`,`approved`,`id_msg`),
  KEY `current_topic` (`id_topic`,`id_msg`,`id_member`,`approved`),
  KEY `related_ip` (`id_member`,`poster_ip`,`id_msg`)
) ENGINE=InnoDB AUTO_INCREMENT=90 DEFAULT CHARSET=utf8;
/*!40101 SET character_set_client = @saved_cs_client */;

--
-- Dumping data for table `smf_messages`
--

LOCK TABLES `smf_messages` WRITE;
/*!40000 ALTER TABLE `smf_messages` DISABLE KEYS */;
INSERT INTO `smf_messages` VALUES (5,5,1,1439644923,2,6,'Charte','Alexandra','alexandra7voyante@gmail.com','85.27.74.173',1,1439645728,'Alexandra','','Introduction:<br><br>Ce forum se veut tre un espace de discussions et d\'changes entre passionns. Pour que chacun puisse passer un moment en toute convivialit, voici quelques rgles de bonne conduite  observer<br><br>1- Objet du forum:<br><br>Ce forum regroupe les membres de Sublime-Voyance. Les thmes abords porteront essentiellement sur la parapsychologie sous toutes ses formes. Ce forum a donc pour objectif de faciliter la communication et le partage d\'information.<br><br>2- Modalits d\'accs au forum:<br>Pour prendre connaissance des messages posts sur notre forum, une inscription est obligatoire<br>En effet, la majeure partie des sujets de ce forum peut tre lue par tous. En revanche, quelques rubriques sont protges et seuls les membres adhrents au Staff peuvent poster des messages.<br><br>3- Les rgles du forum:<br><br>- Politesse et savoir-vivre: respectez les membres, utilisez des formules de politesse, restez calme.<br>- Tous propos diffamatoires, injurieux, insultants, racistes, xnophobes ou obscnes sont interdits sur le forum.<br>- N\'abusez pas de l\'criture en majuscules. En effet, ces dernires symbolisent un internaute qui CRIE.<br>- [color=red][b]Pour une lecture agrable de ce forum, nous vous incitons  soigner votre orthographe, votre syntaxe et  ne pas utiliser le langage sms.[/b][/color] Nous vous en remercions par avance.<br><br>4- Le rle du modrateur:<br><br>Le rle du modrateur est de faire respecter les rgles de bonne conduite pour rendre les espaces de discussions conviviaux et agrables  tous, en adquation avec les lois du pays (dfinis par le cadre juridique du pays).<br><br>Les missions du modrateur sont : <br><br>- Supprimer des messages ou des discussions ne respectant pas les rgles de bonne conduite.<br>- Supprimer les profils qui nuisent au bon fonctionnement du forum, par exemple via des messages insultants, des messages provocateurs, du proslytisme religieux ou politique, racistes, xnophobes, etc. <br>- Sont concerns galement les utilisateurs qui utilisent simultanment plusieurs profils diffrents sur le mme forum : c\'est une attitude que nous assimilons  de la malhonntet envers les autres utilisateurs et donc non admise sur notre forum.<br>- Rpondre  vos alertes ou demandes particulires.<br>- Effacer tout propos interdit sur le site tel que par exemple des propos racistes, diffamatoires, insultants, xnophobes, pdophiles... Que ces propos soient explicites ou implicites, ils seront supprims.<br>- Retirer tout contenu texte, post, photo ou vido illicites<br><br>Le modrateur intervient a posteriori et nintervient pas dans les discussions pour donner son avis, ni lors dun conflit pour donner raison a un internaute. Si un message vous semble contraire aux rgles de bonne conduite nonces ici, signalez-le au modrateur en cliquant sur le bouton &quot;Modrateur&quot; qui figure en bas de page du forum. Vous pourrez lui envoyer un MP .<br><br>Bien  Vous<br><br>Alexandra: Administrateur','xx',1,0),(6,6,5,1439645485,2,81,'Conditions gnrales','Alexandra','alexandra7voyante@gmail.com','85.27.74.173',1,1441059666,'Alexandra','','Informations lgales<br><br>1. Prsentation du site.<br>En vertu de larticle 6 de la loi n 2004-575 du 21 juin 2004 pour la confiance dans lconomie numrique, il est prcis aux utilisateurs du site la.cote-des-annonces.com lidentit des diffrents intervenants dans le cadre de sa ralisation et de son suivi :<br><br>Propritaire : Cote Lionel  Bureau dtude  16 rue Casimir Fournier Maubeuge 59600<br><br>Crateur : Cote Lionel<br><br>Responsable publication : Lionel Cote  dg@cote7.com<br><br>Le responsable publication est une personne physique ou une personne morale.<br><br>Webmaster : Cote Lionel  dg@cote7.com<br><br>Tlphone : 0783592721<br><br>Hbergeur : Cote7  16 rue Casimir Fournier 59600 Maubeuge<br><br>2. Conditions gnrales dutilisation du site et des services proposs.<br>Lutilisation du uuu.sublime-voyance.be implique lacceptation pleine et entire des conditions gnrales dutilisation ci-aprs dcrites. Ces conditions dutilisation sont susceptibles dtre modifies ou compltes  tout moment, les utilisateurs du uuu.sublime-voyance.be sont donc invits  les consulter de manire rgulire.<br><br>Ce site est normalement accessible  tout moment aux utilisateurs. Une interruption pour raison de maintenance technique peut tre toutefois dcide par Cote Lionel, qui sefforcera alors de communiquer pralablement aux utilisateurs les dates et heures de lintervention.<br><br>Le uuu.sublime-voyance.be est mis  jour rgulirement par Lionel Cote. De la mme faon, les mentions lgales peuvent tre modifies  tout moment : elles simposent nanmoins  lutilisateur qui est invit  sy rfrer le plus souvent possible afin den prendre connaissance.<br><br>3. Description des services fournis.<br>Le uuu.sublime-voyance.be a pour objet de fournir une information concernant lensemble des activits de la socit.<br><br>Cote Lionel sefforce de fournir sur le uuu.sublime-voyance.be des informations aussi prcises que possible. Toutefois, il ne pourra tre tenue responsable des omissions, des inexactitudes et des carences dans la mise  jour, quelles soient de son fait ou du fait des tiers partenaires qui lui fournissent ces informations.<br><br>Tous les informations indiques sur le uuu.sublime-voyance.be donnes  titre indicatif, et sont susceptibles dvoluer. Par ailleurs, les renseignements figurant sur le uuu.sublime-voyance.be ne sont pas exhaustifs. Ils sont donns sous rserve de modifications ayant t apportes depuis leur mise en ligne.<br><br>4. Limitations contractuelles sur les donnes techniques.<br>Le site utilise la technologie JavaScript.<br><br>Le site Internet ne pourra tre tenu responsable de dommages matriels lis  lutilisation du site. De plus, lutilisateur du site sengage  accder au site en utilisant un matriel rcent, ne contenant pas de virus et avec un navigateur de dernire gnration mis--jour<br><br>5. Proprit intellectuelle et contrefaons.<br>Cote Lionel est propritaire des droits de proprit intellectuelle ou dtient les droits dusage sur tous les lments accessibles sur le site, notamment les textes, images, graphismes, logo, icnes, sons, logiciels.<br><br>Toute reproduction, reprsentation, modification, publication, adaptation de tout ou partie des lments du site, quel que soit le moyen ou le procd utilis, est interdite, sauf autorisation crite pralable de : Cote Lionel.<br><br>Toute exploitation non autorise du site ou de lun quelconque des lments quil contient sera considre comme constitutive dune contrefaon et poursuivie conformment aux dispositions des articles L.335-2 et suivants du Code de Proprit Intellectuelle.<br><br>6. Limitations de responsabilit.<br>Cote Lionel ne pourra tre tenue responsable des dommages directs et indirects causs au matriel de lutilisateur, lors de laccs au uuu.sublime-voyance.be , et rsultant soit de lutilisation dun matriel ne rpondant pas aux spcifications indiques au point 4, soit de lapparition dun bug ou dune incompatibilit.<br><br>Cote Lionel ne pourra galement tre tenue responsable des dommages indirects (tels par exemple quune perte de march ou perte dune chance) conscutifs  lutilisation du forum sublime voyance.be.<br><br>Des espaces interactifs (possibilit de poser des questions dans lespace contact) sont  la disposition des utilisateurs. Cote Lionel se rserve le droit de supprimer, sans mise en demeure pralable, tout contenu dpos dans cet espace qui contreviendrait  la lgislation applicable en France, en particulier aux dispositions relatives  la protection des donnes. Le cas chant, Cote Lionel se rserve galement la possibilit de mettre en cause la responsabilit civile et/ou pnale de lutilisateur, notamment en cas de message  caractre raciste, injurieux, diffamant, ou pornographique, quel que soit le support utilis (texte, photographie).<br><br>7. Gestion des donnes personnelles.<br>En France, les donnes personnelles sont notamment protges par la loi n 78-87 du 6 janvier 1978, la loi n 2004-801 du 6 aot 2004, larticle L. 226-13 du Code pnal et la Directive Europenne du 24 octobre 1995.<br><br>A loccasion de lutilisation du uuu.sublime-voyance.be, peuvent tres recueillies : lURL des liens par lintermdiaire desquels lutilisateur a accd au uuu.sublime-voyance.be, le fournisseur daccs de lutilisateur, ladresse de protocole Internet (IP) de lutilisateur.<br><br>En tout tat de cause Cote Lionel ne collecte des informations personnelles relatives  lutilisateur que pour le besoin de certains services proposs par le uuu.sublime-voyance.be. Lutilisateur fournit ces informations en toute connaissance de cause, notamment lorsquil procde par lui-mme  leur saisie. Il est alors prcis  lutilisateur du uuu.sublime-voyance.be lobligation ou non de fournir ces informations.<br><br>Conformment aux dispositions des articles 38 et suivants de la loi 78-17 du 6 janvier 1978 relative  linformatique, aux fichiers et aux liberts, tout utilisateur dispose dun droit daccs, de rectification et dopposition aux donnes personnelles le concernant, en effectuant sa demande crite et signe, accompagne dune copie du titre didentit avec signature du titulaire de la pice, en prcisant ladresse  laquelle la rponse doit tre envoye.<br><br>Aucune information personnelle de lutilisateur du site la.cote-des-annonces.com nest publie  linsu de lutilisateur, change, transfre, cde ou vendue sur un support quelconque  des tiers. Seule lhypothse du rachat de Cote Lionel et de ses droits permettrait la transmission des dites informations  lventuel acqureur qui serait  son tour tenu de la mme obligation de conservation et de modification des donnes vis  vis de lutilisateur du uuu.sublime-voyance.be.<br><br>Le site susnomm est dclar  la CNIL sous le numro 822471 07/10/2002.<br><br>Les bases de donnes sont protges par les dispositions de la loi du 1er juillet 1998 transposant la directive 96/9 du 11 mars 1996 relative  la protection juridique des bases de donnes.<br><br>8. Liens hypertextes et cookies.<br>Le uuu.sublime-voyance.be contient un certain nombre de liens hypertextes vers dautres sites, mis en place avec lautorisation de Cote Lionel. Cependant, Cote Lionel na pas la possibilit de vrifier le contenu des sites ainsi visits, et nassumera en consquence aucune responsabilit de ce fait.<br><br>La navigation sur le uuu.sublime-voyance.be est susceptible de provoquer linstallation de cookie(s) sur lordinateur de lutilisateur. Un cookie est un fichier de petite taille, qui ne permet pas lidentification de lutilisateur, mais qui enregistre des informations relatives  la navigation dun ordinateur sur un site. Les donnes ainsi obtenues visent  faciliter la navigation ultrieure sur le site, et ont galement vocation  permettre diverses mesures de frquentation.<br><br>Le refus dinstallation dun cookie peut entraner limpossibilit daccder  certains services. Lutilisateur peut toutefois configurer son ordinateur de la manire suivante, pour refuser linstallation des cookies :<br><br>Sous Internet Explorer : onglet outil (pictogramme en forme de rouage en haut a droite) / options internet. Cliquez sur Confidentialit et choisissez Bloquer tous les cookies. Validez sur Ok.<br><br><br>9. Droit applicable et attribution de juridiction.<br>Tout litige en relation avec lutilisation du uuu.sublime-voyance.be est soumis au droit franais. Il est fait attribution exclusive de juridiction aux tribunaux comptents de Paris.<br><br>10. Les principales lois concernes.<br>Loi n 78-87 du 6 janvier 1978, notamment modifie par la loi n 2004-801 du 6 aot 2004 relative  linformatique, aux fichiers et aux liberts.<br><br>Loi n 2004-575 du 21 juin 2004 pour la confiance dans lconomie numrique.<br><br>11. Lexique.<br>Utilisateur : Internaute se connectant, utilisant le site susnomm.<br><br>Informations personnelles :  les informations qui permettent, sous quelque forme que ce soit, directement ou non, lidentification des personnes physiques auxquelles elles sappliquent  (article 4 de la loi n 78-17 du 6 janvier 1978).<br><br>Crdits : les mentions lgales ont t gnres et offertes par Subdelirium agence web Angoulme','xx',1,0),(7,7,6,1439648865,2,7,'Mthode de cartomancie par Mary Marco et Jeanine Goffinet ','Alexandra','alexandra7voyante@gmail.com','85.27.74.173',1,0,'','','Si pendant des sicles, l\'instruction a t rserve  une lite et tenue hors de porte de tout un chacun, il n\'en est plus de mme maintenant.<br><br>La somme des connaissances exotriques acquises par l\'homme depuis son apparition sur la terre s\'enseigne maintenant  tous, de faon normative, trop parfois, et constitue le bagage culturel de chacun de nous.<br><br>C\'est ainsi que pendant des sicles, le &quot;savoir&quot; s\'est prserv de l\'oppression du rationalisme et du scientisme qui sont en grande partie le fait de notre civilisation occidentale.<br>Au moment o enfin l\'homme commence  reconnatre qu\'il n\'est pas que matire, technique, mais aussi esprit, ce &quot;savoir&quot; peut sortir de l\'ombre et accder  la lumire, lui qui tait notre Lumire.<br><br>Les facults de l\'esprit, encore si peu connues et si mal employes sont infinies.<br><br>Libr des contraintes de nos sens imparfaits et des limites troites de nos normes spatio-temporelles, l\'esprit accde  la connaissance universelle&quot;.<br><br>Toute tude se base sur l\'apprentissage et l\'exercice; nous tous encore en mmoire. anciens coliers, les longues soires consacres  l\'tude et  la rptition, dans la seule compagnie des manuels scolaires, et le souvenir des matres d\'cole qui nous transmettaient leur savoir.<br><br>La connaissance sotrique aussi, se transmet et s\'apprend de la mme faon; par l\'enseignement du matre et par l\'tude des livres qui runissent la somme des connaissances.<br><br>Il m \'a t donn au cours de ma carrire d\'enseignant, d\'user nombre de manuels scolaires.<br>Les meilleurs taient ceux qui, outre une base solide et accessible  tous, renforaient la thorie par de nombreux exercices attractifs et un langage non-rebutant.<br><br>Le prsent livre rpond  ces critres.<br><br>Mthode de cartomancie par Mary Marco et Jeanine Goffinet <br><br>Il est n de la rencontre de trois femmes.<br><br>(Depuis les temps immmoriaux, la femme a souvent t dpositaire du savoir sotrique face  l\'homme aveugl par le patriarcat et le culte de la raison).<br><br>La premire, Marie-Anne Adlade Lenormand, a t de son temps u ne devineresse clbre dont la justesse de prvision a tonn plus d\'un.<br><br>La seconde, Mary Marco, est un de ces tres qui ont la grce de dpasser notre espace-temps; elle met ses facults au service des autres, et convaincue que chacun les a, transmet ses connaissances et encourage le dveloppement du Psi.<br><br>La troisime, Jeanine Goffinet, initialement enseignante, a, depuis sa rencontre avec Mary Marco, progressivement abandonn l\'enseignement traditionnel au profit de la Tradition.<br><br>La connivence, la similitude d \'esprit, de pense et de cur et le dsir commun de ces dames de transmettre un savoir sont  prsent entre vos mains.<br><br>Puissent-elles rpondre  votre attente, vous aider  dpasser vos limites et vous ouvrir la &quot;voie royale de la connaissance&quot;.<br><br>J. Mercier<br>Inspecteur pdagogique Recteur de l \'INSPA<br>Administrateur gnral de 1\'APEL.<br>11','xx',1,0),(8,8,6,1439652735,2,8,'Explication du forum','Alexandra','alexandra7voyante@gmail.com','85.27.74.173',1,0,'','','Ce forum a t cr pour toute personne enregistre utilisant le petit Lenormand et ayant envie de partager ses connaissances, les significations des cartes, les diffrentes combinaisons de jeux.<br><br>Le tout dans la bonne humeur et le respect de chacun<br><br>Allez-y, amusez-vous.','xx',1,0),(9,9,26,1439653476,2,9,'Le petit Lenormand','Alexandra','alexandra7voyante@gmail.com','85.27.74.173',1,0,'','','Petit Lenormand, Mthode De Cartomancie par Mary Marco et Jeanine Goffinet.<br><br>Un livre intressant pour les dbutants pour commencer petit  petit  comprendre les cartes<br><br>Editions Servranx Bruxelles. <br><br>ISBN 2-87242-030-4<br>','xx',1,0),(10,10,2,1439654054,2,10,'Introduction  la parapsychologie','Alexandra','alexandra7voyante@gmail.com','85.27.74.173',1,0,'','','La parapsychologie est ltude rationnelle, approfondie, et pluridisciplinaire des faits semblant inexplicables en ltat actuel de nos connaissances scientifiques, et mettant en jeu le psychisme et son interaction avec lenvironnement.','xx',1,0),(11,11,3,1439654189,2,11,'Le jeu de tarot','Alexandra','alexandra7voyante@gmail.com','85.27.74.173',1,0,'','','Jeu de 78 cartes (appeles lames), servant au jeu ou  la divination. Jeu qu\'on joue avec ces cartes.','xx',1,0),(12,12,13,1439655132,2,13,'Phrase positive','Alexandra','alexandra7voyante@gmail.com','85.27.74.173',1,1439655448,'Alexandra','','Nous seuls dcidons consciemment d\'tre heureux,<br>C\'est un choix, je choisis le bonheur.<br>','xx',1,0),(13,12,13,1439655219,2,13,'Re: Phrase positive','Alexandra','alexandra7voyante@gmail.com','85.27.74.173',1,1439655458,'Alexandra','','Je sais qu\'il n\'y a pas de chemin vers le bonheur,<br>Le bonheur est le chemin.','xx',1,0),(14,12,13,1439655517,2,14,'Re: Phrase positive','Alexandra','alexandra7voyante@gmail.com','85.27.74.173',1,0,'','','tre heureux est une dcision que nous pouvons tous prendre un jour dans notre vie,<br>Je dcide d\'tre heureux.<br>','xx',1,0),(15,12,13,1439655539,2,15,'Re: Phrase positive','Alexandra','alexandra7voyante@gmail.com','85.27.74.173',1,0,'','','L\'obstacle majeur  l\'atteinte du bonheur est bien souvent la conviction qu\'on ne le mrite pas.<br>Je mrite le bonheur, j\'en suis convaincu.<br>','xx',1,0),(16,12,13,1439655551,2,16,'Re: Phrase positive','Alexandra','alexandra7voyante@gmail.com','85.27.74.173',1,0,'','','Je baigne dans l\'abondance la plus totale.','xx',1,0),(17,12,13,1439655561,2,17,'Re: Phrase positive','Alexandra','alexandra7voyante@gmail.com','85.27.74.173',1,0,'','','Je suis une personne extraordinaire,<br>Je m\'apprcie telle que je suis.<br>','xx',1,0),(18,12,13,1439655574,2,18,'Re: Phrase positive','Alexandra','alexandra7voyante@gmail.com','85.27.74.173',1,0,'','','Je sais que j\'ai plus de pouvoir sur ma vie que ce que je crois.','xx',1,0),(19,13,10,1439656707,2,19,'Esotrique','Alexandra','alexandra7voyante@gmail.com','85.27.74.173',1,0,'','','Ce terme, dont le sens diffre de faon notable selon les poques et les auteurs, est parfois utilis dans la culture populaire pour parler de courants de pense marginaux  composante secrte ou trange (socits secrtes, occultisme, paranormal, etc.)','xx',1,0),(20,14,4,1439657091,2,20,'Clairvoyance','Alexandra','alexandra7voyante@gmail.com','85.27.74.173',1,0,'','','Facult de voir avec clart, sagacit, pntration, lucidit.<br>Analyser une situation avec clairvoyance.<br>Forme de perception extrasensorielle d\'objets ou d\'vnements.','xx',1,0),(21,15,3,1439657659,2,21,'Les secrets de la tarologie','Alexandra','alexandra7voyante@gmail.com','85.27.74.173',1,0,'','','Le tarot divinatoire est l\'application de la cartomancie aux cartes du tarot de Marseille ou de ses variantes historiques ou modernes. C\'est un art divinatoire qui utilise toutes ou une partie des 78 cartes du tarot de Marseille. Suivant le contexte d\'utilisation  oracle ou approche plus psychologique  cette pratique d\'interprtation des cartes est diversement dsigne par diffrents nologismes, par exemple tarologie.','xx',1,0),(22,16,7,1439657781,2,22,'Pendule ou tout autre objet','Alexandra','alexandra7voyante@gmail.com','85.27.74.173',1,0,'','','La radiesthsie est un procd de dtection fond sur la sensibilit des tres vivants  certaines radiations qu\'mettraient diffrents corps. Elle permettrait de localiser des sources, retrouver un objet perdu, un trsor ou une personne disparue, tablir un diagnostic mdical, dterminer la profondeur d\'un puits, etc.','xx',1,0),(23,16,7,1439657863,2,23,'Re: Pendule ou tout autre objet','Alexandra','alexandra7voyante@gmail.com','85.27.74.173',1,0,'','','Sensibilit hypothtique des tres vivants  certaines radiations, connues ou inconnues.<br>Procd divinatoire permettant d\'exercer cette sensibilit  l\'aide d\'une baguette (rhabdomancie) ou d\'un pendule tenus  la main.','xx',1,0),(24,17,8,1439659055,2,24,'Le pouvoir des pierres et des cristaux','Alexandra','alexandra7voyante@gmail.com','85.27.74.173',1,0,'','','La lithothrapie est une mdecine non conventionnelle qui cherche  soigner par le biais des cristaux (amthyste, quartz, il de tigre, labradorite, aigue-marine, rubis, turquoise, etc.) Elle considre que les cristaux mettent naturellement une  rsonance  ou une  vibration  singulire capable d\'amliorer le bien-tre de la personne  son contact ou  proximit.<br>[size=2]Il n\'y a pas de preuves scientifiques de l\'efficacit de cette thrapie ou de l\'existence d\'une  nergie  spcifique aux cristaux.&nbsp;[/size]','xx',1,0),(25,18,9,1439659868,2,25,'L\'nergie par le Reiki','Alexandra','alexandra7voyante@gmail.com','85.27.74.173',1,0,'','','Le dictionnaire Oxford donne la dfinition suivante du mot Reiki :  Le Reiki est une technique de soin nergtique par laquelle le thrapeute canalise et transmet lnergie au patient par imposition des mains pour activer les processus naturels de gurison. <br>Cette thrapie de soin nergtique, ancienne et trs puissante, agit aux niveaux physique, psychologique et spirituel. Elle amliore la sant, favorise la gurison des traumatismes motionnels, le dveloppement personnel et lvolution spirituelle.<br>Parfois, le Reiki aide l o aucun rsultat navait t atteint auparavant.<br>Le praticien Reiki ne travaille pas avec sa propre nergie mais canalise lnergie Universelle qui possde une grande force vitale.<br>Le Reiki est reconnu par les assurances maladie dans plusieurs pays tels que la Suisse, lAllemagne et utilis dans les hpitaux au Canada et aux tats-Unis.','xx',1,0),(27,20,14,1439670178,2,57,'Alexandra','Alexandra','alexandra7voyante@gmail.com','85.27.74.173',1,1440522414,'GrCOTE7','tl + visible','[size=2]Bonjour, [/size]<br><br><br>[size=2]Je me nomme Alexandra.[/size]<br><br><br>Mes grands-mres tant paternelles que maternelles possdaient un don de voyance.<br>Jai pris conscience assez jeune que javais frquemment de fortes intuitions qui se rvlaient exactes.<br>Aprs plusieurs annes de rflexion, jai dcid de vous faire bnficier de ce don et ainsi apporter des rponses claires  vos questions. Lever jusquau moindre de vos doutes et incertitudes en relation  votre pass, votre prsent et votre futur, vous aider  rparer vos blessures intrieures afin de rendre meilleur votre quotidien.<br>Indpendamment de mon ressenti, je conforte mes prdictions par le maniement du pendule et la matrise de divers tarots dont le Petit Lenormand et lAncien Tarot de Marseille.<br>Je serai heureuse de pouvoir vous accueillir sur ma ligne et concourir  clairer tous sujets dans le domaine familial aussi bien que financier, affectif, professionnel et autres. Et galement pouvoir partager avec vous les joies retrouves.<br><br><br>Testez-moi gratuitement, envoyez une question, accompagne de votre nom, prnom, date de naissance et rgion.<br>Je vous rpondrai maximum dans les 48 heures.<br><br>[size=2]alexandra@sublime-voyance.be[/size]<br><br>[iurl=http://http//alexandra.sublime-voyance.be/][size=2]http://http://alexandra.sublime-voyance.be/[/size][/iurl]<br><br>[size=2]Si vous le dsirez, n&#39;hsitez pas  me tlphoner au [b]0 907/37 157[/b] &nbsp;1,50 &nbsp;min &nbsp;7/7j[/size]<br><br> trs bientt','xx',1,0),(28,21,12,1439671352,2,28,'Le Forum','Alexandra','alexandra7voyante@gmail.com','85.27.74.173',1,0,'','','Le bistrot du coin, est l pour discuter d\'un sujet ou l\'autre.&nbsp;<br>Par contre, vous pouvez contribuer aux sujets des forums, soit en y crant des nouveaux ,&nbsp;soit tout simplement en rpondant aux sujets dj crs.&nbsp;<br>Osez poser des questions, mettre vos ides, proposer des actions....<br><br>Alexandra<br>&nbsp; &nbsp; &nbsp; &nbsp; &nbsp; &nbsp; &nbsp; &nbsp; &nbsp; &nbsp; &nbsp; &nbsp; &nbsp; &nbsp; &nbsp; &nbsp;','xx',1,1),(29,22,15,1439673251,3,29,'Pauline','Alexandra','alexandra7voyante@gmail.com','85.27.74.173',1,1439674786,'Alexandra','','Depuis plusieurs annes, mon but est l\'aide aux personnes en attente d\'un claircissement.<br><br>J\'ai dvelopp beaucoup d intuitions.&nbsp;<br><br>Des doutes? Des hsitations???<br>Ne restez pas dans le flou...<br><br>tant  votre coute, je vous rponds avec franchise et honntet.<br><br>Je suis medium clairvoyante et passionne par ce besoin d\'aide  autrui.<br><br>Les cartes, tarots, oracles tirs sont un ensemble de rponses que je vous expliquerai clairement par l\'intuition que j\'ai dvelopp dans ce domaine.<br><br>Profitez d\'une rponse GRATUITE  la question de VOTRE choix ! Mentionnez votre prnom, date de naissance et rgion.<br><br>pauline@sublime-voyance.be<br><br>N\'hsitez pas  me tlphoner au 0907/37 153 &nbsp;1,50 min 7/7j<br><br>A bientt<br>','xx',1,0),(30,12,13,1439732927,2,30,'Re: Phrase positive','Alexandra','alexandra7voyante@gmail.com','85.27.74.173',1,0,'','','Je sais que j\'ai beaucoup plus de potentiel et de valeur que ce que je pense.','xx',1,0),(31,12,13,1439797794,2,31,'Re: Phrase positive','Alexandra','alexandra7voyante@gmail.com','85.27.74.173',1,0,'','','Je crois  l\'abondance, je dsire l\'abondance, je reois l\'abondance.','xx',1,0),(34,23,16,1439818599,1,34,'Manuel du Mod News','GrCOTE7','GrCOTE7@sublime-voyance.be','91.178.135.63',1,0,'','','[right][b]Description[/b][/right]<br>Allows anyone (including guests) to subscribe to an automatically generated weekly. fortnightly or monthly email newsletter. &nbsp;Guests need to enter their email address, registered members don\'t. &nbsp;The subscription options shows above the board index and (optionally) during forum registration.<br><br>The Newsletter can optionally contain forum stats, the latest news item, recent topics list, upcoming events from the calendar, video links (included in posts), and recent picture from SMF Gallery (if installed) - the newsletter email always includes an unsubscribe link.<br><br>Features:<br>[list]<br>[li]Newsletter can be subscribed to during initial forum registration or at any time[/li]<br>[li]Newsletter frequency can be selected by the user when subscribing (weekly, fortnightly or monthly)[/li]<br>[li]Frequency timer starts from when the user subscribes (to reduce server email load).[/li]<br>[li]Subscriber can unsubscribe on the forum OR by clicking an &quot;unsubscribe&quot; link in the Newsletter.[/li]<br>[li]Newsletter sub/unsubscribe options show above OR below forum list.[/li]<br>[li]Newsletter is HTML formatted (includes plain text version) using forum name and logo image (styling can be edited).[/li]<br>[li]Portal PHP block code included (to allow newletter subscription options to appear on any portal page (using a custom portal PHP block)[/li]<br>[/list]<br><br>Admin Settings:<br>[list]<br>[li]Allow guest to subscribe to the newsletter.[/li]<br>[li]Use guest permissions when selecting topics, videos and pictures to include.[/li]<br>[li]Choose position of Subscribe/Unsubscribe buttons (top or bottom of forum listing)[/li]<br>[li]Chose whether subscribtion option is shown during forum registration[/li]<br>[li]Number of recent topic titles/links to include in the newsletter (set to 0 to exclude topics from the newsletter)[/li]<br>[li]Select which boards to exclude when selecting topics[/li]<br>[li]Number of recent videos to include (set to 0 to exclude videos from the newsletter)[/li]<br>[li]Select which boards to exclude videos from[/li]<br>[li]Include SMF Gallery pictures[/li]<br>[li]Gallery categories to ignore[/li]<br>[li]Include basic forum stats[/li]<br>[li]Include the latest news item (the SMF newsfader doesn\'t have to be enabled)[/li]<br>[li]Include basic forum stats[/li]<br>[li]Include calendar events[/li]<br>[li]Manual subscribtion removal by email address - allows deletion of invalid or bouncing emails[/li]<br>[li]Newletter CSS styling can be edited in the SMF Language Editor[/li]<br>[li]Newletter can be previewed before activating.[/li]<br>[/list]<br><br>Note that unless you have selected guest permissions or exclude some board(s) then the titles of (and links to) new topics that appear in ALL boards will be included in the newsletter even if the recipient does not have permission to read the topic post itself. &nbsp;This can be used as a way to encourage forum or group membership by showing topic titles but not allowing access to the content.<br><br>To change the CSS styling of the newsletter:<br>[i]Admin-&gt;Configuration-&gt;Languages-&gt;Edit Languages-&gt;(whatever your langueg is called)-&gt;edit Languages Entries -&gt; select &quot;Modifications&quot;[/i]<br>... find and edit the CSS string &quot;newsltr_email_style&quot;<br><br><br>Requirements:<br>PHP version 5.2 or higher<br>SMF version 2.0 or higher<br><br>[b]Note[/b]:&nbsp;<br>On some web hosts you may need to disable compression in SMF (if the newletter preview shows a blank page):<br>Admin-&gt;Configuration-&gt;Server Settings-&gt;General and clear enable compressed output option<br><br>[b]Adding Newsletter Subscription to a Portal page[/b]<br>You can add the newsletter subscription options on any portal page (if it supports custom PHP code blocks - EzPortal, SimplePortal, etc.) &nbsp;After installing this mod, create a new custom PHP block in your portal (see portal instaructions) and paste the code from the file [b]portal_block.php[/b], included in this zip package into the new block.<br><br>[i]Updates:[/i]<br>[size=8pt]v1.25<br>added subscribe on register feature<br>v1.23<br>fixed portal_block.php syntax error<br>added more robust check for SMF Gallery<br>v1.22<br>fixed bug in video inclusion code (shows in error log)<br>added sample portal PHP block code<br>v1.21<br>fixed SMF_Gallery detection bug in adminsettings&nbsp;<br>v1.20<br>Cleaned up HTML format imporving email client compatibility<br>Newsletter can include SMF Gallery pictures and YouTube videos (from posts)<br>v1.14<br>Now works properly on forums with unsupported languages (reverts to english)<br>v1.13<br>moved newsletter CSS style to languages - can now be edited by an admin<br>....<br>[/size]<br><br>License:<br>Copyright 2012/2013 John Robertson<br>Released under the GNU/GPL license<br><br>&nbsp; &nbsp; This is free software: you can redistribute it and/or modify<br>&nbsp; &nbsp; it under the terms of the GNU General Public License as published by<br>&nbsp; &nbsp; the Free Software Foundation, either version 3 of the License, or<br>&nbsp; &nbsp; (at your option) any later version.<br><br>&nbsp; &nbsp; This software is distributed in the hope that it will be useful,<br>&nbsp; &nbsp; but WITHOUT ANY WARRANTY; without even the implied warranty of<br>&nbsp; &nbsp; MERCHANTABILITY or FITNESS FOR A PARTICULAR PURPOSE. &nbsp;See the<br>&nbsp; &nbsp; GNU General Public License for more details.<br>','xx',1,0),(35,12,13,1439851880,2,35,'Re: Phrase positive','Alexandra','alexandra7voyante@gmail.com','91.178.135.63',1,0,'','','Je suis reconnaissant et je me rjouis d\'une vie pleine d\'abondance.','xx',1,0),(36,24,17,1439853574,2,36,'Les matres qui nous gouvernent','Alexandra','alexandra7voyante@gmail.com','91.178.135.63',1,1439884210,'GrCOTE7','','[size=2]On attribue  chaque signe du zodiaque un astre qui est son Matre et qui le gouverne, dans lequel ce dernier se trouve en Domicile Diurne[/size]<br><br>[list]<br>[li][size=2]Mars est le matre du signe du Blier[/size][/li]<br>[li][size=2]Vnus est le matre du signe du Taureau[/size][/li]<br>[li][size=2]Mercure est le matre du signe des Gmeaux[/size][/li]<br>[li][size=2]La lune est le matre du signe Cancer[/size][/li]<br>[li][size=2]Le soleil est le [/size]matre[size=2] du signe Lion[/size][/li]<br>[li][size=2]Mercure est le matre de la Vierge[/size][/li]<br>[li][size=2]Vnus est le matre du signe de la Balance[/size][/li]<br>[li][size=2]Mars et secondairement Pluton, sont les matres du signe du Scorpion[/size][/li]<br>[li]Jupiter est le matre du signe du Sagittaire[/li]<br>[li]Saturne est le matre du signe du Capricorne[/li]<br>[li]Saturne et secondairement Uranus, sont les matres du signe du Verseau[/li]<br>[li]Jupiter et secondairement Neptune, sont les matres du signe des Poissons[/li]<br>[/list]<br>','xx',1,1),(40,12,13,1439972872,2,40,'Re: Phrase positive','Alexandra','alexandra7voyante@gmail.com','85.27.74.173',1,0,'','','Je ressens le bonheur et la batitude d\'tre en vie.','xx',1,0),(43,12,13,1440053569,2,43,'Re: Phrase positive','Alexandra','alexandra7voyante@gmail.com','85.27.74.173',1,0,'','','Plus je m&#39;aime et plus je m&#39;apprcie,<br>[size=2]Plus j&#39;avance dans la vie.[/size]','xx',1,0),(45,12,13,1440118006,2,45,'Re: Phrase positive','Alexandra','alexandra7voyante@gmail.com','85.27.74.173',1,0,'','','En toutes circonstances, je me sens calme et matre de moi-mme.','xx',1,0),(46,31,18,1440153513,2,49,'Les signes de feu et leur professions','Alexandra','alexandra7voyante@gmail.com','85.27.74.173',1,1440230074,'Alexandra','','[b][size=2]Blier[/size][/b]<br>[size=2][size=2]Les mtiers en rapport &nbsp;avec les mtaux, le feu &nbsp;(rtisseur ou pompier, par &nbsp;exemple). &nbsp;Les &nbsp;branches de &nbsp;la &nbsp;mdecine &nbsp;en &nbsp;rapport &nbsp;avec &nbsp;la &nbsp;tte, visage &nbsp;(ex; &nbsp;neurochirurgien , oculiste, etc.). [/size][/size]<br>[size=2]Les &nbsp;mtiers &nbsp;de &nbsp;l&#39;arme. professions &nbsp;sportives. &nbsp;Et &nbsp;aussi: &nbsp;guide, &nbsp;berger, &nbsp;claireur , &nbsp;armurier, coiffeur, acupuncteur, &nbsp;humoriste, &nbsp;vulcanologue , etc.[/size]<br><br>[b]Lion[/b]<br>Les professions lies aux loisirs, aux jeux, aux vacances et aux enfants. Les mtiers en rapport [size=2]avec l &#39;or , les bijoux, les m uses . Les mtiers de la mode et du thtre (comdien , mannequin [/size][size=2]...). En mdecine: cardiologue, vertbrothrapeute. &nbsp;Les professions ayant un caractre [/size][size=2]prestigieux &nbsp;comme [/size][size=2]la &nbsp;fonction &nbsp;d&#39;ambassadeur.[/size]<br><br>[b]Sagittaire[/b]<br>Les mtiers du sport comme cavalier, chasseur ou tireur  l&#39;arc ... Les [size=2]professions lies aux tudes suprieures. Les mtiers lis aux voyages, aux [/size][size=2]pays trangers. [/size][size=2]Et aussi: philosophe, explorateur, homme d&#39;glise, confrencier, thologien[/size][size=2], gourou, mdecin spcialiste du sang, des artres ou des jambes.[/size]<br>','xx',1,0),(47,32,18,1440156108,2,49,'Les signes de Terre et leur professions','Alexandra','alexandra7voyante@gmail.com','85.27.74.173',1,1440230046,'Alexandra','','[b][size=2][font=Verdana, sans-serif]Taureau[/font][/size][/b]<br>[size=2][font=Verdana, sans-serif][size=2]Les mtiers en rapport avec l&#39;argent (telle la banque) . Les mtiers de la terre &nbsp;et &nbsp;ceux &nbsp;de &nbsp;l&#39;immobilier. Les &nbsp;professions &nbsp;concernant &nbsp;la &nbsp;nourriture (ex: cuisinier). Certains mtiers artistiques (ex: chanteur,[/size][/font][size=2][font=Verdana, sans-serif]dcorateur modiste). Les branches de la mdecine concernant la bouche, la voix, la gorge et les vertbres cervicales.[/font][/size][/size]<br><br>[b][size=2][font=&#39;Segoe UI&#39;, sans-serif]Vierge[/font][/size][/b]<br>[size=2][font=&#39;Segoe UI&#39;, sans-serif]Toutes les professions &nbsp;de la mdecine &nbsp;en gnral, mais principalement les gnralistes , les infirmiers , les pharmaciens et les gastro-entrologues.[/font][/size]<br>[size=2][font=&#39;Segoe UI&#39;, sans-serif]Tous les mtiers o entre une notion d&#39;analyse, de mesure , de calcul comme statisticien , sondeur, comptable, gomtre ou analyste. Tous les mtiers &nbsp;de &nbsp;service &nbsp;et &nbsp;aussi: &nbsp;dessinateur , &nbsp;zoologue, &nbsp;vtrinaire, homopathe, volailler, herboriste , expert, etc.[/font][/size]<br><br>[b]Capricorne[/b]<br>Les professions administratives. Les mtiers en rapport avec la montagne. [size=2]Les professions en rapport avec le froid , les mines, la pierre, l&#39;immobilier. [/size][size=2]En mdecine: griatrie , rhumatologue, ostopathe, dermatologue. [/size][size=2]Et aussi: archiviste, prhistorien , palographe , palontologue , gologue, [/size][size=2]relieur, acadmicien, encyclopdiste, vque, cardinal, sculpteur. ..[/size]','xx',1,0),(48,33,18,1440156167,2,49,'Les signes d\'Air et leur proffessions','Alexandra','alexandra7voyante@gmail.com','85.27.74.173',1,1440230001,'Alexandra','','[size=2][size=2][font=Verdana, sans-serif][b]Gmeaux[/b][/font][/size][/size]<br>[size=2][size=2][font=Verdana, sans-serif]Tous les mtiers de la communication et des transports (journaliste,[/font][/size][size=2][font=Verdana, sans-serif]crivain, diteur, facteur, libraire, etc.). Certains sports comme les coureurs [/font][/size][size=2][font=Verdana, sans-serif] pied, les cyclistes, les gymnastes et les tennismen. Les professions du [/font][/size][size=2][font=Verdana, sans-serif]commerce en boutique ou sur les marchs. En mdecine: les spcialistes des poumons ou de la circulation.[/font][/size][/size]<br><br>[b]Balance[/b]<br>Tous les mtiers o l&#39;quilibre est important comme ceux de danseur ,[size=2]gymnaste ou quilibriste. Toutes les professions de la justice (avocat, [/size][size=2]juge, etc.) .[/size]<br>Les mtiers de la beaut, de l&#39;esthtique ou de la dcoration. Certaines [size=2]professions artistiques comme peintre ou styliste.[/size]<br>En mdecine: urologue, nphrologue et diabtologue. Et aussi: professeur [size=2]de musique et les mtiers en rapport avec les poids (ascenseur ... ).[/size]<br><br>[b]Verseau[/b]<br>[size=2]Les mtiers lis  la politique et  des organismes internationaux comme [/size][size=2]l&#39;ONU ou !&#39;Unesco. Toutes les professions modernes , nouvelles. Toutes [/size][size=2]les professions lies aux moyens actuels de communication ou de transport [/size][size=2](tlex, informatique, aviation, tlvision, cinma, etc.). [/size][size=2]Et aussi: crivain de science-fiction , astrologue , psychologue, lectronicien, [/size][size=2]publiciste, radiologue. phlbologue, ingnieur, [/size][size=2]magntiseur, parapsycbologue [/size][size=2]et les carrires de l&#39;automobile.[/size]<br>','xx',1,0),(49,34,18,1440156210,2,49,'Les signes d\'Eau et leur professions','Alexandra','alexandra7voyante@gmail.com','85.27.74.173',1,1440229665,'Alexandra','','[b]Cancer[/b]<br>Les mtiers en rapport avec la nourriture (ex: restaurateur) . Les mtiers de la &nbsp;navigation . [size=2]Ceux concernant le domicile (ex.: dcorateur, notaire, agent immobilier , etc.) En mdecine : [/size][size=2]stomatologue, cancrologue, sage-femme ... Les professions en rapport avec le pass comme [/size][size=2]historien . Les fonctions lectives au sein d&#39;une mairie .[/size][size=2]Et aussi les romanciers, &nbsp;les cafetiers, etc.[/size]<br><br>[b]Scorpion[/b]<br>Les professions en rapport avec la sexualit comme sexologue, psycha[size=2]nalyste. .. Professions particulires comme sotriste, magicien [/size][size=2]mdium ... Les mtiers en rapport avec la mort comme fossoyeur ou gardien [/size][size=2]de cimetire. Et aussi: herptologiste, scaphandrier, archologue, splologue, [/size][size=2]chercheur de trsor, atomiste ou scientifique travaillant sur le [/size][size=2]nuclaire.[/size]<br><br>[b]Poissons[/b]<br>[size=2]Les professions lies aux hpitaux , aux prisons ,  tous les lieux clos. En&nbsp;[/size][size=2]mdecine: les psychiatres, les gurisseurs, les podologues et les thalassothrapeutes.&nbsp;[/size][size=2]Les mtiers de la photographie , de l&#39;image.&nbsp;[/size][size=2]Et aussi: ptrolier, pcheur, prtre, vangliste , espion , pote , sous-marinier, matre-nageur, agent de rpression des fraudes et de stupfiants.[/size]<br>','xx',1,0),(50,35,19,1440231088,2,69,'Blier','Alexandra','alexandra7voyante@gmail.com','85.27.74.173',1,1440671783,'Alexandra','','Le signe du Blier reprsente une pousse irrsistible vers le futur, une projection en avant, il ne connait pas les risques.&nbsp;<br>C&#39;est le signe pionnier du zodiaque, celui qui ose aller le premier l o nul n&#39;est encore all, car sa folie visionnaire le pousse parfois vers un nouveau monde.<br>Il apporte de l&#39;lan, de l&#39;enthousiasme, de l&#39;action. Il a le got du risque. I<br>ll est dynamique: c&#39;est un fonceur, un pionner, un conqurant.&nbsp;<br>C&#39;est un signe d&#39;impulsion, de gnration, d&#39;ardeur et d&#39;audace. Il reprsente ce qui dbute et celui qui prends la tte d&#39;un mouvement.&nbsp;<br>C&#39;est aussi celui qui a des coups de tte, qui n&#39;en fait qu&#39; sa tte.&nbsp;<br>Le Blier s&#39;enflamme, a de l&#39;initiative, de l&#39;nergie. Le Blier est fort, brave et recherche le succs. Il est ambitieux et imprudent. Il veut tre le premier.','xx',1,0),(51,36,19,1440231507,2,69,'Taureau','Alexandra','alexandra7voyante@gmail.com','85.27.74.173',1,1440671911,'Alexandra','','Aprs la priode de tension et dagressivit du blier, celle du Taureau est beaucoup plus sereine, plus paisible encore qu&#39;il y ait souvent une certaine violence contenue dans l&#39;acte de procration. <br>Il est terre  terre, matrialiste, il thsaurise, il aura un compte en banque bien rempli.&nbsp;<br>Il apporte la stabilit, le ralisme et la tnacit. <br>Il est obstin, possessif, jaloux, attractif et charmeur. <br>Il reprsente la patience, la persvrance, la fertilit, l&#39;acquisition (argent ou nourriture). <br>Il est conservateur, fidle et a besoin de confort et de scurit. Il exprime lopinitret, la jouissance, l&#39;intrt, la colre et la sensualit. <br>Il reprsente la terre, le terrain. <br>Ce signe est un accumulateur, un conservateur. <br>Son caractre statique est le principal trait de sa personnalit. Il fixe la ralit et le temps. Chez lui on sme  tous vents.','xx',1,0),(52,12,13,1440246570,2,52,'Re: Phrase positive','Alexandra','alexandra7voyante@gmail.com','85.27.74.173',1,0,'','','Je cultive le calme.','xx',1,0),(53,37,20,1440249620,2,53,'Participation active au forum','Alexandra','alexandra7voyante@gmail.com','85.27.74.173',1,1440257398,'Alexandra','','[size=2][size=2]Bonjour, bonsoir, le staff du forum aimerait une participation active de ses membres et nouveau membre au niveau des diffrents sujets proposs, afin, d&#39;avoir une animation et d&#39;obtenir un forum vivant.[/size][/size]<br><br>Et que ce forum puisse venir en aide aux personnes qui se posent des questions sur leur vie, leur futur, leur moral. Que nous puissions les aider  rester positif et  voluer vers le meilleur d&#39;eux mme.','xx',1,1),(54,38,19,1440278092,2,69,'Gmeaux','Alexandra','alexandra7voyante@gmail.com','85.27.74.173',1,1440671983,'Alexandra','','Il reprsente la diffusion, la communication, le mouvement, le dplacement, et la curiosit.&nbsp;<br>Il exprime la dualit, mais aussi l&#39;intelligence.&nbsp;<br>C&#39;est le signe des chiffres et des lettres, de l&#39;addition et de la multiplication.&nbsp;<br>Il a des ides mais est souvent angoiss et complex.&nbsp;<br>C&#39;est le signe de l&#39;adolescence et des tudes se droulant  cette priode.&nbsp;<br>C&#39;est la discussion, le dbat, le courrier, l&#39;criture, le livre et la presse.&nbsp;<br>C&#39;est le signe du commerce et des changes. Il reprsente les frres et les surs. Il aime partir  la dcouverte des autres pour mieux se dcouvrir et se connatre lui mme.&nbsp;<br>Son intelligence est vive, mais elle peut cder  la ruse, au mensonge, au double jeu.<br>[size=2]Les natifs du signe du Gmeaux ont un sens thtrale inn, un besoin instinctif de vivre en reprsentation.[/size]<br><br><br>','xx',1,0),(55,12,13,1440308398,2,55,'Re: Phrase positive','Alexandra','alexandra7voyante@gmail.com','85.27.74.173',1,0,'','','Je deviens une personne plus calme, plus dtendue.','xx',1,0),(56,12,13,1440399955,2,56,'Re: Phrase positive','Alexandra','alexandra7voyante@gmail.com','85.27.74.173',1,0,'','','Je me sens calme, rayonnant, repos,<br>Le calme et l&#39;quilibre s&#39;tablissent en moi.','xx',1,0),(57,12,13,1440495101,2,57,'Re: Phrase positive','Alexandra','alexandra7voyante@gmail.com','85.27.74.173',1,0,'','','Je reste calme quoi qu&#39;il arrive.','xx',1,0),(58,12,13,1440541125,2,58,'Re: Phrase positive','Alexandra','alexandra7voyante@gmail.com','85.27.74.173',1,0,'','','Je m&#39;efforce de rire de mes petits checs et de mes dceptions.&nbsp;','xx',1,0),(59,39,19,1440589783,2,69,'Cancer','Alexandra','alexandra7voyante@gmail.com','85.27.74.173',1,1440672107,'Alexandra','','C&#39;est le signe de la famille, des parents (et plus particulirement de la mre. Il reprsente le foyer, le domicile.&nbsp;<br>Il apporte de l&#39;imagination, de la sensibilit, du romantisme et de la nostalgie.&nbsp;<br>Les atmosphres ont beaucoup d&#39;importance pour lui.&nbsp;<br>C&#39;est le signe de la fcondit et de la gestation.&nbsp;<br>Il reprsente la matrice et l&#39;ocan primordial.&nbsp;<br>Il est inquiet, sensitif, intuitif et vulnrable.&nbsp;<br>C&#39;est le signe de l&#39;inconscient, de l&#39;enfance, du pass, de la foule et du public et de la dmocratie.&nbsp;<br>Il apporte l&#39;inconstance, la mmoire, la fantaisie, la comdie, le caprice, les fluctuations et les changements d&#39;humeur.&nbsp;<br>Il a besoin de scurit, de rve, de posie.&nbsp;<br>C&#39;est la cave, les grottes et les cavernes.<br>Ses sentiments sont affectueux, tendres, maternels, parfois instables ou infantiles.&nbsp;<br>Il y a souvent un un refus de toute affirmation de soi ressentie comme une projection dans l&#39;avenir, qui est compens par une rceptivit et une intuition aigus. videmment, tout ce qui a trait au pass est exalt.','xx',1,0),(60,40,19,1440597564,2,69,'Lion','Alexandra','alexandra7voyante@gmail.com','85.27.74.173',1,1440672195,'Alexandra','','C&#39;est le signe de la puissance, de la royaut, de l&#39;clat, de tout ce qui brille.&nbsp;<br>C&#39;est le signe de la divinit (le soleil).&nbsp;<br>I[size=2]l apporte gnrosit, orgueil, gloire, mise en vedette, noblesse, idalisme, rayonnement, flatterie et arrivisme.&nbsp;[/size]<br>[size=2]Il a des &quot;coups de coeur&quot;! C&#39;est le signe de l&#39;amour, du coeur, de la cration (cration artistiques ou enfants).&nbsp;[/size]<br>[size=2]Il a des gots de luxe. Il a besoin d&#39;tre le centre d&#39;intrt. Il aime les plaisirs, les ftes et les loisirs. C&#39;est la chaleur et la scheresse.&nbsp;[/size]<br>[size=2]Il reprsente l&#39;ducation, les dons artistiques et notamment les dons de comdien. C&#39;est aussi l&#39;ambition, l&#39;autorit, la franchise, la confiance, l&#39;expression de soi, la passion, la vanit et la tyrannie.&nbsp;[/size]<br>[size=2]Le natif du Lion voit grand. Il veut tout et tout de suite.&nbsp;[/size]<br>[size=2]Il est chaleureux, optimiste.&nbsp;[/size]<br>[size=2]Pour lui, vouloir, c&#39;est pouvoir et obtenir.&nbsp;[/size]<br>[size=2]Ce comportement naturellement positif et dominateur force la chance et le destin. Tout est l,  sa disposition. Car l&#39;enfant nat  l&#39;poque de la rcolte et des moissons.[/size]<br><br><br><br><br><br><br><br><br><br><br><br><br>','xx',1,0),(61,12,13,1440663138,2,61,'Re: Phrase positive','Alexandra','alexandra7voyante@gmail.com','85.27.74.173',1,0,'','','J&#39;essaie de voir le ct humoristique des choses,<br>Je surmonte mes dceptions en n&#39;en faisant pas des montagnes.','xx',1,0),(66,42,12,1440664278,2,66,'Images','Alexandra','alexandra7voyante@gmail.com','85.27.74.173',1,0,'','','Que du bonheur !','clip',1,1),(67,42,12,1440664569,2,67,'Re: Images','Alexandra','alexandra7voyante@gmail.com','85.27.74.173',1,0,'','',' :) ','clip',1,1),(68,42,12,1440664692,2,68,'Re: Images','Alexandra','alexandra7voyante@gmail.com','85.27.74.173',1,0,'','',' :) ','clip',1,1),(69,42,12,1440664816,2,69,'Re: Images','Alexandra','alexandra7voyante@gmail.com','85.27.74.173',1,1440664949,'Alexandra','',' :) ','clip',1,1),(70,43,19,1440675223,2,70,'Vierge','Alexandra','alexandra7voyante@gmail.com','85.27.74.173',1,0,'','','C&#39;est le signe de l&#39;analyse, de la mthode, de l&#39;organisation, de la classification et de la mesure.&nbsp;<br>Il est logique, timide, perfectionniste, manique, travailleur, pratique, serviable, raisonnable, critique et goste.<br>Il est soucieux du moindre dtail.<br>Il est angoiss. Il refuse toute pntration, fcondation ou violation.&nbsp;<br>Il est mystrieux et virginal. C&#39;est le signe de la mdecine, de la dittique, de la sant et des maladies bnignes, et ou , psychosomatiques.<br>Il reprsente l&#39;hygine, la mnagre, les tches quotidienne et rptitives au foyer.<br>C&#39;est le signe des animaux. C&#39;est un signe technique et ingnieux. Il reprsente la division et la soustraction.<br>Il a peur de l&#39;inconnu, des surprises et se sent limit. Signe du service.<br>Malgr ses dfauts, il a beaucoup de qualits, il est prudent, esprit critique et autocritique, mthodique, sens de l&#39;organisation, de l&#39;analyse, honntet, serviabilit, simplicit, humilit.&nbsp;<br>Toutefois, de telles qualits peuvent inhiber toute expression spontane des motions et de la sensibilis, interdire tout abandon ou tout laisser aller, rendre le sujet m&quot;mticuleux, maniaque, dpressif.<br>On dit communment que le signe de la Vierge est le serviteur du Zodiaque. Il s&#39;agit alors, pour le natif de ce signe, d&#39;apprendre  diffrencier la serviabilit et lasservissement.','xx',1,0),(71,12,13,1440838119,2,71,'Re: Phrase positive','Alexandra','alexandra7voyante@gmail.com','85.27.74.173',1,0,'','','Dsormais je savoure chacune de mes actions.','xx',1,0),(72,12,13,1440925778,2,72,'Re: Phrase positive','Alexandra','alexandra7voyante@gmail.com','85.27.74.173',1,0,'','','J&#39;agis dans un sens toujours positif.','xx',1,0),(73,44,12,1440946583,2,73,'Dtente','Alexandra','alexandra7voyante@gmail.com','85.27.74.173',1,0,'','','[color=#222222][size=4][font=arial, sans-serif]PETIT ROBERT 2011 est sorti...[/font][/size][/color]<br>[quote][table][tr][td][table][tr][td][table][tr][td][table][tr][td][table][tr][td][size=4][b]La beaut intrieure[/b]&nbsp;: Concept invent par les moches pour pouvoir se reproduire.&nbsp;[/size]<br>[size=4]<br>[b]Sudoku[/b]&nbsp;: Qui  le Sudoku  le Nord en face.&nbsp;[/size]<br>[size=4]<br>[b]Porte-clefs[/b]&nbsp;: Invention trs pratique qui permet de perdre toutes ses clefs dun coup au lieu de les perdre une par une.&nbsp;&nbsp;&nbsp;&nbsp;&nbsp;[/size]<br><br>[b][size=4]Cellulite[/size][/b][size=4]&nbsp;[/size][size=4]: Couche graisseuse qui enveloppe souvent les femmes, mais emballe rarement les hommes[/size]<br>&nbsp;<br>[b][size=4]Etat[/size][/b][size=4]&nbsp;[/size][size=4]: Systme mafieux le mieux organis de tous les temps&nbsp;[/size]<br>&nbsp;<br>[b][size=4]Cravate[/size][/b][size=4]&nbsp;[/size][size=4]: Accessoire servant  indiquer la direction du cerveau de lhomme&nbsp;[/size]<br>[size=4]<br>[b]Carla Bruni[/b]&nbsp;: Blanche-neige moderne ayant eu une prfrence pour un des sept nains : Grincheux&nbsp;[/size]<br>[size=4]<br>[b]Maison Blanche[/b]&nbsp;: Actuellement Barack noire&nbsp;[/size]<br>[size=4]<br>[b]Voiture[/b]&nbsp;: Invention ingnieuse, permettant de contenir 110 chevaux dans le moteur et un ne au volant&nbsp;[/size]<br>[size=4]<br>[b]Maquillage[/b]&nbsp;: Opration qui consiste  tuer des baleines pour dcorer des thons&nbsp;[/size]<br>[size=4]<br>[b]Parents[/b]&nbsp;: Deux personnes qui t&#39;apprennent  marcher et  parler pour ensuite te dire de t&#39;asseoir et de fermer ta gueule&nbsp;[/size]<br>[size=4]<br>[b]Titeuf&nbsp;[/b]: Ce qui sort de la TitePoule&nbsp;[/size]<br>[size=4]<br>[b]Orteil[/b]&nbsp;: Appendice servant a dtecter les coins de portes&nbsp;[/size]<br>[size=4]<br>[b]Egalit des sexes&nbsp;[/b]: Nouveau concept cr par les hommes pour ne plus payer le restaurant&nbsp;[/size]<br>[size=4]<br>[b]Monter un meuble Ikea&nbsp;[/b]: Expression moderne signifiant &quot;passer un week-end de merde&quot;&nbsp;[/size]<br>[size=4]<br>[b]Etre au bout du rouleau&nbsp;[/b]: Situation trs peu confortable, surtout quand on est aux toilettes&nbsp;[/size]<br>[size=4]<br>[b]Facebook[/b]&nbsp;: Le seul endroit o tu parles  un mur sans tre ridicule&nbsp;[/size]<br>[size=4]<br>[b]Boule de flipper&nbsp;[/b]: Testicule de dauphin&nbsp;[/size]<br>[size=4]<br>[b]Le ton monte&nbsp;[/b]: Faon familire de signaler qu&#39;une femme moche prend l&#39;ascenseur&nbsp;[/size]<br>[size=4]<br>[b]Oui-Oui&nbsp;[/b]: Fils illgitime de Sissi&nbsp;[/size]<br>[size=4]<br>[b]GPS[/b]&nbsp;: Seule femme que les hommes coutent pour trouver leur chemin[/size][/td]<br>[/tr]<br>[/table]<br>[/td]<br>[/tr]<br>[/table]<br>[/td]<br>[/tr]<br>[/table]<br>[/td]<br>[/tr]<br>[/table]<br>[/td]<br>[/tr]<br>[/table]<br>[/quote]<br>','xx',1,0),(74,44,12,1440947428,2,74,'Re: Dtente','Alexandra','alexandra7voyante@gmail.com','85.27.74.173',1,0,'','','[size=2][b]La saison des barbecues a commenc ! A cet effet, il est bon de se rappeler la procdure habituelle de cette cuisine estivale.&nbsp;[/b][/size]<br>&nbsp; &nbsp;<br>Le barbecue :<br>C&#39;est dans cette activit qu&#39;on reconnat les talents de cuisine d&#39;un homme, un vrai.<br>Ds qu&#39;un homme se porte volontaire pour faire ce type de cuisine, la chane d&#39;vnements suivante est actionne :&nbsp;<br>&nbsp;<br>[b]L&#39;HOMME[/b]<br>1. L&#39;homme sort le barbecue et le charbon de bois. &nbsp; &nbsp; &nbsp; &nbsp; &nbsp; &nbsp; &nbsp; &nbsp; &nbsp; &nbsp; &nbsp; &nbsp; &nbsp; &nbsp;<br>[b]LA FEMME[/b]<br>2. La femme nettoie la grille.<br><br>3. La femme va  l&#39;picerie<br>&nbsp;<br>4. La femme va chez le boucher.<br>&nbsp;<br>5. La femme va chez le ptissier.<br>&nbsp;<br>6. La femme prpare la salade et les lgumes.<br>&nbsp;<br>7. La femme prpare la viande pour la &nbsp;cuisson<br>&nbsp;<br>8. La femme la place sur un plateau avec les ustensiles ncessaires, les pices et les herbes.<br>&nbsp;<br>9. La femme apporte la grille propre et le plateau  l&#39;homme qui est tendu  ct du barbecue en train de prendre une bire.<br>[b]10. L &#39;homme place la viande sur la grille.[/b]<br><br><br>11. La femme va  l&#39;intrieur mettre la table.<br>12. La femme vrifie la cuisson des lgumes.<br>&nbsp;<br>13. La femme prpare le dessert.<br>&nbsp;<br>14. La femme revient  l&#39;extrieur pour dire  son mari que la viande est en train de brler.<br>[b]15. Lhomme enlve la viande trop cuite de la grille et l&#39;apporte  la femme.[/b]<br>16. La femme prpare les assiettes et les apporte sur la table.<br>[b]17. Lhomme sert  boire.[/b]<br>18. La femme dessert la table et prpare le caf.<br>&nbsp;<br>19. La femme sert le caf et le dessert<br>&nbsp;<br>20. Aprs le repas, la femme range la table et la nappe.<br><br>21. La femme fait la vaisselle et range la cuisine.<br>[b]22. Lhomme laisse le barbecue en place car il y a encore des braises.[/b]<br>&nbsp;<br>[b]23. L&#39;homme demande  la femme si elle a apprci de ne pas faire la cuisine aujourdhui.[/b]<br>&nbsp;<br>[b]24. Et devant son air dubitatif, l&#39;homme conclut que les femmes ne sont jamais satisfaites.[/b]<br>La nature nous a donn deux oreilles et seulement une langue afin de pouvoir couter d&#39;avantage et parler moins.<br>ZENON D&#39;ELE<br>&nbsp;','xx',1,0),(75,12,13,1441011765,2,75,'Re: Phrase positive','Alexandra','alexandra7voyante@gmail.com','85.27.74.173',1,0,'','','Je vivrai chaque jour comme si c&#39;tait mon dernier.','xx',1,0),(76,42,12,1441013344,2,76,'Re: Images','Alexandra','alexandra7voyante@gmail.com','85.27.74.173',1,0,'','','Bonheur','clip',1,0),(77,45,19,1441016898,2,77,'Balance','Alexandra','alexandra7voyante@gmail.com','85.27.74.173',1,0,'','','Le Lion rcolte. La Vierge value et conserve la rcolte en sparant le bon grain de l&#39;ivraie.&nbsp;[size=2]C&#39;est  la Balance que revient la tche de la rpartir quitablement.[/size]<br>[size=2]C&#39;est le signe de l&#39;quilibre, de l&#39;harmonie, de la justice, de la paix.[/size]<br>[size=2]La Balance slectionne et tranche instinctivement. Son royaume est celui de la justice.[/size]<br>Il reprsente autrui, la comparaison, l&#39;opposition, la complmentarit.<br>C&#39;est le signe de l&#39;union, du mariage, des associations et des contrats.&nbsp;<br>Il est gracieux, lgant, a peur de la solitude, a des dons pour la danse.<br>[size=2]Il est doux, a besoin d&#39;tre aim, a le got du beau et du vrai.[/size]<br>Il montre la vie sociale, les runions, les rencontres, et les mondanits.<br>Il exprime le choix, les hsitations; il apporte l&#39;arbitrage, la conciliation, l&#39;quit ou l&#39;injustice.<br>C&#39;est un signe artistique, raffin, mais snob.&nbsp;<br>Il aime la flatterie, la mode, l&#39;esthtisme, la beaut, la facilit, la diplomatie et les conventions.<br>[size=2]L&#39;attachement aux principes, aux formes, aux normes peut-tre parfois pouss  l&#39;extrme, ainsi qu&#39;un caractre influenable, l&#39;indcision, le refus de prendre parti ou de s&#39;engager.[/size]','xx',1,0),(78,46,19,1441021384,2,78,'Scorpion','Alexandra','alexandra7voyante@gmail.com','85.27.74.173',1,0,'','','Il reprsente la mort et la sexualit.<br>C&#39;est le signe des instincts, du dsir sexuel, de la passion destructrice. Il apporte le mystre, le secret, les tnbres, mais aussi le rgnration, la mutation, la transformation, la rsurrection et le rincarnation.<br>Il reprsente les pouvoirs cachs, la magie noire et l&#39;espionnage.<br>Il aime le drame (parfois sadique) .&nbsp;<br>Il dtruit pour reconstruire.<br>[size=2]Il est extrmiste, tyrannique, concentr,&nbsp;[/size]rancunier[size=2], jaloux, possessif, haineux, envieux et vengeur.[/size][size=2]&nbsp;[/size]<br>[size=2]C&#39;est le signe de l&#39;rotisme et de la pornographie.[/size]<br>[size=2]C&#39;est aussi un signe de richesse, de trsors cachs ou de dons cachs comme le magntisme. Il aime le pouvoir. Son esprit est pntrant et hypercritique et il est arriviste.&nbsp;[/size]<br>[size=2]Il est exigeant avec lui-mme et avec autrui. Remise en question frquente.&nbsp;[/size]<br>[size=2]C&#39;est le signe des hritages.[/size]<br>[size=2]Ce signe du zodiaque rassemble les pulsions de vie et de mort dans une projection sourde, intriorise, intense vers le futur. Mais il s&#39;agit l d&#39;un futur neuf. D&#39;o le got du risque calcul des natifs de ce signe,[/size]<br>[size=2]leur caractre anticonformiste, provocateur, audacieux, leur esprit de rvolte, leur intrt marqu pour l&#39;insolite, l&#39;trange, l&#39;indit et l&#39;interdit, leur nergie magntique parfois destructrice, autodestructrice ou profondment rgnratrice.[/size]<br>[size=2]Il veut toucher le fond pour fouiller, explorer et rebondir, quitte  y laisser sa peau.[/size]','xx',1,0),(79,47,19,1441025069,2,81,'Sagittaire','Alexandra','alexandra7voyante@gmail.com','85.27.74.173',1,1441094170,'Alexandra','','Il marque l&#39;volution intellectuelle ou spirituelle et les tudes suprieures. Il reprsente la philosophie, l&#39;sotrisme, la thologie, la religion et la loi.<br>C&#39;est le signe des grands voyages, de l&#39;outre-mer, de l&#39;tranger et des routes  plusieurs voies (contrairement aux Gmeaux qui reprsentent les petites routes). <br>C&#39;est un ternel enfant, optimiste et toujours de bonne humeur. <br>Il a le got de la chasse, des courses de chevaux et du sport (de la vie au grand air, du camping).<br>Il marque les prophtes, les gourous, les explorateurs, les leaders spirituels.<br>C&#39;est le signe des rves (notamment ceux qui sont prophtiques).<br>Il est indpendant, adaptable, joueur, aventurier, imprudent, jovial, enthousiaste, joyeux et tonique.<br>Il a bonne mine. Il se sent chanceux.<br>C&#39;est le signe de la maturit et, dans un certain sens, celui du pre qui guide et qui protge.<br>On doit ajouter  ce tableau sympathique la sincrit, la bonne foi, la simplicit, lhonntet, et leurs revers qui rendent parfois les natifs de ce signe joueurs, tricheurs, intransigeants, violents, exclusifs et excessifs.<br>Les besoins d&#39;tablir un contact physique avec le monde, de dpenser ses nergies, d&#39;largir son horizon, dexpansion naturelle, de conqute et d&#39;exploit sont toutefois d&#39;excellents catalyseurs pour ce signe qui conduit l&#39;tre  jouir et  s&#39;panouir pleinement.','xx',1,0),(80,48,19,1441025093,2,81,'Capricorne','Alexandra','alexandra7voyante@gmail.com','85.27.74.173',1,1441095017,'Alexandra','','[size=2]C&#39;est le signe de la montagne, du sommet  atteindre, d&#39;o ambition et lvation sociale lente mais sre.[/size]<br>[size=2]Il reprsente l&#39;avarice, la frugalit, le dpouillement, la vieillesse, la solitude, la ralisation, l&#39;conomie, la patience, la persvrance. [/size]<br>[size=2]Il indique les postes levs, de confiance,  responsabilits. Il montre le devoir, la mthode, l&#39;organisation, l&#39;intgrit, le sang-froid, la prudence, le pessimisme, l&#39;intriorit, le rigoriste, les retards, l&#39;exprience, le dtachement, le recueillement, la sagesse et la frustration.[/size]<br>[size=2]En gnral, il a du sens pratique et il est de bon conseil.[/size]<br>[size=2]C&#39;est le signe de l&#39;administration et aussi de la connaissance.[/size]<br>[size=2]Par analogie avec cette priode de l&#39;anne &nbsp;o la nature lutte contre les&nbsp;rigueurs&nbsp;du froid et du gel, le signe du Capricorne met en place un systme&nbsp;dautodfense, une volont de se suffire  lui mme qui conduisent&nbsp;parfois&nbsp;certains natifs de ce signe  la dfiance,  la&nbsp;misanthropie, au pessimisme, au scepticisme, au refus de tout abandon et de tout laisser-aller, voire  l&#39;indiffrence.[/size]<br>[size=2]Par compensation, la lucidit s&#39;en trouve exalte, ainsi que la logique, la&nbsp;tnacit, l&#39;ambition, le pouvoir de concentration, de rflexion, de maturation, la capacit de se nourrir de l&#39;exprience.&nbsp;[/size]<br>[size=2]Ne comptant que sur lui mme et tant sereinement prpar au pire, le natif&nbsp;du&nbsp;Capricorne possde beaucoup de sang-froid. Il est patient,&nbsp;persvrant, raisonnable et solitaire.[/size]<br><br>','xx',1,0),(81,12,13,1441059228,2,81,'Re: Phrase positive','Alexandra','alexandra7voyante@gmail.com','85.27.74.173',1,0,'','','[size=2]Je suis en train de changer ma vie par mes actions,[/size]<br>C&#39;est un choix qui m&#39;appartient.<br>&nbsp;','xx',1,0),(82,49,19,1441102291,2,82,'Verseau','Alexandra','alexandra7voyante@gmail.com','85.27.74.173',1,1441102681,'Alexandra','','C&#39;est le signe du futur.<br>Il est avant gardiste, moderne, humaniste, individualiste, altruiste, indpendant, sympathique et rvolt.<br>Il a des ides et de l&#39;humour. <br>Il symbolise la science, l&#39;avenir, la prospective, l&#39;espace, les communications modernes (tv, cinma, vido, satellite, ordinateur).<br>Il est le signe de l&#39;amiti, de l&#39;invention, de l&#39;originalit, de l&#39;utopie, de l&#39;explosion. <br>Il a un esprit de contradiction.<br>Il reprsente les moyens modernes de transport (train, avions, fuse...) <br>Son esprit non conformiste le pousse )  la rvolte,  la contestation systmatique. <br>Son ouverture d&#39;esprit, son sens inn de la collaboration font des natifs de la fraternit, de la libert, de la politique, de l&#39;excentricit et de la recherche d&#39;une connaissance.<br>','xx',1,0),(84,51,19,1441188216,2,84,'Poissons','Alexandra','alexandra7voyante@gmail.com','85.27.74.173',1,0,'','','C&#39;est le signe de l&#39;infini, de ce qui est illimit, de la foi de la mystique.&nbsp;<br>Il apporte des dons artistiques ( musique, danse et comdie ).<br>Il symbolise l&#39;inspiration cratrice, l&#39;imagination, l&#39;image, l&#39;institution et la clairvoyance.&nbsp;<br>Il apporte le sacrifice, le mystre, le secret, la dramatisation, la rverie, le merveilleux, le conte, l&#39;hsitation, la rsignation et la nonchalance.<br>Il peut se montrer faible, paresseux, superstitieux.<br>C&#39;est le domaine de l&#39;image, de l&#39;illusion, de la trahison, la rsignation et la nonchalance.<br>Il peut se montrer faible, paresseux, superstitieux.<br>C&#39;est le domaine de l&#39;image, de l&#39;illusion, de la trahison mais aussi de la douceur, du dvouement et de la gentillesse.<br>Il fuit; il nage entre deux eaux; il est silencieux, discret, paisible et parfois dissimulateur.<br>C&#39;est un signe philanthrope, sensitif, romanesque, rceptif et compatissant.<br>Il est sentimental, impressionnable, sensible et influenable.<br>C&#39;est le signe de la photographie, du sommeil, de la relaxation, de la sophrologie et de toutes les drogues.<br>Il est naf mais protg.<br>Le Poisson est naturellement en osmose avec les aspects visibles et invisibles de son milieu naturel qui le submergent parfois ou qui le poussent aux excs de sensibilit, d&#39;motivit, de sentimentalisme,  l&#39;auto-illusion,  lanxit,  la passivit,  la sublimation,  l&#39;idalisme ou au gnie crateur.<br>Il est ainsi capable de repli sur soi tout autant que de gnreuse expansion.','xx',1,0),(85,12,13,1441188527,2,85,'Re: Phrase positive','Alexandra','alexandra7voyante@gmail.com','85.27.74.173',1,0,'','','Je simplifie ma vie, je me dbarrasse du dsordre et des activits non fcondes.','xx',1,0),(86,12,13,1441280781,2,86,'Re: Phrase positive','Alexandra','alexandra7voyante@gmail.com','85.27.74.173',1,0,'','','Je fais face avec courage, je reste calme.','xx',1,0),(87,52,26,1441282143,2,87,'Transformez Votre Vie Par l\'Astrologie','Alexandra','alexandra7voyante@gmail.com','85.27.74.173',1,1441283004,'Alexandra','','[b]Transformez Votre Vie Par l&#39;Astrologie[/b]<br><br>Ce livre vous aidera  comprendre votre vie passe, prsente, future et vous permettra de rflchir sur les positions et choix  faire.<br>Pratique de la nouvelle astrologie: comment calculer votre carte du ciel, en comprendre les symboles et linterprter.<br>Le calcul du temps sidral, de votre ascendant, de la position de vos plantes...<br>Dcouvrir lalphabet astrologique, les clefs du zodiaque, le message des astres, la communication astrale...<br>Les cheminements de l&#39;interprtation astrologique<br><br>Art ancestral, l&#39;astrologie est ici traite de faon rsolument moderne, dans un style nouveau par rapport  l&#39;astrologie classique, avec des dfinitions plus adaptes au mode de pense de l&#39;homme d&#39;aujourd&#39;hui.<br><br>Ce livre vous aidera  mieux connatre et matriser votre destin, par des mthodes nouvelles d&#39;interprtation, comme la technique des modles de rpartitions plantaires.<br><br>Prsent en trois parties, il vous apprend  calculer votre carte du ciel, vous donne les dfinitions symboliques de tous ses lments, et vous enseigne les bases de l&#39;interprtation.<br><br>De nombreux exemples et exercices pratiques compltent cet ouvrage enrichissant, original et passionnant.<br><br>Pierre Lassale<br><br>ISBN 2-7328-2804-1','xx',1,0),(88,53,26,1441310430,2,88,'ManuelPratique d\'Astrologie','Alexandra','alexandra7voyante@gmail.com','85.27.74.173',1,0,'','','[b]ManuelPratique d&#39;Astrologie[/b]<br><br>L&#39;astrologie vous passionne mais les calculs vous effraient!<br>Didier Colin, vous livre ici les cls d&#39;une astrologie enfin accessible.<br>Alors, entrez dans la pratique et suivez l&#39;enseignement d&#39;un professionnel.','xx',1,0),(89,12,13,1441354386,2,89,'Re: Phrase positive','Alexandra','alexandra7voyante@gmail.com','85.27.74.173',1,0,'','','J&#39;ai le droit et le devoir d&#39;tre moi-mme,<br>Mon succs sera  la mesure de mon affirmation,<br>Je m&#39;affirme de plus en plus dans tous les domaines de mon existence.','xx',1,0);
/*!40000 ALTER TABLE `smf_messages` ENABLE KEYS */;
UNLOCK TABLES;

--
-- Table structure for table `smf_moderator_groups`
--

DROP TABLE IF EXISTS `smf_moderator_groups`;
/*!40101 SET @saved_cs_client     = @@character_set_client */;
/*!40101 SET character_set_client = utf8 */;
CREATE TABLE `smf_moderator_groups` (
  `id_board` smallint(5) unsigned NOT NULL DEFAULT '0',
  `id_group` smallint(5) unsigned NOT NULL DEFAULT '0',
  PRIMARY KEY (`id_board`,`id_group`)
) ENGINE=InnoDB DEFAULT CHARSET=utf8;
/*!40101 SET character_set_client = @saved_cs_client */;

--
-- Dumping data for table `smf_moderator_groups`
--

LOCK TABLES `smf_moderator_groups` WRITE;
/*!40000 ALTER TABLE `smf_moderator_groups` DISABLE KEYS */;
/*!40000 ALTER TABLE `smf_moderator_groups` ENABLE KEYS */;
UNLOCK TABLES;

--
-- Table structure for table `smf_moderators`
--

DROP TABLE IF EXISTS `smf_moderators`;
/*!40101 SET @saved_cs_client     = @@character_set_client */;
/*!40101 SET character_set_client = utf8 */;
CREATE TABLE `smf_moderators` (
  `id_board` smallint(5) unsigned NOT NULL DEFAULT '0',
  `id_member` mediumint(8) unsigned NOT NULL DEFAULT '0',
  PRIMARY KEY (`id_board`,`id_member`)
) ENGINE=InnoDB DEFAULT CHARSET=utf8;
/*!40101 SET character_set_client = @saved_cs_client */;

--
-- Dumping data for table `smf_moderators`
--

LOCK TABLES `smf_moderators` WRITE;
/*!40000 ALTER TABLE `smf_moderators` DISABLE KEYS */;
/*!40000 ALTER TABLE `smf_moderators` ENABLE KEYS */;
UNLOCK TABLES;

--
-- Table structure for table `smf_package_servers`
--

DROP TABLE IF EXISTS `smf_package_servers`;
/*!40101 SET @saved_cs_client     = @@character_set_client */;
/*!40101 SET character_set_client = utf8 */;
CREATE TABLE `smf_package_servers` (
  `id_server` smallint(5) unsigned NOT NULL AUTO_INCREMENT,
  `name` varchar(255) NOT NULL DEFAULT '',
  `url` varchar(255) NOT NULL DEFAULT '',
  PRIMARY KEY (`id_server`)
) ENGINE=InnoDB AUTO_INCREMENT=2 DEFAULT CHARSET=utf8;
/*!40101 SET character_set_client = @saved_cs_client */;

--
-- Dumping data for table `smf_package_servers`
--

LOCK TABLES `smf_package_servers` WRITE;
/*!40000 ALTER TABLE `smf_package_servers` DISABLE KEYS */;
INSERT INTO `smf_package_servers` VALUES (1,'Simple Machines Third-party Mod Site','http://custom.simplemachines.org/packages/mods');
/*!40000 ALTER TABLE `smf_package_servers` ENABLE KEYS */;
UNLOCK TABLES;

--
-- Table structure for table `smf_permission_profiles`
--

DROP TABLE IF EXISTS `smf_permission_profiles`;
/*!40101 SET @saved_cs_client     = @@character_set_client */;
/*!40101 SET character_set_client = utf8 */;
CREATE TABLE `smf_permission_profiles` (
  `id_profile` smallint(5) NOT NULL AUTO_INCREMENT,
  `profile_name` varchar(255) NOT NULL DEFAULT '',
  PRIMARY KEY (`id_profile`)
) ENGINE=InnoDB AUTO_INCREMENT=5 DEFAULT CHARSET=utf8;
/*!40101 SET character_set_client = @saved_cs_client */;

--
-- Dumping data for table `smf_permission_profiles`
--

LOCK TABLES `smf_permission_profiles` WRITE;
/*!40000 ALTER TABLE `smf_permission_profiles` DISABLE KEYS */;
INSERT INTO `smf_permission_profiles` VALUES (1,'default'),(2,'no_polls'),(3,'reply_only'),(4,'read_only');
/*!40000 ALTER TABLE `smf_permission_profiles` ENABLE KEYS */;
UNLOCK TABLES;

--
-- Table structure for table `smf_permissions`
--

DROP TABLE IF EXISTS `smf_permissions`;
/*!40101 SET @saved_cs_client     = @@character_set_client */;
/*!40101 SET character_set_client = utf8 */;
CREATE TABLE `smf_permissions` (
  `id_group` smallint(5) NOT NULL DEFAULT '0',
  `permission` varchar(30) NOT NULL DEFAULT '',
  `add_deny` tinyint(4) NOT NULL DEFAULT '1',
  PRIMARY KEY (`id_group`,`permission`)
) ENGINE=InnoDB DEFAULT CHARSET=utf8;
/*!40101 SET character_set_client = @saved_cs_client */;

--
-- Dumping data for table `smf_permissions`
--

LOCK TABLES `smf_permissions` WRITE;
/*!40000 ALTER TABLE `smf_permissions` DISABLE KEYS */;
INSERT INTO `smf_permissions` VALUES (-1,'calendar_view',1),(-1,'search_posts',1),(-1,'view_stats',1),(0,'calendar_view',1),(0,'pm_draft',1),(0,'pm_read',1),(0,'pm_send',1),(0,'profile_blurb_own',1),(0,'profile_displayed_name_own',1),(0,'profile_extra_own',1),(0,'profile_forum_own',1),(0,'profile_identity_own',1),(0,'profile_other_own',1),(0,'profile_password_own',1),(0,'profile_remote_avatar',1),(0,'profile_remove_own',1),(0,'profile_server_avatar',1),(0,'profile_signature_own',1),(0,'profile_upload_avatar',1),(0,'profile_view',1),(0,'search_posts',1),(0,'send_email_to_members',1),(0,'view_mlist',1),(0,'view_stats',1),(0,'who_view',1),(2,'access_mod_center',1),(2,'calendar_edit_any',1),(2,'calendar_post',1),(2,'calendar_view',1),(2,'manage_boards',1),(2,'pm_draft',1),(2,'pm_read',1),(2,'pm_send',1),(2,'profile_blurb_own',1),(2,'profile_displayed_name_own',1),(2,'profile_extra_own',1),(2,'profile_forum_own',1),(2,'profile_identity_own',1),(2,'profile_other_own',1),(2,'profile_password_own',1),(2,'profile_remote_avatar',1),(2,'profile_remove_own',1),(2,'profile_server_avatar',1),(2,'profile_signature_own',1),(2,'profile_title_own',1),(2,'profile_upload_avatar',1),(2,'profile_view',1),(2,'search_posts',1),(2,'send_email_to_members',1),(2,'view_mlist',1),(2,'view_stats',1),(2,'who_view',1),(9,'calendar_view',1),(9,'pm_draft',1),(9,'pm_read',1),(9,'pm_send',1),(9,'profile_blurb_own',1),(9,'profile_displayed_name_own',1),(9,'profile_extra_own',1),(9,'profile_forum_own',1),(9,'profile_identity_own',1),(9,'profile_other_own',1),(9,'profile_password_own',1),(9,'profile_remote_avatar',1),(9,'profile_remove_own',1),(9,'profile_server_avatar',1),(9,'profile_signature_own',1),(9,'profile_upload_avatar',1),(9,'profile_view',1),(9,'search_posts',1),(9,'send_email_to_members',1),(9,'view_mlist',1),(9,'view_stats',1),(9,'who_view',1),(10,'calendar_view',1),(10,'pm_draft',1),(10,'pm_read',1),(10,'pm_send',1),(10,'profile_blurb_own',1),(10,'profile_displayed_name_own',1),(10,'profile_extra_own',1),(10,'profile_forum_own',1),(10,'profile_identity_own',1),(10,'profile_other_own',1),(10,'profile_password_own',1),(10,'profile_remote_avatar',1),(10,'profile_remove_own',1),(10,'profile_server_avatar',1),(10,'profile_signature_own',1),(10,'profile_upload_avatar',1),(10,'profile_view',1),(10,'search_posts',1),(10,'send_email_to_members',1),(10,'view_mlist',1),(10,'view_stats',1),(10,'who_view',1);
/*!40000 ALTER TABLE `smf_permissions` ENABLE KEYS */;
UNLOCK TABLES;

--
-- Table structure for table `smf_personal_messages`
--

DROP TABLE IF EXISTS `smf_personal_messages`;
/*!40101 SET @saved_cs_client     = @@character_set_client */;
/*!40101 SET character_set_client = utf8 */;
CREATE TABLE `smf_personal_messages` (
  `id_pm` int(10) unsigned NOT NULL AUTO_INCREMENT,
  `id_pm_head` int(10) unsigned NOT NULL DEFAULT '0',
  `id_member_from` mediumint(8) unsigned NOT NULL DEFAULT '0',
  `deleted_by_sender` tinyint(3) unsigned NOT NULL DEFAULT '0',
  `from_name` varchar(255) NOT NULL DEFAULT '',
  `msgtime` int(10) unsigned NOT NULL DEFAULT '0',
  `subject` varchar(255) NOT NULL DEFAULT '',
  `body` text NOT NULL,
  PRIMARY KEY (`id_pm`),
  KEY `id_member` (`id_member_from`,`deleted_by_sender`),
  KEY `msgtime` (`msgtime`),
  KEY `id_pm_head` (`id_pm_head`)
) ENGINE=InnoDB DEFAULT CHARSET=utf8;
/*!40101 SET character_set_client = @saved_cs_client */;

--
-- Dumping data for table `smf_personal_messages`
--

LOCK TABLES `smf_personal_messages` WRITE;
/*!40000 ALTER TABLE `smf_personal_messages` DISABLE KEYS */;
/*!40000 ALTER TABLE `smf_personal_messages` ENABLE KEYS */;
UNLOCK TABLES;

--
-- Table structure for table `smf_pm_labeled_messages`
--

DROP TABLE IF EXISTS `smf_pm_labeled_messages`;
/*!40101 SET @saved_cs_client     = @@character_set_client */;
/*!40101 SET character_set_client = utf8 */;
CREATE TABLE `smf_pm_labeled_messages` (
  `id_label` int(10) unsigned NOT NULL DEFAULT '0',
  `id_pm` int(10) unsigned NOT NULL DEFAULT '0',
  PRIMARY KEY (`id_label`,`id_pm`)
) ENGINE=InnoDB DEFAULT CHARSET=utf8;
/*!40101 SET character_set_client = @saved_cs_client */;

--
-- Dumping data for table `smf_pm_labeled_messages`
--

LOCK TABLES `smf_pm_labeled_messages` WRITE;
/*!40000 ALTER TABLE `smf_pm_labeled_messages` DISABLE KEYS */;
/*!40000 ALTER TABLE `smf_pm_labeled_messages` ENABLE KEYS */;
UNLOCK TABLES;

--
-- Table structure for table `smf_pm_labels`
--

DROP TABLE IF EXISTS `smf_pm_labels`;
/*!40101 SET @saved_cs_client     = @@character_set_client */;
/*!40101 SET character_set_client = utf8 */;
CREATE TABLE `smf_pm_labels` (
  `id_label` int(10) unsigned NOT NULL AUTO_INCREMENT,
  `id_member` mediumint(8) unsigned NOT NULL DEFAULT '0',
  `name` varchar(30) NOT NULL DEFAULT '',
  PRIMARY KEY (`id_label`)
) ENGINE=InnoDB DEFAULT CHARSET=utf8;
/*!40101 SET character_set_client = @saved_cs_client */;

--
-- Dumping data for table `smf_pm_labels`
--

LOCK TABLES `smf_pm_labels` WRITE;
/*!40000 ALTER TABLE `smf_pm_labels` DISABLE KEYS */;
/*!40000 ALTER TABLE `smf_pm_labels` ENABLE KEYS */;
UNLOCK TABLES;

--
-- Table structure for table `smf_pm_recipients`
--

DROP TABLE IF EXISTS `smf_pm_recipients`;
/*!40101 SET @saved_cs_client     = @@character_set_client */;
/*!40101 SET character_set_client = utf8 */;
CREATE TABLE `smf_pm_recipients` (
  `id_pm` int(10) unsigned NOT NULL DEFAULT '0',
  `id_member` mediumint(8) unsigned NOT NULL DEFAULT '0',
  `bcc` tinyint(3) unsigned NOT NULL DEFAULT '0',
  `is_read` tinyint(3) unsigned NOT NULL DEFAULT '0',
  `is_new` tinyint(3) unsigned NOT NULL DEFAULT '0',
  `deleted` tinyint(3) unsigned NOT NULL DEFAULT '0',
  `in_inbox` tinyint(3) unsigned NOT NULL DEFAULT '1',
  PRIMARY KEY (`id_pm`,`id_member`),
  UNIQUE KEY `id_member` (`id_member`,`deleted`,`id_pm`)
) ENGINE=InnoDB DEFAULT CHARSET=utf8;
/*!40101 SET character_set_client = @saved_cs_client */;

--
-- Dumping data for table `smf_pm_recipients`
--

LOCK TABLES `smf_pm_recipients` WRITE;
/*!40000 ALTER TABLE `smf_pm_recipients` DISABLE KEYS */;
/*!40000 ALTER TABLE `smf_pm_recipients` ENABLE KEYS */;
UNLOCK TABLES;

--
-- Table structure for table `smf_pm_rules`
--

DROP TABLE IF EXISTS `smf_pm_rules`;
/*!40101 SET @saved_cs_client     = @@character_set_client */;
/*!40101 SET character_set_client = utf8 */;
CREATE TABLE `smf_pm_rules` (
  `id_rule` int(10) unsigned NOT NULL AUTO_INCREMENT,
  `id_member` int(10) unsigned NOT NULL DEFAULT '0',
  `rule_name` varchar(60) NOT NULL,
  `criteria` text NOT NULL,
  `actions` text NOT NULL,
  `delete_pm` tinyint(3) unsigned NOT NULL DEFAULT '0',
  `is_or` tinyint(3) unsigned NOT NULL DEFAULT '0',
  PRIMARY KEY (`id_rule`),
  KEY `id_member` (`id_member`),
  KEY `delete_pm` (`delete_pm`)
) ENGINE=InnoDB DEFAULT CHARSET=utf8;
/*!40101 SET character_set_client = @saved_cs_client */;

--
-- Dumping data for table `smf_pm_rules`
--

LOCK TABLES `smf_pm_rules` WRITE;
/*!40000 ALTER TABLE `smf_pm_rules` DISABLE KEYS */;
/*!40000 ALTER TABLE `smf_pm_rules` ENABLE KEYS */;
UNLOCK TABLES;

--
-- Table structure for table `smf_poll_choices`
--

DROP TABLE IF EXISTS `smf_poll_choices`;
/*!40101 SET @saved_cs_client     = @@character_set_client */;
/*!40101 SET character_set_client = utf8 */;
CREATE TABLE `smf_poll_choices` (
  `id_poll` mediumint(8) unsigned NOT NULL DEFAULT '0',
  `id_choice` tinyint(3) unsigned NOT NULL DEFAULT '0',
  `label` varchar(255) NOT NULL DEFAULT '',
  `votes` smallint(5) unsigned NOT NULL DEFAULT '0',
  PRIMARY KEY (`id_poll`,`id_choice`)
) ENGINE=InnoDB DEFAULT CHARSET=utf8;
/*!40101 SET character_set_client = @saved_cs_client */;

--
-- Dumping data for table `smf_poll_choices`
--

LOCK TABLES `smf_poll_choices` WRITE;
/*!40000 ALTER TABLE `smf_poll_choices` DISABLE KEYS */;
/*!40000 ALTER TABLE `smf_poll_choices` ENABLE KEYS */;
UNLOCK TABLES;

--
-- Table structure for table `smf_polls`
--

DROP TABLE IF EXISTS `smf_polls`;
/*!40101 SET @saved_cs_client     = @@character_set_client */;
/*!40101 SET character_set_client = utf8 */;
CREATE TABLE `smf_polls` (
  `id_poll` mediumint(8) unsigned NOT NULL AUTO_INCREMENT,
  `question` varchar(255) NOT NULL DEFAULT '',
  `voting_locked` tinyint(1) NOT NULL DEFAULT '0',
  `max_votes` tinyint(3) unsigned NOT NULL DEFAULT '1',
  `expire_time` int(10) unsigned NOT NULL DEFAULT '0',
  `hide_results` tinyint(3) unsigned NOT NULL DEFAULT '0',
  `change_vote` tinyint(3) unsigned NOT NULL DEFAULT '0',
  `guest_vote` tinyint(3) unsigned NOT NULL DEFAULT '0',
  `num_guest_voters` int(10) unsigned NOT NULL DEFAULT '0',
  `reset_poll` int(10) unsigned NOT NULL DEFAULT '0',
  `id_member` mediumint(8) NOT NULL DEFAULT '0',
  `poster_name` varchar(255) NOT NULL DEFAULT '',
  PRIMARY KEY (`id_poll`)
) ENGINE=InnoDB DEFAULT CHARSET=utf8;
/*!40101 SET character_set_client = @saved_cs_client */;

--
-- Dumping data for table `smf_polls`
--

LOCK TABLES `smf_polls` WRITE;
/*!40000 ALTER TABLE `smf_polls` DISABLE KEYS */;
/*!40000 ALTER TABLE `smf_polls` ENABLE KEYS */;
UNLOCK TABLES;

--
-- Table structure for table `smf_qanda`
--

DROP TABLE IF EXISTS `smf_qanda`;
/*!40101 SET @saved_cs_client     = @@character_set_client */;
/*!40101 SET character_set_client = utf8 */;
CREATE TABLE `smf_qanda` (
  `id_question` smallint(5) unsigned NOT NULL AUTO_INCREMENT,
  `lngfile` varchar(255) NOT NULL DEFAULT '',
  `question` varchar(255) NOT NULL DEFAULT '',
  `answers` text NOT NULL,
  PRIMARY KEY (`id_question`),
  KEY `lngfile` (`lngfile`)
) ENGINE=InnoDB DEFAULT CHARSET=utf8;
/*!40101 SET character_set_client = @saved_cs_client */;

--
-- Dumping data for table `smf_qanda`
--

LOCK TABLES `smf_qanda` WRITE;
/*!40000 ALTER TABLE `smf_qanda` DISABLE KEYS */;
/*!40000 ALTER TABLE `smf_qanda` ENABLE KEYS */;
UNLOCK TABLES;

--
-- Table structure for table `smf_scheduled_tasks`
--

DROP TABLE IF EXISTS `smf_scheduled_tasks`;
/*!40101 SET @saved_cs_client     = @@character_set_client */;
/*!40101 SET character_set_client = utf8 */;
CREATE TABLE `smf_scheduled_tasks` (
  `id_task` smallint(5) NOT NULL AUTO_INCREMENT,
  `next_time` int(10) NOT NULL DEFAULT '0',
  `time_offset` int(10) NOT NULL DEFAULT '0',
  `time_regularity` smallint(5) NOT NULL DEFAULT '0',
  `time_unit` varchar(1) NOT NULL DEFAULT 'h',
  `disabled` tinyint(3) NOT NULL DEFAULT '0',
  `task` varchar(24) NOT NULL DEFAULT '',
  `callable` varchar(60) NOT NULL DEFAULT '',
  PRIMARY KEY (`id_task`),
  UNIQUE KEY `task` (`task`),
  KEY `next_time` (`next_time`),
  KEY `disabled` (`disabled`)
) ENGINE=InnoDB AUTO_INCREMENT=14 DEFAULT CHARSET=utf8;
/*!40101 SET character_set_client = @saved_cs_client */;

--
-- Dumping data for table `smf_scheduled_tasks`
--

LOCK TABLES `smf_scheduled_tasks` WRITE;
/*!40000 ALTER TABLE `smf_scheduled_tasks` DISABLE KEYS */;
INSERT INTO `smf_scheduled_tasks` VALUES (1,1441364400,0,2,'h',0,'approval_notification',''),(3,1441407660,60,1,'d',0,'daily_maintenance',''),(5,1441407600,0,1,'d',0,'daily_digest',''),(6,1441407600,0,1,'w',0,'weekly_digest',''),(7,1441401660,166881,1,'d',0,'fetchSMfiles',''),(8,0,0,1,'d',1,'birthdayemails',''),(9,1441407600,0,1,'w',0,'weekly_maintenance',''),(10,0,120,1,'d',1,'paid_subscriptions',''),(11,1441407720,120,1,'d',0,'remove_temp_attachments',''),(12,1441407780,180,1,'d',0,'remove_topic_redirect',''),(13,1441407840,240,1,'d',0,'remove_old_drafts','');
/*!40000 ALTER TABLE `smf_scheduled_tasks` ENABLE KEYS */;
UNLOCK TABLES;

--
-- Table structure for table `smf_sessions`
--

DROP TABLE IF EXISTS `smf_sessions`;
/*!40101 SET @saved_cs_client     = @@character_set_client */;
/*!40101 SET character_set_client = utf8 */;
CREATE TABLE `smf_sessions` (
  `session_id` char(64) NOT NULL,
  `last_update` int(10) unsigned NOT NULL,
  `data` text NOT NULL,
  PRIMARY KEY (`session_id`)
) ENGINE=InnoDB DEFAULT CHARSET=utf8;
/*!40101 SET character_set_client = @saved_cs_client */;

--
-- Dumping data for table `smf_sessions`
--

LOCK TABLES `smf_sessions` WRITE;
/*!40000 ALTER TABLE `smf_sessions` DISABLE KEYS */;
INSERT INTO `smf_sessions` VALUES ('026tjqfdt9pdqmlekseqqnhbn7',1440768423,'session_value|s:32:\"7188b5d2818c6189146dbbd09dd62d25\";session_var|s:9:\"e3ec3bf1b\";token|a:1:{s:10:\"post-login\";a:4:{i:0;s:12:\"d028657cafeb\";i:1;s:32:\"93978c0524aa4767080a3fbf15139080\";i:2;i:1440768422;i:3;s:32:\"5310b550649005338084bfe2dde38670\";}}robot_check|i:1440768422;mc|a:7:{s:4:\"time\";i:1440768422;s:2:\"id\";i:0;s:2:\"gq\";s:3:\"0=1\";s:2:\"bq\";s:3:\"0=1\";s:2:\"ap\";a:0:{}s:2:\"mb\";a:0:{}s:2:\"mq\";s:3:\"0=1\";}ban|a:5:{s:12:\"last_checked\";i:1440768422;s:9:\"id_member\";i:0;s:2:\"ip\";s:13:\"151.80.31.133\";s:3:\"ip2\";s:0:\"\";s:5:\"email\";s:0:\"\";}log_time|i:1440768423;timeOnlineUpdated|i:1440768422;login_url|s:60:\"http://Forum.Sublime-Voyance.be/index.php?action=profile;u=4\";old_url|s:60:\"http://Forum.Sublime-Voyance.be/index.php?action=profile;u=4\";USER_AGENT|s:66:\"Mozilla/5.0 (compatible; AhrefsBot/5.0; +http://ahrefs.com/robot/)\";'),('02vg7a53mjjfjknmpt15acq2p4',1441296586,'session_value|s:32:\"6a3ad0036db955a21006f9fc1ec544f8\";session_var|s:10:\"a189605174\";token|a:1:{s:10:\"post-login\";a:4:{i:0;s:10:\"bf963b9617\";i:1;s:32:\"99bb7c605a50ca6b22c3a2514c1b0685\";i:2;i:1441296586;i:3;s:32:\"287720d25877ae1767c93143e67ea9a8\";}}robot_check|i:1441296586;mc|a:7:{s:4:\"time\";i:1441296586;s:2:\"id\";i:0;s:2:\"gq\";s:3:\"0=1\";s:2:\"bq\";s:3:\"0=1\";s:2:\"ap\";a:0:{}s:2:\"mb\";a:0:{}s:2:\"mq\";s:3:\"0=1\";}ban|a:5:{s:12:\"last_checked\";i:1441296586;s:9:\"id_member\";i:0;s:2:\"ip\";s:13:\"157.55.39.128\";s:3:\"ip2\";s:0:\"\";s:5:\"email\";s:0:\"\";}log_time|i:1441296586;timeOnlineUpdated|i:1441296586;last_read_topic|i:6;forms|a:0:{}old_url|s:59:\"http://Forum.Sublime-Voyance.be/index.php/topic,6.msg6.html\";USER_AGENT|s:71:\"Mozilla/5.0 (compatible; bingbot/2.0; +http://www.bing.com/bingbot.htm)\";'),('0apa34scovgli3nc89frdg0kk1',1441347142,'session_value|s:32:\"cbd981852f0815f527969f2ce33a2f8d\";session_var|s:10:\"bb0561406e\";token|a:1:{s:10:\"post-login\";a:4:{i:0;s:10:\"b6a65294a4\";i:1;s:32:\"93a1c1267b89a82e69f0a0db2c53122e\";i:2;i:1441347141;i:3;s:32:\"21bf657f622164aeed713e0d882a56fa\";}}robot_check|i:1441347141;mc|a:7:{s:4:\"time\";i:1441347141;s:2:\"id\";i:0;s:2:\"gq\";s:3:\"0=1\";s:2:\"bq\";s:3:\"0=1\";s:2:\"ap\";a:0:{}s:2:\"mb\";a:0:{}s:2:\"mq\";s:3:\"0=1\";}ban|a:5:{s:12:\"last_checked\";i:1441347141;s:9:\"id_member\";i:0;s:2:\"ip\";s:14:\"188.165.15.196\";s:3:\"ip2\";s:0:\"\";s:5:\"email\";s:0:\"\";}log_time|i:1441347141;timeOnlineUpdated|i:1441347141;old_url|s:67:\"http://Forum.Sublime-Voyance.be/index.php/board,4.0/sort,views.html\";USER_AGENT|s:66:\"Mozilla/5.0 (compatible; AhrefsBot/5.0; +http://ahrefs.com/robot/)\";'),('0fkljtk6sm97g5ivpdqc18a2g3',1441097702,'session_value|s:32:\"888cf9fc84afded9778ec2b3f0ae1c28\";session_var|s:9:\"c76f171c9\";token|a:1:{s:10:\"post-login\";a:4:{i:0;s:11:\"e18dbf67e5e\";i:1;s:32:\"525a205069f1dac38fdcd86b7b2b8f5b\";i:2;i:1441097702;i:3;s:32:\"db8597ac0b8605c96ae92020d91bc386\";}}robot_check|i:1441097702;mc|a:7:{s:4:\"time\";i:1441097702;s:2:\"id\";i:0;s:2:\"gq\";s:3:\"0=1\";s:2:\"bq\";s:3:\"0=1\";s:2:\"ap\";a:0:{}s:2:\"mb\";a:0:{}s:2:\"mq\";s:3:\"0=1\";}ban|a:5:{s:12:\"last_checked\";i:1441097702;s:9:\"id_member\";i:0;s:2:\"ip\";s:13:\"151.80.31.133\";s:3:\"ip2\";s:0:\"\";s:5:\"email\";s:0:\"\";}log_time|i:1441097702;timeOnlineUpdated|i:1441097702;last_read_topic|i:38;forms|a:0:{}old_url|s:61:\"http://Forum.Sublime-Voyance.be/index.php/topic,38.msg54.html\";USER_AGENT|s:66:\"Mozilla/5.0 (compatible; AhrefsBot/5.0; +http://ahrefs.com/robot/)\";'),('0grua06l0jtvsb2244ibnfd1v0',1440904361,'session_value|s:32:\"b4db44146c0a1a75a987dc22ce17ee05\";session_var|s:7:\"ffa11a2\";token|a:1:{s:10:\"post-login\";a:4:{i:0;s:12:\"cc468db0d16c\";i:1;s:32:\"606ce7ba5ba78f4147673647939bf908\";i:2;i:1440904361;i:3;s:32:\"0329a5306a70cc1c8bfc410a6b91294c\";}}robot_check|i:1440904361;mc|a:7:{s:4:\"time\";i:1440904361;s:2:\"id\";i:0;s:2:\"gq\";s:3:\"0=1\";s:2:\"bq\";s:3:\"0=1\";s:2:\"ap\";a:0:{}s:2:\"mb\";a:0:{}s:2:\"mq\";s:3:\"0=1\";}ban|a:5:{s:12:\"last_checked\";i:1440904361;s:9:\"id_member\";i:0;s:2:\"ip\";s:13:\"151.80.31.133\";s:3:\"ip2\";s:0:\"\";s:5:\"email\";s:0:\"\";}log_time|i:1440904361;timeOnlineUpdated|i:1440904361;last_read_topic|i:12;forms|a:0:{}old_url|s:71:\"http://Forum.Sublime-Voyance.be/index.php/topic,12.msg52/topicseen.html\";USER_AGENT|s:66:\"Mozilla/5.0 (compatible; AhrefsBot/5.0; +http://ahrefs.com/robot/)\";'),('0h3hbs68at506ube6a6jq03uq4',1441109139,'session_value|s:32:\"3016c46650d7a2eab527f176c6781943\";session_var|s:8:\"c1848d38\";token|a:1:{s:10:\"post-login\";a:4:{i:0;s:11:\"ba124556513\";i:1;s:32:\"d56a4e91fedc6888bbd10d6692118084\";i:2;i:1441109139;i:3;s:32:\"6a35359ecea4a6f130a1a9ebc1952023\";}}robot_check|i:1441109139;mc|a:7:{s:4:\"time\";i:1441109139;s:2:\"id\";i:0;s:2:\"gq\";s:3:\"0=1\";s:2:\"bq\";s:3:\"0=1\";s:2:\"ap\";a:0:{}s:2:\"mb\";a:0:{}s:2:\"mq\";s:3:\"0=1\";}ban|a:5:{s:12:\"last_checked\";i:1441109139;s:9:\"id_member\";i:0;s:2:\"ip\";s:13:\"151.80.31.133\";s:3:\"ip2\";s:0:\"\";s:5:\"email\";s:0:\"\";}log_time|i:1441109139;timeOnlineUpdated|i:1441109139;last_read_topic|i:34;forms|a:0:{}old_url|s:71:\"http://Forum.Sublime-Voyance.be/index.php/topic,34.msg49/topicseen.html\";USER_AGENT|s:66:\"Mozilla/5.0 (compatible; AhrefsBot/5.0; +http://ahrefs.com/robot/)\";'),('0m2qs367nt2avmii5i7dhqj4n6',1441095286,'session_value|s:32:\"e581625df2a1f52048b0822c2edb3de2\";session_var|s:7:\"e89d3ba\";token|a:1:{s:10:\"post-login\";a:4:{i:0;s:8:\"b0c76faa\";i:1;s:32:\"57653410a108128a02573e13680bcb6d\";i:2;i:1441095286;i:3;s:32:\"5c3701f58b0c13448dbba95c58edb2a2\";}}robot_check|i:1441095286;id_robot|s:1:\"1\";mc|a:7:{s:4:\"time\";i:1441095286;s:2:\"id\";i:0;s:2:\"gq\";s:3:\"0=1\";s:2:\"bq\";s:3:\"0=1\";s:2:\"ap\";a:0:{}s:2:\"mb\";a:0:{}s:2:\"mq\";s:3:\"0=1\";}ban|a:5:{s:12:\"last_checked\";i:1441095286;s:9:\"id_member\";i:0;s:2:\"ip\";s:12:\"66.249.64.71\";s:3:\"ip2\";s:0:\"\";s:5:\"email\";s:0:\"\";}log_time|i:1441095286;timeOnlineUpdated|i:1441095286;old_url|s:52:\"http://Forum.Sublime-Voyance.be/index.php?board=17.0\";USER_AGENT|s:194:\"Mozilla/5.0 (iPhone; CPU iPhone OS 8_3 like Mac OS X) AppleWebKit/600.1.4 (KHTML, like Gecko) Version/8.0 Mobile/12F70 Safari/600.1.4 (compatible; Googlebot/2.1; +http://www.google.com/bot.html)\";'),('0pmr2bq132ivrt332tgeqvabe4',1441178048,'session_value|s:32:\"45a1c6c99befe4fbc8822d5351eca455\";session_var|s:7:\"a5cd4c2\";token|a:1:{s:10:\"post-login\";a:4:{i:0;s:10:\"f99704b32d\";i:1;s:32:\"c46b92eaf3c9afab02ebd613050c516c\";i:2;i:1441178017;i:3;s:32:\"648236911133b025a9af5ca6de8b1af6\";}}robot_check|i:1441178017;id_robot|s:2:\"17\";mc|a:7:{s:4:\"time\";i:1441178017;s:2:\"id\";i:0;s:2:\"gq\";s:3:\"0=1\";s:2:\"bq\";s:3:\"0=1\";s:2:\"ap\";a:0:{}s:2:\"mb\";a:0:{}s:2:\"mq\";s:3:\"0=1\";}ban|a:5:{s:12:\"last_checked\";i:1441178048;s:9:\"id_member\";i:0;s:2:\"ip\";s:15:\"204.236.226.210\";s:3:\"ip2\";s:0:\"\";s:5:\"email\";s:0:\"\";}log_time|i:1441178048;timeOnlineUpdated|i:1441178017;forms|a:0:{}old_url|s:61:\"http://Forum.Sublime-Voyance.be/index.php/topic,20.msg27.html\";USER_AGENT|s:11:\"ia_archiver\";'),('137ochuomlv6vlk20aqnb4jfa1',1440851674,'session_value|s:32:\"0d33c996c69a2e1feca66d2de674e3ee\";session_var|s:7:\"ca4a987\";token|a:1:{s:10:\"post-login\";a:4:{i:0;s:11:\"e71590978fb\";i:1;s:32:\"399d209e39e20d2d2d202df8962cb821\";i:2;i:1440851674;i:3;s:32:\"8672f313f5165df98e48153f49c74d83\";}}robot_check|i:1440851674;mc|a:7:{s:4:\"time\";i:1440851674;s:2:\"id\";i:0;s:2:\"gq\";s:3:\"0=1\";s:2:\"bq\";s:3:\"0=1\";s:2:\"ap\";a:0:{}s:2:\"mb\";a:0:{}s:2:\"mq\";s:3:\"0=1\";}log_time|i:1440851674;timeOnlineUpdated|i:1440851674;login_url|s:86:\"http://Forum.Sublime-Voyance.be/index.php/topic,30.msg44/topicseen.html?action=credits\";old_url|s:86:\"http://Forum.Sublime-Voyance.be/index.php/topic,30.msg44/topicseen.html?action=credits\";USER_AGENT|s:66:\"Mozilla/5.0 (compatible; AhrefsBot/5.0; +http://ahrefs.com/robot/)\";'),('1dvdo3nvm64r67tlm7hqel2sd4',1441296625,'session_value|s:32:\"f6964083b1bfcf3ad607ec7c59c27baf\";session_var|s:7:\"ab29cc1\";token|a:1:{s:10:\"post-login\";a:4:{i:0;s:10:\"a81e7ae165\";i:1;s:32:\"4b724f412178ee7eefdc54aac9a15b93\";i:2;i:1441296624;i:3;s:32:\"d8124d77649b4f03b3ca80a443ce5cb5\";}}robot_check|i:1441296624;mc|a:7:{s:4:\"time\";i:1441296624;s:2:\"id\";i:0;s:2:\"gq\";s:3:\"0=1\";s:2:\"bq\";s:3:\"0=1\";s:2:\"ap\";a:0:{}s:2:\"mb\";a:0:{}s:2:\"mq\";s:3:\"0=1\";}ban|a:5:{s:12:\"last_checked\";i:1441296624;s:9:\"id_member\";i:0;s:2:\"ip\";s:12:\"207.46.13.70\";s:3:\"ip2\";s:0:\"\";s:5:\"email\";s:0:\"\";}log_time|i:1441296624;timeOnlineUpdated|i:1441296624;last_read_topic|i:10;forms|a:0:{}old_url|s:52:\"http://Forum.Sublime-Voyance.be/index.php?topic=10.0\";USER_AGENT|s:71:\"Mozilla/5.0 (compatible; bingbot/2.0; +http://www.bing.com/bingbot.htm)\";'),('1e7hf528mh42mmtnp1bfe5hmi4',1441222383,'session_value|s:32:\"35e3a6ec9b92e36504a5c8e31fd6880d\";session_var|s:12:\"a11ed54f53cb\";token|a:1:{s:10:\"post-login\";a:4:{i:0;s:10:\"d5bad94f4d\";i:1;s:32:\"ca55ccd4f36540966ab27d97a07a5464\";i:2;i:1441222379;i:3;s:32:\"38c007febf084301ea18a0f64233572b\";}}robot_check|i:1441222379;mc|a:7:{s:4:\"time\";i:1441222380;s:2:\"id\";i:0;s:2:\"gq\";s:3:\"0=1\";s:2:\"bq\";s:3:\"0=1\";s:2:\"ap\";a:0:{}s:2:\"mb\";a:0:{}s:2:\"mq\";s:3:\"0=1\";}ban|a:5:{s:12:\"last_checked\";i:1441222380;s:9:\"id_member\";i:0;s:2:\"ip\";s:14:\"188.165.15.196\";s:3:\"ip2\";s:0:\"\";s:5:\"email\";s:0:\"\";}log_time|i:1441222382;timeOnlineUpdated|i:1441222382;last_read_topic|i:38;forms|a:0:{}old_url|s:57:\"http://Forum.Sublime-Voyance.be/index.php/topic,38.0.html\";USER_AGENT|s:66:\"Mozilla/5.0 (compatible; AhrefsBot/5.0; +http://ahrefs.com/robot/)\";'),('1ld1s8tbsmacaiccru7ng190g4',1441248798,'session_value|s:32:\"eb3dd7af2970dbc8de9168e32473d50e\";session_var|s:12:\"ca6c2cf1af87\";token|a:1:{s:10:\"post-login\";a:4:{i:0;s:9:\"a761d52dc\";i:1;s:32:\"865c24ef0b01330f9438ba0cf566c661\";i:2;i:1441248798;i:3;s:32:\"669d6fc8676cb5ca1a2613edb1e5418f\";}}robot_check|i:1441248798;mc|a:7:{s:4:\"time\";i:1441248798;s:2:\"id\";i:0;s:2:\"gq\";s:3:\"0=1\";s:2:\"bq\";s:3:\"0=1\";s:2:\"ap\";a:0:{}s:2:\"mb\";a:0:{}s:2:\"mq\";s:3:\"0=1\";}ban|a:5:{s:12:\"last_checked\";i:1441248798;s:9:\"id_member\";i:0;s:2:\"ip\";s:14:\"188.165.15.196\";s:3:\"ip2\";s:0:\"\";s:5:\"email\";s:0:\"\";}log_time|i:1441248798;timeOnlineUpdated|i:1441248798;old_url|s:69:\"http://Forum.Sublime-Voyance.be/index.php/board,1.0/sort,starter.html\";USER_AGENT|s:66:\"Mozilla/5.0 (compatible; AhrefsBot/5.0; +http://ahrefs.com/robot/)\";'),('1m07v6bap3romt7u4micpqaql7',1440984737,'session_value|s:32:\"a782e5d39740f04bf1632bc7b7663f3c\";session_var|s:9:\"eb267f547\";token|a:1:{s:10:\"post-login\";a:4:{i:0;s:11:\"ce260630ba5\";i:1;s:32:\"db496260318f4073f744983134c95ac4\";i:2;i:1440984402;i:3;s:32:\"276b393fe731724eb590691962bfda1d\";}}robot_check|i:1440984736;mc|a:7:{s:4:\"time\";i:1440984402;s:2:\"id\";i:0;s:2:\"gq\";s:3:\"0=1\";s:2:\"bq\";s:3:\"0=1\";s:2:\"ap\";a:0:{}s:2:\"mb\";a:0:{}s:2:\"mq\";s:3:\"0=1\";}ban|a:5:{s:12:\"last_checked\";i:1440984736;s:9:\"id_member\";i:0;s:2:\"ip\";s:15:\"204.236.226.210\";s:3:\"ip2\";s:0:\"\";s:5:\"email\";s:0:\"\";}log_time|i:1440984737;timeOnlineUpdated|i:1440984402;old_url|s:42:\"http://Forum.Sublime-Voyance.be/index.php?\";USER_AGENT|s:11:\"ia_archiver\";forms|a:0:{}id_robot|s:2:\"17\";'),('1na87gui9nno9iqfph8mrjg870',1441302627,'session_value|s:32:\"ac4847ab5059bc9faafee424b7f7df6f\";session_var|s:8:\"a5963da8\";token|a:1:{s:10:\"post-login\";a:4:{i:0;s:7:\"e182bc9\";i:1;s:32:\"0e071cecd4daf31044d35154b19596d2\";i:2;i:1441302626;i:3;s:32:\"aeda52bd2190ec02b1fb0accb1e7a383\";}}robot_check|i:1441302626;mc|a:7:{s:4:\"time\";i:1441302626;s:2:\"id\";i:0;s:2:\"gq\";s:3:\"0=1\";s:2:\"bq\";s:3:\"0=1\";s:2:\"ap\";a:0:{}s:2:\"mb\";a:0:{}s:2:\"mq\";s:3:\"0=1\";}ban|a:5:{s:12:\"last_checked\";i:1441302626;s:9:\"id_member\";i:0;s:2:\"ip\";s:12:\"157.55.39.79\";s:3:\"ip2\";s:0:\"\";s:5:\"email\";s:0:\"\";}log_time|i:1441302627;timeOnlineUpdated|i:1441302627;old_url|s:56:\"http://Forum.Sublime-Voyance.be/index.php/board,4.0.html\";USER_AGENT|s:71:\"Mozilla/5.0 (compatible; bingbot/2.0; +http://www.bing.com/bingbot.htm)\";'),('1pevc8kh8uaqa9vegqg4v59tb4',1441296625,'session_value|s:32:\"e403363c3cec65c0ddd3a8f7ce384ad6\";session_var|s:10:\"ec811f150f\";token|a:1:{s:10:\"post-login\";a:4:{i:0;s:11:\"d846554bba1\";i:1;s:32:\"04d9f4f7d1290da4f6da1f55c75099dd\";i:2;i:1441296625;i:3;s:32:\"13827235fe1dc8b17eeccf8ca7360da7\";}}robot_check|i:1441296625;mc|a:7:{s:4:\"time\";i:1441296625;s:2:\"id\";i:0;s:2:\"gq\";s:3:\"0=1\";s:2:\"bq\";s:3:\"0=1\";s:2:\"ap\";a:0:{}s:2:\"mb\";a:0:{}s:2:\"mq\";s:3:\"0=1\";}ban|a:5:{s:12:\"last_checked\";i:1441296625;s:9:\"id_member\";i:0;s:2:\"ip\";s:12:\"207.46.13.70\";s:3:\"ip2\";s:0:\"\";s:5:\"email\";s:0:\"\";}log_time|i:1441296625;timeOnlineUpdated|i:1441296625;old_url|s:51:\"http://Forum.Sublime-Voyance.be/index.php?board=7.0\";USER_AGENT|s:71:\"Mozilla/5.0 (compatible; bingbot/2.0; +http://www.bing.com/bingbot.htm)\";'),('2f82l3sroqqo5ojiij3h27f7b5',1441229800,'session_value|s:32:\"5f82105c28a8cde5573ab2f67be0138c\";session_var|s:8:\"f758a2e0\";token|a:1:{s:10:\"post-login\";a:4:{i:0;s:9:\"acc2b15de\";i:1;s:32:\"fc4a237e77b3a7fca1cad5bb17332c68\";i:2;i:1441229796;i:3;s:32:\"258abe56741b1924d635ac1c8ecd62f2\";}}robot_check|i:1441229796;mc|a:7:{s:4:\"time\";i:1441229797;s:2:\"id\";i:0;s:2:\"gq\";s:3:\"0=1\";s:2:\"bq\";s:3:\"0=1\";s:2:\"ap\";a:0:{}s:2:\"mb\";a:0:{}s:2:\"mq\";s:3:\"0=1\";}ban|a:5:{s:12:\"last_checked\";i:1441229797;s:9:\"id_member\";i:0;s:2:\"ip\";s:14:\"188.165.15.196\";s:3:\"ip2\";s:0:\"\";s:5:\"email\";s:0:\"\";}log_time|i:1441229798;timeOnlineUpdated|i:1441229798;last_read_topic|i:15;forms|a:0:{}old_url|s:61:\"http://Forum.Sublime-Voyance.be/index.php/topic,15.msg21.html\";USER_AGENT|s:66:\"Mozilla/5.0 (compatible; AhrefsBot/5.0; +http://ahrefs.com/robot/)\";'),('2jqhg8ce6qtnv8usjf6aquvjr5',1441296609,'session_value|s:32:\"d13fada0e20ca4ac29c952c09d1b1128\";session_var|s:9:\"de0f7f88d\";token|a:1:{s:10:\"post-login\";a:4:{i:0;s:11:\"e512e46a6de\";i:1;s:32:\"b862c62c373fd2f0b764d786a1547356\";i:2;i:1441296609;i:3;s:32:\"8eea9f4c8eb19456e296f29f2b7233f1\";}}robot_check|i:1441296609;mc|a:7:{s:4:\"time\";i:1441296609;s:2:\"id\";i:0;s:2:\"gq\";s:3:\"0=1\";s:2:\"bq\";s:3:\"0=1\";s:2:\"ap\";a:0:{}s:2:\"mb\";a:0:{}s:2:\"mq\";s:3:\"0=1\";}ban|a:5:{s:12:\"last_checked\";i:1441296609;s:9:\"id_member\";i:0;s:2:\"ip\";s:12:\"207.46.13.55\";s:3:\"ip2\";s:0:\"\";s:5:\"email\";s:0:\"\";}log_time|i:1441296609;timeOnlineUpdated|i:1441296609;last_read_topic|i:8;forms|a:0:{}old_url|s:51:\"http://Forum.Sublime-Voyance.be/index.php?topic=8.0\";USER_AGENT|s:71:\"Mozilla/5.0 (compatible; bingbot/2.0; +http://www.bing.com/bingbot.htm)\";'),('2p39ncdctd9n7gj1ls97kp4tk4',1441172756,'session_value|s:32:\"b645d37c707145ccfcf4033e1f0977fa\";session_var|s:9:\"c45d9914b\";token|a:0:{}robot_check|i:1441172704;mc|a:7:{s:4:\"time\";i:1441172755;s:2:\"id\";i:0;s:2:\"gq\";s:3:\"0=1\";s:2:\"bq\";s:3:\"0=1\";s:2:\"ap\";a:0:{}s:2:\"mb\";a:0:{}s:2:\"mq\";s:3:\"0=1\";}ban|a:5:{s:12:\"last_checked\";i:1441172755;s:9:\"id_member\";s:1:\"4\";s:2:\"ip\";s:11:\"85.26.2.106\";s:3:\"ip2\";s:0:\"\";s:5:\"email\";s:0:\"\";}log_time|i:0;timeOnlineUpdated|i:1441172705;old_url|s:55:\"http://Forum.Sublime-Voyance.be/index.php?action=login2\";USER_AGENT|s:102:\"Mozilla/5.0 (Windows NT 6.1) AppleWebKit/537.36 (KHTML, like Gecko) Chrome/44.0.2403.157 Safari/537.36\";login_SMFCookie275|s:180:\"a:4:{i:0;i:4;i:1;s:128:\"7ae869ae1887b5ff4fde984ba656347b3961180dfe34280ee67dc93ee7c84761b98ad98c6188b14fc30059c5fd9b8e2998316cfc451f2db8f7b3c7ae864f6b28\";i:2;i:1630388755;i:3;i:0;}\";first_login|b:1;'),('2pmnnqkd7u2gbidcnu44n6ilr3',1441302632,'session_value|s:32:\"875ad2a15cfe177d82a82f60c1967d51\";session_var|s:8:\"c56af67f\";token|a:1:{s:10:\"post-login\";a:4:{i:0;s:11:\"c136549cd99\";i:1;s:32:\"08ac4657b186f8c7da6a09c23d3311f0\";i:2;i:1441302632;i:3;s:32:\"b17b2ef8c9a187db216407c5508ceff0\";}}robot_check|i:1441302632;mc|a:7:{s:4:\"time\";i:1441302632;s:2:\"id\";i:0;s:2:\"gq\";s:3:\"0=1\";s:2:\"bq\";s:3:\"0=1\";s:2:\"ap\";a:0:{}s:2:\"mb\";a:0:{}s:2:\"mq\";s:3:\"0=1\";}ban|a:5:{s:12:\"last_checked\";i:1441302632;s:9:\"id_member\";i:0;s:2:\"ip\";s:12:\"157.55.39.79\";s:3:\"ip2\";s:0:\"\";s:5:\"email\";s:0:\"\";}log_time|i:1441302632;timeOnlineUpdated|i:1441302632;old_url|s:56:\"http://Forum.Sublime-Voyance.be/index.php?action=credits\";USER_AGENT|s:71:\"Mozilla/5.0 (compatible; bingbot/2.0; +http://www.bing.com/bingbot.htm)\";'),('2sd3gihd99tf4lg3ump32bq9i2',1441296606,'session_value|s:32:\"13e261b1acda3a49dfbc185cb4f1cf82\";session_var|s:9:\"c9f5de9d5\";token|a:1:{s:10:\"post-login\";a:4:{i:0;s:8:\"d3d955b0\";i:1;s:32:\"ec3e8564e415d65921e3e1c6e839bf61\";i:2;i:1441296606;i:3;s:32:\"6712eb87a36bc5fff8f16bc84819105e\";}}robot_check|i:1441296606;mc|a:7:{s:4:\"time\";i:1441296606;s:2:\"id\";i:0;s:2:\"gq\";s:3:\"0=1\";s:2:\"bq\";s:3:\"0=1\";s:2:\"ap\";a:0:{}s:2:\"mb\";a:0:{}s:2:\"mq\";s:3:\"0=1\";}ban|a:5:{s:12:\"last_checked\";i:1441296606;s:9:\"id_member\";i:0;s:2:\"ip\";s:12:\"207.46.13.55\";s:3:\"ip2\";s:0:\"\";s:5:\"email\";s:0:\"\";}log_time|i:1441296606;timeOnlineUpdated|i:1441296606;old_url|s:41:\"http://Forum.Sublime-Voyance.be/index.php\";USER_AGENT|s:71:\"Mozilla/5.0 (compatible; bingbot/2.0; +http://www.bing.com/bingbot.htm)\";'),('31ikk4vadtfcme7jt4760g2vf5',1440788662,'session_value|s:32:\"943dd0f301c4760db96902c46cf3d330\";session_var|s:12:\"e980dd2f62b1\";token|a:1:{s:10:\"post-login\";a:4:{i:0;s:12:\"fa1231da0041\";i:1;s:32:\"392188f620de45be844bcf4408d82261\";i:2;i:1440788662;i:3;s:32:\"96be07c31686fdcfc7ad252efaef4f8e\";}}robot_check|i:1440788662;mc|a:7:{s:4:\"time\";i:1440788662;s:2:\"id\";i:0;s:2:\"gq\";s:3:\"0=1\";s:2:\"bq\";s:3:\"0=1\";s:2:\"ap\";a:0:{}s:2:\"mb\";a:0:{}s:2:\"mq\";s:3:\"0=1\";}log_time|i:1440788662;timeOnlineUpdated|i:1440788662;login_url|s:76:\"http://Forum.Sublime-Voyance.be/index.php/topic,30.msg44.html?action=credits\";old_url|s:76:\"http://Forum.Sublime-Voyance.be/index.php/topic,30.msg44.html?action=credits\";USER_AGENT|s:66:\"Mozilla/5.0 (compatible; AhrefsBot/5.0; +http://ahrefs.com/robot/)\";'),('38ino7vmsvvc16fdteqvb9qkc0',1441237968,'session_value|s:32:\"11f8f5c4b18b9637132048d87cd69e8a\";session_var|s:11:\"f5c8d685c63\";token|a:1:{s:10:\"post-login\";a:4:{i:0;s:7:\"e6254f1\";i:1;s:32:\"9997d1e15866f0e3ba5b1312875d1107\";i:2;i:1441237968;i:3;s:32:\"d88a62608cd82f1d169ccea8ddbc915e\";}}robot_check|i:1441237968;old_url|s:48:\"http://Forum.Sublime-Voyance.be/index.php?msg=66\";USER_AGENT|s:66:\"Mozilla/5.0 (compatible; AhrefsBot/5.0; +http://ahrefs.com/robot/)\";'),('38o12lhu2hq1hnnpf10inn0bi4',1440804561,'session_value|s:32:\"73f49c7afe5524b2b43f0ef78c3663df\";session_var|s:9:\"e7fc89d0c\";token|a:1:{s:10:\"post-login\";a:4:{i:0;s:8:\"bf40d2ad\";i:1;s:32:\"671f1cc4702bdbdd612c448009bb0e82\";i:2;i:1440804560;i:3;s:32:\"18577372079fd962dca78529d702332f\";}}robot_check|i:1440804560;mc|a:7:{s:4:\"time\";i:1440804560;s:2:\"id\";i:0;s:2:\"gq\";s:3:\"0=1\";s:2:\"bq\";s:3:\"0=1\";s:2:\"ap\";a:0:{}s:2:\"mb\";a:0:{}s:2:\"mq\";s:3:\"0=1\";}ban|a:5:{s:12:\"last_checked\";i:1440804561;s:9:\"id_member\";i:0;s:2:\"ip\";s:13:\"151.80.31.133\";s:3:\"ip2\";s:0:\"\";s:5:\"email\";s:0:\"\";}log_time|i:1440804561;timeOnlineUpdated|i:1440804561;old_url|s:51:\"http://Forum.Sublime-Voyance.be/index.php?board=8.0\";USER_AGENT|s:66:\"Mozilla/5.0 (compatible; AhrefsBot/5.0; +http://ahrefs.com/robot/)\";'),('3n5118c9r6t2k6m1fqkrirabv0',1440936033,'session_value|s:32:\"36db46585646770d3b2a5cd0dc78d51d\";session_var|s:9:\"bfdcc44fe\";token|a:1:{s:10:\"post-login\";a:4:{i:0;s:10:\"ba3852a984\";i:1;s:32:\"a6d3ea4c1059fc7ca1673405b7441507\";i:2;i:1440936032;i:3;s:32:\"a6a2a10faf7f43f296ae1d1230c4b2db\";}}robot_check|i:1440936032;mc|a:7:{s:4:\"time\";i:1440936032;s:2:\"id\";i:0;s:2:\"gq\";s:3:\"0=1\";s:2:\"bq\";s:3:\"0=1\";s:2:\"ap\";a:0:{}s:2:\"mb\";a:0:{}s:2:\"mq\";s:3:\"0=1\";}ban|a:5:{s:12:\"last_checked\";i:1440936032;s:9:\"id_member\";i:0;s:2:\"ip\";s:13:\"151.80.31.133\";s:3:\"ip2\";s:0:\"\";s:5:\"email\";s:0:\"\";}log_time|i:1440936033;timeOnlineUpdated|i:1440936033;old_url|s:62:\"http://Forum.Sublime-Voyance.be/index.php?action=help;sa=rules\";USER_AGENT|s:66:\"Mozilla/5.0 (compatible; AhrefsBot/5.0; +http://ahrefs.com/robot/)\";'),('42pume8rpsskubee6ugajqu6g3',1441303822,'session_value|s:32:\"1fee1e5eb5e786f1559313e8b272fbf5\";session_var|s:8:\"a30c4851\";token|a:1:{s:10:\"post-login\";a:4:{i:0;s:7:\"be70d87\";i:1;s:32:\"8228d6ceb89a9d6650910d15a21e734a\";i:2;i:1441303822;i:3;s:32:\"4c5a0e1cbbdeb65ec3c01584624943da\";}}robot_check|i:1441303822;mc|a:7:{s:4:\"time\";i:1441303822;s:2:\"id\";i:0;s:2:\"gq\";s:3:\"0=1\";s:2:\"bq\";s:3:\"0=1\";s:2:\"ap\";a:0:{}s:2:\"mb\";a:0:{}s:2:\"mq\";s:3:\"0=1\";}ban|a:5:{s:12:\"last_checked\";i:1441303822;s:9:\"id_member\";i:0;s:2:\"ip\";s:14:\"188.165.15.196\";s:3:\"ip2\";s:0:\"\";s:5:\"email\";s:0:\"\";}log_time|i:1441303822;timeOnlineUpdated|i:1441303822;old_url|s:69:\"http://Forum.Sublime-Voyance.be/index.php?action=printpage;topic=16.0\";USER_AGENT|s:66:\"Mozilla/5.0 (compatible; AhrefsBot/5.0; +http://ahrefs.com/robot/)\";'),('42q4v9gg9fsipuisr51bd90e13',1441158624,'session_value|s:32:\"4f82205a24596c304ee990eba2cc8bc5\";session_var|s:8:\"c7d2c2dd\";token|a:1:{s:10:\"post-login\";a:4:{i:0;s:12:\"c833a5964d4a\";i:1;s:32:\"592d58a37641639866220b3115484eb7\";i:2;i:1441158597;i:3;s:32:\"3d90d85961201c1404649cf7e03d40e6\";}}robot_check|i:1441158597;id_robot|s:2:\"17\";mc|a:7:{s:4:\"time\";i:1441158597;s:2:\"id\";i:0;s:2:\"gq\";s:3:\"0=1\";s:2:\"bq\";s:3:\"0=1\";s:2:\"ap\";a:0:{}s:2:\"mb\";a:0:{}s:2:\"mq\";s:3:\"0=1\";}ban|a:5:{s:12:\"last_checked\";i:1441158623;s:9:\"id_member\";i:0;s:2:\"ip\";s:15:\"204.236.226.210\";s:3:\"ip2\";s:0:\"\";s:5:\"email\";s:0:\"\";}log_time|i:1441158624;timeOnlineUpdated|i:1441158597;old_url|s:72:\"http://Forum.Sublime-Voyance.be/index.php/topic,42.0/prev_next,prev.html\";USER_AGENT|s:11:\"ia_archiver\";forms|a:0:{}'),('4b3h8g1vnmroehf6mfclg4qft5',1441296630,'session_value|s:32:\"4e66e934b8fb67f4d4a2894d0fbc7541\";session_var|s:10:\"f05661d234\";token|a:1:{s:10:\"post-login\";a:4:{i:0;s:12:\"aaa95080c92c\";i:1;s:32:\"96963321711c9f3a8a97ecdfb8df5042\";i:2;i:1441296630;i:3;s:32:\"ad60cfb11dc9f31ff495aa92de13a39b\";}}robot_check|i:1441296630;mc|a:7:{s:4:\"time\";i:1441296630;s:2:\"id\";i:0;s:2:\"gq\";s:3:\"0=1\";s:2:\"bq\";s:3:\"0=1\";s:2:\"ap\";a:0:{}s:2:\"mb\";a:0:{}s:2:\"mq\";s:3:\"0=1\";}ban|a:5:{s:12:\"last_checked\";i:1441296630;s:9:\"id_member\";i:0;s:2:\"ip\";s:12:\"207.46.13.70\";s:3:\"ip2\";s:0:\"\";s:5:\"email\";s:0:\"\";}log_time|i:1441296630;timeOnlineUpdated|i:1441296630;old_url|s:53:\"http://Forum.Sublime-Voyance.be/index.php?action=help\";USER_AGENT|s:71:\"Mozilla/5.0 (compatible; bingbot/2.0; +http://www.bing.com/bingbot.htm)\";'),('4b9qo3r1m3u53v22pojmcgjp65',1441157291,'session_value|s:32:\"cd9115233bc55f2fed8df968b58fb851\";session_var|s:7:\"cb6f6c1\";token|a:1:{s:10:\"post-login\";a:4:{i:0;s:12:\"a01e1cf7f6a7\";i:1;s:32:\"0ce2abdfc7d0f63501357c3695c9c278\";i:2;i:1441157290;i:3;s:32:\"58ca05d9f89a1e1a06f3e57b74395b3e\";}}robot_check|i:1441157290;mc|a:7:{s:4:\"time\";i:1441157290;s:2:\"id\";i:0;s:2:\"gq\";s:3:\"0=1\";s:2:\"bq\";s:3:\"0=1\";s:2:\"ap\";a:0:{}s:2:\"mb\";a:0:{}s:2:\"mq\";s:3:\"0=1\";}ban|a:5:{s:12:\"last_checked\";i:1441157290;s:9:\"id_member\";i:0;s:2:\"ip\";s:13:\"151.80.31.133\";s:3:\"ip2\";s:0:\"\";s:5:\"email\";s:0:\"\";}log_time|i:1441157291;timeOnlineUpdated|i:1441157291;login_url|s:60:\"http://Forum.Sublime-Voyance.be/index.php?action=profile;u=2\";old_url|s:60:\"http://Forum.Sublime-Voyance.be/index.php?action=profile;u=2\";USER_AGENT|s:66:\"Mozilla/5.0 (compatible; AhrefsBot/5.0; +http://ahrefs.com/robot/)\";'),('4bhgnh1u219ec1hs0i2bp96hp6',1440833967,'session_value|s:32:\"f34f2e158655987f0dea197fae1d5d3e\";session_var|s:9:\"ac4b48ad1\";token|a:1:{s:10:\"post-login\";a:4:{i:0;s:8:\"d287237c\";i:1;s:32:\"36b47d393370881be90bf2aa7f7efe61\";i:2;i:1440833967;i:3;s:32:\"5900a9404da15cde8938588920e8cb17\";}}robot_check|i:1440833967;mc|a:7:{s:4:\"time\";i:1440833967;s:2:\"id\";i:0;s:2:\"gq\";s:3:\"0=1\";s:2:\"bq\";s:3:\"0=1\";s:2:\"ap\";a:0:{}s:2:\"mb\";a:0:{}s:2:\"mq\";s:3:\"0=1\";}ban|a:5:{s:12:\"last_checked\";i:1440833967;s:9:\"id_member\";i:0;s:2:\"ip\";s:13:\"151.80.31.133\";s:3:\"ip2\";s:0:\"\";s:5:\"email\";s:0:\"\";}log_time|i:1440833967;timeOnlineUpdated|i:1440833967;last_read_topic|i:35;forms|a:0:{}old_url|s:57:\"http://Forum.Sublime-Voyance.be/index.php/topic,35.0.html\";USER_AGENT|s:66:\"Mozilla/5.0 (compatible; AhrefsBot/5.0; +http://ahrefs.com/robot/)\";'),('4efja01ufr1l22fsibm7a1qj03',1441296609,'session_value|s:32:\"a9028120665bdbe7e96a10b3cd2c9917\";session_var|s:10:\"b781e4dc81\";token|a:1:{s:10:\"post-login\";a:4:{i:0;s:10:\"c3550427fa\";i:1;s:32:\"de80a765c5a1ce94c3d291522aad6b60\";i:2;i:1441296609;i:3;s:32:\"988048c8459f7ce34cce5b4e7c816dff\";}}robot_check|i:1441296609;mc|a:7:{s:4:\"time\";i:1441296609;s:2:\"id\";i:0;s:2:\"gq\";s:3:\"0=1\";s:2:\"bq\";s:3:\"0=1\";s:2:\"ap\";a:0:{}s:2:\"mb\";a:0:{}s:2:\"mq\";s:3:\"0=1\";}ban|a:5:{s:12:\"last_checked\";i:1441296609;s:9:\"id_member\";i:0;s:2:\"ip\";s:12:\"207.46.13.55\";s:3:\"ip2\";s:0:\"\";s:5:\"email\";s:0:\"\";}log_time|i:1441296609;timeOnlineUpdated|i:1441296609;last_read_topic|i:16;forms|a:0:{}old_url|s:52:\"http://Forum.Sublime-Voyance.be/index.php?topic=16.0\";USER_AGENT|s:71:\"Mozilla/5.0 (compatible; bingbot/2.0; +http://www.bing.com/bingbot.htm)\";'),('4gmtn7e56ge8a8egagitf925l0',1441057137,'session_value|s:32:\"a41e65b6d925f4638b740e8ccdbd5f17\";session_var|s:9:\"fc2a15f22\";token|a:1:{s:10:\"post-login\";a:4:{i:0;s:11:\"f68cc0b378c\";i:1;s:32:\"781f054950096980d67cc35eb734d396\";i:2;i:1441057137;i:3;s:32:\"c26d13846f7b1432e48131fbcb0a42b0\";}}robot_check|i:1441057137;mc|a:7:{s:4:\"time\";i:1441057137;s:2:\"id\";i:0;s:2:\"gq\";s:3:\"0=1\";s:2:\"bq\";s:3:\"0=1\";s:2:\"ap\";a:0:{}s:2:\"mb\";a:0:{}s:2:\"mq\";s:3:\"0=1\";}ban|a:5:{s:12:\"last_checked\";i:1441057137;s:9:\"id_member\";i:0;s:2:\"ip\";s:13:\"151.80.31.133\";s:3:\"ip2\";s:0:\"\";s:5:\"email\";s:0:\"\";}log_time|i:1441057137;timeOnlineUpdated|i:1441057137;old_url|s:54:\"http://Forum.Sublime-Voyance.be/index.php?action=stats\";USER_AGENT|s:66:\"Mozilla/5.0 (compatible; AhrefsBot/5.0; +http://ahrefs.com/robot/)\";'),('5226orgld69npo2tcfeqj497g6',1440903377,'session_value|s:32:\"ade2f0bf8b5fba48b0f00ed7b8f12538\";session_var|s:11:\"dce7d0a1065\";token|a:1:{s:10:\"post-login\";a:4:{i:0;s:10:\"a7ad143721\";i:1;s:32:\"412172d1858acf90551e72da3560af6c\";i:2;i:1440903376;i:3;s:32:\"f8c2b6b19ae1dcbe4ec5b3c1f86e02a9\";}}robot_check|i:1440903376;mc|a:7:{s:4:\"time\";i:1440903376;s:2:\"id\";i:0;s:2:\"gq\";s:3:\"0=1\";s:2:\"bq\";s:3:\"0=1\";s:2:\"ap\";a:0:{}s:2:\"mb\";a:0:{}s:2:\"mq\";s:3:\"0=1\";}ban|a:5:{s:12:\"last_checked\";i:1440903376;s:9:\"id_member\";i:0;s:2:\"ip\";s:13:\"151.80.31.133\";s:3:\"ip2\";s:0:\"\";s:5:\"email\";s:0:\"\";}log_time|i:1440903377;timeOnlineUpdated|i:1440903377;old_url|s:57:\"http://Forum.Sublime-Voyance.be/index.php/board,21.0.html\";USER_AGENT|s:66:\"Mozilla/5.0 (compatible; AhrefsBot/5.0; +http://ahrefs.com/robot/)\";'),('528ig2v7ukounab8qadli5tm20',1441070283,'session_value|s:32:\"a23af0c51940b3086afba930ae3b9f79\";session_var|s:9:\"f4926001f\";token|a:1:{s:10:\"post-login\";a:4:{i:0;s:9:\"f0432b50b\";i:1;s:32:\"36087dec9409d9cfb3a9c4ad77cb0548\";i:2;i:1441070281;i:3;s:32:\"31cf110da4cfa550a36d9b2bb13f5879\";}}robot_check|i:1441070281;id_robot|s:1:\"1\";mc|a:7:{s:4:\"time\";i:1441070282;s:2:\"id\";i:0;s:2:\"gq\";s:3:\"0=1\";s:2:\"bq\";s:3:\"0=1\";s:2:\"ap\";a:0:{}s:2:\"mb\";a:0:{}s:2:\"mq\";s:3:\"0=1\";}ban|a:5:{s:12:\"last_checked\";i:1441070282;s:9:\"id_member\";i:0;s:2:\"ip\";s:12:\"66.249.64.86\";s:3:\"ip2\";s:0:\"\";s:5:\"email\";s:0:\"\";}log_time|i:1441070283;timeOnlineUpdated|i:1441070283;forms|a:0:{}old_url|s:61:\"http://Forum.Sublime-Voyance.be/index.php/topic,12.msg71.html\";USER_AGENT|s:72:\"Mozilla/5.0 (compatible; Googlebot/2.1; +http://www.google.com/bot.html)\";'),('548dll8ubpaq8uh4e380tk8157',1441296629,'session_value|s:32:\"2e6d997c8f923e7f98b7c89004bad653\";session_var|s:8:\"e3e2d7ab\";token|a:1:{s:10:\"post-login\";a:4:{i:0;s:8:\"a5b94057\";i:1;s:32:\"3ce4412e210540e18aa586d59bfa0e47\";i:2;i:1441296629;i:3;s:32:\"e25dfd6ab6ffbcfb34269026a7ec6415\";}}robot_check|i:1441296629;mc|a:7:{s:4:\"time\";i:1441296629;s:2:\"id\";i:0;s:2:\"gq\";s:3:\"0=1\";s:2:\"bq\";s:3:\"0=1\";s:2:\"ap\";a:0:{}s:2:\"mb\";a:0:{}s:2:\"mq\";s:3:\"0=1\";}ban|a:5:{s:12:\"last_checked\";i:1441296629;s:9:\"id_member\";i:0;s:2:\"ip\";s:12:\"207.46.13.70\";s:3:\"ip2\";s:0:\"\";s:5:\"email\";s:0:\"\";}log_time|i:1441296629;timeOnlineUpdated|i:1441296629;old_url|s:62:\"http://Forum.Sublime-Voyance.be/index.php?action=help;sa=rules\";USER_AGENT|s:71:\"Mozilla/5.0 (compatible; bingbot/2.0; +http://www.bing.com/bingbot.htm)\";'),('555l063ngdlmu8drhc5hrtoo10',1441302625,'session_value|s:32:\"a32e2d48ac20fe3b6fd06a1ef468c042\";session_var|s:10:\"e6b697b90e\";token|a:1:{s:10:\"post-login\";a:4:{i:0;s:9:\"f1e8a7b47\";i:1;s:32:\"99fd8399ae2afa72c5675d863d319338\";i:2;i:1441302625;i:3;s:32:\"d9f2c5166dba09e17dfbfebcfcda9aab\";}}robot_check|i:1441302625;mc|a:7:{s:4:\"time\";i:1441302625;s:2:\"id\";i:0;s:2:\"gq\";s:3:\"0=1\";s:2:\"bq\";s:3:\"0=1\";s:2:\"ap\";a:0:{}s:2:\"mb\";a:0:{}s:2:\"mq\";s:3:\"0=1\";}ban|a:5:{s:12:\"last_checked\";i:1441302625;s:9:\"id_member\";i:0;s:2:\"ip\";s:12:\"157.55.39.79\";s:3:\"ip2\";s:0:\"\";s:5:\"email\";s:0:\"\";}log_time|i:1441302625;timeOnlineUpdated|i:1441302625;last_read_topic|i:5;forms|a:0:{}old_url|s:59:\"http://Forum.Sublime-Voyance.be/index.php/topic,5.msg5.html\";USER_AGENT|s:71:\"Mozilla/5.0 (compatible; bingbot/2.0; +http://www.bing.com/bingbot.htm)\";'),('58ou1f200jfadog59ie2knku06',1441296624,'session_value|s:32:\"7f8cd42915bb196473827dfe05749ff4\";session_var|s:11:\"fcd23ec43de\";token|a:1:{s:10:\"post-login\";a:4:{i:0;s:8:\"e2ba2174\";i:1;s:32:\"8d73f4b3a587b90277becbeba846282c\";i:2;i:1441296624;i:3;s:32:\"5d45eaa4efafa6f98a0e9751630f5daa\";}}robot_check|i:1441296624;mc|a:7:{s:4:\"time\";i:1441296624;s:2:\"id\";i:0;s:2:\"gq\";s:3:\"0=1\";s:2:\"bq\";s:3:\"0=1\";s:2:\"ap\";a:0:{}s:2:\"mb\";a:0:{}s:2:\"mq\";s:3:\"0=1\";}ban|a:5:{s:12:\"last_checked\";i:1441296624;s:9:\"id_member\";i:0;s:2:\"ip\";s:12:\"207.46.13.70\";s:3:\"ip2\";s:0:\"\";s:5:\"email\";s:0:\"\";}log_time|i:1441296624;timeOnlineUpdated|i:1441296624;last_read_topic|i:15;forms|a:0:{}old_url|s:52:\"http://Forum.Sublime-Voyance.be/index.php?topic=15.0\";USER_AGENT|s:71:\"Mozilla/5.0 (compatible; bingbot/2.0; +http://www.bing.com/bingbot.htm)\";'),('58s71atc1nvpht064j35oc74i6',1440999593,'session_value|s:32:\"7d472dbf6c2f049b2d3c7a0a89492681\";session_var|s:9:\"aff399ec2\";token|a:1:{s:10:\"post-login\";a:4:{i:0;s:9:\"d99501a47\";i:1;s:32:\"0a8ad7c8d5274e1daca2e18045f6c5aa\";i:2;i:1440999593;i:3;s:32:\"6823e7188f3052f1345017b0957c2dd5\";}}robot_check|i:1440999593;mc|a:7:{s:4:\"time\";i:1440999593;s:2:\"id\";i:0;s:2:\"gq\";s:3:\"0=1\";s:2:\"bq\";s:3:\"0=1\";s:2:\"ap\";a:0:{}s:2:\"mb\";a:0:{}s:2:\"mq\";s:3:\"0=1\";}ban|a:5:{s:12:\"last_checked\";i:1440999593;s:9:\"id_member\";i:0;s:2:\"ip\";s:13:\"151.80.31.133\";s:3:\"ip2\";s:0:\"\";s:5:\"email\";s:0:\"\";}log_time|i:1440999593;timeOnlineUpdated|i:1440999593;login_url|s:60:\"http://Forum.Sublime-Voyance.be/index.php?action=profile;u=5\";old_url|s:60:\"http://Forum.Sublime-Voyance.be/index.php?action=profile;u=5\";USER_AGENT|s:66:\"Mozilla/5.0 (compatible; AhrefsBot/5.0; +http://ahrefs.com/robot/)\";'),('5a34s4jn9ud01sif50eg5sb5v0',1440859287,'session_value|s:32:\"bc6a53be09aefcd8072e15f6daf9122e\";session_var|s:12:\"e3ba90a45da2\";token|a:1:{s:10:\"post-login\";a:4:{i:0;s:11:\"dc7bbe606ab\";i:1;s:32:\"4ec6fa569185e6118ca75a9fbcf215f5\";i:2;i:1440859286;i:3;s:32:\"60c333c60329dfc5ae37b24e0ce618fa\";}}robot_check|i:1440859286;mc|a:7:{s:4:\"time\";i:1440859286;s:2:\"id\";i:0;s:2:\"gq\";s:3:\"0=1\";s:2:\"bq\";s:3:\"0=1\";s:2:\"ap\";a:0:{}s:2:\"mb\";a:0:{}s:2:\"mq\";s:3:\"0=1\";}ban|a:5:{s:12:\"last_checked\";i:1440859286;s:9:\"id_member\";i:0;s:2:\"ip\";s:13:\"151.80.31.133\";s:3:\"ip2\";s:0:\"\";s:5:\"email\";s:0:\"\";}log_time|i:1440859287;timeOnlineUpdated|i:1440859287;last_read_topic|i:36;forms|a:0:{}old_url|s:71:\"http://Forum.Sublime-Voyance.be/index.php/topic,36.msg51/topicseen.html\";USER_AGENT|s:66:\"Mozilla/5.0 (compatible; AhrefsBot/5.0; +http://ahrefs.com/robot/)\";'),('5d5uqkebebk8lg26cdshrmhld7',1441296627,'session_value|s:32:\"41f49588334b96b16d97e68ce929deb0\";session_var|s:12:\"e0873c0de0c2\";token|a:1:{s:10:\"post-login\";a:4:{i:0;s:12:\"b4986a1c5e1f\";i:1;s:32:\"b95a85c795a09977cbbc248968da7eb5\";i:2;i:1441296627;i:3;s:32:\"270cad292be91a264ad459473934afb9\";}}robot_check|i:1441296627;mc|a:7:{s:4:\"time\";i:1441296627;s:2:\"id\";i:0;s:2:\"gq\";s:3:\"0=1\";s:2:\"bq\";s:3:\"0=1\";s:2:\"ap\";a:0:{}s:2:\"mb\";a:0:{}s:2:\"mq\";s:3:\"0=1\";}ban|a:5:{s:12:\"last_checked\";i:1441296627;s:9:\"id_member\";i:0;s:2:\"ip\";s:12:\"207.46.13.70\";s:3:\"ip2\";s:0:\"\";s:5:\"email\";s:0:\"\";}log_time|i:1441296627;timeOnlineUpdated|i:1441296627;old_url|s:57:\"http://Forum.Sublime-Voyance.be/index.php/board,12.0.html\";USER_AGENT|s:71:\"Mozilla/5.0 (compatible; bingbot/2.0; +http://www.bing.com/bingbot.htm)\";'),('5fnjcpk1gcmv2mkrbldgrt6rs5',1441176162,'session_value|s:32:\"54b57207425a7f6ecbfa2fed4ea89143\";session_var|s:10:\"e970c1ea36\";token|a:1:{s:10:\"post-login\";a:4:{i:0;s:8:\"c706a8be\";i:1;s:32:\"3647fbe1693a5f169ef4690564487a5d\";i:2;i:1441176142;i:3;s:32:\"9afe27d02e4d225329ba2b15323ef7f7\";}}robot_check|i:1441176142;id_robot|s:2:\"17\";mc|a:7:{s:4:\"time\";i:1441176142;s:2:\"id\";i:0;s:2:\"gq\";s:3:\"0=1\";s:2:\"bq\";s:3:\"0=1\";s:2:\"ap\";a:0:{}s:2:\"mb\";a:0:{}s:2:\"mq\";s:3:\"0=1\";}ban|a:5:{s:12:\"last_checked\";i:1441176161;s:9:\"id_member\";i:0;s:2:\"ip\";s:15:\"204.236.226.210\";s:3:\"ip2\";s:0:\"\";s:5:\"email\";s:0:\"\";}log_time|i:1441176162;timeOnlineUpdated|i:1441176142;forms|a:0:{}old_url|s:61:\"http://Forum.Sublime-Voyance.be/index.php/topic,37.msg53.html\";USER_AGENT|s:11:\"ia_archiver\";'),('5mfi517vdj18k9n6pl1lcoqn10',1441052681,'session_value|s:32:\"724cc063c8377832f63d3ddb80d6f701\";session_var|s:7:\"b1e6e07\";token|a:1:{s:10:\"post-login\";a:4:{i:0;s:9:\"f9a72df46\";i:1;s:32:\"f837125c91303baf3dc89c2ec3ebd70d\";i:2;i:1441052660;i:3;s:32:\"117b2d71db620dda524052a0f9e822ac\";}}robot_check|i:1441052655;id_robot|s:2:\"17\";mc|a:7:{s:4:\"time\";i:1441052655;s:2:\"id\";i:0;s:2:\"gq\";s:3:\"0=1\";s:2:\"bq\";s:3:\"0=1\";s:2:\"ap\";a:0:{}s:2:\"mb\";a:0:{}s:2:\"mq\";s:3:\"0=1\";}ban|a:5:{s:12:\"last_checked\";i:1441052680;s:9:\"id_member\";i:0;s:2:\"ip\";s:15:\"204.236.226.210\";s:3:\"ip2\";s:0:\"\";s:5:\"email\";s:0:\"\";}log_time|i:1441052666;timeOnlineUpdated|i:1441052655;old_url|s:63:\"http://Forum.Sublime-Voyance.be/index.php?type=rss2;action=.xml\";USER_AGENT|s:11:\"ia_archiver\";'),('5pgab1qfkpbtiu7odnf5c5jgn3',1441347490,'session_value|s:32:\"fd1a920770b5b073cd71e36c747112c2\";session_var|s:8:\"e5caf52c\";token|a:1:{s:10:\"post-login\";a:4:{i:0;s:10:\"daef185c9b\";i:1;s:32:\"f638dc40dc633e0fd80b5b936120a709\";i:2;i:1441347490;i:3;s:32:\"ee8a285fee9ef80f39023059c78f9b02\";}}robot_check|i:1441347490;mc|a:7:{s:4:\"time\";i:1441347490;s:2:\"id\";i:0;s:2:\"gq\";s:3:\"0=1\";s:2:\"bq\";s:3:\"0=1\";s:2:\"ap\";a:0:{}s:2:\"mb\";a:0:{}s:2:\"mq\";s:3:\"0=1\";}ban|a:5:{s:12:\"last_checked\";i:1441347490;s:9:\"id_member\";i:0;s:2:\"ip\";s:14:\"188.165.15.196\";s:3:\"ip2\";s:0:\"\";s:5:\"email\";s:0:\"\";}log_time|i:1441347490;timeOnlineUpdated|i:1441347490;last_read_topic|i:14;forms|a:0:{}old_url|s:72:\"http://Forum.Sublime-Voyance.be/index.php/topic,14.0/prev_next,next.html\";USER_AGENT|s:66:\"Mozilla/5.0 (compatible; AhrefsBot/5.0; +http://ahrefs.com/robot/)\";'),('6748ujgmvrrhpc6sn2krs8h556',1441302623,'session_value|s:32:\"ba0ee18075a82e3798ca28aeca570754\";session_var|s:7:\"c8d238b\";token|a:1:{s:10:\"post-login\";a:4:{i:0;s:9:\"e3b0ba320\";i:1;s:32:\"e2c1ff27e33200b1003b54424eaff4f6\";i:2;i:1441302623;i:3;s:32:\"9db1679feda1c60a38e2cbb2be02b571\";}}robot_check|i:1441302623;mc|a:7:{s:4:\"time\";i:1441302623;s:2:\"id\";i:0;s:2:\"gq\";s:3:\"0=1\";s:2:\"bq\";s:3:\"0=1\";s:2:\"ap\";a:0:{}s:2:\"mb\";a:0:{}s:2:\"mq\";s:3:\"0=1\";}ban|a:5:{s:12:\"last_checked\";i:1441302623;s:9:\"id_member\";i:0;s:2:\"ip\";s:12:\"157.55.39.79\";s:3:\"ip2\";s:0:\"\";s:5:\"email\";s:0:\"\";}log_time|i:1441302623;timeOnlineUpdated|i:1441302623;old_url|s:51:\"http://Forum.Sublime-Voyance.be/index.php?board=5.0\";USER_AGENT|s:71:\"Mozilla/5.0 (compatible; bingbot/2.0; +http://www.bing.com/bingbot.htm)\";'),('6fcpt19do89ak4h7q3pv1ssmu1',1441296607,'session_value|s:32:\"cd4bd15f0f6a292a9edc7f09b2f75d76\";session_var|s:11:\"e851a065f06\";token|a:1:{s:10:\"post-login\";a:4:{i:0;s:10:\"ec86c45f8f\";i:1;s:32:\"7554c6c81b591293ae47b6ae71dff1ee\";i:2;i:1441296607;i:3;s:32:\"4ee391039d6c322dc1bd6384ec3071ee\";}}robot_check|i:1441296607;mc|a:7:{s:4:\"time\";i:1441296607;s:2:\"id\";i:0;s:2:\"gq\";s:3:\"0=1\";s:2:\"bq\";s:3:\"0=1\";s:2:\"ap\";a:0:{}s:2:\"mb\";a:0:{}s:2:\"mq\";s:3:\"0=1\";}ban|a:5:{s:12:\"last_checked\";i:1441296607;s:9:\"id_member\";i:0;s:2:\"ip\";s:12:\"207.46.13.55\";s:3:\"ip2\";s:0:\"\";s:5:\"email\";s:0:\"\";}log_time|i:1441296607;timeOnlineUpdated|i:1441296607;login_url|s:60:\"http://Forum.Sublime-Voyance.be/index.php?action=profile;u=2\";old_url|s:60:\"http://Forum.Sublime-Voyance.be/index.php?action=profile;u=2\";USER_AGENT|s:71:\"Mozilla/5.0 (compatible; bingbot/2.0; +http://www.bing.com/bingbot.htm)\";'),('6is0efbdtfpeaq0ccbfpo5dih2',1441201046,'session_value|s:32:\"22e2d8ce7ea34433d0d21c15dab64862\";session_var|s:11:\"a1ad449b3a1\";token|a:1:{s:10:\"post-login\";a:4:{i:0;s:8:\"ab663422\";i:1;s:32:\"95e414c7eb6bea619be6cb10110e0428\";i:2;i:1441201046;i:3;s:32:\"a164fcdc6b7fdd5a711535478e67cd8e\";}}robot_check|i:1441201046;mc|a:7:{s:4:\"time\";i:1441201046;s:2:\"id\";i:0;s:2:\"gq\";s:3:\"0=1\";s:2:\"bq\";s:3:\"0=1\";s:2:\"ap\";a:0:{}s:2:\"mb\";a:0:{}s:2:\"mq\";s:3:\"0=1\";}ban|a:5:{s:12:\"last_checked\";i:1441201046;s:9:\"id_member\";i:0;s:2:\"ip\";s:14:\"188.165.15.196\";s:3:\"ip2\";s:0:\"\";s:5:\"email\";s:0:\"\";}log_time|i:1441201046;timeOnlineUpdated|i:1441201046;last_read_topic|i:8;forms|a:0:{}old_url|s:51:\"http://Forum.Sublime-Voyance.be/index.php?topic=8.0\";USER_AGENT|s:66:\"Mozilla/5.0 (compatible; AhrefsBot/5.0; +http://ahrefs.com/robot/)\";'),('6st7c8tj582cnscde8jc2fqfp5',1441251367,'session_value|s:32:\"3b702180088a5958b8e69ef736b52fca\";session_var|s:11:\"ce5699c7398\";token|a:1:{s:10:\"post-login\";a:4:{i:0;s:8:\"d293c7bb\";i:1;s:32:\"a433d21d832dcebcfeb97a9200b4a78d\";i:2;i:1441251366;i:3;s:32:\"af4833a807e91f52b3486382a67d5c56\";}}robot_check|i:1441251366;mc|a:7:{s:4:\"time\";i:1441251366;s:2:\"id\";i:0;s:2:\"gq\";s:3:\"0=1\";s:2:\"bq\";s:3:\"0=1\";s:2:\"ap\";a:0:{}s:2:\"mb\";a:0:{}s:2:\"mq\";s:3:\"0=1\";}ban|a:5:{s:12:\"last_checked\";i:1441251366;s:9:\"id_member\";i:0;s:2:\"ip\";s:14:\"188.165.15.196\";s:3:\"ip2\";s:0:\"\";s:5:\"email\";s:0:\"\";}log_time|i:1441251367;timeOnlineUpdated|i:1441251367;old_url|s:67:\"http://Forum.Sublime-Voyance.be/index.php/board,1.0/sort,views.html\";USER_AGENT|s:66:\"Mozilla/5.0 (compatible; AhrefsBot/5.0; +http://ahrefs.com/robot/)\";'),('77qkgdtn8n2s47dl6686rk6eh4',1441296601,'session_value|s:32:\"c3b2d3b8c5648ff0e088559f438ead8c\";session_var|s:12:\"bde1db8f89d8\";token|a:1:{s:10:\"post-login\";a:4:{i:0;s:10:\"ecdfd5af5b\";i:1;s:32:\"438c9ece46e476d845e258a170e7fcbd\";i:2;i:1441296601;i:3;s:32:\"9e045938bee82c379af8f09afc74326b\";}}robot_check|i:1441296601;mc|a:7:{s:4:\"time\";i:1441296601;s:2:\"id\";i:0;s:2:\"gq\";s:3:\"0=1\";s:2:\"bq\";s:3:\"0=1\";s:2:\"ap\";a:0:{}s:2:\"mb\";a:0:{}s:2:\"mq\";s:3:\"0=1\";}ban|a:5:{s:12:\"last_checked\";i:1441296601;s:9:\"id_member\";i:0;s:2:\"ip\";s:12:\"207.46.13.55\";s:3:\"ip2\";s:0:\"\";s:5:\"email\";s:0:\"\";}log_time|i:1441296601;timeOnlineUpdated|i:1441296601;last_read_topic|i:14;forms|a:0:{}old_url|s:52:\"http://Forum.Sublime-Voyance.be/index.php?topic=14.0\";USER_AGENT|s:71:\"Mozilla/5.0 (compatible; bingbot/2.0; +http://www.bing.com/bingbot.htm)\";'),('7bc6c4pm11shti2cldao0k4612',1441302631,'session_value|s:32:\"4dc9f9ea8d024b6fb201f4f63cc33ba2\";session_var|s:10:\"d55240b375\";token|a:1:{s:10:\"post-login\";a:4:{i:0;s:11:\"ecf0bd52e32\";i:1;s:32:\"b58b800e25d3f890996e54f558c83896\";i:2;i:1441302631;i:3;s:32:\"f3b673e6d64958069a17dee959e44f2b\";}}robot_check|i:1441302631;mc|a:7:{s:4:\"time\";i:1441302631;s:2:\"id\";i:0;s:2:\"gq\";s:3:\"0=1\";s:2:\"bq\";s:3:\"0=1\";s:2:\"ap\";a:0:{}s:2:\"mb\";a:0:{}s:2:\"mq\";s:3:\"0=1\";}ban|a:5:{s:12:\"last_checked\";i:1441302631;s:9:\"id_member\";i:0;s:2:\"ip\";s:12:\"157.55.39.79\";s:3:\"ip2\";s:0:\"\";s:5:\"email\";s:0:\"\";}log_time|i:1441302631;timeOnlineUpdated|i:1441302631;old_url|s:51:\"http://Forum.Sublime-Voyance.be/index.php?board=1.0\";USER_AGENT|s:71:\"Mozilla/5.0 (compatible; bingbot/2.0; +http://www.bing.com/bingbot.htm)\";'),('7bnfdr2ipif1ocofuj46opkgt5',1441179529,'session_value|s:32:\"b003b0a49f5a8e07d3d32436d664a8a4\";session_var|s:8:\"b489382f\";token|a:1:{s:10:\"post-login\";a:4:{i:0;s:12:\"ff35633a9bb4\";i:1;s:32:\"c4ed582465a118c26b138f2a9ac3d651\";i:2;i:1441179529;i:3;s:32:\"0f5b3ef18cdc27a980bf2bd3c5c33984\";}}robot_check|i:1441179529;id_robot|s:2:\"17\";mc|a:7:{s:4:\"time\";i:1441179529;s:2:\"id\";i:0;s:2:\"gq\";s:3:\"0=1\";s:2:\"bq\";s:3:\"0=1\";s:2:\"ap\";a:0:{}s:2:\"mb\";a:0:{}s:2:\"mq\";s:3:\"0=1\";}ban|a:5:{s:12:\"last_checked\";i:1441179529;s:9:\"id_member\";i:0;s:2:\"ip\";s:15:\"204.236.226.210\";s:3:\"ip2\";s:0:\"\";s:5:\"email\";s:0:\"\";}log_time|i:1441179529;timeOnlineUpdated|i:1441179529;forms|a:0:{}old_url|s:61:\"http://Forum.Sublime-Voyance.be/index.php/topic,17.msg24.html\";USER_AGENT|s:11:\"ia_archiver\";'),('7gitqg84qmqtp6ggclc7iecnc5',1441177997,'session_value|s:32:\"b7f7238a2cab42c11b9d4d9d661611d6\";session_var|s:9:\"aefd77341\";token|a:1:{s:10:\"post-login\";a:4:{i:0;s:11:\"a2c887c11d9\";i:1;s:32:\"2b528dfcf8f4e4401210ea3a67170889\";i:2;i:1441177986;i:3;s:32:\"0f62959975a7239a164d4b7a3e7fd751\";}}robot_check|i:1441177986;id_robot|s:2:\"17\";mc|a:7:{s:4:\"time\";i:1441177986;s:2:\"id\";i:0;s:2:\"gq\";s:3:\"0=1\";s:2:\"bq\";s:3:\"0=1\";s:2:\"ap\";a:0:{}s:2:\"mb\";a:0:{}s:2:\"mq\";s:3:\"0=1\";}ban|a:5:{s:12:\"last_checked\";i:1441177997;s:9:\"id_member\";i:0;s:2:\"ip\";s:15:\"204.236.226.210\";s:3:\"ip2\";s:0:\"\";s:5:\"email\";s:0:\"\";}log_time|i:1441177997;timeOnlineUpdated|i:1441177986;forms|a:0:{}old_url|s:61:\"http://Forum.Sublime-Voyance.be/index.php/topic,13.msg19.html\";USER_AGENT|s:11:\"ia_archiver\";'),('7hqd89o33jugjpcllq5f30a6t0',1440835351,'session_value|s:32:\"026ccf7e1c88f7e42ececf7bbc3fe164\";session_var|s:7:\"e3dacf5\";token|a:1:{s:10:\"post-login\";a:4:{i:0;s:7:\"d5caea9\";i:1;s:32:\"7dad1398b2e7168ed472752bae0c843c\";i:2;i:1440835351;i:3;s:32:\"08672a53b82f82ef7bb961ff0ca92f60\";}}robot_check|i:1440835351;mc|a:7:{s:4:\"time\";i:1440835351;s:2:\"id\";i:0;s:2:\"gq\";s:3:\"0=1\";s:2:\"bq\";s:3:\"0=1\";s:2:\"ap\";a:0:{}s:2:\"mb\";a:0:{}s:2:\"mq\";s:3:\"0=1\";}ban|a:5:{s:12:\"last_checked\";i:1440835351;s:9:\"id_member\";i:0;s:2:\"ip\";s:13:\"151.80.31.133\";s:3:\"ip2\";s:0:\"\";s:5:\"email\";s:0:\"\";}log_time|i:1440835351;timeOnlineUpdated|i:1440835351;old_url|s:57:\"http://Forum.Sublime-Voyance.be/index.php/board,23.0.html\";USER_AGENT|s:66:\"Mozilla/5.0 (compatible; AhrefsBot/5.0; +http://ahrefs.com/robot/)\";'),('7kf8ceomu848o52kfkd09ma565',1441297772,'session_value|s:32:\"648760c5841d6dffad8dc32d08b82107\";session_var|s:12:\"ed67bebbe585\";token|a:1:{s:10:\"post-login\";a:4:{i:0;s:10:\"a17da7ac44\";i:1;s:32:\"6837d4cb206bb1fba654f0986e02dc8b\";i:2;i:1441297772;i:3;s:32:\"fb7a28be54854b734d07581cba3438ea\";}}robot_check|i:1441297772;mc|a:7:{s:4:\"time\";i:1441297772;s:2:\"id\";i:0;s:2:\"gq\";s:3:\"0=1\";s:2:\"bq\";s:3:\"0=1\";s:2:\"ap\";a:0:{}s:2:\"mb\";a:0:{}s:2:\"mq\";s:3:\"0=1\";}ban|a:5:{s:12:\"last_checked\";i:1441297772;s:9:\"id_member\";i:0;s:2:\"ip\";s:11:\"207.46.13.8\";s:3:\"ip2\";s:0:\"\";s:5:\"email\";s:0:\"\";}log_time|i:1441297772;timeOnlineUpdated|i:1441297772;last_read_topic|i:31;forms|a:0:{}old_url|s:57:\"http://Forum.Sublime-Voyance.be/index.php/topic,31.0.html\";USER_AGENT|s:71:\"Mozilla/5.0 (compatible; bingbot/2.0; +http://www.bing.com/bingbot.htm)\";'),('7ku9ltjd00v7njkvig3nlpvph3',1440853976,'session_value|s:32:\"b05fc4e44bcf8a604dbefbf0bf356494\";session_var|s:10:\"d1dc6e7805\";token|a:1:{s:10:\"post-login\";a:4:{i:0;s:10:\"a4613d9513\";i:1;s:32:\"aef555b1c00589307924d6572d7f0a1b\";i:2;i:1440853975;i:3;s:32:\"ca42a9597d4cd9579b790fa30b957f1f\";}}robot_check|i:1440853975;mc|a:7:{s:4:\"time\";i:1440853975;s:2:\"id\";i:0;s:2:\"gq\";s:3:\"0=1\";s:2:\"bq\";s:3:\"0=1\";s:2:\"ap\";a:0:{}s:2:\"mb\";a:0:{}s:2:\"mq\";s:3:\"0=1\";}ban|a:5:{s:12:\"last_checked\";i:1440853975;s:9:\"id_member\";i:0;s:2:\"ip\";s:13:\"151.80.31.133\";s:3:\"ip2\";s:0:\"\";s:5:\"email\";s:0:\"\";}log_time|i:1440853975;timeOnlineUpdated|i:1440853975;last_read_topic|i:12;forms|a:0:{}old_url|s:61:\"http://Forum.Sublime-Voyance.be/index.php/topic,12.msg58.html\";USER_AGENT|s:66:\"Mozilla/5.0 (compatible; AhrefsBot/5.0; +http://ahrefs.com/robot/)\";'),('7n0cls2smlkf4s7vpco5nle421',1441269803,'session_value|s:32:\"120f3fc69676545c791f6a44add63454\";session_var|s:9:\"fd80a090c\";token|a:1:{s:10:\"post-login\";a:4:{i:0;s:8:\"bdf3e204\";i:1;s:32:\"b93d02e42b331a1b1077463a28ca5434\";i:2;i:1441269797;i:3;s:32:\"e25038c1f18201008c260e28de120e46\";}}robot_check|i:1441269797;mc|a:7:{s:4:\"time\";i:1441269797;s:2:\"id\";i:0;s:2:\"gq\";s:3:\"0=1\";s:2:\"bq\";s:3:\"0=1\";s:2:\"ap\";a:0:{}s:2:\"mb\";a:0:{}s:2:\"mq\";s:3:\"0=1\";}ban|a:5:{s:12:\"last_checked\";i:1441269797;s:9:\"id_member\";i:0;s:2:\"ip\";s:14:\"188.165.15.196\";s:3:\"ip2\";s:0:\"\";s:5:\"email\";s:0:\"\";}log_time|i:1441269801;timeOnlineUpdated|i:1441269801;last_read_topic|i:6;forms|a:0:{}old_url|s:71:\"http://Forum.Sublime-Voyance.be/index.php/topic,6.0/prev_next,prev.html\";USER_AGENT|s:66:\"Mozilla/5.0 (compatible; AhrefsBot/5.0; +http://ahrefs.com/robot/)\";'),('7pv6qgp8o4sroklub96vrmv6l5',1441195430,'session_value|s:32:\"83973485f88ee8db25157e23ae5e8712\";session_var|s:8:\"b5fc5123\";token|a:1:{s:10:\"post-login\";a:4:{i:0;s:12:\"f49b58a8313b\";i:1;s:32:\"f4b7c672b0dac2e137db531c7424cf3d\";i:2;i:1441186062;i:3;s:32:\"9a712a3ba03f42cf34225714f3cd4b7d\";}}robot_check|i:1441195265;mc|a:7:{s:4:\"time\";i:1441186062;s:2:\"id\";i:0;s:2:\"gq\";s:3:\"0=1\";s:2:\"bq\";s:3:\"0=1\";s:2:\"ap\";a:0:{}s:2:\"mb\";a:0:{}s:2:\"mq\";s:3:\"0=1\";}ban|a:5:{s:12:\"last_checked\";i:1441195430;s:9:\"id_member\";i:0;s:2:\"ip\";s:11:\"85.26.2.106\";s:3:\"ip2\";s:0:\"\";s:5:\"email\";s:0:\"\";}log_time|i:1441195425;timeOnlineUpdated|i:1441186062;old_url|s:57:\"http://Forum.Sublime-Voyance.be/index.php/topic,51.0.html\";USER_AGENT|s:102:\"Mozilla/5.0 (Windows NT 6.1) AppleWebKit/537.36 (KHTML, like Gecko) Chrome/44.0.2403.157 Safari/537.36\";last_read_topic|i:51;forms|a:0:{}'),('7uffn9r5rvarv3dv7b4a30hnk1',1441302620,'session_value|s:32:\"ef04afddbe0240a294bcbf5dec23c6e2\";session_var|s:8:\"c4ea6ec8\";token|a:1:{s:10:\"post-login\";a:4:{i:0;s:10:\"e6d607c854\";i:1;s:32:\"0174e094eff3a23efbb9df08c47952fb\";i:2;i:1441302619;i:3;s:32:\"78bbb782f4d79fa719ed7ea3e6cbd7f9\";}}robot_check|i:1441302619;mc|a:7:{s:4:\"time\";i:1441302619;s:2:\"id\";i:0;s:2:\"gq\";s:3:\"0=1\";s:2:\"bq\";s:3:\"0=1\";s:2:\"ap\";a:0:{}s:2:\"mb\";a:0:{}s:2:\"mq\";s:3:\"0=1\";}ban|a:5:{s:12:\"last_checked\";i:1441302619;s:9:\"id_member\";i:0;s:2:\"ip\";s:12:\"157.55.39.79\";s:3:\"ip2\";s:0:\"\";s:5:\"email\";s:0:\"\";}log_time|i:1441302620;timeOnlineUpdated|i:1441302620;last_read_topic|i:13;forms|a:0:{}old_url|s:52:\"http://Forum.Sublime-Voyance.be/index.php?topic=13.0\";USER_AGENT|s:71:\"Mozilla/5.0 (compatible; bingbot/2.0; +http://www.bing.com/bingbot.htm)\";'),('7v538gt0vlmduise3vse5o0ob4',1441331359,'session_value|s:32:\"3f49e959b0b9498714ae5c99941f4eae\";session_var|s:8:\"d950f311\";token|a:1:{s:10:\"post-login\";a:4:{i:0;s:12:\"b97d615419f6\";i:1;s:32:\"e2825a6354aff23c8221650fb5929602\";i:2;i:1441331241;i:3;s:32:\"27b515f984a1835d7cb20b9873da5caf\";}}robot_check|i:1441331241;id_robot|s:2:\"17\";mc|a:7:{s:4:\"time\";i:1441331241;s:2:\"id\";i:0;s:2:\"gq\";s:3:\"0=1\";s:2:\"bq\";s:3:\"0=1\";s:2:\"ap\";a:0:{}s:2:\"mb\";a:0:{}s:2:\"mq\";s:3:\"0=1\";}ban|a:5:{s:12:\"last_checked\";i:1441331359;s:9:\"id_member\";i:0;s:2:\"ip\";s:15:\"204.236.226.210\";s:3:\"ip2\";s:0:\"\";s:5:\"email\";s:0:\"\";}log_time|i:1441331359;timeOnlineUpdated|i:1441331243;old_url|s:52:\"http://Forum.Sublime-Voyance.be/index.php?topic=51.0\";USER_AGENT|s:11:\"ia_archiver\";forms|a:0:{}'),('852nl37f68jn1bjgcr91kc0703',1441302630,'session_value|s:32:\"3593d7b39ad05a232ec5a76a9172c3a6\";session_var|s:12:\"fa0350196a58\";token|a:1:{s:10:\"post-login\";a:4:{i:0;s:7:\"cb4725f\";i:1;s:32:\"4d6786c8a19b664e6a588b57d9a62ea1\";i:2;i:1441302629;i:3;s:32:\"b6b0711bce3d690abb6d288196f53e2b\";}}robot_check|i:1441302629;mc|a:7:{s:4:\"time\";i:1441302629;s:2:\"id\";i:0;s:2:\"gq\";s:3:\"0=1\";s:2:\"bq\";s:3:\"0=1\";s:2:\"ap\";a:0:{}s:2:\"mb\";a:0:{}s:2:\"mq\";s:3:\"0=1\";}ban|a:5:{s:12:\"last_checked\";i:1441302629;s:9:\"id_member\";i:0;s:2:\"ip\";s:12:\"157.55.39.79\";s:3:\"ip2\";s:0:\"\";s:5:\"email\";s:0:\"\";}log_time|i:1441302629;timeOnlineUpdated|i:1441302629;old_url|s:57:\"http://Forum.Sublime-Voyance.be/index.php/board,13.0.html\";USER_AGENT|s:71:\"Mozilla/5.0 (compatible; bingbot/2.0; +http://www.bing.com/bingbot.htm)\";'),('88jvnc0dm112s32h01ee00fet3',1441296582,'session_value|s:32:\"a7bef3396a949f55d9d2d51be0ec9d0f\";session_var|s:12:\"ab4e0090c61b\";token|a:1:{s:10:\"post-login\";a:4:{i:0;s:10:\"c74853062e\";i:1;s:32:\"3ebc9d8a9714a63a86fc7b17e7990da8\";i:2;i:1441296581;i:3;s:32:\"b4b9822e2885d19db43958fe4a3ccea8\";}}robot_check|i:1441296581;mc|a:7:{s:4:\"time\";i:1441296582;s:2:\"id\";i:0;s:2:\"gq\";s:3:\"0=1\";s:2:\"bq\";s:3:\"0=1\";s:2:\"ap\";a:0:{}s:2:\"mb\";a:0:{}s:2:\"mq\";s:3:\"0=1\";}ban|a:5:{s:12:\"last_checked\";i:1441296582;s:9:\"id_member\";i:0;s:2:\"ip\";s:13:\"157.55.39.128\";s:3:\"ip2\";s:0:\"\";s:5:\"email\";s:0:\"\";}log_time|i:1441296582;timeOnlineUpdated|i:1441296582;old_url|s:52:\"http://Forum.Sublime-Voyance.be/index.php?board=13.0\";USER_AGENT|s:71:\"Mozilla/5.0 (compatible; bingbot/2.0; +http://www.bing.com/bingbot.htm)\";'),('8btn07ts0sa4h6fm1sehfultv7',1441116334,'session_value|s:32:\"959bf3ea3a009ffaceb481654c69d7a7\";session_var|s:11:\"bf0057d0034\";token|a:1:{s:10:\"post-login\";a:4:{i:0;s:12:\"ae1ea960f24a\";i:1;s:32:\"83cc0a2d17ece46dc07466e31453c7b9\";i:2;i:1441116209;i:3;s:32:\"effb0879424355ff24f5d145b4b9635d\";}}robot_check|i:1441116209;mc|a:7:{s:4:\"time\";i:1441116209;s:2:\"id\";i:0;s:2:\"gq\";s:3:\"0=1\";s:2:\"bq\";s:3:\"0=1\";s:2:\"ap\";a:0:{}s:2:\"mb\";a:0:{}s:2:\"mq\";s:3:\"0=1\";}ban|a:5:{s:12:\"last_checked\";i:1441116334;s:9:\"id_member\";i:0;s:2:\"ip\";s:11:\"85.26.2.106\";s:3:\"ip2\";s:0:\"\";s:5:\"email\";s:0:\"\";}log_time|i:1441116329;timeOnlineUpdated|i:1441116209;old_url|s:52:\"http://Forum.Sublime-Voyance.be/index.php?board=14.0\";USER_AGENT|s:102:\"Mozilla/5.0 (Windows NT 6.1) AppleWebKit/537.36 (KHTML, like Gecko) Chrome/44.0.2403.157 Safari/537.36\";'),('8gtjnt0hsrosvc3lmdg0tfkmo4',1441256887,'session_value|s:32:\"784a06b7e6b189d7a991739f8c8f421f\";session_var|s:9:\"eedc93ab7\";token|a:1:{s:10:\"post-login\";a:4:{i:0;s:7:\"bd97c5f\";i:1;s:32:\"d7824cdaa7e97f56b966b13334850c4b\";i:2;i:1441256885;i:3;s:32:\"1576d948a4c14c5a7e17a35a373ea5c3\";}}robot_check|i:1441256885;mc|a:7:{s:4:\"time\";i:1441256885;s:2:\"id\";i:0;s:2:\"gq\";s:3:\"0=1\";s:2:\"bq\";s:3:\"0=1\";s:2:\"ap\";a:0:{}s:2:\"mb\";a:0:{}s:2:\"mq\";s:3:\"0=1\";}ban|a:5:{s:12:\"last_checked\";i:1441256885;s:9:\"id_member\";i:0;s:2:\"ip\";s:14:\"188.165.15.196\";s:3:\"ip2\";s:0:\"\";s:5:\"email\";s:0:\"\";}log_time|i:1441256886;timeOnlineUpdated|i:1441256886;old_url|s:69:\"http://Forum.Sublime-Voyance.be/index.php/board,3.0/sort,subject.html\";USER_AGENT|s:66:\"Mozilla/5.0 (compatible; AhrefsBot/5.0; +http://ahrefs.com/robot/)\";'),('8jngq74dnitgohjnbo1umgnff1',1441251892,'session_value|s:32:\"9e03c11bc11cb41924cc7a14084dd0b7\";session_var|s:7:\"b18efb8\";token|a:1:{s:10:\"post-login\";a:4:{i:0;s:12:\"f40df9599b9e\";i:1;s:32:\"1816864ba0d2d9499cc57cf433a8b55d\";i:2;i:1441251862;i:3;s:32:\"1b336b1bf80f29c8aaf105b9bea3e557\";}}robot_check|i:1441251862;id_robot|s:2:\"17\";mc|a:7:{s:4:\"time\";i:1441251862;s:2:\"id\";i:0;s:2:\"gq\";s:3:\"0=1\";s:2:\"bq\";s:3:\"0=1\";s:2:\"ap\";a:0:{}s:2:\"mb\";a:0:{}s:2:\"mq\";s:3:\"0=1\";}ban|a:5:{s:12:\"last_checked\";i:1441251892;s:9:\"id_member\";i:0;s:2:\"ip\";s:15:\"204.236.226.210\";s:3:\"ip2\";s:0:\"\";s:5:\"email\";s:0:\"\";}log_time|i:1441251892;timeOnlineUpdated|i:1441251862;old_url|s:72:\"http://Forum.Sublime-Voyance.be/index.php/topic,44.0/prev_next,prev.html\";USER_AGENT|s:11:\"ia_archiver\";forms|a:0:{}'),('8ouohrebm6j4jme3kaso7iec74',1441176927,'session_value|s:32:\"1aef3d99096ba5f835a6f73316ac1557\";session_var|s:9:\"c4db037b6\";token|a:1:{s:10:\"post-login\";a:4:{i:0;s:7:\"e4d7870\";i:1;s:32:\"91acfd56492ffbf9890af8bc1944d1df\";i:2;i:1441176871;i:3;s:32:\"7270f62a842593616c7750f1b7d533e5\";}}robot_check|i:1441176871;id_robot|s:2:\"17\";mc|a:7:{s:4:\"time\";i:1441176871;s:2:\"id\";i:0;s:2:\"gq\";s:3:\"0=1\";s:2:\"bq\";s:3:\"0=1\";s:2:\"ap\";a:0:{}s:2:\"mb\";a:0:{}s:2:\"mq\";s:3:\"0=1\";}ban|a:5:{s:12:\"last_checked\";i:1441176926;s:9:\"id_member\";i:0;s:2:\"ip\";s:15:\"204.236.226.210\";s:3:\"ip2\";s:0:\"\";s:5:\"email\";s:0:\"\";}log_time|i:1441176927;timeOnlineUpdated|i:1441176871;forms|a:0:{}old_url|s:59:\"http://Forum.Sublime-Voyance.be/index.php/topic,8.msg8.html\";USER_AGENT|s:11:\"ia_archiver\";'),('8rdpoli1o38qeia27tddn9f145',1441256302,'session_value|s:32:\"366b1a46171e831dd9446956466bc8fe\";session_var|s:9:\"ddf7fdca4\";token|a:0:{}robot_check|i:1441256138;mc|a:7:{s:4:\"time\";i:1441256193;s:2:\"id\";i:4;s:2:\"gq\";s:3:\"0=1\";s:2:\"bq\";s:3:\"0=1\";s:2:\"ap\";a:0:{}s:2:\"mb\";a:0:{}s:2:\"mq\";s:3:\"0=1\";}ban|a:5:{s:12:\"last_checked\";i:1441256302;s:9:\"id_member\";i:4;s:2:\"ip\";s:11:\"85.26.2.106\";s:3:\"ip2\";s:0:\"\";s:5:\"email\";s:23:\"rouyr.chantal@gmail.com\";}log_time|i:1441256302;timeOnlineUpdated|i:1441256302;old_url|s:41:\"http://Forum.Sublime-Voyance.be/index.php\";USER_AGENT|s:102:\"Mozilla/5.0 (Windows NT 6.1) AppleWebKit/537.36 (KHTML, like Gecko) Chrome/44.0.2403.157 Safari/537.36\";login_url|s:97:\"http://Forum.Sublime-Voyance.be/index.php?PHPSESSID=2ujhrodfccammf88nv42v6hj16&action=profile;u=7\";login_SMFCookie275|s:180:\"a:4:{i:0;i:4;i:1;s:128:\"7ae869ae1887b5ff4fde984ba656347b3961180dfe34280ee67dc93ee7c84761b98ad98c6188b14fc30059c5fd9b8e2998316cfc451f2db8f7b3c7ae864f6b28\";i:2;i:1441259792;i:3;i:0;}\";id_msg_last_visit|s:2:\"82\";unread_messages|i:0;'),('8ujq76cvq2u077hlv7npop92k5',1441014852,'session_value|s:32:\"fa2c619b54f4bb7457b8fbc4a02384f3\";session_var|s:11:\"af6277002b5\";token|a:1:{s:10:\"post-login\";a:4:{i:0;s:11:\"a6c5e3ec6d8\";i:1;s:32:\"9791546c48761178efa3ff484ae646d6\";i:2;i:1441014851;i:3;s:32:\"ff05db742fb78cf48d894ba3b7ca668c\";}}robot_check|i:1441014851;mc|a:7:{s:4:\"time\";i:1441014851;s:2:\"id\";i:0;s:2:\"gq\";s:3:\"0=1\";s:2:\"bq\";s:3:\"0=1\";s:2:\"ap\";a:0:{}s:2:\"mb\";a:0:{}s:2:\"mq\";s:3:\"0=1\";}ban|a:5:{s:12:\"last_checked\";i:1441014852;s:9:\"id_member\";i:0;s:2:\"ip\";s:13:\"151.80.31.133\";s:3:\"ip2\";s:0:\"\";s:5:\"email\";s:0:\"\";}log_time|i:1441014852;timeOnlineUpdated|i:1441014852;last_read_topic|i:38;forms|a:0:{}old_url|s:71:\"http://Forum.Sublime-Voyance.be/index.php/topic,38.msg54/topicseen.html\";USER_AGENT|s:66:\"Mozilla/5.0 (compatible; AhrefsBot/5.0; +http://ahrefs.com/robot/)\";'),('94s9ln34e0s02jb7co7c9g3vv7',1441229327,'session_value|s:32:\"299676ff5b38a38336c7b1b1fae1568d\";session_var|s:12:\"cdcd5549ee04\";token|a:1:{s:10:\"post-login\";a:4:{i:0;s:9:\"a2bfb6d7a\";i:1;s:32:\"a3833b8580579426ae96d02085e8132a\";i:2;i:1441229327;i:3;s:32:\"2e18db9681d9f0e30087f835447834d8\";}}robot_check|i:1441229327;mc|a:7:{s:4:\"time\";i:1441229327;s:2:\"id\";i:0;s:2:\"gq\";s:3:\"0=1\";s:2:\"bq\";s:3:\"0=1\";s:2:\"ap\";a:0:{}s:2:\"mb\";a:0:{}s:2:\"mq\";s:3:\"0=1\";}ban|a:5:{s:12:\"last_checked\";i:1441229327;s:9:\"id_member\";i:0;s:2:\"ip\";s:14:\"188.165.15.196\";s:3:\"ip2\";s:0:\"\";s:5:\"email\";s:0:\"\";}log_time|i:1441229327;timeOnlineUpdated|i:1441229327;old_url|s:52:\"http://Forum.Sublime-Voyance.be/index.php?board=20.0\";USER_AGENT|s:66:\"Mozilla/5.0 (compatible; AhrefsBot/5.0; +http://ahrefs.com/robot/)\";'),('99r3bbumh8gb81p59cpr1crj30',1441143250,'session_value|s:32:\"cfd2f2403abe40c468245a2a312f02bb\";session_var|s:11:\"a1419f8e112\";token|a:1:{s:10:\"post-login\";a:4:{i:0;s:8:\"e34b5f1f\";i:1;s:32:\"d23b2cf19302f400b396ee797beeca78\";i:2;i:1441143249;i:3;s:32:\"7155c29bcc593b3d0ccb77fe3b7b582b\";}}robot_check|i:1441143249;mc|a:7:{s:4:\"time\";i:1441143249;s:2:\"id\";i:0;s:2:\"gq\";s:3:\"0=1\";s:2:\"bq\";s:3:\"0=1\";s:2:\"ap\";a:0:{}s:2:\"mb\";a:0:{}s:2:\"mq\";s:3:\"0=1\";}ban|a:5:{s:12:\"last_checked\";i:1441143250;s:9:\"id_member\";i:0;s:2:\"ip\";s:13:\"151.80.31.133\";s:3:\"ip2\";s:0:\"\";s:5:\"email\";s:0:\"\";}log_time|i:1441143250;timeOnlineUpdated|i:1441143250;old_url|s:51:\"http://Forum.Sublime-Voyance.be/index.php?board=3.0\";USER_AGENT|s:66:\"Mozilla/5.0 (compatible; AhrefsBot/5.0; +http://ahrefs.com/robot/)\";'),('9ce1ptibh02pdodnlc7ouh61q6',1441300986,'session_value|s:32:\"ee19cad253605bd25118921bba4546da\";session_var|s:7:\"b1f2a80\";id_msg_last_visit|s:2:\"40\";mc|a:7:{s:4:\"time\";i:1441296457;s:2:\"id\";i:1;s:2:\"gq\";s:3:\"1=1\";s:2:\"bq\";s:3:\"1=1\";s:2:\"ap\";a:1:{i:0;i:0;}s:2:\"mb\";a:0:{}s:2:\"mq\";s:3:\"0=1\";}rc|a:3:{s:2:\"id\";i:1;s:4:\"time\";i:1440846010;s:7:\"reports\";s:1:\"0\";}log_time|i:1441299785;timeOnlineUpdated|i:1441299765;unread_messages|i:0;old_url|s:57:\"http://Forum.Sublime-Voyance.be/index.php/board,13.0.html\";USER_AGENT|s:109:\"Mozilla/5.0 (Windows NT 10.0; WOW64) AppleWebKit/537.36 (KHTML, like Gecko) Chrome/45.0.2454.85 Safari/537.36\";last_read_topic|i:12;forms|a:0:{}token|a:0:{}admin_time|i:1441264974;moderate_time|i:1441264845;'),('9r4r2g0i0uss958qqh23tfcm07',1440854685,'session_value|s:32:\"4ac1bd272b45d1d4e8df20e02803355b\";session_var|s:9:\"b4fe5816d\";token|a:1:{s:10:\"post-login\";a:4:{i:0;s:9:\"fef4a6592\";i:1;s:32:\"4f9316df64e9386462370309f78e0138\";i:2;i:1440854685;i:3;s:32:\"c53e278bedf41384443999d935b7373a\";}}robot_check|i:1440854685;id_robot|s:1:\"1\";mc|a:7:{s:4:\"time\";i:1440854685;s:2:\"id\";i:0;s:2:\"gq\";s:3:\"0=1\";s:2:\"bq\";s:3:\"0=1\";s:2:\"ap\";a:0:{}s:2:\"mb\";a:0:{}s:2:\"mq\";s:3:\"0=1\";}ban|a:5:{s:12:\"last_checked\";i:1440854685;s:9:\"id_member\";i:0;s:2:\"ip\";s:13:\"66.249.78.160\";s:3:\"ip2\";s:0:\"\";s:5:\"email\";s:0:\"\";}log_time|i:1440854685;timeOnlineUpdated|i:1440854685;old_url|s:32:\"http://Forum.Sublime-Voyance.be/\";USER_AGENT|s:194:\"Mozilla/5.0 (iPhone; CPU iPhone OS 8_3 like Mac OS X) AppleWebKit/600.1.4 (KHTML, like Gecko) Version/8.0 Mobile/12F70 Safari/600.1.4 (compatible; Googlebot/2.1; +http://www.google.com/bot.html)\";'),('9sh6pgn8jtvnpbq5t2et84e3a0',1440876860,'session_value|s:32:\"b561a0da7831eba877321b8582c8b7d4\";session_var|s:7:\"adf0296\";token|a:1:{s:10:\"post-login\";a:4:{i:0;s:9:\"cd07dda8f\";i:1;s:32:\"f5bf9009fff6d2c3220b50874dd27f06\";i:2;i:1440876859;i:3;s:32:\"6a34ab4ebce43c2b11c2a80cd38409bc\";}}robot_check|i:1440876859;mc|a:7:{s:4:\"time\";i:1440876859;s:2:\"id\";i:0;s:2:\"gq\";s:3:\"0=1\";s:2:\"bq\";s:3:\"0=1\";s:2:\"ap\";a:0:{}s:2:\"mb\";a:0:{}s:2:\"mq\";s:3:\"0=1\";}ban|a:5:{s:12:\"last_checked\";i:1440876859;s:9:\"id_member\";i:0;s:2:\"ip\";s:13:\"151.80.31.133\";s:3:\"ip2\";s:0:\"\";s:5:\"email\";s:0:\"\";}log_time|i:1440876859;timeOnlineUpdated|i:1440876859;last_read_topic|i:10;forms|a:0:{}old_url|s:57:\"http://Forum.Sublime-Voyance.be/index.php/topic,10.0.html\";USER_AGENT|s:66:\"Mozilla/5.0 (compatible; AhrefsBot/5.0; +http://ahrefs.com/robot/)\";'),('9t2immn3d6p7r614t1g01fc601',1441302631,'session_value|s:32:\"2a623386b2bb9dc8c47efb5f2ffdc408\";session_var|s:11:\"e9ffa65e6f7\";token|a:1:{s:10:\"post-login\";a:4:{i:0;s:7:\"a01fb29\";i:1;s:32:\"67acf66c715f8f48bb14d7cbae01a1c4\";i:2;i:1441302630;i:3;s:32:\"740961ff64b2bc85e68b7da04889a966\";}}robot_check|i:1441302630;mc|a:7:{s:4:\"time\";i:1441302630;s:2:\"id\";i:0;s:2:\"gq\";s:3:\"0=1\";s:2:\"bq\";s:3:\"0=1\";s:2:\"ap\";a:0:{}s:2:\"mb\";a:0:{}s:2:\"mq\";s:3:\"0=1\";}ban|a:5:{s:12:\"last_checked\";i:1441302630;s:9:\"id_member\";i:0;s:2:\"ip\";s:12:\"157.55.39.79\";s:3:\"ip2\";s:0:\"\";s:5:\"email\";s:0:\"\";}log_time|i:1441302631;timeOnlineUpdated|i:1441302631;last_read_topic|i:8;forms|a:0:{}old_url|s:56:\"http://Forum.Sublime-Voyance.be/index.php/topic,8.0.html\";USER_AGENT|s:71:\"Mozilla/5.0 (compatible; bingbot/2.0; +http://www.bing.com/bingbot.htm)\";'),('9tl450o46beber2sulj61dlo34',1440827897,'session_value|s:32:\"1f8fd32e28583f035b68c2f8a2cd7660\";session_var|s:7:\"a1891e7\";token|a:2:{s:10:\"post-login\";a:4:{i:0;s:11:\"aa46f2b5647\";i:1;s:32:\"03f7232fc002376241a15ca72e463180\";i:2;i:1440827895;i:3;s:32:\"f22034ad5c9d85ea0a9fa176f2f93ed9\";}s:13:\"post-register\";a:4:{i:0;s:11:\"d074c7ce966\";i:1;s:32:\"dfe8c1290b6672b80058acdbb68bfa69\";i:2;i:1440827896;i:3;s:32:\"7acfb34a48c0b8c14d4b60d494cc62b0\";}}robot_check|i:1440827895;mc|a:7:{s:4:\"time\";i:1440827895;s:2:\"id\";i:0;s:2:\"gq\";s:3:\"0=1\";s:2:\"bq\";s:3:\"0=1\";s:2:\"ap\";a:0:{}s:2:\"mb\";a:0:{}s:2:\"mq\";s:3:\"0=1\";}ban|a:5:{s:12:\"last_checked\";i:1440827897;s:9:\"id_member\";i:0;s:2:\"ip\";s:14:\"80.251.112.194\";s:3:\"ip2\";s:0:\"\";s:5:\"email\";s:0:\"\";}log_time|i:1440827895;timeOnlineUpdated|i:1440827895;old_url|s:41:\"http://Forum.Sublime-Voyance.be/index.php\";USER_AGENT|s:125:\"Mozilla/5.0 (Windows NT 6.1; WOW64) AppleWebKit/537.36 (KHTML, like Gecko) Chrome/41.0.2272.89 Safari/537.36 OPR/28.0.1750.48\";register|a:2:{s:7:\"timenow\";i:1440827896;s:5:\"limit\";i:10;}register_vv|a:6:{s:5:\"count\";i:1;s:6:\"errors\";i:0;s:8:\"did_pass\";b:0;s:1:\"q\";a:0:{}s:4:\"code\";s:6:\"UARVPD\";s:11:\"empty_field\";s:15:\"device-key-4364\";}'),('9u74kd4a1mrkaulc3521u5kuo1',1441088636,'session_value|s:32:\"a9e3761ea5c2609463b188d7bc5bee1c\";session_var|s:12:\"cc7cff8807a1\";token|a:1:{s:10:\"post-login\";a:4:{i:0;s:11:\"cbf47185f48\";i:1;s:32:\"227c71fee5979858076b2e86087efa4d\";i:2;i:1441088635;i:3;s:32:\"d6b36e9a78e89fea4772945ab3bd3fbe\";}}robot_check|i:1441088635;mc|a:7:{s:4:\"time\";i:1441088636;s:2:\"id\";i:0;s:2:\"gq\";s:3:\"0=1\";s:2:\"bq\";s:3:\"0=1\";s:2:\"ap\";a:0:{}s:2:\"mb\";a:0:{}s:2:\"mq\";s:3:\"0=1\";}ban|a:5:{s:12:\"last_checked\";i:1441088636;s:9:\"id_member\";i:0;s:2:\"ip\";s:13:\"151.80.31.133\";s:3:\"ip2\";s:0:\"\";s:5:\"email\";s:0:\"\";}log_time|i:1441088636;timeOnlineUpdated|i:1441088636;last_read_topic|i:6;forms|a:0:{}old_url|s:56:\"http://Forum.Sublime-Voyance.be/index.php/topic,6.0.html\";USER_AGENT|s:66:\"Mozilla/5.0 (compatible; AhrefsBot/5.0; +http://ahrefs.com/robot/)\";'),('9v8of9f6ttn4vrtjd705791fu1',1441296629,'session_value|s:32:\"28ddf77cef738f987184e55f001c3d7e\";session_var|s:11:\"a4c232b55c9\";token|a:1:{s:10:\"post-login\";a:4:{i:0;s:8:\"d5ae7b95\";i:1;s:32:\"f5b0bf2ad867367d9b75649b2b204eca\";i:2;i:1441296629;i:3;s:32:\"9c936e1e7552cb4fc4c04122a55015f6\";}}robot_check|i:1441296629;mc|a:7:{s:4:\"time\";i:1441296629;s:2:\"id\";i:0;s:2:\"gq\";s:3:\"0=1\";s:2:\"bq\";s:3:\"0=1\";s:2:\"ap\";a:0:{}s:2:\"mb\";a:0:{}s:2:\"mq\";s:3:\"0=1\";}ban|a:5:{s:12:\"last_checked\";i:1441296629;s:9:\"id_member\";i:0;s:2:\"ip\";s:12:\"207.46.13.70\";s:3:\"ip2\";s:0:\"\";s:5:\"email\";s:0:\"\";}log_time|i:1441296629;timeOnlineUpdated|i:1441296629;old_url|s:54:\"http://Forum.Sublime-Voyance.be/index.php?action=login\";USER_AGENT|s:71:\"Mozilla/5.0 (compatible; bingbot/2.0; +http://www.bing.com/bingbot.htm)\";'),('a176f2i8q1nd97ha5lhekkg9a4',1440959090,'session_value|s:32:\"99b30406c010bf55d324479527d7ea38\";session_var|s:10:\"fc96d63778\";token|a:1:{s:10:\"post-login\";a:4:{i:0;s:10:\"dcb833192c\";i:1;s:32:\"3b657c40b7a39fdf10e48a6dff9e3611\";i:2;i:1440959089;i:3;s:32:\"c9e1b3d75f16a1435c851a6a614c97a5\";}}robot_check|i:1440959089;mc|a:7:{s:4:\"time\";i:1440959089;s:2:\"id\";i:0;s:2:\"gq\";s:3:\"0=1\";s:2:\"bq\";s:3:\"0=1\";s:2:\"ap\";a:0:{}s:2:\"mb\";a:0:{}s:2:\"mq\";s:3:\"0=1\";}ban|a:5:{s:12:\"last_checked\";i:1440959090;s:9:\"id_member\";i:0;s:2:\"ip\";s:13:\"151.80.31.133\";s:3:\"ip2\";s:0:\"\";s:5:\"email\";s:0:\"\";}log_time|i:1440959090;timeOnlineUpdated|i:1440959090;last_read_topic|i:34;forms|a:0:{}old_url|s:57:\"http://Forum.Sublime-Voyance.be/index.php/topic,34.0.html\";USER_AGENT|s:66:\"Mozilla/5.0 (compatible; AhrefsBot/5.0; +http://ahrefs.com/robot/)\";'),('a7usun1e2m3lmc10fpoa4m6ag3',1440989224,'session_value|s:32:\"cb494c87b8a9e912e5a3cc81ebeb7acd\";session_var|s:12:\"e123ee247d21\";token|a:1:{s:10:\"post-login\";a:4:{i:0;s:12:\"bd6fa4d911e2\";i:1;s:32:\"6269e6156104ceddf750a7d9fe9b1493\";i:2;i:1440989223;i:3;s:32:\"39d9ee4e4b25b58c36f773b996e5e5e7\";}}robot_check|i:1440989223;id_robot|s:1:\"1\";mc|a:7:{s:4:\"time\";i:1440989223;s:2:\"id\";i:0;s:2:\"gq\";s:3:\"0=1\";s:2:\"bq\";s:3:\"0=1\";s:2:\"ap\";a:0:{}s:2:\"mb\";a:0:{}s:2:\"mq\";s:3:\"0=1\";}ban|a:5:{s:12:\"last_checked\";i:1440989224;s:9:\"id_member\";i:0;s:2:\"ip\";s:12:\"66.249.67.90\";s:3:\"ip2\";s:0:\"\";s:5:\"email\";s:0:\"\";}log_time|i:1440989224;timeOnlineUpdated|i:1440989224;old_url|s:52:\"http://Forum.Sublime-Voyance.be/index.php?board=17.0\";USER_AGENT|s:72:\"Mozilla/5.0 (compatible; Googlebot/2.1; +http://www.google.com/bot.html)\";'),('a809r3dfnnca7ee7d2i6mktc51',1441231763,'session_value|s:32:\"2a4c1c29ec6f27ec5ad0da2f650ee6c6\";session_var|s:8:\"e2ec0e94\";token|a:1:{s:10:\"post-login\";a:4:{i:0;s:9:\"c00df3530\";i:1;s:32:\"3be5a87ac97840b80dc71bc97f2e9166\";i:2;i:1441231674;i:3;s:32:\"1f83309eb76aaffada9a33fa548bd870\";}}robot_check|i:1441231674;id_robot|s:2:\"17\";mc|a:7:{s:4:\"time\";i:1441231674;s:2:\"id\";i:0;s:2:\"gq\";s:3:\"0=1\";s:2:\"bq\";s:3:\"0=1\";s:2:\"ap\";a:0:{}s:2:\"mb\";a:0:{}s:2:\"mq\";s:3:\"0=1\";}ban|a:5:{s:12:\"last_checked\";i:1441231763;s:9:\"id_member\";i:0;s:2:\"ip\";s:15:\"204.236.226.210\";s:3:\"ip2\";s:0:\"\";s:5:\"email\";s:0:\"\";}log_time|i:1441231763;timeOnlineUpdated|i:1441231675;old_url|s:52:\"http://Forum.Sublime-Voyance.be/index.php?topic=44.0\";USER_AGENT|s:11:\"ia_archiver\";forms|a:0:{}'),('a8qqmb0fl3iblu160mkgl3vm01',1441110439,'session_value|s:32:\"d0717d8efbb376eaf7332649e08d1d9d\";session_var|s:12:\"ccb58134ab5c\";token|a:1:{s:10:\"post-login\";a:4:{i:0;s:12:\"cdf07c25d3d8\";i:1;s:32:\"c3aac729312f6cc939668939f905442b\";i:2;i:1441110439;i:3;s:32:\"d6f7dce45ae50bc8b854694874b7946c\";}}robot_check|i:1441110439;mc|a:7:{s:4:\"time\";i:1441110439;s:2:\"id\";i:0;s:2:\"gq\";s:3:\"0=1\";s:2:\"bq\";s:3:\"0=1\";s:2:\"ap\";a:0:{}s:2:\"mb\";a:0:{}s:2:\"mq\";s:3:\"0=1\";}ban|a:5:{s:12:\"last_checked\";i:1441110439;s:9:\"id_member\";i:0;s:2:\"ip\";s:13:\"151.80.31.133\";s:3:\"ip2\";s:0:\"\";s:5:\"email\";s:0:\"\";}log_time|i:1441110439;timeOnlineUpdated|i:1441110439;last_read_topic|i:34;forms|a:0:{}old_url|s:71:\"http://Forum.Sublime-Voyance.be/index.php/topic,34.msg49/topicseen.html\";USER_AGENT|s:66:\"Mozilla/5.0 (compatible; AhrefsBot/5.0; +http://ahrefs.com/robot/)\";'),('acqaqnpk3ieupnjnj1sm52pbs3',1440802111,'session_value|s:32:\"2f9715c960c0699658bed9c8a9a0507e\";session_var|s:7:\"b1c8535\";token|a:1:{s:10:\"post-login\";a:4:{i:0;s:7:\"b5f3100\";i:1;s:32:\"bea52beb846b454ef972742769f192f1\";i:2;i:1440802110;i:3;s:32:\"d92edb774cca89a71fe6691724794bb5\";}}robot_check|i:1440802110;mc|a:7:{s:4:\"time\";i:1440802110;s:2:\"id\";i:0;s:2:\"gq\";s:3:\"0=1\";s:2:\"bq\";s:3:\"0=1\";s:2:\"ap\";a:0:{}s:2:\"mb\";a:0:{}s:2:\"mq\";s:3:\"0=1\";}ban|a:5:{s:12:\"last_checked\";i:1440802111;s:9:\"id_member\";i:0;s:2:\"ip\";s:13:\"151.80.31.133\";s:3:\"ip2\";s:0:\"\";s:5:\"email\";s:0:\"\";}log_time|i:1440802111;timeOnlineUpdated|i:1440802111;old_url|s:51:\"http://Forum.Sublime-Voyance.be/index.php?board=4.0\";USER_AGENT|s:66:\"Mozilla/5.0 (compatible; AhrefsBot/5.0; +http://ahrefs.com/robot/)\";'),('adl2dtqj9kgv42qfcs041r0vv2',1440901549,'session_value|s:32:\"12ce7ff9e788c29f24b97ac5eb3cbcf3\";session_var|s:11:\"fcc192f4e00\";token|a:1:{s:10:\"post-login\";a:4:{i:0;s:7:\"f28c3c6\";i:1;s:32:\"8ee88fcaf7ca14d6839640a0c00214bd\";i:2;i:1440901548;i:3;s:32:\"00af35fb7538179a59a82caf04a1d80b\";}}robot_check|i:1440901548;mc|a:7:{s:4:\"time\";i:1440901548;s:2:\"id\";i:0;s:2:\"gq\";s:3:\"0=1\";s:2:\"bq\";s:3:\"0=1\";s:2:\"ap\";a:0:{}s:2:\"mb\";a:0:{}s:2:\"mq\";s:3:\"0=1\";}ban|a:5:{s:12:\"last_checked\";i:1440901548;s:9:\"id_member\";i:0;s:2:\"ip\";s:13:\"151.80.31.133\";s:3:\"ip2\";s:0:\"\";s:5:\"email\";s:0:\"\";}log_time|i:1440901548;timeOnlineUpdated|i:1440901548;last_read_topic|i:12;forms|a:0:{}old_url|s:71:\"http://Forum.Sublime-Voyance.be/index.php/topic,12.msg57/topicseen.html\";USER_AGENT|s:66:\"Mozilla/5.0 (compatible; AhrefsBot/5.0; +http://ahrefs.com/robot/)\";'),('aoam2arju8v9i2jrr5ujs1nk11',1441296585,'session_value|s:32:\"bd547b86cd4563cb07eb924e9b9c9bae\";session_var|s:9:\"f0c834ec0\";token|a:1:{s:10:\"post-login\";a:4:{i:0;s:12:\"ccb4b204b8de\";i:1;s:32:\"b5d2cf270d265a4d14a9889968379443\";i:2;i:1441296585;i:3;s:32:\"3b4d9dd2f4faa830f8f1288793f8b915\";}}robot_check|i:1441296585;mc|a:7:{s:4:\"time\";i:1441296585;s:2:\"id\";i:0;s:2:\"gq\";s:3:\"0=1\";s:2:\"bq\";s:3:\"0=1\";s:2:\"ap\";a:0:{}s:2:\"mb\";a:0:{}s:2:\"mq\";s:3:\"0=1\";}ban|a:5:{s:12:\"last_checked\";i:1441296585;s:9:\"id_member\";i:0;s:2:\"ip\";s:13:\"157.55.39.128\";s:3:\"ip2\";s:0:\"\";s:5:\"email\";s:0:\"\";}log_time|i:1441296585;timeOnlineUpdated|i:1441296585;last_read_topic|i:8;forms|a:0:{}old_url|s:59:\"http://Forum.Sublime-Voyance.be/index.php/topic,8.msg8.html\";USER_AGENT|s:71:\"Mozilla/5.0 (compatible; bingbot/2.0; +http://www.bing.com/bingbot.htm)\";'),('b0774dh3p7iubh3q1if2kl27t6',1441205856,'session_value|s:32:\"b31ba5d0348a19e73574f32dbab08a6e\";session_var|s:8:\"d0323893\";token|a:1:{s:10:\"post-login\";a:4:{i:0;s:12:\"bbeabe9cd523\";i:1;s:32:\"c5faf75df209916229e6b59d1059594f\";i:2;i:1441205855;i:3;s:32:\"af82399bc87df2bc1dbe60c47d36cbb6\";}}robot_check|i:1441205855;mc|a:7:{s:4:\"time\";i:1441205855;s:2:\"id\";i:0;s:2:\"gq\";s:3:\"0=1\";s:2:\"bq\";s:3:\"0=1\";s:2:\"ap\";a:0:{}s:2:\"mb\";a:0:{}s:2:\"mq\";s:3:\"0=1\";}ban|a:5:{s:12:\"last_checked\";i:1441205855;s:9:\"id_member\";i:0;s:2:\"ip\";s:14:\"188.165.15.196\";s:3:\"ip2\";s:0:\"\";s:5:\"email\";s:0:\"\";}log_time|i:1441205856;timeOnlineUpdated|i:1441205856;old_url|s:57:\"http://Forum.Sublime-Voyance.be/index.php/board,10.0.html\";USER_AGENT|s:66:\"Mozilla/5.0 (compatible; AhrefsBot/5.0; +http://ahrefs.com/robot/)\";'),('b3cjbjcp9hj8libf89t9agpgn0',1441258384,'session_value|s:32:\"4c8ecf7d4f098b97ebd40264b843c5be\";session_var|s:9:\"ba7a54ded\";token|a:1:{s:10:\"post-login\";a:4:{i:0;s:10:\"d21052d36c\";i:1;s:32:\"d4978b9b93102fa9841c482d82db3a1c\";i:2;i:1441258384;i:3;s:32:\"3ca0cb83734d66b99d9842c50eb53331\";}}robot_check|i:1441258384;mc|a:7:{s:4:\"time\";i:1441258384;s:2:\"id\";i:0;s:2:\"gq\";s:3:\"0=1\";s:2:\"bq\";s:3:\"0=1\";s:2:\"ap\";a:0:{}s:2:\"mb\";a:0:{}s:2:\"mq\";s:3:\"0=1\";}ban|a:5:{s:12:\"last_checked\";i:1441258384;s:9:\"id_member\";i:0;s:2:\"ip\";s:14:\"188.165.15.196\";s:3:\"ip2\";s:0:\"\";s:5:\"email\";s:0:\"\";}log_time|i:1441258384;timeOnlineUpdated|i:1441258384;old_url|s:69:\"http://Forum.Sublime-Voyance.be/index.php?action=printpage;topic=12.0\";USER_AGENT|s:66:\"Mozilla/5.0 (compatible; AhrefsBot/5.0; +http://ahrefs.com/robot/)\";'),('b7enlvbj3k5s76fdec71d9p482',1441250146,'session_value|s:32:\"93ebd3b8577cacfd6f214bfd4c71b004\";session_var|s:11:\"c4e287cfc4e\";token|a:1:{s:10:\"post-login\";a:4:{i:0;s:8:\"a78f9890\";i:1;s:32:\"93002b6ce63c4bf59960603675c2631e\";i:2;i:1441250145;i:3;s:32:\"f51e8fd8b8350ae2e30ea0995c6c6f43\";}}robot_check|i:1441250145;mc|a:7:{s:4:\"time\";i:1441250145;s:2:\"id\";i:0;s:2:\"gq\";s:3:\"0=1\";s:2:\"bq\";s:3:\"0=1\";s:2:\"ap\";a:0:{}s:2:\"mb\";a:0:{}s:2:\"mq\";s:3:\"0=1\";}ban|a:5:{s:12:\"last_checked\";i:1441250145;s:9:\"id_member\";i:0;s:2:\"ip\";s:14:\"188.165.15.196\";s:3:\"ip2\";s:0:\"\";s:5:\"email\";s:0:\"\";}log_time|i:1441250146;timeOnlineUpdated|i:1441250146;last_read_topic|i:11;forms|a:0:{}old_url|s:57:\"http://Forum.Sublime-Voyance.be/index.php/topic,11.0.html\";USER_AGENT|s:66:\"Mozilla/5.0 (compatible; AhrefsBot/5.0; +http://ahrefs.com/robot/)\";'),('b8rkpcpkqhuhqcqbnj0gdcomm4',1441027481,'session_value|s:32:\"ae99ad1e62f0d39ca61dd684df786b37\";session_var|s:7:\"bf7d2b0\";token|a:1:{s:10:\"post-login\";a:4:{i:0;s:8:\"f7f2b587\";i:1;s:32:\"4ab0ad8f541d14901658c5e66d4a2849\";i:2;i:1441027459;i:3;s:32:\"5c3e9f8275d1d48f32bfd3d70fc5796f\";}}robot_check|i:1441027459;mc|a:7:{s:4:\"time\";i:1441027459;s:2:\"id\";i:0;s:2:\"gq\";s:3:\"0=1\";s:2:\"bq\";s:3:\"0=1\";s:2:\"ap\";a:0:{}s:2:\"mb\";a:0:{}s:2:\"mq\";s:3:\"0=1\";}ban|a:5:{s:12:\"last_checked\";i:1441027481;s:9:\"id_member\";i:0;s:2:\"ip\";s:14:\"85.201.190.239\";s:3:\"ip2\";s:0:\"\";s:5:\"email\";s:0:\"\";}log_time|i:1441027481;timeOnlineUpdated|i:1441027459;old_url|s:60:\"http://Forum.Sublime-Voyance.be/index.php?action=profile;u=2\";USER_AGENT|s:72:\"Mozilla/5.0 (Windows NT 6.1; WOW64; rv:40.0) Gecko/20100101 Firefox/40.0\";login_url|s:60:\"http://Forum.Sublime-Voyance.be/index.php?action=profile;u=2\";'),('b9enek0h7o25d40jratpueinh3',1440862918,'session_value|s:32:\"8f6805bbc79b086fe319ca3e6ac739ec\";session_var|s:7:\"ec8585e\";token|a:1:{s:10:\"post-login\";a:4:{i:0;s:10:\"a8747b4ee0\";i:1;s:32:\"d22d80c200d48bcfe9d00cd3252f8629\";i:2;i:1440862918;i:3;s:32:\"b9e7a2dc947240dbaa30f3dc9567b6a2\";}}robot_check|i:1440862918;old_url|s:48:\"http://Forum.Sublime-Voyance.be/index.php?msg=46\";USER_AGENT|s:66:\"Mozilla/5.0 (compatible; AhrefsBot/5.0; +http://ahrefs.com/robot/)\";'),('ba4dfs4tl10ac534oi8jh0dpa7',1441302621,'session_value|s:32:\"1c5c1d776a1010318a6e5de152cba40d\";session_var|s:9:\"afbbc2f8f\";token|a:1:{s:10:\"post-login\";a:4:{i:0;s:11:\"bc411481699\";i:1;s:32:\"504b9bb65322cd4617c3129e2a4af399\";i:2;i:1441302620;i:3;s:32:\"0f5418b1e065a83b84be087589b5c886\";}}robot_check|i:1441302620;mc|a:7:{s:4:\"time\";i:1441302621;s:2:\"id\";i:0;s:2:\"gq\";s:3:\"0=1\";s:2:\"bq\";s:3:\"0=1\";s:2:\"ap\";a:0:{}s:2:\"mb\";a:0:{}s:2:\"mq\";s:3:\"0=1\";}ban|a:5:{s:12:\"last_checked\";i:1441302621;s:9:\"id_member\";i:0;s:2:\"ip\";s:12:\"157.55.39.79\";s:3:\"ip2\";s:0:\"\";s:5:\"email\";s:0:\"\";}log_time|i:1441302621;timeOnlineUpdated|i:1441302621;last_read_topic|i:12;forms|a:0:{}old_url|s:52:\"http://Forum.Sublime-Voyance.be/index.php?topic=12.0\";USER_AGENT|s:71:\"Mozilla/5.0 (compatible; bingbot/2.0; +http://www.bing.com/bingbot.htm)\";'),('bc5890658c85fdgvdjc4i01764',1440809549,'session_value|s:32:\"31b729d5f0d21a2e06e8a9d97033dff3\";session_var|s:7:\"db0c5b0\";token|a:1:{s:10:\"post-login\";a:4:{i:0;s:10:\"b3d36e966c\";i:1;s:32:\"539210374254ba8765ace2c56fa79e98\";i:2;i:1440809549;i:3;s:32:\"3c40a1aee4ba49f266c4359f124c4dff\";}}robot_check|i:1440809549;mc|a:7:{s:4:\"time\";i:1440809549;s:2:\"id\";i:0;s:2:\"gq\";s:3:\"0=1\";s:2:\"bq\";s:3:\"0=1\";s:2:\"ap\";a:0:{}s:2:\"mb\";a:0:{}s:2:\"mq\";s:3:\"0=1\";}ban|a:5:{s:12:\"last_checked\";i:1440809549;s:9:\"id_member\";i:0;s:2:\"ip\";s:13:\"151.80.31.133\";s:3:\"ip2\";s:0:\"\";s:5:\"email\";s:0:\"\";}log_time|i:1440809549;timeOnlineUpdated|i:1440809549;old_url|s:32:\"http://Forum.Sublime-Voyance.be/\";USER_AGENT|s:66:\"Mozilla/5.0 (compatible; AhrefsBot/5.0; +http://ahrefs.com/robot/)\";'),('bg9pkaleu023l4kp2pmqv0hih7',1441115557,'session_value|s:32:\"54d664f623fdaebebbadc59c4da33635\";session_var|s:8:\"df82d5a0\";token|a:3:{s:13:\"post-register\";a:4:{i:0;s:11:\"acbcf58a428\";i:1;s:32:\"a291ad947f6281502891f473a17a1411\";i:2;i:1441115365;i:3;s:32:\"b5aebfb5b974393d0d880487191d9079\";}s:10:\"post-login\";a:4:{i:0;s:9:\"d41609463\";i:1;s:32:\"4463f7f5423d2b7718fb24a83f004c9a\";i:2;i:1441115536;i:3;s:32:\"c0b24e6893517d70c2b2e6ac145eff7f\";}s:11:\"post-remind\";a:4:{i:0;s:10:\"a6f3995c8b\";i:1;s:32:\"f6e9fe88443c47637da85ab8f8d40819\";i:2;i:1441115557;i:3;s:32:\"848a596ab6f0fb37719189a666ac4661\";}}robot_check|i:1441115557;mc|a:7:{s:4:\"time\";i:1441115536;s:2:\"id\";i:0;s:2:\"gq\";s:3:\"0=1\";s:2:\"bq\";s:3:\"0=1\";s:2:\"ap\";a:0:{}s:2:\"mb\";a:0:{}s:2:\"mq\";s:3:\"0=1\";}ban|a:5:{s:12:\"last_checked\";i:1441115557;s:9:\"id_member\";i:0;s:2:\"ip\";s:11:\"85.26.2.106\";s:3:\"ip2\";s:0:\"\";s:5:\"email\";s:0:\"\";}log_time|i:1441115557;timeOnlineUpdated|i:1441115244;old_url|s:69:\"http://Forum.Sublime-Voyance.be/index.php?action=reminder;sa=picktype\";USER_AGENT|s:102:\"Mozilla/5.0 (Windows NT 6.1) AppleWebKit/537.36 (KHTML, like Gecko) Chrome/44.0.2403.157 Safari/537.36\";register|a:2:{s:7:\"timenow\";i:1441115365;s:5:\"limit\";i:10;}register_vv|a:6:{s:5:\"count\";i:1;s:6:\"errors\";i:0;s:8:\"did_pass\";b:0;s:1:\"q\";a:0:{}s:4:\"code\";s:6:\"YXNREE\";s:11:\"empty_field\";s:20:\"identifier-hash-3586\";}login_url|s:60:\"http://Forum.Sublime-Voyance.be/index.php?action=profile;u=2\";failed_login|i:1;'),('bgnnqqcfvlg4fvvbmqd5g4ndf0',1441296608,'session_value|s:32:\"b38c823685db3db505bb7cee667e31d4\";session_var|s:12:\"b2d2c71e2c2a\";token|a:1:{s:10:\"post-login\";a:4:{i:0;s:10:\"ad4456147b\";i:1;s:32:\"f2e9e171bd8d887091d27e92137e4008\";i:2;i:1441296608;i:3;s:32:\"6c680ac2a01d8399ba5d9103e3e78026\";}}robot_check|i:1441296608;mc|a:7:{s:4:\"time\";i:1441296608;s:2:\"id\";i:0;s:2:\"gq\";s:3:\"0=1\";s:2:\"bq\";s:3:\"0=1\";s:2:\"ap\";a:0:{}s:2:\"mb\";a:0:{}s:2:\"mq\";s:3:\"0=1\";}ban|a:5:{s:12:\"last_checked\";i:1441296608;s:9:\"id_member\";i:0;s:2:\"ip\";s:12:\"207.46.13.55\";s:3:\"ip2\";s:0:\"\";s:5:\"email\";s:0:\"\";}log_time|i:1441296608;timeOnlineUpdated|i:1441296608;last_read_topic|i:9;forms|a:0:{}old_url|s:51:\"http://Forum.Sublime-Voyance.be/index.php?topic=9.0\";USER_AGENT|s:71:\"Mozilla/5.0 (compatible; bingbot/2.0; +http://www.bing.com/bingbot.htm)\";'),('bhaiaj8qarah0kindsen7782i7',1441224311,'session_value|s:32:\"f8fc5f1177d45d31ac763c0161d81166\";session_var|s:8:\"fef75b37\";token|a:1:{s:10:\"post-login\";a:4:{i:0;s:10:\"b722adb0f4\";i:1;s:32:\"f5383dea304fc5ac4603f42e8384be08\";i:2;i:1441224302;i:3;s:32:\"e892bb4d334612c55eaed1db4902961a\";}}robot_check|i:1441224302;mc|a:7:{s:4:\"time\";i:1441224302;s:2:\"id\";i:0;s:2:\"gq\";s:3:\"0=1\";s:2:\"bq\";s:3:\"0=1\";s:2:\"ap\";a:0:{}s:2:\"mb\";a:0:{}s:2:\"mq\";s:3:\"0=1\";}ban|a:5:{s:12:\"last_checked\";i:1441224303;s:9:\"id_member\";i:0;s:2:\"ip\";s:14:\"188.165.15.196\";s:3:\"ip2\";s:0:\"\";s:5:\"email\";s:0:\"\";}log_time|i:1441224307;timeOnlineUpdated|i:1441224307;old_url|s:55:\"http://Forum.Sublime-Voyance.be/index.php?action=search\";USER_AGENT|s:66:\"Mozilla/5.0 (compatible; AhrefsBot/5.0; +http://ahrefs.com/robot/)\";'),('bt7g4a027k2vvljs1p9nncdnr3',1441294197,'session_value|s:32:\"6c775464af5ea03385825acabb8a1559\";session_var|s:12:\"e87439b4b493\";token|a:1:{s:10:\"post-login\";a:4:{i:0;s:8:\"c8cf7d30\";i:1;s:32:\"6728f487d1fe98952a3972667ed69f17\";i:2;i:1441294197;i:3;s:32:\"aa0c03963db2e71015f99c073bd27794\";}}robot_check|i:1441294197;mc|a:7:{s:4:\"time\";i:1441294197;s:2:\"id\";i:0;s:2:\"gq\";s:3:\"0=1\";s:2:\"bq\";s:3:\"0=1\";s:2:\"ap\";a:0:{}s:2:\"mb\";a:0:{}s:2:\"mq\";s:3:\"0=1\";}ban|a:5:{s:12:\"last_checked\";i:1441294197;s:9:\"id_member\";i:0;s:2:\"ip\";s:14:\"188.165.15.196\";s:3:\"ip2\";s:0:\"\";s:5:\"email\";s:0:\"\";}log_time|i:1441294197;timeOnlineUpdated|i:1441294197;last_read_topic|s:2:\"44\";forms|a:0:{}old_url|s:72:\"http://Forum.Sublime-Voyance.be/index.php/topic,21.0/prev_next,prev.html\";USER_AGENT|s:66:\"Mozilla/5.0 (compatible; AhrefsBot/5.0; +http://ahrefs.com/robot/)\";'),('cbo6l8t95enn7j0a7rhrsl4fl1',1441008467,'session_value|s:32:\"efbd96f6a56c1754512b6c1ee7a36e4c\";session_var|s:10:\"f7efa0ddc9\";token|a:1:{s:10:\"post-login\";a:4:{i:0;s:7:\"a4251d6\";i:1;s:32:\"89602b9c73df6ddeba3f56a493ee9dfe\";i:2;i:1441008466;i:3;s:32:\"4ee68cbdc43bfa61228736fe5d76c58d\";}}robot_check|i:1441008466;mc|a:7:{s:4:\"time\";i:1441008466;s:2:\"id\";i:0;s:2:\"gq\";s:3:\"0=1\";s:2:\"bq\";s:3:\"0=1\";s:2:\"ap\";a:0:{}s:2:\"mb\";a:0:{}s:2:\"mq\";s:3:\"0=1\";}ban|a:5:{s:12:\"last_checked\";i:1441008466;s:9:\"id_member\";i:0;s:2:\"ip\";s:13:\"151.80.31.133\";s:3:\"ip2\";s:0:\"\";s:5:\"email\";s:0:\"\";}log_time|i:1441008467;timeOnlineUpdated|i:1441008467;last_read_topic|i:5;forms|a:0:{}old_url|s:56:\"http://Forum.Sublime-Voyance.be/index.php/topic,5.0.html\";USER_AGENT|s:66:\"Mozilla/5.0 (compatible; AhrefsBot/5.0; +http://ahrefs.com/robot/)\";'),('cdcshmd5lummkhabgp7crds1k4',1440791296,'session_value|s:32:\"4fc9e9bbb7cdf039e38955343cbe77f2\";session_var|s:8:\"d747fe9a\";token|a:1:{s:10:\"post-login\";a:4:{i:0;s:8:\"cb8397cf\";i:1;s:32:\"7d9a7729140044977feee3f334edde64\";i:2;i:1440791296;i:3;s:32:\"4936c66d689132ddd5c826174ee6ed05\";}}robot_check|i:1440791296;mc|a:7:{s:4:\"time\";i:1440791296;s:2:\"id\";i:0;s:2:\"gq\";s:3:\"0=1\";s:2:\"bq\";s:3:\"0=1\";s:2:\"ap\";a:0:{}s:2:\"mb\";a:0:{}s:2:\"mq\";s:3:\"0=1\";}ban|a:5:{s:12:\"last_checked\";i:1440791296;s:9:\"id_member\";i:0;s:2:\"ip\";s:13:\"151.80.31.133\";s:3:\"ip2\";s:0:\"\";s:5:\"email\";s:0:\"\";}log_time|i:1440791296;timeOnlineUpdated|i:1440791296;last_read_topic|i:5;forms|a:0:{}old_url|s:51:\"http://Forum.Sublime-Voyance.be/index.php?topic=5.0\";USER_AGENT|s:66:\"Mozilla/5.0 (compatible; AhrefsBot/5.0; +http://ahrefs.com/robot/)\";'),('cra24nbtqtqpa8daeu8jqaef47',1441212476,'session_value|s:32:\"4057cbfd91abcb8788b892a9fa4d4ea2\";session_var|s:9:\"e22065311\";token|a:1:{s:10:\"post-login\";a:4:{i:0;s:11:\"e2258a82396\";i:1;s:32:\"be4a07da903cbba63b91505a18463abb\";i:2;i:1441212475;i:3;s:32:\"ef7845da2cd25a08f7b25eb2180e22c1\";}}robot_check|i:1441212475;mc|a:7:{s:4:\"time\";i:1441212475;s:2:\"id\";i:0;s:2:\"gq\";s:3:\"0=1\";s:2:\"bq\";s:3:\"0=1\";s:2:\"ap\";a:0:{}s:2:\"mb\";a:0:{}s:2:\"mq\";s:3:\"0=1\";}ban|a:5:{s:12:\"last_checked\";i:1441212475;s:9:\"id_member\";i:0;s:2:\"ip\";s:14:\"188.165.15.196\";s:3:\"ip2\";s:0:\"\";s:5:\"email\";s:0:\"\";}log_time|i:1441212475;timeOnlineUpdated|i:1441212475;last_read_topic|i:44;forms|a:0:{}old_url|s:61:\"http://Forum.Sublime-Voyance.be/index.php/topic,44.msg74.html\";USER_AGENT|s:66:\"Mozilla/5.0 (compatible; AhrefsBot/5.0; +http://ahrefs.com/robot/)\";'),('cremlp3hjic4ddi9unlfcr5t46',1440991449,'session_value|s:32:\"64676c39666771303f0e47d11a5e102a\";session_var|s:12:\"f513b8bdc812\";token|a:1:{s:10:\"post-login\";a:4:{i:0;s:11:\"ffb91ff0c99\";i:1;s:32:\"57c90d75e65f22bb28f122be859eb970\";i:2;i:1440991448;i:3;s:32:\"bc0ea0a6cb087eb9eef4d682c15a7273\";}}robot_check|i:1440991448;id_robot|s:1:\"1\";mc|a:7:{s:4:\"time\";i:1440991448;s:2:\"id\";i:0;s:2:\"gq\";s:3:\"0=1\";s:2:\"bq\";s:3:\"0=1\";s:2:\"ap\";a:0:{}s:2:\"mb\";a:0:{}s:2:\"mq\";s:3:\"0=1\";}ban|a:5:{s:12:\"last_checked\";i:1440991448;s:9:\"id_member\";i:0;s:2:\"ip\";s:13:\"66.249.78.146\";s:3:\"ip2\";s:0:\"\";s:5:\"email\";s:0:\"\";}log_time|i:1440991448;timeOnlineUpdated|i:1440991448;login_url|s:60:\"http://Forum.Sublime-Voyance.be/index.php?action=profile;u=7\";old_url|s:60:\"http://Forum.Sublime-Voyance.be/index.php?action=profile;u=7\";USER_AGENT|s:72:\"Mozilla/5.0 (compatible; Googlebot/2.1; +http://www.google.com/bot.html)\";'),('d2put0mociolb319v1n1tuig62',1441355552,'session_value|s:32:\"ef691a5fb790a1cdd22ce3cea60d7323\";session_var|s:8:\"d99fd1ec\";token|a:1:{s:10:\"post-login\";a:4:{i:0;s:7:\"e5d6809\";i:1;s:32:\"aa8cd1cba6b2cb8bd643cbbe58c2e68c\";i:2;i:1441355552;i:3;s:32:\"da45b5cd577d05ef439b6222d4cd2219\";}}robot_check|i:1441355552;mc|a:7:{s:4:\"time\";i:1441355552;s:2:\"id\";i:0;s:2:\"gq\";s:3:\"0=1\";s:2:\"bq\";s:3:\"0=1\";s:2:\"ap\";a:0:{}s:2:\"mb\";a:0:{}s:2:\"mq\";s:3:\"0=1\";}ban|a:5:{s:12:\"last_checked\";i:1441355552;s:9:\"id_member\";i:0;s:2:\"ip\";s:14:\"188.165.15.196\";s:3:\"ip2\";s:0:\"\";s:5:\"email\";s:0:\"\";}old_url|s:63:\"http://Forum.Sublime-Voyance.be/index.php?type=rss2;action=.xml\";USER_AGENT|s:66:\"Mozilla/5.0 (compatible; AhrefsBot/5.0; +http://ahrefs.com/robot/)\";'),('d610dige35s0qvm1531emg0su3',1441296604,'session_value|s:32:\"10dd243722b66f4397ed852f39bf0a60\";session_var|s:9:\"cd0516c9f\";token|a:1:{s:10:\"post-login\";a:4:{i:0;s:10:\"ef5130de45\";i:1;s:32:\"e5609d22cd047e71f9a2585d7388be98\";i:2;i:1441296604;i:3;s:32:\"457844a5586d8b9b1be26c648bd3d92b\";}}robot_check|i:1441296604;mc|a:7:{s:4:\"time\";i:1441296604;s:2:\"id\";i:0;s:2:\"gq\";s:3:\"0=1\";s:2:\"bq\";s:3:\"0=1\";s:2:\"ap\";a:0:{}s:2:\"mb\";a:0:{}s:2:\"mq\";s:3:\"0=1\";}ban|a:5:{s:12:\"last_checked\";i:1441296604;s:9:\"id_member\";i:0;s:2:\"ip\";s:12:\"207.46.13.55\";s:3:\"ip2\";s:0:\"\";s:5:\"email\";s:0:\"\";}log_time|i:1441296604;timeOnlineUpdated|i:1441296604;old_url|s:56:\"http://Forum.Sublime-Voyance.be/index.php/board,8.0.html\";USER_AGENT|s:71:\"Mozilla/5.0 (compatible; bingbot/2.0; +http://www.bing.com/bingbot.htm)\";'),('dasa9otdkhcipdcourgiv35df3',1440830463,'session_value|s:32:\"3c8fac7717a6c51bb6dcd76b7f0cd89b\";session_var|s:9:\"f3825034c\";token|a:1:{s:10:\"post-login\";a:4:{i:0;s:10:\"c114f82825\";i:1;s:32:\"3d688feb8d5462d70115157fbd2ca881\";i:2;i:1440830462;i:3;s:32:\"2f8e2332971e2f92cbd16e92ad1a3f2d\";}}robot_check|i:1440830462;mc|a:7:{s:4:\"time\";i:1440830462;s:2:\"id\";i:0;s:2:\"gq\";s:3:\"0=1\";s:2:\"bq\";s:3:\"0=1\";s:2:\"ap\";a:0:{}s:2:\"mb\";a:0:{}s:2:\"mq\";s:3:\"0=1\";}ban|a:5:{s:12:\"last_checked\";i:1440830462;s:9:\"id_member\";i:0;s:2:\"ip\";s:13:\"151.80.31.133\";s:3:\"ip2\";s:0:\"\";s:5:\"email\";s:0:\"\";}log_time|i:1440830463;timeOnlineUpdated|i:1440830462;login_url|s:60:\"http://Forum.Sublime-Voyance.be/index.php?action=profile;u=7\";old_url|s:60:\"http://Forum.Sublime-Voyance.be/index.php?action=profile;u=7\";USER_AGENT|s:66:\"Mozilla/5.0 (compatible; AhrefsBot/5.0; +http://ahrefs.com/robot/)\";'),('dnvbj5vbggd4clk6olibpgkue6',1441208175,'session_value|s:32:\"3dc04cdeb81b1001b3fecff9b309f379\";session_var|s:11:\"f2ea02662ca\";token|a:1:{s:10:\"post-login\";a:4:{i:0;s:12:\"feb6e69e5829\";i:1;s:32:\"ae4ae220ea6524f7ab6056156da5f9de\";i:2;i:1441208174;i:3;s:32:\"e876b35b0813f4703a9fcba88de52e48\";}}robot_check|i:1441208174;mc|a:7:{s:4:\"time\";i:1441208174;s:2:\"id\";i:0;s:2:\"gq\";s:3:\"0=1\";s:2:\"bq\";s:3:\"0=1\";s:2:\"ap\";a:0:{}s:2:\"mb\";a:0:{}s:2:\"mq\";s:3:\"0=1\";}ban|a:5:{s:12:\"last_checked\";i:1441208175;s:9:\"id_member\";i:0;s:2:\"ip\";s:14:\"188.165.15.196\";s:3:\"ip2\";s:0:\"\";s:5:\"email\";s:0:\"\";}log_time|i:1441208175;timeOnlineUpdated|i:1441208175;old_url|s:69:\"http://Forum.Sublime-Voyance.be/index.php/board,3.0/sort,replies.html\";USER_AGENT|s:66:\"Mozilla/5.0 (compatible; AhrefsBot/5.0; +http://ahrefs.com/robot/)\";'),('dvp1dfooh4ftd55t1valgbstf5',1441327526,'session_value|s:32:\"a30b516a287fe510005536b03cf7faa4\";session_var|s:7:\"c05b957\";token|a:1:{s:10:\"post-login\";a:4:{i:0;s:9:\"ec77f1980\";i:1;s:32:\"cc6ef186fc7505f29270bd9ef70f8cdb\";i:2;i:1441327526;i:3;s:32:\"41b75b3091126b7ab52e2f90ab3c66e3\";}}robot_check|i:1441327526;mc|a:7:{s:4:\"time\";i:1441327526;s:2:\"id\";i:0;s:2:\"gq\";s:3:\"0=1\";s:2:\"bq\";s:3:\"0=1\";s:2:\"ap\";a:0:{}s:2:\"mb\";a:0:{}s:2:\"mq\";s:3:\"0=1\";}ban|a:5:{s:12:\"last_checked\";i:1441327526;s:9:\"id_member\";i:0;s:2:\"ip\";s:14:\"188.165.15.196\";s:3:\"ip2\";s:0:\"\";s:5:\"email\";s:0:\"\";}log_time|i:1441327526;timeOnlineUpdated|i:1441327526;last_read_topic|i:10;forms|a:0:{}old_url|s:61:\"http://Forum.Sublime-Voyance.be/index.php/topic,10.msg10.html\";USER_AGENT|s:66:\"Mozilla/5.0 (compatible; AhrefsBot/5.0; +http://ahrefs.com/robot/)\";'),('e2jtqes7jaj0bh1rto032t27f5',1441307837,'session_value|s:32:\"e4faac5cc3fdb34e9f89f18b4ddea449\";session_var|s:12:\"a49cca487f4c\";token|a:1:{s:10:\"post-login\";a:4:{i:0;s:8:\"c0194548\";i:1;s:32:\"e94b7ea02182acd41ad801fcef8e89ac\";i:2;i:1441307836;i:3;s:32:\"60a73e1c769452f5e0fc9c81d4bf4cc6\";}}robot_check|i:1441307836;mc|a:7:{s:4:\"time\";i:1441307836;s:2:\"id\";i:0;s:2:\"gq\";s:3:\"0=1\";s:2:\"bq\";s:3:\"0=1\";s:2:\"ap\";a:0:{}s:2:\"mb\";a:0:{}s:2:\"mq\";s:3:\"0=1\";}ban|a:5:{s:12:\"last_checked\";i:1441307836;s:9:\"id_member\";i:0;s:2:\"ip\";s:14:\"188.165.15.196\";s:3:\"ip2\";s:0:\"\";s:5:\"email\";s:0:\"\";}log_time|i:1441307837;timeOnlineUpdated|i:1441307837;old_url|s:69:\"http://Forum.Sublime-Voyance.be/index.php?action=printpage;topic=16.0\";USER_AGENT|s:66:\"Mozilla/5.0 (compatible; AhrefsBot/5.0; +http://ahrefs.com/robot/)\";'),('e6afuhhlde1if2dqt2afe1pbr3',1441337833,'session_value|s:32:\"ad60de107764a22e053b6b156c6c040d\";session_var|s:11:\"d8377d61461\";token|a:1:{s:10:\"post-login\";a:4:{i:0;s:8:\"e7659b69\";i:1;s:32:\"e264eb9842dbcef966e4e7ff5963e181\";i:2;i:1441337833;i:3;s:32:\"b399fab6df267f4aac47f59d4bd458c9\";}}robot_check|i:1441337833;mc|a:7:{s:4:\"time\";i:1441337833;s:2:\"id\";i:0;s:2:\"gq\";s:3:\"0=1\";s:2:\"bq\";s:3:\"0=1\";s:2:\"ap\";a:0:{}s:2:\"mb\";a:0:{}s:2:\"mq\";s:3:\"0=1\";}ban|a:5:{s:12:\"last_checked\";i:1441337833;s:9:\"id_member\";i:0;s:2:\"ip\";s:14:\"188.165.15.196\";s:3:\"ip2\";s:0:\"\";s:5:\"email\";s:0:\"\";}log_time|i:1441337833;timeOnlineUpdated|i:1441337833;old_url|s:51:\"http://Forum.Sublime-Voyance.be/index.php?board=5.0\";USER_AGENT|s:66:\"Mozilla/5.0 (compatible; AhrefsBot/5.0; +http://ahrefs.com/robot/)\";'),('eb5h8edcjg8mfmrfmvge65i875',1441296603,'session_value|s:32:\"3bb305b54977d928f1ef6ec63407c1dd\";session_var|s:9:\"d63679800\";token|a:1:{s:10:\"post-login\";a:4:{i:0;s:8:\"ef3755f4\";i:1;s:32:\"81399f0956234c332f0b5bc62ed1d0e4\";i:2;i:1441296603;i:3;s:32:\"95faff59d6e56f352d619fe83fda181a\";}}robot_check|i:1441296603;mc|a:7:{s:4:\"time\";i:1441296603;s:2:\"id\";i:0;s:2:\"gq\";s:3:\"0=1\";s:2:\"bq\";s:3:\"0=1\";s:2:\"ap\";a:0:{}s:2:\"mb\";a:0:{}s:2:\"mq\";s:3:\"0=1\";}ban|a:5:{s:12:\"last_checked\";i:1441296603;s:9:\"id_member\";i:0;s:2:\"ip\";s:12:\"207.46.13.55\";s:3:\"ip2\";s:0:\"\";s:5:\"email\";s:0:\"\";}log_time|i:1441296603;timeOnlineUpdated|i:1441296603;old_url|s:51:\"http://Forum.Sublime-Voyance.be/index.php?board=2.0\";USER_AGENT|s:71:\"Mozilla/5.0 (compatible; bingbot/2.0; +http://www.bing.com/bingbot.htm)\";'),('eehjrgaeb37urbu6rjh71ie2t5',1441310702,'session_value|s:32:\"5ad3fe4dfb6b3cb411770276e016d342\";session_var|s:10:\"fb4fbb1b59\";token|a:1:{s:10:\"post-login\";a:4:{i:0;s:8:\"a72a3092\";i:1;s:32:\"0fc389800afa6649dbb60b96c8d0a2c8\";i:2;i:1441310702;i:3;s:32:\"24bfc9c8e770d707e8d25e35f5103826\";}}robot_check|i:1441310702;old_url|s:48:\"http://Forum.Sublime-Voyance.be/index.php?msg=68\";USER_AGENT|s:66:\"Mozilla/5.0 (compatible; AhrefsBot/5.0; +http://ahrefs.com/robot/)\";'),('eh0p0m7pdh6q8caabg4ad7qip2',1441353400,'session_value|s:32:\"55cf2732b87949d58abe7f07cf02030f\";session_var|s:8:\"d0b09853\";token|a:1:{s:10:\"post-login\";a:4:{i:0;s:11:\"cb04dd4f5b2\";i:1;s:32:\"8e2eed91702fa2cdb300fd07f926b9e5\";i:2;i:1441353399;i:3;s:32:\"0a19d2a72f6aeb21c9d1e4ce18198e5a\";}}robot_check|i:1441353399;mc|a:7:{s:4:\"time\";i:1441353399;s:2:\"id\";i:0;s:2:\"gq\";s:3:\"0=1\";s:2:\"bq\";s:3:\"0=1\";s:2:\"ap\";a:0:{}s:2:\"mb\";a:0:{}s:2:\"mq\";s:3:\"0=1\";}ban|a:5:{s:12:\"last_checked\";i:1441353399;s:9:\"id_member\";i:0;s:2:\"ip\";s:14:\"188.165.15.196\";s:3:\"ip2\";s:0:\"\";s:5:\"email\";s:0:\"\";}log_time|i:1441353399;timeOnlineUpdated|i:1441353399;last_read_topic|i:12;forms|a:0:{}old_url|s:61:\"http://Forum.Sublime-Voyance.be/index.php/topic,12.msg45.html\";USER_AGENT|s:66:\"Mozilla/5.0 (compatible; AhrefsBot/5.0; +http://ahrefs.com/robot/)\";'),('eh7os2e7pi0iv0q4a85qt2hv35',1440843624,'session_value|s:32:\"e8155bda230ee6e21ce4ee7801146476\";session_var|s:9:\"c118401e7\";token|a:1:{s:10:\"post-login\";a:4:{i:0;s:12:\"dc7dcb7c4a2f\";i:1;s:32:\"846f0d30122e2e166a42cb9b50ac9bfd\";i:2;i:1440843623;i:3;s:32:\"f177569ed2c68b2a0b43df82a75514f9\";}}robot_check|i:1440843623;id_robot|s:1:\"1\";mc|a:7:{s:4:\"time\";i:1440843623;s:2:\"id\";i:0;s:2:\"gq\";s:3:\"0=1\";s:2:\"bq\";s:3:\"0=1\";s:2:\"ap\";a:0:{}s:2:\"mb\";a:0:{}s:2:\"mq\";s:3:\"0=1\";}ban|a:5:{s:12:\"last_checked\";i:1440843623;s:9:\"id_member\";i:0;s:2:\"ip\";s:13:\"66.249.78.153\";s:3:\"ip2\";s:0:\"\";s:5:\"email\";s:0:\"\";}log_time|i:1440843623;timeOnlineUpdated|i:1440843623;forms|a:0:{}old_url|s:52:\"http://Forum.Sublime-Voyance.be/index.php?topic=16.0\";USER_AGENT|s:72:\"Mozilla/5.0 (compatible; Googlebot/2.1; +http://www.google.com/bot.html)\";'),('ehq1t25nqt0d50bk56tlc8iju6',1441029926,'session_value|s:32:\"7902191ae20e0a0e7d0fbd3e6f244f09\";session_var|s:8:\"c79d5f79\";token|a:1:{s:10:\"post-login\";a:4:{i:0;s:10:\"dcc5ee997a\";i:1;s:32:\"a1f9e17406864f7f2a0b230cf0429047\";i:2;i:1441029925;i:3;s:32:\"100b333dca18cac65ef51c87947e9b7f\";}}robot_check|i:1441029925;mc|a:7:{s:4:\"time\";i:1441029925;s:2:\"id\";i:0;s:2:\"gq\";s:3:\"0=1\";s:2:\"bq\";s:3:\"0=1\";s:2:\"ap\";a:0:{}s:2:\"mb\";a:0:{}s:2:\"mq\";s:3:\"0=1\";}ban|a:5:{s:12:\"last_checked\";i:1441029925;s:9:\"id_member\";i:0;s:2:\"ip\";s:13:\"151.80.31.133\";s:3:\"ip2\";s:0:\"\";s:5:\"email\";s:0:\"\";}log_time|i:1441029925;timeOnlineUpdated|i:1441029925;last_read_topic|i:12;forms|a:0:{}old_url|s:71:\"http://Forum.Sublime-Voyance.be/index.php/topic,12.msg55/topicseen.html\";USER_AGENT|s:66:\"Mozilla/5.0 (compatible; AhrefsBot/5.0; +http://ahrefs.com/robot/)\";'),('en1i3vjst800klvdku7v4dqpa7',1441296628,'session_value|s:32:\"9e0a67dbe97b479403276e54c10060a1\";session_var|s:9:\"de7d76a39\";token|a:1:{s:10:\"post-login\";a:4:{i:0;s:8:\"ebd1473d\";i:1;s:32:\"c623194aed667868362b0d55c16d7b91\";i:2;i:1441296628;i:3;s:32:\"9637c76c3d3b52c34ae885c09bba612f\";}}robot_check|i:1441296628;mc|a:7:{s:4:\"time\";i:1441296628;s:2:\"id\";i:0;s:2:\"gq\";s:3:\"0=1\";s:2:\"bq\";s:3:\"0=1\";s:2:\"ap\";a:0:{}s:2:\"mb\";a:0:{}s:2:\"mq\";s:3:\"0=1\";}ban|a:5:{s:12:\"last_checked\";i:1441296628;s:9:\"id_member\";i:0;s:2:\"ip\";s:12:\"207.46.13.70\";s:3:\"ip2\";s:0:\"\";s:5:\"email\";s:0:\"\";}log_time|i:1441296628;timeOnlineUpdated|i:1441296628;last_read_topic|i:6;forms|a:0:{}old_url|s:56:\"http://Forum.Sublime-Voyance.be/index.php/topic,6.0.html\";USER_AGENT|s:71:\"Mozilla/5.0 (compatible; bingbot/2.0; +http://www.bing.com/bingbot.htm)\";'),('en9bbnq69411tmgi9u8h2r13s7',1441258503,'session_value|s:32:\"7c22290c15212ee1f14c6748167fa1cd\";session_var|s:9:\"cf2aac930\";token|a:1:{s:10:\"post-login\";a:4:{i:0;s:7:\"ab90689\";i:1;s:32:\"1c42ba8b3db06c113e70d9037599af8e\";i:2;i:1441258503;i:3;s:32:\"b579e5b118abe313ad602a01cd6acd4f\";}}robot_check|i:1441258503;old_url|s:48:\"http://Forum.Sublime-Voyance.be/index.php?msg=70\";USER_AGENT|s:66:\"Mozilla/5.0 (compatible; AhrefsBot/5.0; +http://ahrefs.com/robot/)\";'),('es0n1fgf01bt3m5ijft5kdmhm3',1441225215,'session_value|s:32:\"91a56c3a5b09ef02123db3e2e5181932\";session_var|s:12:\"a589d3d9dcca\";token|a:1:{s:10:\"post-login\";a:4:{i:0;s:11:\"fa67b4145a7\";i:1;s:32:\"4e8f3fc85ed73171064c7e6897143ab1\";i:2;i:1441225211;i:3;s:32:\"911865f5633586b326f42b2d4cd02a07\";}}robot_check|i:1441225211;mc|a:7:{s:4:\"time\";i:1441225212;s:2:\"id\";i:0;s:2:\"gq\";s:3:\"0=1\";s:2:\"bq\";s:3:\"0=1\";s:2:\"ap\";a:0:{}s:2:\"mb\";a:0:{}s:2:\"mq\";s:3:\"0=1\";}ban|a:5:{s:12:\"last_checked\";i:1441225213;s:9:\"id_member\";i:0;s:2:\"ip\";s:14:\"188.165.15.196\";s:3:\"ip2\";s:0:\"\";s:5:\"email\";s:0:\"\";}log_time|i:1441225213;timeOnlineUpdated|i:1441225213;last_read_topic|i:12;forms|a:0:{}old_url|s:61:\"http://Forum.Sublime-Voyance.be/index.php/topic,12.msg75.html\";USER_AGENT|s:66:\"Mozilla/5.0 (compatible; AhrefsBot/5.0; +http://ahrefs.com/robot/)\";'),('et41hhafibhc6gcdcciaqgvi24',1441028573,'session_value|s:32:\"f02b2fbfdda5e629ab997e558438d6fc\";session_var|s:12:\"dea7f753c0cb\";token|a:1:{s:10:\"post-login\";a:4:{i:0;s:8:\"aebbea85\";i:1;s:32:\"83f51391f47e84810e0f67533d96421f\";i:2;i:1441028572;i:3;s:32:\"d3706ed92226fc958144d13bd2dbe105\";}}robot_check|i:1441028572;mc|a:7:{s:4:\"time\";i:1441028572;s:2:\"id\";i:0;s:2:\"gq\";s:3:\"0=1\";s:2:\"bq\";s:3:\"0=1\";s:2:\"ap\";a:0:{}s:2:\"mb\";a:0:{}s:2:\"mq\";s:3:\"0=1\";}ban|a:5:{s:12:\"last_checked\";i:1441028573;s:9:\"id_member\";i:0;s:2:\"ip\";s:13:\"151.80.31.133\";s:3:\"ip2\";s:0:\"\";s:5:\"email\";s:0:\"\";}log_time|i:1441028573;timeOnlineUpdated|i:1441028573;last_read_topic|i:12;forms|a:0:{}old_url|s:71:\"http://Forum.Sublime-Voyance.be/index.php/topic,12.msg55/topicseen.html\";USER_AGENT|s:66:\"Mozilla/5.0 (compatible; AhrefsBot/5.0; +http://ahrefs.com/robot/)\";'),('ev1sof885o0p651r4puo0oh136',1441296582,'session_value|s:32:\"0fd16a22cb317376645d9e956a92ee96\";session_var|s:11:\"f659b7b281b\";token|a:1:{s:10:\"post-login\";a:4:{i:0;s:7:\"f299207\";i:1;s:32:\"a82988616e6e4adb610b2dcc9be966ba\";i:2;i:1441296582;i:3;s:32:\"ef3d9c7e3f6f2fd98da290da52f373cf\";}}robot_check|i:1441296582;mc|a:7:{s:4:\"time\";i:1441296582;s:2:\"id\";i:0;s:2:\"gq\";s:3:\"0=1\";s:2:\"bq\";s:3:\"0=1\";s:2:\"ap\";a:0:{}s:2:\"mb\";a:0:{}s:2:\"mq\";s:3:\"0=1\";}ban|a:5:{s:12:\"last_checked\";i:1441296582;s:9:\"id_member\";i:0;s:2:\"ip\";s:13:\"157.55.39.128\";s:3:\"ip2\";s:0:\"\";s:5:\"email\";s:0:\"\";}log_time|i:1441296582;timeOnlineUpdated|i:1441296582;last_read_topic|i:18;forms|a:0:{}old_url|s:61:\"http://Forum.Sublime-Voyance.be/index.php/topic,18.msg25.html\";USER_AGENT|s:71:\"Mozilla/5.0 (compatible; bingbot/2.0; +http://www.bing.com/bingbot.htm)\";'),('f2fhk59uutjrqn2vi4s31rd6v7',1441296606,'session_value|s:32:\"89a0378b11f99f488645e1b9d8c691cb\";session_var|s:11:\"cbfa376628c\";token|a:1:{s:10:\"post-login\";a:4:{i:0;s:8:\"e272c09f\";i:1;s:32:\"f739225e61aae36f1c836bb6502c350d\";i:2;i:1441296605;i:3;s:32:\"76485dfd784765533e6cc0a455b44b55\";}}robot_check|i:1441296605;mc|a:7:{s:4:\"time\";i:1441296605;s:2:\"id\";i:0;s:2:\"gq\";s:3:\"0=1\";s:2:\"bq\";s:3:\"0=1\";s:2:\"ap\";a:0:{}s:2:\"mb\";a:0:{}s:2:\"mq\";s:3:\"0=1\";}ban|a:5:{s:12:\"last_checked\";i:1441296605;s:9:\"id_member\";i:0;s:2:\"ip\";s:12:\"207.46.13.55\";s:3:\"ip2\";s:0:\"\";s:5:\"email\";s:0:\"\";}log_time|i:1441296605;timeOnlineUpdated|i:1441296605;last_read_topic|i:14;forms|a:0:{}old_url|s:61:\"http://Forum.Sublime-Voyance.be/index.php/topic,14.msg20.html\";USER_AGENT|s:71:\"Mozilla/5.0 (compatible; bingbot/2.0; +http://www.bing.com/bingbot.htm)\";'),('f4u4k6qjd9cbbsrlduhue0eqo7',1441336200,'session_value|s:32:\"b546aa44431816882d5c0c8d175e54aa\";session_var|s:9:\"acec56625\";token|a:1:{s:10:\"post-login\";a:4:{i:0;s:7:\"f38cf7f\";i:1;s:32:\"f44e0c703e1d7bb373695df81f93ef16\";i:2;i:1441336113;i:3;s:32:\"efec6c0740880e928acda2105d0a91d1\";}}robot_check|i:1441336113;id_robot|s:2:\"17\";mc|a:7:{s:4:\"time\";i:1441336113;s:2:\"id\";i:0;s:2:\"gq\";s:3:\"0=1\";s:2:\"bq\";s:3:\"0=1\";s:2:\"ap\";a:0:{}s:2:\"mb\";a:0:{}s:2:\"mq\";s:3:\"0=1\";}ban|a:5:{s:12:\"last_checked\";i:1441336200;s:9:\"id_member\";i:0;s:2:\"ip\";s:15:\"204.236.226.210\";s:3:\"ip2\";s:0:\"\";s:5:\"email\";s:0:\"\";}log_time|i:1441336200;timeOnlineUpdated|i:1441336113;forms|a:0:{}old_url|s:51:\"http://Forum.Sublime-Voyance.be/index.php?topic=5.0\";USER_AGENT|s:11:\"ia_archiver\";'),('f73h7l85hkpdsrd94ussdtnvu3',1441036336,'session_value|s:32:\"9ab92c8bb986e7792e5c4b0c176043a3\";session_var|s:12:\"a5eccab77505\";token|a:1:{s:10:\"post-login\";a:4:{i:0;s:9:\"ae25f8050\";i:1;s:32:\"0e3790ad959e2cdaa9cf7887d82a8052\";i:2;i:1441036335;i:3;s:32:\"f3fe7ba9471a36406fa5b3c825d21de8\";}}robot_check|i:1441036335;mc|a:7:{s:4:\"time\";i:1441036335;s:2:\"id\";i:0;s:2:\"gq\";s:3:\"0=1\";s:2:\"bq\";s:3:\"0=1\";s:2:\"ap\";a:0:{}s:2:\"mb\";a:0:{}s:2:\"mq\";s:3:\"0=1\";}ban|a:5:{s:12:\"last_checked\";i:1441036335;s:9:\"id_member\";i:0;s:2:\"ip\";s:13:\"151.80.31.133\";s:3:\"ip2\";s:0:\"\";s:5:\"email\";s:0:\"\";}log_time|i:1441036335;timeOnlineUpdated|i:1441036335;last_read_topic|i:14;forms|a:0:{}old_url|s:52:\"http://Forum.Sublime-Voyance.be/index.php?topic=14.0\";USER_AGENT|s:66:\"Mozilla/5.0 (compatible; AhrefsBot/5.0; +http://ahrefs.com/robot/)\";'),('f8ds252jo6k0oh8tho23f91mv7',1441199751,'session_value|s:32:\"bd108df0ede0215d7adcd55bb3499977\";session_var|s:11:\"b2c4f754ae0\";token|a:1:{s:10:\"post-login\";a:4:{i:0;s:10:\"fe9299f1de\";i:1;s:32:\"af21ab92098753b1ed35f7391899356c\";i:2;i:1441199192;i:3;s:32:\"b72826b5cb755a827e87702db3d8b47c\";}}robot_check|i:1441199507;mc|a:7:{s:4:\"time\";i:1441199192;s:2:\"id\";i:0;s:2:\"gq\";s:3:\"0=1\";s:2:\"bq\";s:3:\"0=1\";s:2:\"ap\";a:0:{}s:2:\"mb\";a:0:{}s:2:\"mq\";s:3:\"0=1\";}ban|a:5:{s:12:\"last_checked\";i:1441199751;s:9:\"id_member\";i:0;s:2:\"ip\";s:11:\"85.26.2.106\";s:3:\"ip2\";s:0:\"\";s:5:\"email\";s:0:\"\";}log_time|i:1441199748;timeOnlineUpdated|i:1441199193;old_url|s:57:\"http://Forum.Sublime-Voyance.be/index.php/topic,17.0.html\";USER_AGENT|s:102:\"Mozilla/5.0 (Windows NT 6.1) AppleWebKit/537.36 (KHTML, like Gecko) Chrome/44.0.2403.157 Safari/537.36\";last_read_topic|i:17;forms|a:0:{}'),('f9g4n9eg440kbj8m5ave1utig6',1441010731,'session_value|s:32:\"5904cdc3577503ae82e8eb39c4e65415\";session_var|s:9:\"d96b09bad\";token|a:1:{s:10:\"post-login\";a:4:{i:0;s:9:\"feff240ff\";i:1;s:32:\"c6ede5076dea6ce35900b3ee05764124\";i:2;i:1441010730;i:3;s:32:\"f1321bc7e8b05ace271a2df5bede7f0d\";}}robot_check|i:1441010730;mc|a:7:{s:4:\"time\";i:1441010730;s:2:\"id\";i:0;s:2:\"gq\";s:3:\"0=1\";s:2:\"bq\";s:3:\"0=1\";s:2:\"ap\";a:0:{}s:2:\"mb\";a:0:{}s:2:\"mq\";s:3:\"0=1\";}ban|a:5:{s:12:\"last_checked\";i:1441010730;s:9:\"id_member\";i:0;s:2:\"ip\";s:13:\"151.80.31.133\";s:3:\"ip2\";s:0:\"\";s:5:\"email\";s:0:\"\";}log_time|i:1441010731;timeOnlineUpdated|i:1441010731;last_read_topic|i:12;forms|a:0:{}old_url|s:57:\"http://Forum.Sublime-Voyance.be/index.php/topic,12.0.html\";USER_AGENT|s:66:\"Mozilla/5.0 (compatible; AhrefsBot/5.0; +http://ahrefs.com/robot/)\";'),('ffoet55jigofo1oqku4mveg476',1441157798,'session_value|s:32:\"c18c9ef52361114add10000426ad4ce1\";session_var|s:8:\"d9347787\";token|a:1:{s:10:\"post-login\";a:4:{i:0;s:9:\"f425bf630\";i:1;s:32:\"b84164bfdcb2b0757abd5da0a65821a0\";i:2;i:1441157797;i:3;s:32:\"dffb66c19794306c3a03baeafae9b4eb\";}}robot_check|i:1441157797;mc|a:7:{s:4:\"time\";i:1441157797;s:2:\"id\";i:0;s:2:\"gq\";s:3:\"0=1\";s:2:\"bq\";s:3:\"0=1\";s:2:\"ap\";a:0:{}s:2:\"mb\";a:0:{}s:2:\"mq\";s:3:\"0=1\";}ban|a:5:{s:12:\"last_checked\";i:1441157797;s:9:\"id_member\";i:0;s:2:\"ip\";s:13:\"151.80.31.133\";s:3:\"ip2\";s:0:\"\";s:5:\"email\";s:0:\"\";}log_time|i:1441157798;timeOnlineUpdated|i:1441157798;last_read_topic|i:35;forms|a:0:{}old_url|s:71:\"http://Forum.Sublime-Voyance.be/index.php/topic,35.msg50/topicseen.html\";USER_AGENT|s:66:\"Mozilla/5.0 (compatible; AhrefsBot/5.0; +http://ahrefs.com/robot/)\";'),('fs7d1ijorafgjs8uja425qbei2',1441276668,'session_value|s:32:\"56ac6289981fe4ddf8cd7c33fa1d104b\";session_var|s:11:\"bd4fd4e5427\";token|a:1:{s:10:\"post-login\";a:4:{i:0;s:8:\"b384905c\";i:1;s:32:\"03bb4d04ad3d68125b80e80848ef5cc7\";i:2;i:1441276667;i:3;s:32:\"4dc7a8262f1200ea3dd809e7248e52ab\";}}robot_check|i:1441276667;mc|a:7:{s:4:\"time\";i:1441276668;s:2:\"id\";i:0;s:2:\"gq\";s:3:\"0=1\";s:2:\"bq\";s:3:\"0=1\";s:2:\"ap\";a:0:{}s:2:\"mb\";a:0:{}s:2:\"mq\";s:3:\"0=1\";}ban|a:5:{s:12:\"last_checked\";i:1441276668;s:9:\"id_member\";i:0;s:2:\"ip\";s:14:\"188.165.15.196\";s:3:\"ip2\";s:0:\"\";s:5:\"email\";s:0:\"\";}log_time|i:1441276668;timeOnlineUpdated|i:1441276668;last_read_topic|i:36;forms|a:0:{}old_url|s:52:\"http://Forum.Sublime-Voyance.be/index.php?topic=36.0\";USER_AGENT|s:66:\"Mozilla/5.0 (compatible; AhrefsBot/5.0; +http://ahrefs.com/robot/)\";'),('g1vu4ag56chqtvcbnjkgau0c56',1441173724,'session_value|s:32:\"1ecbcf93f6edc8a2a7e3ff8b958a47b2\";session_var|s:12:\"ba821209498e\";token|a:1:{s:10:\"post-login\";a:4:{i:0;s:11:\"b9599cbe083\";i:1;s:32:\"a25b1d947dffd9bcb735d4b0b4bfddda\";i:2;i:1441173723;i:3;s:32:\"5a00c889db72330c1b728378b1423ca3\";}}robot_check|i:1441173723;mc|a:7:{s:4:\"time\";i:1441173723;s:2:\"id\";i:0;s:2:\"gq\";s:3:\"0=1\";s:2:\"bq\";s:3:\"0=1\";s:2:\"ap\";a:0:{}s:2:\"mb\";a:0:{}s:2:\"mq\";s:3:\"0=1\";}ban|a:5:{s:12:\"last_checked\";i:1441173723;s:9:\"id_member\";i:0;s:2:\"ip\";s:13:\"151.80.31.133\";s:3:\"ip2\";s:0:\"\";s:5:\"email\";s:0:\"\";}log_time|i:1441173724;timeOnlineUpdated|i:1441173724;last_read_topic|i:36;forms|a:0:{}old_url|s:57:\"http://Forum.Sublime-Voyance.be/index.php/topic,36.0.html\";USER_AGENT|s:66:\"Mozilla/5.0 (compatible; AhrefsBot/5.0; +http://ahrefs.com/robot/)\";'),('ger6eeof9kdao8b2udbl34p7l4',1441076610,'session_value|s:32:\"209d17ccb1d87cb17e2ce1c3c341865a\";session_var|s:11:\"b03b4745150\";token|a:1:{s:10:\"post-login\";a:4:{i:0;s:9:\"a90a13ec7\";i:1;s:32:\"dcbe28b22017ddb98d54d946b83e7d39\";i:2;i:1441076417;i:3;s:32:\"32daa4209d0e769df8d5406e0a26b2c0\";}}robot_check|i:1441076417;id_robot|s:2:\"17\";mc|a:7:{s:4:\"time\";i:1441076417;s:2:\"id\";i:0;s:2:\"gq\";s:3:\"0=1\";s:2:\"bq\";s:3:\"0=1\";s:2:\"ap\";a:0:{}s:2:\"mb\";a:0:{}s:2:\"mq\";s:3:\"0=1\";}ban|a:5:{s:12:\"last_checked\";i:1441076609;s:9:\"id_member\";i:0;s:2:\"ip\";s:15:\"204.236.226.210\";s:3:\"ip2\";s:0:\"\";s:5:\"email\";s:0:\"\";}log_time|i:1441076609;timeOnlineUpdated|i:1441076418;old_url|s:56:\"http://Forum.Sublime-Voyance.be/index.php?topic=43.msg70\";USER_AGENT|s:11:\"ia_archiver\";forms|a:0:{}'),('ggob3nhu8l93qiuo49gsm8vh60',1441341129,'session_value|s:32:\"23616baf733b4b31ac3832db422645f8\";session_var|s:12:\"b9c244a459f3\";token|a:1:{s:10:\"post-login\";a:4:{i:0;s:9:\"dde683b4f\";i:1;s:32:\"691a4d4dc4303dc94b286d23d215e4a0\";i:2;i:1441341125;i:3;s:32:\"0246e8efa38952c7285e7e547771b036\";}}robot_check|i:1441341125;mc|a:7:{s:4:\"time\";i:1441341126;s:2:\"id\";i:0;s:2:\"gq\";s:3:\"0=1\";s:2:\"bq\";s:3:\"0=1\";s:2:\"ap\";a:0:{}s:2:\"mb\";a:0:{}s:2:\"mq\";s:3:\"0=1\";}ban|a:5:{s:12:\"last_checked\";i:1441341126;s:9:\"id_member\";i:0;s:2:\"ip\";s:14:\"188.165.15.196\";s:3:\"ip2\";s:0:\"\";s:5:\"email\";s:0:\"\";}log_time|i:1441341128;timeOnlineUpdated|i:1441341128;old_url|s:69:\"http://Forum.Sublime-Voyance.be/index.php?action=printpage;topic=18.0\";USER_AGENT|s:66:\"Mozilla/5.0 (compatible; AhrefsBot/5.0; +http://ahrefs.com/robot/)\";'),('gj0omq2mnip6ma3770j78g3s94',1441010886,'session_value|s:32:\"a0efd60c1993b5a539f04e40f68799b4\";session_var|s:8:\"e9c68423\";token|a:1:{s:10:\"post-login\";a:4:{i:0;s:12:\"a8c54d9b8ee9\";i:1;s:32:\"404a6eb3865b88899adaa791139cbfe7\";i:2;i:1441010885;i:3;s:32:\"e9c0a9691a7dd9c6305f6198a7208e68\";}}robot_check|i:1441010885;mc|a:7:{s:4:\"time\";i:1441010885;s:2:\"id\";i:0;s:2:\"gq\";s:3:\"0=1\";s:2:\"bq\";s:3:\"0=1\";s:2:\"ap\";a:0:{}s:2:\"mb\";a:0:{}s:2:\"mq\";s:3:\"0=1\";}ban|a:5:{s:12:\"last_checked\";i:1441010885;s:9:\"id_member\";i:0;s:2:\"ip\";s:13:\"151.80.31.133\";s:3:\"ip2\";s:0:\"\";s:5:\"email\";s:0:\"\";}log_time|i:1441010886;timeOnlineUpdated|i:1441010885;login_url|s:60:\"http://Forum.Sublime-Voyance.be/index.php?action=profile;u=3\";old_url|s:60:\"http://Forum.Sublime-Voyance.be/index.php?action=profile;u=3\";USER_AGENT|s:66:\"Mozilla/5.0 (compatible; AhrefsBot/5.0; +http://ahrefs.com/robot/)\";'),('gmfu7h5bj79pc6t6q5kdkjcmb1',1441313070,'session_value|s:32:\"8aa43e86bcaa31d0d788cc2618573c49\";session_var|s:8:\"f6e8d128\";token|a:1:{s:10:\"post-login\";a:4:{i:0;s:11:\"dbaadc75010\";i:1;s:32:\"62ff13b0eacf45269eb091438b29b2c6\";i:2;i:1441313070;i:3;s:32:\"002edd7a96b7e8f65639edcdea75a56e\";}}robot_check|i:1441313070;mc|a:7:{s:4:\"time\";i:1441313070;s:2:\"id\";i:0;s:2:\"gq\";s:3:\"0=1\";s:2:\"bq\";s:3:\"0=1\";s:2:\"ap\";a:0:{}s:2:\"mb\";a:0:{}s:2:\"mq\";s:3:\"0=1\";}ban|a:5:{s:12:\"last_checked\";i:1441313070;s:9:\"id_member\";i:0;s:2:\"ip\";s:14:\"188.165.15.196\";s:3:\"ip2\";s:0:\"\";s:5:\"email\";s:0:\"\";}log_time|i:1441313070;timeOnlineUpdated|i:1441313070;old_url|s:57:\"http://Forum.Sublime-Voyance.be/index.php/board,17.0.html\";USER_AGENT|s:66:\"Mozilla/5.0 (compatible; AhrefsBot/5.0; +http://ahrefs.com/robot/)\";'),('gvnh68p2vkvkvsf5hi1vuvki24',1441296602,'session_value|s:32:\"c7fd95e629fde2848248639e28fba4f1\";session_var|s:9:\"d23ccd57b\";token|a:1:{s:10:\"post-login\";a:4:{i:0;s:11:\"e8252a548b6\";i:1;s:32:\"ca1d6e4f3bf65e4a1ec9f158999c6079\";i:2;i:1441296602;i:3;s:32:\"8d52e9f9d846f572a3cd01b2bae969d3\";}}robot_check|i:1441296602;mc|a:7:{s:4:\"time\";i:1441296602;s:2:\"id\";i:0;s:2:\"gq\";s:3:\"0=1\";s:2:\"bq\";s:3:\"0=1\";s:2:\"ap\";a:0:{}s:2:\"mb\";a:0:{}s:2:\"mq\";s:3:\"0=1\";}ban|a:5:{s:12:\"last_checked\";i:1441296602;s:9:\"id_member\";i:0;s:2:\"ip\";s:12:\"207.46.13.55\";s:3:\"ip2\";s:0:\"\";s:5:\"email\";s:0:\"\";}log_time|i:1441296602;timeOnlineUpdated|i:1441296602;last_read_topic|i:10;forms|a:0:{}old_url|s:61:\"http://Forum.Sublime-Voyance.be/index.php/topic,10.msg10.html\";USER_AGENT|s:71:\"Mozilla/5.0 (compatible; bingbot/2.0; +http://www.bing.com/bingbot.htm)\";'),('h06qrohn90v2c1or7kqcthbqn5',1440979049,'session_value|s:32:\"1f7c30ee143402619580fe890d9c7bf4\";session_var|s:11:\"a2cc9024e8e\";token|a:1:{s:10:\"post-login\";a:4:{i:0;s:7:\"d3c0d5f\";i:1;s:32:\"42cf38dc94435bc15a283ececeb4b1eb\";i:2;i:1440979049;i:3;s:32:\"6e80e518db9747ddd7bc46bb141bd89d\";}}robot_check|i:1440979049;id_robot|s:1:\"1\";mc|a:7:{s:4:\"time\";i:1440979049;s:2:\"id\";i:0;s:2:\"gq\";s:3:\"0=1\";s:2:\"bq\";s:3:\"0=1\";s:2:\"ap\";a:0:{}s:2:\"mb\";a:0:{}s:2:\"mq\";s:3:\"0=1\";}ban|a:5:{s:12:\"last_checked\";i:1440979049;s:9:\"id_member\";i:0;s:2:\"ip\";s:13:\"66.249.78.153\";s:3:\"ip2\";s:0:\"\";s:5:\"email\";s:0:\"\";}log_time|i:1440979049;timeOnlineUpdated|i:1440979049;old_url|s:32:\"http://Forum.Sublime-Voyance.be/\";USER_AGENT|s:72:\"Mozilla/5.0 (compatible; Googlebot/2.1; +http://www.google.com/bot.html)\";'),('h3j8it34h2fbg7ntqjlhmlblu4',1440914220,'session_value|s:32:\"a72edf1435e40e2198d4105073dcdfec\";session_var|s:10:\"e81ba83fc7\";token|a:1:{s:10:\"post-login\";a:4:{i:0;s:9:\"bd67f86b2\";i:1;s:32:\"9739fbd25723301b73d4b2564a60d9c5\";i:2;i:1440914220;i:3;s:32:\"f302d810fb401d3dd194b79dd8c0b716\";}}robot_check|i:1440914220;mc|a:7:{s:4:\"time\";i:1440914220;s:2:\"id\";i:0;s:2:\"gq\";s:3:\"0=1\";s:2:\"bq\";s:3:\"0=1\";s:2:\"ap\";a:0:{}s:2:\"mb\";a:0:{}s:2:\"mq\";s:3:\"0=1\";}ban|a:5:{s:12:\"last_checked\";i:1440914220;s:9:\"id_member\";i:0;s:2:\"ip\";s:13:\"151.80.31.133\";s:3:\"ip2\";s:0:\"\";s:5:\"email\";s:0:\"\";}log_time|i:1440914220;timeOnlineUpdated|i:1440914220;last_read_topic|i:8;forms|a:0:{}old_url|s:51:\"http://Forum.Sublime-Voyance.be/index.php?topic=8.0\";USER_AGENT|s:66:\"Mozilla/5.0 (compatible; AhrefsBot/5.0; +http://ahrefs.com/robot/)\";'),('h6a5uhbhs0a9b82tsheqosbgm7',1441302624,'session_value|s:32:\"eb496318255c404945cc52853ac1bf19\";session_var|s:10:\"a15f139277\";token|a:1:{s:10:\"post-login\";a:4:{i:0;s:8:\"fea7af8d\";i:1;s:32:\"3955f5f46c7709b85ac039d86c313d05\";i:2;i:1441302624;i:3;s:32:\"175755011291a449dd5d4d122b0dc988\";}}robot_check|i:1441302624;mc|a:7:{s:4:\"time\";i:1441302624;s:2:\"id\";i:0;s:2:\"gq\";s:3:\"0=1\";s:2:\"bq\";s:3:\"0=1\";s:2:\"ap\";a:0:{}s:2:\"mb\";a:0:{}s:2:\"mq\";s:3:\"0=1\";}ban|a:5:{s:12:\"last_checked\";i:1441302624;s:9:\"id_member\";i:0;s:2:\"ip\";s:12:\"157.55.39.79\";s:3:\"ip2\";s:0:\"\";s:5:\"email\";s:0:\"\";}log_time|i:1441302624;timeOnlineUpdated|i:1441302624;old_url|s:52:\"http://Forum.Sublime-Voyance.be/index.php?board=12.0\";USER_AGENT|s:71:\"Mozilla/5.0 (compatible; bingbot/2.0; +http://www.bing.com/bingbot.htm)\";'),('hgn73kgsbfut008qnpfqirlo20',1440839358,'session_value|s:32:\"c9749d7ba59612948efcad997d2b3f24\";session_var|s:12:\"f159c1e446d9\";token|a:1:{s:10:\"post-login\";a:4:{i:0;s:9:\"e4e990852\";i:1;s:32:\"979eba77216257e4c01111e5fc8c58f0\";i:2;i:1440839358;i:3;s:32:\"08fb1a049a60a7ad024fe9537805ec3d\";}}robot_check|i:1440839358;mc|a:7:{s:4:\"time\";i:1440839358;s:2:\"id\";i:0;s:2:\"gq\";s:3:\"0=1\";s:2:\"bq\";s:3:\"0=1\";s:2:\"ap\";a:0:{}s:2:\"mb\";a:0:{}s:2:\"mq\";s:3:\"0=1\";}ban|a:5:{s:12:\"last_checked\";i:1440839358;s:9:\"id_member\";i:0;s:2:\"ip\";s:13:\"151.80.31.133\";s:3:\"ip2\";s:0:\"\";s:5:\"email\";s:0:\"\";}log_time|i:1440839358;timeOnlineUpdated|i:1440839358;last_read_topic|i:16;forms|a:0:{}old_url|s:52:\"http://Forum.Sublime-Voyance.be/index.php?topic=16.0\";USER_AGENT|s:66:\"Mozilla/5.0 (compatible; AhrefsBot/5.0; +http://ahrefs.com/robot/)\";'),('hi9rlc17h8hfg50l9di3701g41',1441302629,'session_value|s:32:\"40a3a44d50fbe25bf11c57a8b666b007\";session_var|s:10:\"c445a1861f\";token|a:1:{s:10:\"post-login\";a:4:{i:0;s:12:\"d925f25c10f5\";i:1;s:32:\"31515c726acf71895ff7528698ce320c\";i:2;i:1441302629;i:3;s:32:\"66ea7bcaf650b282eda2103d67aafc58\";}}robot_check|i:1441302629;mc|a:7:{s:4:\"time\";i:1441302629;s:2:\"id\";i:0;s:2:\"gq\";s:3:\"0=1\";s:2:\"bq\";s:3:\"0=1\";s:2:\"ap\";a:0:{}s:2:\"mb\";a:0:{}s:2:\"mq\";s:3:\"0=1\";}ban|a:5:{s:12:\"last_checked\";i:1441302629;s:9:\"id_member\";i:0;s:2:\"ip\";s:12:\"157.55.39.79\";s:3:\"ip2\";s:0:\"\";s:5:\"email\";s:0:\"\";}log_time|i:1441302629;timeOnlineUpdated|i:1441302629;last_read_topic|i:17;forms|a:0:{}old_url|s:52:\"http://Forum.Sublime-Voyance.be/index.php?topic=17.0\";USER_AGENT|s:71:\"Mozilla/5.0 (compatible; bingbot/2.0; +http://www.bing.com/bingbot.htm)\";'),('hkicthn9oplcu7nnkag532a3q5',1440838566,'session_value|s:32:\"20cb68ba0522fda0608f463d19a2ed31\";session_var|s:11:\"e26ccbd50d0\";token|a:1:{s:10:\"post-login\";a:4:{i:0;s:8:\"a8cdd204\";i:1;s:32:\"6e17d20474091d40bfeb9447211b9409\";i:2;i:1440838565;i:3;s:32:\"9394c0ab08c0a9ae4d3a21e170b32b88\";}}robot_check|i:1440838565;mc|a:7:{s:4:\"time\";i:1440838565;s:2:\"id\";i:0;s:2:\"gq\";s:3:\"0=1\";s:2:\"bq\";s:3:\"0=1\";s:2:\"ap\";a:0:{}s:2:\"mb\";a:0:{}s:2:\"mq\";s:3:\"0=1\";}ban|a:5:{s:12:\"last_checked\";i:1440838565;s:9:\"id_member\";i:0;s:2:\"ip\";s:13:\"207.46.13.106\";s:3:\"ip2\";s:0:\"\";s:5:\"email\";s:0:\"\";}log_time|i:1440838566;timeOnlineUpdated|i:1440838566;last_read_topic|i:40;forms|a:0:{}old_url|s:52:\"http://Forum.Sublime-Voyance.be/index.php?topic=40.0\";USER_AGENT|s:71:\"Mozilla/5.0 (compatible; bingbot/2.0; +http://www.bing.com/bingbot.htm)\";'),('hkrrmce42diani778qn6n6lhj7',1441243059,'session_value|s:32:\"d1434eb93bf11a77328df3989ebd185a\";session_var|s:7:\"be5d9f1\";token|a:1:{s:10:\"post-login\";a:4:{i:0;s:10:\"f4902e0ce8\";i:1;s:32:\"8146afb56349fcaf5382ef0c8d2afdb5\";i:2;i:1441243043;i:3;s:32:\"1b3dc9d0921585eb2ee18feaeea1e52f\";}}robot_check|i:1441243043;id_robot|s:2:\"17\";mc|a:7:{s:4:\"time\";i:1441243043;s:2:\"id\";i:0;s:2:\"gq\";s:3:\"0=1\";s:2:\"bq\";s:3:\"0=1\";s:2:\"ap\";a:0:{}s:2:\"mb\";a:0:{}s:2:\"mq\";s:3:\"0=1\";}ban|a:5:{s:12:\"last_checked\";i:1441243059;s:9:\"id_member\";i:0;s:2:\"ip\";s:15:\"204.236.226.210\";s:3:\"ip2\";s:0:\"\";s:5:\"email\";s:0:\"\";}log_time|i:1441243059;timeOnlineUpdated|i:1441243043;old_url|s:67:\"http://Forum.Sublime-Voyance.be/index.php?topic=44.0;prev_next=prev\";USER_AGENT|s:11:\"ia_archiver\";forms|a:0:{}'),('hldkv9o0ojhbta4u5c8ur5fnr1',1441236816,'session_value|s:32:\"6a1239ea8f36e3e985c1b2c45110a297\";session_var|s:12:\"ef9220d02753\";token|a:1:{s:10:\"post-login\";a:4:{i:0;s:10:\"bac7a915a7\";i:1;s:32:\"7555309d0a6b470b517586569e1406c5\";i:2;i:1441236816;i:3;s:32:\"61dc0060054987b3d5e87aaca1084fe0\";}}robot_check|i:1441236816;mc|a:7:{s:4:\"time\";i:1441236816;s:2:\"id\";i:0;s:2:\"gq\";s:3:\"0=1\";s:2:\"bq\";s:3:\"0=1\";s:2:\"ap\";a:0:{}s:2:\"mb\";a:0:{}s:2:\"mq\";s:3:\"0=1\";}ban|a:5:{s:12:\"last_checked\";i:1441236816;s:9:\"id_member\";i:0;s:2:\"ip\";s:14:\"188.165.15.196\";s:3:\"ip2\";s:0:\"\";s:5:\"email\";s:0:\"\";}log_time|i:1441236816;timeOnlineUpdated|i:1441236816;old_url|s:69:\"http://Forum.Sublime-Voyance.be/index.php/board,7.0/sort,starter.html\";USER_AGENT|s:66:\"Mozilla/5.0 (compatible; AhrefsBot/5.0; +http://ahrefs.com/robot/)\";'),('hmf8q9d3c00i9scn7v6ro513l0',1441105553,'session_value|s:32:\"8d283284601b3e5cf0f0640a4f79b3a5\";session_var|s:10:\"d339b2b360\";token|a:1:{s:10:\"post-login\";a:4:{i:0;s:8:\"aa560888\";i:1;s:32:\"7bc8b194051dcb6d32ca9e5c2e6c46e2\";i:2;i:1441105553;i:3;s:32:\"d9b3347729374bb2c5402072f857c36f\";}}robot_check|i:1441105553;old_url|s:48:\"http://Forum.Sublime-Voyance.be/index.php?msg=28\";USER_AGENT|s:66:\"Mozilla/5.0 (compatible; AhrefsBot/5.0; +http://ahrefs.com/robot/)\";'),('hs4duncimrdspdl5t991a19201',1441047157,'session_value|s:32:\"aaa8d2a0d9e8856c8e2322f88a7aa5ef\";session_var|s:8:\"e6982642\";token|a:2:{s:10:\"post-login\";a:4:{i:0;s:8:\"d19488a0\";i:1;s:32:\"a7840fbdc4802aac8015657369c5d8b9\";i:2;i:1441047041;i:3;s:32:\"4cb1890c387c4b512d4501c5dea7921b\";}s:13:\"post-register\";a:4:{i:0;s:8:\"acc38ebe\";i:1;s:32:\"c04b475e05892b4983b7367f82bef8c2\";i:2;i:1441047089;i:3;s:32:\"e958e4d5844be72d046c4586c018264f\";}}robot_check|i:1441047041;id_robot|s:2:\"17\";mc|a:7:{s:4:\"time\";i:1441047041;s:2:\"id\";i:0;s:2:\"gq\";s:3:\"0=1\";s:2:\"bq\";s:3:\"0=1\";s:2:\"ap\";a:0:{}s:2:\"mb\";a:0:{}s:2:\"mq\";s:3:\"0=1\";}ban|a:5:{s:12:\"last_checked\";i:1441047156;s:9:\"id_member\";i:0;s:2:\"ip\";s:15:\"204.236.226.210\";s:3:\"ip2\";s:0:\"\";s:5:\"email\";s:0:\"\";}log_time|i:1441047157;timeOnlineUpdated|i:1441047042;old_url|s:52:\"http://Forum.Sublime-Voyance.be/index.php?board=13.0\";USER_AGENT|s:11:\"ia_archiver\";login_url|s:60:\"http://Forum.Sublime-Voyance.be/index.php?action=profile;u=2\";register|a:2:{s:7:\"timenow\";i:1441047089;s:5:\"limit\";i:10;}register_vv|a:6:{s:5:\"count\";i:1;s:6:\"errors\";i:0;s:8:\"did_pass\";b:0;s:1:\"q\";a:0:{}s:4:\"code\";s:6:\"ABFVWA\";s:11:\"empty_field\";s:16:\"device-hash-1462\";}'),('i4b8p07mcluth1ljpo4sakq393',1440970912,'session_value|s:32:\"c5f8070ada24fb2d368f10c4567346c2\";session_var|s:11:\"a7b9d5a0a15\";token|a:1:{s:10:\"post-login\";a:4:{i:0;s:12:\"e94fc8761a1d\";i:1;s:32:\"339343609aec211a85be3f3d561376be\";i:2;i:1440970912;i:3;s:32:\"46f9441bb3e19dba339eabfddddc70ed\";}}robot_check|i:1440970912;mc|a:7:{s:4:\"time\";i:1440970912;s:2:\"id\";i:0;s:2:\"gq\";s:3:\"0=1\";s:2:\"bq\";s:3:\"0=1\";s:2:\"ap\";a:0:{}s:2:\"mb\";a:0:{}s:2:\"mq\";s:3:\"0=1\";}ban|a:5:{s:12:\"last_checked\";i:1440970912;s:9:\"id_member\";i:0;s:2:\"ip\";s:13:\"151.80.31.133\";s:3:\"ip2\";s:0:\"\";s:5:\"email\";s:0:\"\";}old_url|s:63:\"http://Forum.Sublime-Voyance.be/index.php?type=atom;action=.xml\";USER_AGENT|s:66:\"Mozilla/5.0 (compatible; AhrefsBot/5.0; +http://ahrefs.com/robot/)\";'),('iac7mehmv3f8e957skllhehu45',1441296584,'session_value|s:32:\"b128644f2b34a232eca7d42afa37f3d9\";session_var|s:7:\"f011c9a\";token|a:1:{s:10:\"post-login\";a:4:{i:0;s:11:\"df150074811\";i:1;s:32:\"3c9f9c857b483a191af05d018b55c0eb\";i:2;i:1441296584;i:3;s:32:\"fd31a201442fe5174076d3869b8c3416\";}}robot_check|i:1441296584;mc|a:7:{s:4:\"time\";i:1441296584;s:2:\"id\";i:0;s:2:\"gq\";s:3:\"0=1\";s:2:\"bq\";s:3:\"0=1\";s:2:\"ap\";a:0:{}s:2:\"mb\";a:0:{}s:2:\"mq\";s:3:\"0=1\";}ban|a:5:{s:12:\"last_checked\";i:1441296584;s:9:\"id_member\";i:0;s:2:\"ip\";s:13:\"157.55.39.128\";s:3:\"ip2\";s:0:\"\";s:5:\"email\";s:0:\"\";}log_time|i:1441296584;timeOnlineUpdated|i:1441296584;old_url|s:56:\"http://Forum.Sublime-Voyance.be/index.php/board,1.0.html\";USER_AGENT|s:71:\"Mozilla/5.0 (compatible; bingbot/2.0; +http://www.bing.com/bingbot.htm)\";'),('ibn2851k6povh15egg9ab7o847',1441062248,'session_value|s:32:\"694b00413807fcf231aa23320effad51\";session_var|s:12:\"c4c86ec4187e\";token|a:1:{s:10:\"post-login\";a:4:{i:0;s:8:\"ab69375d\";i:1;s:32:\"127a54d46d5fc3feab151622b2a0e68f\";i:2;i:1441062247;i:3;s:32:\"fedafac6a1854973b7f1c982e3c14032\";}}robot_check|i:1441062247;mc|a:7:{s:4:\"time\";i:1441062247;s:2:\"id\";i:0;s:2:\"gq\";s:3:\"0=1\";s:2:\"bq\";s:3:\"0=1\";s:2:\"ap\";a:0:{}s:2:\"mb\";a:0:{}s:2:\"mq\";s:3:\"0=1\";}ban|a:5:{s:12:\"last_checked\";i:1441062247;s:9:\"id_member\";i:0;s:2:\"ip\";s:13:\"151.80.31.133\";s:3:\"ip2\";s:0:\"\";s:5:\"email\";s:0:\"\";}log_time|i:1441062247;timeOnlineUpdated|i:1441062247;old_url|s:51:\"http://Forum.Sublime-Voyance.be/index.php?board=7.0\";USER_AGENT|s:66:\"Mozilla/5.0 (compatible; AhrefsBot/5.0; +http://ahrefs.com/robot/)\";'),('id6j6097it2ril5k0be5aptpn7',1440967218,'session_value|s:32:\"c48dc389202dd22cdea146bb116faedc\";session_var|s:10:\"ce2f3ebfba\";token|a:1:{s:10:\"post-login\";a:4:{i:0;s:8:\"fbe3b6f5\";i:1;s:32:\"71d0a0c96a23c0bf4841c079ef89a9fe\";i:2;i:1440967217;i:3;s:32:\"4ba9fa103f17c1f4a8b23a6c6dc3afdc\";}}robot_check|i:1440967217;mc|a:7:{s:4:\"time\";i:1440967218;s:2:\"id\";i:0;s:2:\"gq\";s:3:\"0=1\";s:2:\"bq\";s:3:\"0=1\";s:2:\"ap\";a:0:{}s:2:\"mb\";a:0:{}s:2:\"mq\";s:3:\"0=1\";}ban|a:5:{s:12:\"last_checked\";i:1440967218;s:9:\"id_member\";i:0;s:2:\"ip\";s:13:\"151.80.31.133\";s:3:\"ip2\";s:0:\"\";s:5:\"email\";s:0:\"\";}log_time|i:1440967218;timeOnlineUpdated|i:1440967218;last_read_topic|i:22;forms|a:0:{}old_url|s:57:\"http://Forum.Sublime-Voyance.be/index.php/topic,22.0.html\";USER_AGENT|s:66:\"Mozilla/5.0 (compatible; AhrefsBot/5.0; +http://ahrefs.com/robot/)\";'),('ijgp5hvoolfoghhh0219rl5gs4',1440863015,'session_value|s:32:\"dc968dc73147e66ce7c15c250fcfcba5\";session_var|s:8:\"cb693417\";token|a:1:{s:10:\"post-login\";a:4:{i:0;s:12:\"cd5f8f0e956a\";i:1;s:32:\"d36955544c7624810d1610f12dc778a3\";i:2;i:1440863015;i:3;s:32:\"44c19066f48e79c97e8bbb608eeb413d\";}}robot_check|i:1440863015;mc|a:7:{s:4:\"time\";i:1440863015;s:2:\"id\";i:0;s:2:\"gq\";s:3:\"0=1\";s:2:\"bq\";s:3:\"0=1\";s:2:\"ap\";a:0:{}s:2:\"mb\";a:0:{}s:2:\"mq\";s:3:\"0=1\";}ban|a:5:{s:12:\"last_checked\";i:1440863015;s:9:\"id_member\";i:0;s:2:\"ip\";s:13:\"151.80.31.133\";s:3:\"ip2\";s:0:\"\";s:5:\"email\";s:0:\"\";}log_time|i:1440863015;timeOnlineUpdated|i:1440863015;old_url|s:52:\"http://Forum.Sublime-Voyance.be/index.php?board=15.0\";USER_AGENT|s:66:\"Mozilla/5.0 (compatible; AhrefsBot/5.0; +http://ahrefs.com/robot/)\";'),('iks6n6e6ubuetq6i1t7mnpheu1',1440835161,'session_value|s:32:\"7e5e6cf1cfccd030ea483d8ef9220513\";session_var|s:7:\"d8d8608\";token|a:1:{s:10:\"post-login\";a:4:{i:0;s:11:\"d4fd3795256\";i:1;s:32:\"b91fc2cee1edaafb8c5cda7b80b6e758\";i:2;i:1440835161;i:3;s:32:\"3dd7dee3a8604e55c5b7dc9485af6dce\";}}robot_check|i:1440835161;mc|a:7:{s:4:\"time\";i:1440835161;s:2:\"id\";i:0;s:2:\"gq\";s:3:\"0=1\";s:2:\"bq\";s:3:\"0=1\";s:2:\"ap\";a:0:{}s:2:\"mb\";a:0:{}s:2:\"mq\";s:3:\"0=1\";}ban|a:5:{s:12:\"last_checked\";i:1440835161;s:9:\"id_member\";i:0;s:2:\"ip\";s:13:\"151.80.31.133\";s:3:\"ip2\";s:0:\"\";s:5:\"email\";s:0:\"\";}log_time|i:1440835161;timeOnlineUpdated|i:1440835161;old_url|s:53:\"http://Forum.Sublime-Voyance.be/index.php?action=help\";USER_AGENT|s:66:\"Mozilla/5.0 (compatible; AhrefsBot/5.0; +http://ahrefs.com/robot/)\";'),('im5ip054qac08jjau27dp191n6',1441323054,'session_value|s:32:\"c176ae00101e27af63dc059e02dff047\";session_var|s:9:\"f8ba1f3b1\";token|a:1:{s:10:\"post-login\";a:4:{i:0;s:12:\"d0fef85811ac\";i:1;s:32:\"cd43052689c3b898959636c3618acc56\";i:2;i:1441323054;i:3;s:32:\"f80c90729b929fa0e5be4999d787febd\";}}robot_check|i:1441323054;mc|a:7:{s:4:\"time\";i:1441323054;s:2:\"id\";i:0;s:2:\"gq\";s:3:\"0=1\";s:2:\"bq\";s:3:\"0=1\";s:2:\"ap\";a:0:{}s:2:\"mb\";a:0:{}s:2:\"mq\";s:3:\"0=1\";}ban|a:5:{s:12:\"last_checked\";i:1441323054;s:9:\"id_member\";i:0;s:2:\"ip\";s:14:\"188.165.15.196\";s:3:\"ip2\";s:0:\"\";s:5:\"email\";s:0:\"\";}log_time|i:1441323054;timeOnlineUpdated|i:1441323054;last_read_topic|i:24;forms|a:0:{}old_url|s:61:\"http://Forum.Sublime-Voyance.be/index.php/topic,24.msg36.html\";USER_AGENT|s:66:\"Mozilla/5.0 (compatible; AhrefsBot/5.0; +http://ahrefs.com/robot/)\";'),('in8lnnrnnrkfdoleq2sdkoks34',1441353416,'session_value|s:32:\"b7127dc62309967e9ceba12c705bc6b6\";session_var|s:7:\"f1abca9\";token|a:1:{s:10:\"post-login\";a:4:{i:0;s:10:\"eea5b6c178\";i:1;s:32:\"6c744a141d47dfc58144e48e23993463\";i:2;i:1441353415;i:3;s:32:\"ff105abdf7023a05ff506a2235205157\";}}robot_check|i:1441353415;mc|a:7:{s:4:\"time\";i:1441353415;s:2:\"id\";i:0;s:2:\"gq\";s:3:\"0=1\";s:2:\"bq\";s:3:\"0=1\";s:2:\"ap\";a:0:{}s:2:\"mb\";a:0:{}s:2:\"mq\";s:3:\"0=1\";}ban|a:5:{s:12:\"last_checked\";i:1441353415;s:9:\"id_member\";i:0;s:2:\"ip\";s:14:\"188.165.15.196\";s:3:\"ip2\";s:0:\"\";s:5:\"email\";s:0:\"\";}log_time|i:1441353415;timeOnlineUpdated|i:1441353415;last_read_topic|i:22;forms|a:0:{}old_url|s:52:\"http://Forum.Sublime-Voyance.be/index.php?topic=22.0\";USER_AGENT|s:66:\"Mozilla/5.0 (compatible; AhrefsBot/5.0; +http://ahrefs.com/robot/)\";'),('j16c00p6ivrvkrc6bh6jmficp1',1441235424,'session_value|s:32:\"97d3634a585d7c01012c3b52ce82fe2d\";session_var|s:7:\"b370b4c\";token|a:1:{s:10:\"post-login\";a:4:{i:0;s:10:\"f73ea437ff\";i:1;s:32:\"41e8ce838cb359eec3da9b8dca709719\";i:2;i:1441235424;i:3;s:32:\"58aad17cc05c0d460819a1ab7865c84c\";}}robot_check|i:1441235424;mc|a:7:{s:4:\"time\";i:1441235424;s:2:\"id\";i:0;s:2:\"gq\";s:3:\"0=1\";s:2:\"bq\";s:3:\"0=1\";s:2:\"ap\";a:0:{}s:2:\"mb\";a:0:{}s:2:\"mq\";s:3:\"0=1\";}ban|a:5:{s:12:\"last_checked\";i:1441235424;s:9:\"id_member\";i:0;s:2:\"ip\";s:14:\"188.165.15.196\";s:3:\"ip2\";s:0:\"\";s:5:\"email\";s:0:\"\";}log_time|i:1441235424;timeOnlineUpdated|i:1441235424;old_url|s:54:\"http://Forum.Sublime-Voyance.be/index.php?action=stats\";USER_AGENT|s:66:\"Mozilla/5.0 (compatible; AhrefsBot/5.0; +http://ahrefs.com/robot/)\";'),('j25s9ji8pm0ftaag1ja3biriv5',1441116195,'session_value|s:32:\"3b030ceccaeb17997f224533dd0ec2aa\";session_var|s:11:\"a2ecc10f719\";token|a:2:{s:10:\"post-login\";a:4:{i:0;s:8:\"b1611031\";i:1;s:32:\"80748b6766414dc27622420124c40270\";i:2;i:1441116195;i:3;s:32:\"07d86490021952690d49d41033bee495\";}s:11:\"post-remind\";a:4:{i:0;s:9:\"d443340da\";i:1;s:32:\"6618cbe0c0e701e7aed4fd22d0549120\";i:2;i:1441116195;i:3;s:32:\"16e25311f358915cd870d952ca40d36b\";}}robot_check|i:1441116195;mc|a:7:{s:4:\"time\";i:1441116195;s:2:\"id\";i:0;s:2:\"gq\";s:3:\"0=1\";s:2:\"bq\";s:3:\"0=1\";s:2:\"ap\";a:0:{}s:2:\"mb\";a:0:{}s:2:\"mq\";s:3:\"0=1\";}ban|a:5:{s:12:\"last_checked\";i:1441116195;s:9:\"id_member\";i:0;s:2:\"ip\";s:13:\"151.80.31.133\";s:3:\"ip2\";s:0:\"\";s:5:\"email\";s:0:\"\";}log_time|i:1441116195;timeOnlineUpdated|i:1441116195;old_url|s:57:\"http://Forum.Sublime-Voyance.be/index.php?action=reminder\";USER_AGENT|s:66:\"Mozilla/5.0 (compatible; AhrefsBot/5.0; +http://ahrefs.com/robot/)\";'),('j2f1pdhm5gck3e3tkpcichi4s6',1441076649,'session_value|s:32:\"65a9c506e2d146b53558f478d12ba6fe\";session_var|s:9:\"f1fbf58ad\";token|a:1:{s:10:\"post-login\";a:4:{i:0;s:12:\"a83c411cc97c\";i:1;s:32:\"e99bba8574a55367763297cae882e4ed\";i:2;i:1441076648;i:3;s:32:\"77cd81e73b0cd0f41bcb94824b9d709f\";}}robot_check|i:1441076648;mc|a:7:{s:4:\"time\";i:1441076648;s:2:\"id\";i:0;s:2:\"gq\";s:3:\"0=1\";s:2:\"bq\";s:3:\"0=1\";s:2:\"ap\";a:0:{}s:2:\"mb\";a:0:{}s:2:\"mq\";s:3:\"0=1\";}ban|a:5:{s:12:\"last_checked\";i:1441076649;s:9:\"id_member\";i:0;s:2:\"ip\";s:13:\"151.80.31.133\";s:3:\"ip2\";s:0:\"\";s:5:\"email\";s:0:\"\";}log_time|i:1441076649;timeOnlineUpdated|i:1441076649;last_read_topic|i:12;forms|a:0:{}old_url|s:71:\"http://Forum.Sublime-Voyance.be/index.php/topic,12.msg58/topicseen.html\";USER_AGENT|s:66:\"Mozilla/5.0 (compatible; AhrefsBot/5.0; +http://ahrefs.com/robot/)\";'),('ja88ug45qrkk7tgvcu0qckonp6',1440882515,'session_value|s:32:\"568b49aa00dc134950e62851ea6fdce0\";session_var|s:12:\"ec4ee7e2e103\";token|a:1:{s:10:\"post-login\";a:4:{i:0;s:7:\"c7c8138\";i:1;s:32:\"ab744dce0fabb361f5bb432b379e63fe\";i:2;i:1440882515;i:3;s:32:\"bc49be0975c749f4573fcd757056aec2\";}}robot_check|i:1440882515;mc|a:7:{s:4:\"time\";i:1440882515;s:2:\"id\";i:0;s:2:\"gq\";s:3:\"0=1\";s:2:\"bq\";s:3:\"0=1\";s:2:\"ap\";a:0:{}s:2:\"mb\";a:0:{}s:2:\"mq\";s:3:\"0=1\";}ban|a:5:{s:12:\"last_checked\";i:1440882515;s:9:\"id_member\";i:0;s:2:\"ip\";s:13:\"151.80.31.133\";s:3:\"ip2\";s:0:\"\";s:5:\"email\";s:0:\"\";}log_time|i:1440882515;timeOnlineUpdated|i:1440882515;last_read_topic|i:24;forms|a:0:{}old_url|s:57:\"http://Forum.Sublime-Voyance.be/index.php/topic,24.0.html\";USER_AGENT|s:66:\"Mozilla/5.0 (compatible; AhrefsBot/5.0; +http://ahrefs.com/robot/)\";'),('jaab9i919ukm023i7oh00ssf92',1441268307,'session_value|s:32:\"1195c653acdaf5957e3dd9cbe26c1c7c\";session_var|s:12:\"ec3278473d3c\";token|a:1:{s:10:\"post-login\";a:4:{i:0;s:10:\"a2832366d7\";i:1;s:32:\"cbdca2a4ec876644f8b3f9c6cae0719f\";i:2;i:1441268306;i:3;s:32:\"ed06752fd31bec79914820aee6771c90\";}}robot_check|i:1441268306;mc|a:7:{s:4:\"time\";i:1441268306;s:2:\"id\";i:0;s:2:\"gq\";s:3:\"0=1\";s:2:\"bq\";s:3:\"0=1\";s:2:\"ap\";a:0:{}s:2:\"mb\";a:0:{}s:2:\"mq\";s:3:\"0=1\";}ban|a:5:{s:12:\"last_checked\";i:1441268306;s:9:\"id_member\";i:0;s:2:\"ip\";s:14:\"188.165.15.196\";s:3:\"ip2\";s:0:\"\";s:5:\"email\";s:0:\"\";}log_time|i:1441268307;timeOnlineUpdated|i:1441268307;old_url|s:68:\"http://Forum.Sublime-Voyance.be/index.php?action=printpage;topic=6.0\";USER_AGENT|s:66:\"Mozilla/5.0 (compatible; AhrefsBot/5.0; +http://ahrefs.com/robot/)\";'),('jci2sc2vs9qj63mrqj16942od3',1441296587,'session_value|s:32:\"2052a5320bcd4076aba870c6127fef30\";session_var|s:12:\"db738b70822d\";token|a:1:{s:10:\"post-login\";a:4:{i:0;s:12:\"ba2a81b1a6c4\";i:1;s:32:\"87532270281827af330d7b82a3582a94\";i:2;i:1441296587;i:3;s:32:\"98ac31dc75526e69eba95631d11c6440\";}}robot_check|i:1441296587;mc|a:7:{s:4:\"time\";i:1441296587;s:2:\"id\";i:0;s:2:\"gq\";s:3:\"0=1\";s:2:\"bq\";s:3:\"0=1\";s:2:\"ap\";a:0:{}s:2:\"mb\";a:0:{}s:2:\"mq\";s:3:\"0=1\";}ban|a:5:{s:12:\"last_checked\";i:1441296587;s:9:\"id_member\";i:0;s:2:\"ip\";s:13:\"157.55.39.128\";s:3:\"ip2\";s:0:\"\";s:5:\"email\";s:0:\"\";}log_time|i:1441296587;timeOnlineUpdated|i:1441296587;last_read_topic|i:5;forms|a:0:{}old_url|s:51:\"http://Forum.Sublime-Voyance.be/index.php?topic=5.0\";USER_AGENT|s:71:\"Mozilla/5.0 (compatible; bingbot/2.0; +http://www.bing.com/bingbot.htm)\";'),('jed2en9lpo5maco48msim9clo0',1441296627,'session_value|s:32:\"a3d41cdac6123e78b9e6a44a12bb2871\";session_var|s:9:\"d336ae70e\";token|a:1:{s:10:\"post-login\";a:4:{i:0;s:12:\"c7c6ba47c8d5\";i:1;s:32:\"43556bab4a8a88a259e77ae88971a518\";i:2;i:1441296627;i:3;s:32:\"18471665038545109805acad2a433095\";}}robot_check|i:1441296627;mc|a:7:{s:4:\"time\";i:1441296627;s:2:\"id\";i:0;s:2:\"gq\";s:3:\"0=1\";s:2:\"bq\";s:3:\"0=1\";s:2:\"ap\";a:0:{}s:2:\"mb\";a:0:{}s:2:\"mq\";s:3:\"0=1\";}ban|a:5:{s:12:\"last_checked\";i:1441296627;s:9:\"id_member\";i:0;s:2:\"ip\";s:12:\"207.46.13.70\";s:3:\"ip2\";s:0:\"\";s:5:\"email\";s:0:\"\";}log_time|i:1441296627;timeOnlineUpdated|i:1441296627;old_url|s:56:\"http://Forum.Sublime-Voyance.be/index.php/board,6.0.html\";USER_AGENT|s:71:\"Mozilla/5.0 (compatible; bingbot/2.0; +http://www.bing.com/bingbot.htm)\";'),('jjieokd2oeha4quko9r1bq8863',1441201056,'session_value|s:32:\"da38cc41f461ca926918d22d819a88a6\";session_var|s:10:\"abd3a6258e\";token|a:1:{s:10:\"post-login\";a:4:{i:0;s:9:\"c39e33813\";i:1;s:32:\"01a68057ed406c7e2ff4f983d4736dad\";i:2;i:1441201056;i:3;s:32:\"ba71d4fb62576246edbd59d560c3fb2e\";}}robot_check|i:1441201056;mc|a:7:{s:4:\"time\";i:1441201056;s:2:\"id\";i:0;s:2:\"gq\";s:3:\"0=1\";s:2:\"bq\";s:3:\"0=1\";s:2:\"ap\";a:0:{}s:2:\"mb\";a:0:{}s:2:\"mq\";s:3:\"0=1\";}ban|a:5:{s:12:\"last_checked\";i:1441201056;s:9:\"id_member\";i:0;s:2:\"ip\";s:14:\"188.165.15.196\";s:3:\"ip2\";s:0:\"\";s:5:\"email\";s:0:\"\";}log_time|i:1441201056;timeOnlineUpdated|i:1441201056;old_url|s:71:\"http://Forum.Sublime-Voyance.be/index.php/board,1.0/sort,last_post.html\";USER_AGENT|s:66:\"Mozilla/5.0 (compatible; AhrefsBot/5.0; +http://ahrefs.com/robot/)\";'),('jm5t21s7q53fo0kv7kplqo9017',1441302624,'session_value|s:32:\"d1dac239d47365da94fee0e8685117f6\";session_var|s:7:\"b666283\";token|a:1:{s:10:\"post-login\";a:4:{i:0;s:11:\"f68e4b698dc\";i:1;s:32:\"01c5b57d35588abd135c12e36bf109eb\";i:2;i:1441302623;i:3;s:32:\"7f4eeb2b48148d5d7a4448e02180e3a4\";}}robot_check|i:1441302623;mc|a:7:{s:4:\"time\";i:1441302623;s:2:\"id\";i:0;s:2:\"gq\";s:3:\"0=1\";s:2:\"bq\";s:3:\"0=1\";s:2:\"ap\";a:0:{}s:2:\"mb\";a:0:{}s:2:\"mq\";s:3:\"0=1\";}ban|a:5:{s:12:\"last_checked\";i:1441302624;s:9:\"id_member\";i:0;s:2:\"ip\";s:12:\"157.55.39.79\";s:3:\"ip2\";s:0:\"\";s:5:\"email\";s:0:\"\";}log_time|i:1441302624;timeOnlineUpdated|i:1441302624;old_url|s:51:\"http://Forum.Sublime-Voyance.be/index.php?board=4.0\";USER_AGENT|s:71:\"Mozilla/5.0 (compatible; bingbot/2.0; +http://www.bing.com/bingbot.htm)\";'),('jqphujit3egpubh9152ac120l3',1441090491,'session_value|s:32:\"e9f44f8c8190a47c08de40d51a65e3fe\";session_var|s:7:\"c00f47d\";token|a:1:{s:10:\"post-login\";a:4:{i:0;s:7:\"d356f7e\";i:1;s:32:\"61a58df05564f35ed3bc04fd16d5549f\";i:2;i:1441090490;i:3;s:32:\"14e096ac20f516250530223c53ba6f45\";}}robot_check|i:1441090490;mc|a:7:{s:4:\"time\";i:1441090490;s:2:\"id\";i:0;s:2:\"gq\";s:3:\"0=1\";s:2:\"bq\";s:3:\"0=1\";s:2:\"ap\";a:0:{}s:2:\"mb\";a:0:{}s:2:\"mq\";s:3:\"0=1\";}ban|a:5:{s:12:\"last_checked\";i:1441090490;s:9:\"id_member\";i:0;s:2:\"ip\";s:13:\"151.80.31.133\";s:3:\"ip2\";s:0:\"\";s:5:\"email\";s:0:\"\";}log_time|i:1441090490;timeOnlineUpdated|i:1441090490;last_read_topic|i:37;forms|a:0:{}old_url|s:71:\"http://Forum.Sublime-Voyance.be/index.php/topic,37.msg53/topicseen.html\";USER_AGENT|s:66:\"Mozilla/5.0 (compatible; AhrefsBot/5.0; +http://ahrefs.com/robot/)\";'),('jrijatveuc1s8ujm2jv6vcqob7',1441296602,'session_value|s:32:\"5f15bbfd98ebd7ec80e257b9d2778057\";session_var|s:10:\"c7544e9560\";token|a:1:{s:10:\"post-login\";a:4:{i:0;s:9:\"c2411ef92\";i:1;s:32:\"a3ec4c5cfc05e4ca181b092d9b9b7f48\";i:2;i:1441296602;i:3;s:32:\"c4c25bcf2dea700f0422a095f3ac23ed\";}}robot_check|i:1441296602;mc|a:7:{s:4:\"time\";i:1441296602;s:2:\"id\";i:0;s:2:\"gq\";s:3:\"0=1\";s:2:\"bq\";s:3:\"0=1\";s:2:\"ap\";a:0:{}s:2:\"mb\";a:0:{}s:2:\"mq\";s:3:\"0=1\";}ban|a:5:{s:12:\"last_checked\";i:1441296602;s:9:\"id_member\";i:0;s:2:\"ip\";s:12:\"207.46.13.55\";s:3:\"ip2\";s:0:\"\";s:5:\"email\";s:0:\"\";}log_time|i:1441296602;timeOnlineUpdated|i:1441296602;old_url|s:51:\"http://Forum.Sublime-Voyance.be/index.php?board=3.0\";USER_AGENT|s:71:\"Mozilla/5.0 (compatible; bingbot/2.0; +http://www.bing.com/bingbot.htm)\";'),('ju6rt59h6lspcta7pt4jnccvs1',1441237162,'session_value|s:32:\"99e1aef0db7fb3f26cbb12b2cd7148b0\";session_var|s:12:\"dc4d88bd4497\";token|a:1:{s:10:\"post-login\";a:4:{i:0;s:10:\"c0de97c53f\";i:1;s:32:\"d1c3c5bd6ce6c33f1963255e29787303\";i:2;i:1441237096;i:3;s:32:\"4748ed7f251b47ca6d14a2f34da795cf\";}}robot_check|i:1441237096;id_robot|s:2:\"17\";mc|a:7:{s:4:\"time\";i:1441237096;s:2:\"id\";i:0;s:2:\"gq\";s:3:\"0=1\";s:2:\"bq\";s:3:\"0=1\";s:2:\"ap\";a:0:{}s:2:\"mb\";a:0:{}s:2:\"mq\";s:3:\"0=1\";}ban|a:5:{s:12:\"last_checked\";i:1441237162;s:9:\"id_member\";i:0;s:2:\"ip\";s:15:\"204.236.226.210\";s:3:\"ip2\";s:0:\"\";s:5:\"email\";s:0:\"\";}log_time|i:1441237157;timeOnlineUpdated|i:1441237097;old_url|s:59:\"http://Forum.Sublime-Voyance.be/index.php/topic,6.msg6.html\";USER_AGENT|s:11:\"ia_archiver\";forms|a:0:{}'),('k0fqgb1andcuctq3edslurecc0',1441296585,'session_value|s:32:\"ead885530bc10954b8127861d699e143\";session_var|s:9:\"e4c43d57e\";token|a:1:{s:10:\"post-login\";a:4:{i:0;s:10:\"e54cff3b17\";i:1;s:32:\"cf01ed5417a716ddcfffa54ead444502\";i:2;i:1441296584;i:3;s:32:\"b9e8ca50633519de34ebeb5b1eac9ba2\";}}robot_check|i:1441296584;mc|a:7:{s:4:\"time\";i:1441296584;s:2:\"id\";i:0;s:2:\"gq\";s:3:\"0=1\";s:2:\"bq\";s:3:\"0=1\";s:2:\"ap\";a:0:{}s:2:\"mb\";a:0:{}s:2:\"mq\";s:3:\"0=1\";}ban|a:5:{s:12:\"last_checked\";i:1441296584;s:9:\"id_member\";i:0;s:2:\"ip\";s:13:\"157.55.39.128\";s:3:\"ip2\";s:0:\"\";s:5:\"email\";s:0:\"\";}log_time|i:1441296584;timeOnlineUpdated|i:1441296584;last_read_topic|i:9;forms|a:0:{}old_url|s:59:\"http://Forum.Sublime-Voyance.be/index.php/topic,9.msg9.html\";USER_AGENT|s:71:\"Mozilla/5.0 (compatible; bingbot/2.0; +http://www.bing.com/bingbot.htm)\";'),('k2sqee3bcf88e1ndctqd83mik0',1441147915,'session_value|s:32:\"6abc9e0e74d9619cb75594514e4b63eb\";session_var|s:8:\"f1cebe48\";token|a:1:{s:10:\"post-login\";a:4:{i:0;s:7:\"c1a314d\";i:1;s:32:\"d36de6abf044e30797b0a90e335c43c4\";i:2;i:1441147915;i:3;s:32:\"2a7b6ee88ccbc8dd71e043c7d6817112\";}}robot_check|i:1441147915;id_robot|s:1:\"1\";mc|a:7:{s:4:\"time\";i:1441147915;s:2:\"id\";i:0;s:2:\"gq\";s:3:\"0=1\";s:2:\"bq\";s:3:\"0=1\";s:2:\"ap\";a:0:{}s:2:\"mb\";a:0:{}s:2:\"mq\";s:3:\"0=1\";}ban|a:5:{s:12:\"last_checked\";i:1441147915;s:9:\"id_member\";i:0;s:2:\"ip\";s:12:\"66.249.67.90\";s:3:\"ip2\";s:0:\"\";s:5:\"email\";s:0:\"\";}log_time|i:1441147915;timeOnlineUpdated|i:1441147915;forms|a:0:{}old_url|s:61:\"http://Forum.Sublime-Voyance.be/index.php/topic,42.msg67.html\";USER_AGENT|s:72:\"Mozilla/5.0 (compatible; Googlebot/2.1; +http://www.google.com/bot.html)\";'),('k391jvh75p7fvlsstfmo2ilb14',1440874543,'session_value|s:32:\"87568bdc1ab1b1347e4c851e227cab58\";session_var|s:12:\"a2d3d1d3f238\";token|a:1:{s:10:\"post-login\";a:4:{i:0;s:7:\"ad320ff\";i:1;s:32:\"5901024631330f7ca50b89bdec22862f\";i:2;i:1440874543;i:3;s:32:\"563a44d196dd68c913ca0fe551239bfc\";}}robot_check|i:1440874543;id_robot|s:1:\"1\";mc|a:7:{s:4:\"time\";i:1440874543;s:2:\"id\";i:0;s:2:\"gq\";s:3:\"0=1\";s:2:\"bq\";s:3:\"0=1\";s:2:\"ap\";a:0:{}s:2:\"mb\";a:0:{}s:2:\"mq\";s:3:\"0=1\";}ban|a:5:{s:12:\"last_checked\";i:1440874543;s:9:\"id_member\";i:0;s:2:\"ip\";s:13:\"66.249.78.146\";s:3:\"ip2\";s:0:\"\";s:5:\"email\";s:0:\"\";}log_time|i:1440874543;timeOnlineUpdated|i:1440874543;old_url|s:62:\"http://Forum.Sublime-Voyance.be/index.php?action=help;sa=rules\";USER_AGENT|s:194:\"Mozilla/5.0 (iPhone; CPU iPhone OS 8_3 like Mac OS X) AppleWebKit/600.1.4 (KHTML, like Gecko) Version/8.0 Mobile/12F70 Safari/600.1.4 (compatible; Googlebot/2.1; +http://www.google.com/bot.html)\";'),('kad0d9oktljg5s9mnd34v5be00',1441249155,'session_value|s:32:\"66159784cbac93a3241271a4bee50cee\";session_var|s:7:\"d5abd54\";token|a:1:{s:10:\"post-login\";a:4:{i:0;s:10:\"d1dfd0c996\";i:1;s:32:\"6bf9fe8163e659713f84765fe7af0eaa\";i:2;i:1441249154;i:3;s:32:\"7229245f3f1abfe40932f2587b60a31f\";}}robot_check|i:1441249154;mc|a:7:{s:4:\"time\";i:1441249154;s:2:\"id\";i:0;s:2:\"gq\";s:3:\"0=1\";s:2:\"bq\";s:3:\"0=1\";s:2:\"ap\";a:0:{}s:2:\"mb\";a:0:{}s:2:\"mq\";s:3:\"0=1\";}ban|a:5:{s:12:\"last_checked\";i:1441249154;s:9:\"id_member\";i:0;s:2:\"ip\";s:14:\"188.165.15.196\";s:3:\"ip2\";s:0:\"\";s:5:\"email\";s:0:\"\";}log_time|i:1441249155;timeOnlineUpdated|i:1441249155;old_url|s:69:\"http://Forum.Sublime-Voyance.be/index.php/board,8.0/sort,starter.html\";USER_AGENT|s:66:\"Mozilla/5.0 (compatible; AhrefsBot/5.0; +http://ahrefs.com/robot/)\";'),('klvd9jf14mo5iu0497s703g9s0',1441331994,'session_value|s:32:\"8979cb64076b896f35f162e46b733383\";session_var|s:9:\"d95171105\";token|a:1:{s:10:\"post-login\";a:4:{i:0;s:12:\"e80a613c7426\";i:1;s:32:\"175319f76167f7c055005d83d7868a47\";i:2;i:1441331994;i:3;s:32:\"ba47e1b04232b79cb549c31791eab13e\";}}robot_check|i:1441331994;mc|a:7:{s:4:\"time\";i:1441331994;s:2:\"id\";i:0;s:2:\"gq\";s:3:\"0=1\";s:2:\"bq\";s:3:\"0=1\";s:2:\"ap\";a:0:{}s:2:\"mb\";a:0:{}s:2:\"mq\";s:3:\"0=1\";}ban|a:5:{s:12:\"last_checked\";i:1441331994;s:9:\"id_member\";i:0;s:2:\"ip\";s:14:\"188.165.15.196\";s:3:\"ip2\";s:0:\"\";s:5:\"email\";s:0:\"\";}log_time|i:1441331994;timeOnlineUpdated|i:1441331994;old_url|s:69:\"http://Forum.Sublime-Voyance.be/index.php/board,8.0/sort,replies.html\";USER_AGENT|s:66:\"Mozilla/5.0 (compatible; AhrefsBot/5.0; +http://ahrefs.com/robot/)\";'),('kmaifk99rn2948il2bnp8kpur4',1441241666,'session_value|s:32:\"cf6a3d97b3440d48813450d92bdf6868\";session_var|s:8:\"b3fa9f39\";token|a:1:{s:10:\"post-login\";a:4:{i:0;s:9:\"beac2bdb6\";i:1;s:32:\"7baf5018ad6fd217bbd6f670c43054d0\";i:2;i:1441241666;i:3;s:32:\"a476afaf35bf8faf106c85a0c1d6692c\";}}robot_check|i:1441241666;mc|a:7:{s:4:\"time\";i:1441241666;s:2:\"id\";i:0;s:2:\"gq\";s:3:\"0=1\";s:2:\"bq\";s:3:\"0=1\";s:2:\"ap\";a:0:{}s:2:\"mb\";a:0:{}s:2:\"mq\";s:3:\"0=1\";}ban|a:5:{s:12:\"last_checked\";i:1441241666;s:9:\"id_member\";i:0;s:2:\"ip\";s:14:\"188.165.15.196\";s:3:\"ip2\";s:0:\"\";s:5:\"email\";s:0:\"\";}log_time|i:1441241666;timeOnlineUpdated|i:1441241666;last_read_topic|i:12;forms|a:0:{}old_url|s:58:\"http://Forum.Sublime-Voyance.be/index.php/topic,12.15.html\";USER_AGENT|s:66:\"Mozilla/5.0 (compatible; AhrefsBot/5.0; +http://ahrefs.com/robot/)\";'),('knb7vn4mh2ebgjfffd4h575g43',1441302622,'session_value|s:32:\"84bfdaf38198946b193d9c7a8ac8a777\";session_var|s:11:\"e520148a365\";token|a:1:{s:10:\"post-login\";a:4:{i:0;s:9:\"d7386f50b\";i:1;s:32:\"8e6194244b6074d98b19b2f48e4afdeb\";i:2;i:1441302622;i:3;s:32:\"6ccd77b6d5a5943b41f5af157af5e75d\";}}robot_check|i:1441302622;mc|a:7:{s:4:\"time\";i:1441302622;s:2:\"id\";i:0;s:2:\"gq\";s:3:\"0=1\";s:2:\"bq\";s:3:\"0=1\";s:2:\"ap\";a:0:{}s:2:\"mb\";a:0:{}s:2:\"mq\";s:3:\"0=1\";}ban|a:5:{s:12:\"last_checked\";i:1441302622;s:9:\"id_member\";i:0;s:2:\"ip\";s:12:\"157.55.39.79\";s:3:\"ip2\";s:0:\"\";s:5:\"email\";s:0:\"\";}log_time|i:1441302622;timeOnlineUpdated|i:1441302622;old_url|s:51:\"http://Forum.Sublime-Voyance.be/index.php?board=8.0\";USER_AGENT|s:71:\"Mozilla/5.0 (compatible; bingbot/2.0; +http://www.bing.com/bingbot.htm)\";'),('kor0ogn81fb5nnl3ir3pai90l1',1440908486,'session_value|s:32:\"fc8e3c84ae6e88bfc827751b3653443e\";session_var|s:7:\"f906455\";token|a:1:{s:10:\"post-login\";a:4:{i:0;s:10:\"d378296357\";i:1;s:32:\"67c1cffc3a380e41f4da972a2a916f86\";i:2;i:1440908486;i:3;s:32:\"14ee90b44c79ac9a04c3e5db7c71cdfa\";}}robot_check|i:1440908486;old_url|s:48:\"http://Forum.Sublime-Voyance.be/index.php?msg=40\";USER_AGENT|s:66:\"Mozilla/5.0 (compatible; AhrefsBot/5.0; +http://ahrefs.com/robot/)\";'),('kpu6uk6v7asflr62aus24dpjk1',1440997171,'session_value|s:32:\"2511dd16033004ee8524b25786cecc61\";session_var|s:12:\"d8487d16803a\";token|a:1:{s:10:\"post-login\";a:4:{i:0;s:10:\"af4d1bb083\";i:1;s:32:\"5a9a15b7487dcaac9c54daec12f2f9e2\";i:2;i:1440997171;i:3;s:32:\"a177ec78523fb2974812a9c669913eed\";}}robot_check|i:1440997171;id_robot|s:1:\"1\";mc|a:7:{s:4:\"time\";i:1440997171;s:2:\"id\";i:0;s:2:\"gq\";s:3:\"0=1\";s:2:\"bq\";s:3:\"0=1\";s:2:\"ap\";a:0:{}s:2:\"mb\";a:0:{}s:2:\"mq\";s:3:\"0=1\";}ban|a:5:{s:12:\"last_checked\";i:1440997171;s:9:\"id_member\";i:0;s:2:\"ip\";s:13:\"66.249.78.160\";s:3:\"ip2\";s:0:\"\";s:5:\"email\";s:0:\"\";}log_time|i:1440997171;timeOnlineUpdated|i:1440997171;old_url|s:32:\"http://Forum.Sublime-Voyance.be/\";USER_AGENT|s:72:\"Mozilla/5.0 (compatible; Googlebot/2.1; +http://www.google.com/bot.html)\";'),('kqfsgqdgbhlmfjfolasqmee525',1440884469,'session_value|s:32:\"8b00899af42e0e7c141702c6830c4919\";session_var|s:12:\"c3db031c4f16\";token|a:2:{s:10:\"post-login\";a:4:{i:0;s:8:\"a0bd9672\";i:1;s:32:\"7913cf6c8060cb562215b0a82686a17a\";i:2;i:1440884468;i:3;s:32:\"f7166708cb0b3725ee991cb8cdfa0bad\";}s:13:\"post-register\";a:4:{i:0;s:10:\"b99b109d72\";i:1;s:32:\"92466b5d80a39a9b4029533d9f0fb395\";i:2;i:1440884469;i:3;s:32:\"8c6adac96d9c9f7e3ca2e17e210c4846\";}}robot_check|i:1440884468;mc|a:7:{s:4:\"time\";i:1440884468;s:2:\"id\";i:0;s:2:\"gq\";s:3:\"0=1\";s:2:\"bq\";s:3:\"0=1\";s:2:\"ap\";a:0:{}s:2:\"mb\";a:0:{}s:2:\"mq\";s:3:\"0=1\";}ban|a:5:{s:12:\"last_checked\";i:1440884468;s:9:\"id_member\";i:0;s:2:\"ip\";s:13:\"151.80.31.133\";s:3:\"ip2\";s:0:\"\";s:5:\"email\";s:0:\"\";}log_time|i:1440884468;timeOnlineUpdated|i:1440884468;register|a:2:{s:7:\"timenow\";i:1440884469;s:5:\"limit\";i:10;}register_vv|a:6:{s:5:\"count\";i:1;s:6:\"errors\";i:0;s:8:\"did_pass\";b:0;s:1:\"q\";a:0:{}s:4:\"code\";s:6:\"VDKCBY\";s:11:\"empty_field\";s:15:\"unique-bit-8049\";}old_url|s:55:\"http://Forum.Sublime-Voyance.be/index.php?action=signup\";USER_AGENT|s:66:\"Mozilla/5.0 (compatible; AhrefsBot/5.0; +http://ahrefs.com/robot/)\";'),('ksbemgcdpet53sge58fgnvkej3',1441245859,'session_value|s:32:\"8171bd6c437cd98429310592bb44dabc\";session_var|s:8:\"c923c537\";token|a:1:{s:10:\"post-login\";a:4:{i:0;s:12:\"c4a0d957e269\";i:1;s:32:\"67ad430a3bcf25e4c88ad6b855d4e5cf\";i:2;i:1441245859;i:3;s:32:\"907e61f729790ffc870f86688072a502\";}}robot_check|i:1441245859;mc|a:7:{s:4:\"time\";i:1441245859;s:2:\"id\";i:0;s:2:\"gq\";s:3:\"0=1\";s:2:\"bq\";s:3:\"0=1\";s:2:\"ap\";a:0:{}s:2:\"mb\";a:0:{}s:2:\"mq\";s:3:\"0=1\";}ban|a:5:{s:12:\"last_checked\";i:1441245859;s:9:\"id_member\";i:0;s:2:\"ip\";s:14:\"188.165.15.196\";s:3:\"ip2\";s:0:\"\";s:5:\"email\";s:0:\"\";}log_time|i:1441245859;timeOnlineUpdated|i:1441245859;last_read_topic|i:43;forms|a:0:{}old_url|s:61:\"http://Forum.Sublime-Voyance.be/index.php/topic,43.msg70.html\";USER_AGENT|s:66:\"Mozilla/5.0 (compatible; AhrefsBot/5.0; +http://ahrefs.com/robot/)\";'),('ktc4vru3lh2br6j6sfuc8hs101',1441065169,'session_value|s:32:\"4a461ca5f18024c90b8b1dc74a64d2e2\";session_var|s:11:\"d7ee84f02c7\";token|a:1:{s:10:\"post-login\";a:4:{i:0;s:11:\"dbf4c1450c5\";i:1;s:32:\"9749651d978d7762652ca5aae8f7a2f7\";i:2;i:1441064982;i:3;s:32:\"80fd9867b3303bcb560eb4d655c6425c\";}}robot_check|i:1441064982;id_robot|s:2:\"17\";mc|a:7:{s:4:\"time\";i:1441064982;s:2:\"id\";i:0;s:2:\"gq\";s:3:\"0=1\";s:2:\"bq\";s:3:\"0=1\";s:2:\"ap\";a:0:{}s:2:\"mb\";a:0:{}s:2:\"mq\";s:3:\"0=1\";}ban|a:5:{s:12:\"last_checked\";i:1441065169;s:9:\"id_member\";i:0;s:2:\"ip\";s:15:\"204.236.226.210\";s:3:\"ip2\";s:0:\"\";s:5:\"email\";s:0:\"\";}log_time|i:1441065169;timeOnlineUpdated|i:1441064982;old_url|s:56:\"http://Forum.Sublime-Voyance.be/index.php/topic,9.0.html\";USER_AGENT|s:11:\"ia_archiver\";forms|a:0:{}login_url|s:60:\"http://Forum.Sublime-Voyance.be/index.php?action=profile;u=3\";'),('l8k1unv3e3aunkmjm71mu1a075',1441356701,'session_value|s:32:\"67582474d1bff2f29d5956b0270fca16\";session_var|s:7:\"c965ece\";token|a:1:{s:10:\"post-login\";a:4:{i:0;s:7:\"aa51bf0\";i:1;s:32:\"97df03e727531b068e284191c4b0d36f\";i:2;i:1441356700;i:3;s:32:\"27aec0d5947638430f4e32c3c2556dd0\";}}robot_check|i:1441356700;mc|a:7:{s:4:\"time\";i:1441356701;s:2:\"id\";i:0;s:2:\"gq\";s:3:\"0=1\";s:2:\"bq\";s:3:\"0=1\";s:2:\"ap\";a:0:{}s:2:\"mb\";a:0:{}s:2:\"mq\";s:3:\"0=1\";}ban|a:5:{s:12:\"last_checked\";i:1441356701;s:9:\"id_member\";i:0;s:2:\"ip\";s:14:\"188.165.15.196\";s:3:\"ip2\";s:0:\"\";s:5:\"email\";s:0:\"\";}log_time|i:1441356701;timeOnlineUpdated|i:1441356701;last_read_topic|i:42;forms|a:0:{}old_url|s:57:\"http://Forum.Sublime-Voyance.be/index.php/topic,42.0.html\";USER_AGENT|s:66:\"Mozilla/5.0 (compatible; AhrefsBot/5.0; +http://ahrefs.com/robot/)\";'),('lcprvf0eiimhfhc9p34meu1a13',1441312047,'session_value|s:32:\"cdff31c2eab0fc6979daa0e31e4cbf0c\";session_var|s:12:\"cb0993a9df87\";token|a:1:{s:10:\"post-login\";a:4:{i:0;s:7:\"a53ab27\";i:1;s:32:\"c5bada5b62a97f161099a43d62edede5\";i:2;i:1441312046;i:3;s:32:\"0fe10f8ad4cfd1c1b2ab9b0fd23b6e2d\";}}robot_check|i:1441312046;mc|a:7:{s:4:\"time\";i:1441312046;s:2:\"id\";i:0;s:2:\"gq\";s:3:\"0=1\";s:2:\"bq\";s:3:\"0=1\";s:2:\"ap\";a:0:{}s:2:\"mb\";a:0:{}s:2:\"mq\";s:3:\"0=1\";}ban|a:5:{s:12:\"last_checked\";i:1441312046;s:9:\"id_member\";i:0;s:2:\"ip\";s:14:\"188.165.15.196\";s:3:\"ip2\";s:0:\"\";s:5:\"email\";s:0:\"\";}log_time|i:1441312046;timeOnlineUpdated|i:1441312046;last_read_topic|i:10;forms|a:0:{}old_url|s:52:\"http://Forum.Sublime-Voyance.be/index.php?topic=10.0\";USER_AGENT|s:66:\"Mozilla/5.0 (compatible; AhrefsBot/5.0; +http://ahrefs.com/robot/)\";'),('m29lh1pf860uar8tc0sadrpho0',1441200049,'session_value|s:32:\"05c8213c6962b7259ecd1216e7b8568e\";session_var|s:10:\"b62ca7d1e0\";token|a:1:{s:10:\"post-login\";a:4:{i:0;s:10:\"c85c34752d\";i:1;s:32:\"824279c3bb0165cbcbc1ad71c66caa6e\";i:2;i:1441200049;i:3;s:32:\"72e9ad442a70d801473521c8f73441eb\";}}robot_check|i:1441200049;mc|a:7:{s:4:\"time\";i:1441200049;s:2:\"id\";i:0;s:2:\"gq\";s:3:\"0=1\";s:2:\"bq\";s:3:\"0=1\";s:2:\"ap\";a:0:{}s:2:\"mb\";a:0:{}s:2:\"mq\";s:3:\"0=1\";}ban|a:5:{s:12:\"last_checked\";i:1441200049;s:9:\"id_member\";i:0;s:2:\"ip\";s:14:\"188.165.15.196\";s:3:\"ip2\";s:0:\"\";s:5:\"email\";s:0:\"\";}log_time|i:1441200049;timeOnlineUpdated|i:1441200049;old_url|s:67:\"http://Forum.Sublime-Voyance.be/index.php/board,8.0/sort,views.html\";USER_AGENT|s:66:\"Mozilla/5.0 (compatible; AhrefsBot/5.0; +http://ahrefs.com/robot/)\";'),('m695b0e0l8ct4ek6qlc54mju92',1440979048,'session_value|s:32:\"cdf8db67bb1a1b2748327df1502d2c30\";session_var|s:7:\"c5aed41\";token|a:1:{s:10:\"post-login\";a:4:{i:0;s:12:\"ba657335ccec\";i:1;s:32:\"76a02a8dbedd4f052d6a1cbbd0f4a107\";i:2;i:1440979048;i:3;s:32:\"83740f5992ffbe31b183c7b21ae41c10\";}}robot_check|i:1440979048;id_robot|s:1:\"1\";mc|a:7:{s:4:\"time\";i:1440979048;s:2:\"id\";i:0;s:2:\"gq\";s:3:\"0=1\";s:2:\"bq\";s:3:\"0=1\";s:2:\"ap\";a:0:{}s:2:\"mb\";a:0:{}s:2:\"mq\";s:3:\"0=1\";}ban|a:5:{s:12:\"last_checked\";i:1440979048;s:9:\"id_member\";i:0;s:2:\"ip\";s:13:\"66.249.78.146\";s:3:\"ip2\";s:0:\"\";s:5:\"email\";s:0:\"\";}log_time|i:1440979048;timeOnlineUpdated|i:1440979048;old_url|s:41:\"http://Forum.Sublime-Voyance.be/index.php\";USER_AGENT|s:72:\"Mozilla/5.0 (compatible; Googlebot/2.1; +http://www.google.com/bot.html)\";'),('mcldteaft465f95sun88iprsb4',1441354685,'session_value|s:32:\"3412ccad33e979a558d9afda65b5e6a9\";session_var|s:9:\"ac71cbcb3\";token|a:1:{s:10:\"post-login\";a:4:{i:0;s:10:\"b6273f1247\";i:1;s:32:\"48585ac62cbc387001ffd094c24f9b52\";i:2;i:1441354685;i:3;s:32:\"aebe979c9ba953376edba7f7453decb5\";}}robot_check|i:1441354685;old_url|s:48:\"http://Forum.Sublime-Voyance.be/index.php?msg=69\";USER_AGENT|s:66:\"Mozilla/5.0 (compatible; AhrefsBot/5.0; +http://ahrefs.com/robot/)\";'),('ml061docv071hl3i9or0o6bsp6',1441296631,'session_value|s:32:\"3d18ae3b848cb95644da9ebfaa63f64b\";session_var|s:9:\"d6236ef34\";token|a:1:{s:10:\"post-login\";a:4:{i:0;s:10:\"dbe81d33af\";i:1;s:32:\"c4ab54d4994baaa3094fc210f6292f28\";i:2;i:1441296630;i:3;s:32:\"de32130f54fe81bbd2bc2ced1d08fd42\";}}robot_check|i:1441296630;mc|a:7:{s:4:\"time\";i:1441296630;s:2:\"id\";i:0;s:2:\"gq\";s:3:\"0=1\";s:2:\"bq\";s:3:\"0=1\";s:2:\"ap\";a:0:{}s:2:\"mb\";a:0:{}s:2:\"mq\";s:3:\"0=1\";}ban|a:5:{s:12:\"last_checked\";i:1441296630;s:9:\"id_member\";i:0;s:2:\"ip\";s:12:\"207.46.13.70\";s:3:\"ip2\";s:0:\"\";s:5:\"email\";s:0:\"\";}log_time|i:1441296631;timeOnlineUpdated|i:1441296631;last_read_topic|i:6;forms|a:0:{}old_url|s:51:\"http://Forum.Sublime-Voyance.be/index.php?topic=6.0\";USER_AGENT|s:71:\"Mozilla/5.0 (compatible; bingbot/2.0; +http://www.bing.com/bingbot.htm)\";'),('mm3c9k16dshcobhk2q6ea5i5s5',1441052223,'session_value|s:32:\"b0ffd0facbdea0175bfe167c431661f9\";session_var|s:7:\"d85acf7\";token|a:1:{s:10:\"post-login\";a:4:{i:0;s:7:\"e595b18\";i:1;s:32:\"810f7216b94a7e25a8c78f8e430bead9\";i:2;i:1441052172;i:3;s:32:\"be9e54187683ff0acf1972cc6d89769b\";}}robot_check|i:1441052172;id_robot|s:2:\"17\";mc|a:7:{s:4:\"time\";i:1441052173;s:2:\"id\";i:0;s:2:\"gq\";s:3:\"0=1\";s:2:\"bq\";s:3:\"0=1\";s:2:\"ap\";a:0:{}s:2:\"mb\";a:0:{}s:2:\"mq\";s:3:\"0=1\";}ban|a:5:{s:12:\"last_checked\";i:1441052222;s:9:\"id_member\";i:0;s:2:\"ip\";s:15:\"204.236.226.210\";s:3:\"ip2\";s:0:\"\";s:5:\"email\";s:0:\"\";}log_time|i:1441052222;timeOnlineUpdated|i:1441052174;old_url|s:59:\"http://Forum.Sublime-Voyance.be/index.php/topic,12.new.html\";USER_AGENT|s:11:\"ia_archiver\";forms|a:0:{}'),('mn71dumrq2vjbd7r013doep897',1441176328,'session_value|s:32:\"8067f5089252e0195a924dcd88bdc255\";session_var|s:12:\"d0320997c7d6\";token|a:1:{s:10:\"post-login\";a:4:{i:0;s:8:\"b334b6b6\";i:1;s:32:\"2b77112304c38688cc89124c4d4165d3\";i:2;i:1441176304;i:3;s:32:\"4198be0250a61673e7874302cbdd301d\";}}robot_check|i:1441176304;id_robot|s:2:\"17\";mc|a:7:{s:4:\"time\";i:1441176304;s:2:\"id\";i:0;s:2:\"gq\";s:3:\"0=1\";s:2:\"bq\";s:3:\"0=1\";s:2:\"ap\";a:0:{}s:2:\"mb\";a:0:{}s:2:\"mq\";s:3:\"0=1\";}ban|a:5:{s:12:\"last_checked\";i:1441176328;s:9:\"id_member\";i:0;s:2:\"ip\";s:15:\"204.236.226.210\";s:3:\"ip2\";s:0:\"\";s:5:\"email\";s:0:\"\";}log_time|i:1441176328;timeOnlineUpdated|i:1441176305;forms|a:0:{}old_url|s:61:\"http://Forum.Sublime-Voyance.be/index.php/topic,34.msg49.html\";USER_AGENT|s:11:\"ia_archiver\";'),('mot55f21ng5m1igt6ft3fpo7l4',1441302626,'session_value|s:32:\"cfcd745c035e1aaf698f772a30e92cf2\";session_var|s:10:\"a20f2b09ab\";token|a:1:{s:10:\"post-login\";a:4:{i:0;s:9:\"a8ec2fe1a\";i:1;s:32:\"2c422dfbef9e149f70450829f52bb05b\";i:2;i:1441302626;i:3;s:32:\"7f98ce20a32df8559200f5703238360f\";}}robot_check|i:1441302626;mc|a:7:{s:4:\"time\";i:1441302626;s:2:\"id\";i:0;s:2:\"gq\";s:3:\"0=1\";s:2:\"bq\";s:3:\"0=1\";s:2:\"ap\";a:0:{}s:2:\"mb\";a:0:{}s:2:\"mq\";s:3:\"0=1\";}ban|a:5:{s:12:\"last_checked\";i:1441302626;s:9:\"id_member\";i:0;s:2:\"ip\";s:12:\"157.55.39.79\";s:3:\"ip2\";s:0:\"\";s:5:\"email\";s:0:\"\";}log_time|i:1441302626;timeOnlineUpdated|i:1441302626;last_read_topic|i:17;forms|a:0:{}old_url|s:61:\"http://Forum.Sublime-Voyance.be/index.php/topic,17.msg24.html\";USER_AGENT|s:71:\"Mozilla/5.0 (compatible; bingbot/2.0; +http://www.bing.com/bingbot.htm)\";'),('mp1jda42dt0pb05jn9scnb5664',1440961084,'session_value|s:32:\"07da93417d3ed03b60a5e2983769adaf\";session_var|s:10:\"a98631b8c1\";token|a:1:{s:10:\"post-login\";a:4:{i:0;s:7:\"eab4ba8\";i:1;s:32:\"65e0a55ef19f4ce6cae04ae9481815c6\";i:2;i:1440961084;i:3;s:32:\"fdc80d1bf30e2604518af0cae5573ee1\";}}robot_check|i:1440961084;mc|a:7:{s:4:\"time\";i:1440961084;s:2:\"id\";i:0;s:2:\"gq\";s:3:\"0=1\";s:2:\"bq\";s:3:\"0=1\";s:2:\"ap\";a:0:{}s:2:\"mb\";a:0:{}s:2:\"mq\";s:3:\"0=1\";}ban|a:5:{s:12:\"last_checked\";i:1440961084;s:9:\"id_member\";i:0;s:2:\"ip\";s:13:\"151.80.31.133\";s:3:\"ip2\";s:0:\"\";s:5:\"email\";s:0:\"\";}log_time|i:1440961084;timeOnlineUpdated|i:1440961084;old_url|s:51:\"http://Forum.Sublime-Voyance.be/index.php?board=1.0\";USER_AGENT|s:66:\"Mozilla/5.0 (compatible; AhrefsBot/5.0; +http://ahrefs.com/robot/)\";'),('mpjedf93afoqmgau9ujhr8une6',1441053532,'session_value|s:32:\"32f0e3d46197fe24fabb32a209fe221e\";session_var|s:12:\"e1cf895dd659\";token|a:1:{s:10:\"post-login\";a:4:{i:0;s:9:\"dba5b50b8\";i:1;s:32:\"136a70093dbcaeadd0da3238e7f206b7\";i:2;i:1441053532;i:3;s:32:\"7e7e9c5ad0131536a091d84a4eaf02d9\";}}robot_check|i:1441053532;mc|a:7:{s:4:\"time\";i:1441053532;s:2:\"id\";i:0;s:2:\"gq\";s:3:\"0=1\";s:2:\"bq\";s:3:\"0=1\";s:2:\"ap\";a:0:{}s:2:\"mb\";a:0:{}s:2:\"mq\";s:3:\"0=1\";}ban|a:5:{s:12:\"last_checked\";i:1441053532;s:9:\"id_member\";i:0;s:2:\"ip\";s:13:\"151.80.31.133\";s:3:\"ip2\";s:0:\"\";s:5:\"email\";s:0:\"\";}log_time|i:1441053532;timeOnlineUpdated|i:1441053532;expanded_stats|a:1:{i:2015;a:1:{i:0;i:8;}}old_url|s:68:\"http://Forum.Sublime-Voyance.be/index.php?action=stats;expand=201508\";USER_AGENT|s:66:\"Mozilla/5.0 (compatible; AhrefsBot/5.0; +http://ahrefs.com/robot/)\";'),('mqddradkc46uh3p6oidolj32j4',1441016685,'session_value|s:32:\"14be7d974b3bb4f8f98382112684a9e5\";session_var|s:8:\"b5ec1b7b\";token|a:1:{s:10:\"post-login\";a:4:{i:0;s:8:\"d81d4e44\";i:1;s:32:\"8939ee3a6d9b587f981413b7bcafeeb6\";i:2;i:1441016685;i:3;s:32:\"310cb98a3211f32563b9159a9d005f0e\";}}robot_check|i:1441016685;mc|a:7:{s:4:\"time\";i:1441016685;s:2:\"id\";i:0;s:2:\"gq\";s:3:\"0=1\";s:2:\"bq\";s:3:\"0=1\";s:2:\"ap\";a:0:{}s:2:\"mb\";a:0:{}s:2:\"mq\";s:3:\"0=1\";}ban|a:5:{s:12:\"last_checked\";i:1441016685;s:9:\"id_member\";i:0;s:2:\"ip\";s:13:\"151.80.31.133\";s:3:\"ip2\";s:0:\"\";s:5:\"email\";s:0:\"\";}log_time|i:1441016685;timeOnlineUpdated|i:1441016685;last_read_topic|i:32;forms|a:0:{}old_url|s:57:\"http://Forum.Sublime-Voyance.be/index.php/topic,32.0.html\";USER_AGENT|s:66:\"Mozilla/5.0 (compatible; AhrefsBot/5.0; +http://ahrefs.com/robot/)\";'),('mthd6l2p5s3uhdtnk00clnf2r3',1441154393,'session_value|s:32:\"c4d6dac3ae204425dcaeb8ec786227d7\";session_var|s:12:\"edb262cd7089\";token|a:1:{s:10:\"post-login\";a:4:{i:0;s:11:\"fbad06fd7fe\";i:1;s:32:\"ad9b8af8980a2253e270387fefd22ae6\";i:2;i:1441154389;i:3;s:32:\"feb6d40eab7044a6cd0a92e35e0ef743\";}}robot_check|i:1441154389;id_robot|s:2:\"17\";mc|a:7:{s:4:\"time\";i:1441154389;s:2:\"id\";i:0;s:2:\"gq\";s:3:\"0=1\";s:2:\"bq\";s:3:\"0=1\";s:2:\"ap\";a:0:{}s:2:\"mb\";a:0:{}s:2:\"mq\";s:3:\"0=1\";}ban|a:5:{s:12:\"last_checked\";i:1441154393;s:9:\"id_member\";i:0;s:2:\"ip\";s:15:\"204.236.226.210\";s:3:\"ip2\";s:0:\"\";s:5:\"email\";s:0:\"\";}log_time|i:1441154391;timeOnlineUpdated|i:1441154391;forms|a:0:{}old_url|s:57:\"http://Forum.Sublime-Voyance.be/index.php/topic,44.0.html\";USER_AGENT|s:11:\"ia_archiver\";'),('n0a1pj5hmuihu71idm2aomd634',1440871807,'session_value|s:32:\"3131efb511dc39e0178f29fd5c6dd793\";session_var|s:8:\"b0b9c367\";token|a:1:{s:10:\"post-login\";a:4:{i:0;s:8:\"cc5a6b53\";i:1;s:32:\"70faf87a78e7ef836dfecfb7581155b5\";i:2;i:1440871802;i:3;s:32:\"dd1876990c49ab209b5bba2d64f7c0ed\";}}robot_check|i:1440871802;mc|a:7:{s:4:\"time\";i:1440871802;s:2:\"id\";i:0;s:2:\"gq\";s:3:\"0=1\";s:2:\"bq\";s:3:\"0=1\";s:2:\"ap\";a:0:{}s:2:\"mb\";a:0:{}s:2:\"mq\";s:3:\"0=1\";}ban|a:5:{s:12:\"last_checked\";i:1440871802;s:9:\"id_member\";i:0;s:2:\"ip\";s:13:\"151.80.31.133\";s:3:\"ip2\";s:0:\"\";s:5:\"email\";s:0:\"\";}log_time|i:1440871807;timeOnlineUpdated|i:1440871807;last_read_topic|i:12;forms|a:0:{}old_url|s:71:\"http://Forum.Sublime-Voyance.be/index.php/topic,12.msg56/topicseen.html\";USER_AGENT|s:66:\"Mozilla/5.0 (compatible; AhrefsBot/5.0; +http://ahrefs.com/robot/)\";'),('n3oieajpb83jn1g2i6ksaegd46',1441313161,'session_value|s:32:\"45fe6eb88ba6ec6872842692c1959b39\";session_var|s:10:\"d0a967e2c7\";token|a:1:{s:10:\"post-login\";a:4:{i:0;s:12:\"f63f1cf6b421\";i:1;s:32:\"f847dc712c0d5b67eb9f895da528483d\";i:2;i:1441313159;i:3;s:32:\"f413549741660724748745a3d3ff54b0\";}}robot_check|i:1441313159;mc|a:7:{s:4:\"time\";i:1441313159;s:2:\"id\";i:0;s:2:\"gq\";s:3:\"0=1\";s:2:\"bq\";s:3:\"0=1\";s:2:\"ap\";a:0:{}s:2:\"mb\";a:0:{}s:2:\"mq\";s:3:\"0=1\";}ban|a:5:{s:12:\"last_checked\";i:1441313160;s:9:\"id_member\";i:0;s:2:\"ip\";s:14:\"188.165.15.196\";s:3:\"ip2\";s:0:\"\";s:5:\"email\";s:0:\"\";}log_time|i:1441313160;timeOnlineUpdated|i:1441313160;last_read_topic|i:16;forms|a:0:{}old_url|s:61:\"http://Forum.Sublime-Voyance.be/index.php/topic,16.msg22.html\";USER_AGENT|s:66:\"Mozilla/5.0 (compatible; AhrefsBot/5.0; +http://ahrefs.com/robot/)\";'),('n6l4etq340i9f98fh9blf39vr2',1441288938,'session_value|s:32:\"e46bd3e2740772e1074b10d20f2708c4\";session_var|s:9:\"aa99326ff\";token|a:1:{s:10:\"post-login\";a:4:{i:0;s:7:\"dd27485\";i:1;s:32:\"bffd86ae0cb9a5a579388a0267919698\";i:2;i:1441288938;i:3;s:32:\"c1be7ed7aff25c03337d6c9ada9f5ae5\";}}robot_check|i:1441288938;mc|a:7:{s:4:\"time\";i:1441288938;s:2:\"id\";i:0;s:2:\"gq\";s:3:\"0=1\";s:2:\"bq\";s:3:\"0=1\";s:2:\"ap\";a:0:{}s:2:\"mb\";a:0:{}s:2:\"mq\";s:3:\"0=1\";}ban|a:5:{s:12:\"last_checked\";i:1441288938;s:9:\"id_member\";i:0;s:2:\"ip\";s:14:\"188.165.15.196\";s:3:\"ip2\";s:0:\"\";s:5:\"email\";s:0:\"\";}log_time|i:1441288938;timeOnlineUpdated|i:1441288938;old_url|s:69:\"http://Forum.Sublime-Voyance.be/index.php/board,1.0/sort,subject.html\";USER_AGENT|s:66:\"Mozilla/5.0 (compatible; AhrefsBot/5.0; +http://ahrefs.com/robot/)\";'),('nii3hrrp13r50tkc8v0h12d2n0',1441348814,'session_value|s:32:\"3e9ba2c19795c228920adae89304f72b\";session_var|s:12:\"c897805d05ee\";token|a:1:{s:10:\"post-login\";a:4:{i:0;s:10:\"cbc765f7b8\";i:1;s:32:\"348449cc925dc0b1b3af098cc6f75c0d\";i:2;i:1441348604;i:3;s:32:\"f7ef0f81c1d80a4b9f8755069df2571a\";}}robot_check|i:1441348604;id_robot|s:2:\"17\";mc|a:7:{s:4:\"time\";i:1441348604;s:2:\"id\";i:0;s:2:\"gq\";s:3:\"0=1\";s:2:\"bq\";s:3:\"0=1\";s:2:\"ap\";a:0:{}s:2:\"mb\";a:0:{}s:2:\"mq\";s:3:\"0=1\";}ban|a:5:{s:12:\"last_checked\";i:1441348813;s:9:\"id_member\";i:0;s:2:\"ip\";s:15:\"204.236.226.210\";s:3:\"ip2\";s:0:\"\";s:5:\"email\";s:0:\"\";}log_time|i:1441348814;timeOnlineUpdated|i:1441348610;old_url|s:62:\"http://Forum.Sublime-Voyance.be/index.php?board=1.0;sort=views\";USER_AGENT|s:11:\"ia_archiver\";forms|a:0:{}'),('nisen31ahe5bj5bgqahmhjk4o7',1441296602,'session_value|s:32:\"0c6edaf23e9f379f48a231613eabe741\";session_var|s:10:\"ae0c65d407\";token|a:1:{s:10:\"post-login\";a:4:{i:0;s:9:\"f5dedb034\";i:1;s:32:\"44bd36d42754fb1dfd850284b14664a1\";i:2;i:1441296601;i:3;s:32:\"02d21661e02f4c6c021c0689e85f1901\";}}robot_check|i:1441296601;mc|a:7:{s:4:\"time\";i:1441296601;s:2:\"id\";i:0;s:2:\"gq\";s:3:\"0=1\";s:2:\"bq\";s:3:\"0=1\";s:2:\"ap\";a:0:{}s:2:\"mb\";a:0:{}s:2:\"mq\";s:3:\"0=1\";}ban|a:5:{s:12:\"last_checked\";i:1441296601;s:9:\"id_member\";i:0;s:2:\"ip\";s:12:\"207.46.13.55\";s:3:\"ip2\";s:0:\"\";s:5:\"email\";s:0:\"\";}log_time|i:1441296601;timeOnlineUpdated|i:1441296601;old_url|s:51:\"http://Forum.Sublime-Voyance.be/index.php?board=9.0\";USER_AGENT|s:71:\"Mozilla/5.0 (compatible; bingbot/2.0; +http://www.bing.com/bingbot.htm)\";'),('nn6ed17r3g551i6t8fh3ag2d27',1440785623,'session_value|s:32:\"4746cdbf8aed71b6714dda01b6f0796d\";session_var|s:7:\"b4b9dff\";token|a:1:{s:10:\"post-login\";a:4:{i:0;s:10:\"fd02899f1e\";i:1;s:32:\"95881e207a3cf820d6e5eca8a5a1276a\";i:2;i:1440785623;i:3;s:32:\"4d22f4be623a34e19df66b65a0fac05b\";}}robot_check|i:1440785623;old_url|s:48:\"http://Forum.Sublime-Voyance.be/index.php?msg=47\";USER_AGENT|s:66:\"Mozilla/5.0 (compatible; AhrefsBot/5.0; +http://ahrefs.com/robot/)\";'),('nsmkbqqgadu9b4ij30kcu14jb0',1441135885,'session_value|s:32:\"fce4e57a781bfc0777c554ce385c28e1\";session_var|s:9:\"edc2d55a7\";token|a:1:{s:10:\"post-login\";a:4:{i:0;s:11:\"b0d7b6e425d\";i:1;s:32:\"c4e226c7ca36d02f43e22bf6bce99cd2\";i:2;i:1441135884;i:3;s:32:\"e09be2cbc019042e6078623b4265881d\";}}robot_check|i:1441135884;id_robot|s:1:\"1\";mc|a:7:{s:4:\"time\";i:1441135884;s:2:\"id\";i:0;s:2:\"gq\";s:3:\"0=1\";s:2:\"bq\";s:3:\"0=1\";s:2:\"ap\";a:0:{}s:2:\"mb\";a:0:{}s:2:\"mq\";s:3:\"0=1\";}ban|a:5:{s:12:\"last_checked\";i:1441135884;s:9:\"id_member\";i:0;s:2:\"ip\";s:13:\"66.249.78.146\";s:3:\"ip2\";s:0:\"\";s:5:\"email\";s:0:\"\";}log_time|i:1441135885;timeOnlineUpdated|i:1441135885;forms|a:0:{}old_url|s:61:\"http://Forum.Sublime-Voyance.be/index.php/topic,42.msg68.html\";USER_AGENT|s:72:\"Mozilla/5.0 (compatible; Googlebot/2.1; +http://www.google.com/bot.html)\";'),('o1bd33p4pdkvutq6viics015c1',1441302628,'session_value|s:32:\"5f99ab52aff9b18fa229091bf8b5996d\";session_var|s:12:\"e011dcaed214\";token|a:1:{s:10:\"post-login\";a:4:{i:0;s:11:\"e6494452972\";i:1;s:32:\"c62ec213a767a955dc6e9259a6528cd8\";i:2;i:1441302628;i:3;s:32:\"c3ff4b8106cd15574ff2ccd051b983d2\";}}robot_check|i:1441302628;mc|a:7:{s:4:\"time\";i:1441302628;s:2:\"id\";i:0;s:2:\"gq\";s:3:\"0=1\";s:2:\"bq\";s:3:\"0=1\";s:2:\"ap\";a:0:{}s:2:\"mb\";a:0:{}s:2:\"mq\";s:3:\"0=1\";}ban|a:5:{s:12:\"last_checked\";i:1441302628;s:9:\"id_member\";i:0;s:2:\"ip\";s:12:\"157.55.39.79\";s:3:\"ip2\";s:0:\"\";s:5:\"email\";s:0:\"\";}log_time|i:1441302628;timeOnlineUpdated|i:1441302628;last_read_topic|i:12;forms|a:0:{}old_url|s:61:\"http://Forum.Sublime-Voyance.be/index.php/topic,12.msg18.html\";USER_AGENT|s:71:\"Mozilla/5.0 (compatible; bingbot/2.0; +http://www.bing.com/bingbot.htm)\";'),('o5l6br67f5fu90samepele3vs7',1441115244,'session_value|s:32:\"e7909c12814e558cc34ba9000843d283\";session_var|s:7:\"e4402b3\";token|a:1:{s:10:\"post-login\";a:4:{i:0;s:11:\"a988558191c\";i:1;s:32:\"039b1324064d2fe94ef0838e143b8685\";i:2;i:1441115243;i:3;s:32:\"621b829ee4c2c8f0fd1b75b43d113eeb\";}}robot_check|i:1441115243;mc|a:7:{s:4:\"time\";i:1441115243;s:2:\"id\";i:0;s:2:\"gq\";s:3:\"0=1\";s:2:\"bq\";s:3:\"0=1\";s:2:\"ap\";a:0:{}s:2:\"mb\";a:0:{}s:2:\"mq\";s:3:\"0=1\";}ban|a:5:{s:12:\"last_checked\";i:1441115243;s:9:\"id_member\";i:0;s:2:\"ip\";s:11:\"85.26.2.106\";s:3:\"ip2\";s:0:\"\";s:5:\"email\";s:0:\"\";}log_time|i:1441115243;timeOnlineUpdated|i:1441115243;old_url|s:32:\"http://Forum.Sublime-Voyance.be/\";USER_AGENT|s:102:\"Mozilla/5.0 (Windows NT 6.1) AppleWebKit/537.36 (KHTML, like Gecko) Chrome/44.0.2403.157 Safari/537.36\";'),('odvbgcndcvf2c1fstqhbmlto63',1441058793,'session_value|s:32:\"5b6a9d530ef5b5e42b698afe92b5e0f1\";session_var|s:9:\"c6453fa87\";token|a:1:{s:10:\"post-login\";a:4:{i:0;s:12:\"ef5ad5967511\";i:1;s:32:\"a62ee9ba57fb3a9332914850cf27beaa\";i:2;i:1441058792;i:3;s:32:\"c07a49d13c9e852bb73b97bae1fbe8fa\";}}robot_check|i:1441058792;mc|a:7:{s:4:\"time\";i:1441058792;s:2:\"id\";i:0;s:2:\"gq\";s:3:\"0=1\";s:2:\"bq\";s:3:\"0=1\";s:2:\"ap\";a:0:{}s:2:\"mb\";a:0:{}s:2:\"mq\";s:3:\"0=1\";}ban|a:5:{s:12:\"last_checked\";i:1441058792;s:9:\"id_member\";i:0;s:2:\"ip\";s:13:\"151.80.31.133\";s:3:\"ip2\";s:0:\"\";s:5:\"email\";s:0:\"\";}log_time|i:1441058793;timeOnlineUpdated|i:1441058792;login_url|s:60:\"http://Forum.Sublime-Voyance.be/index.php?action=profile;u=6\";old_url|s:60:\"http://Forum.Sublime-Voyance.be/index.php?action=profile;u=6\";USER_AGENT|s:66:\"Mozilla/5.0 (compatible; AhrefsBot/5.0; +http://ahrefs.com/robot/)\";'),('oeh9ee77puer3laildjvg8nfq4',1440770060,'session_value|s:32:\"e986f81c9ecbb1e3f6824d9ce48a6b5d\";session_var|s:12:\"ff197ef333ef\";token|a:1:{s:10:\"post-login\";a:4:{i:0;s:12:\"c278e84658ad\";i:1;s:32:\"dcb488a52a7203963792910d64655471\";i:2;i:1440770045;i:3;s:32:\"a23918c1eec47f977a150feb898f5f36\";}}robot_check|i:1440770045;mc|a:7:{s:4:\"time\";i:1440770045;s:2:\"id\";i:0;s:2:\"gq\";s:3:\"0=1\";s:2:\"bq\";s:3:\"0=1\";s:2:\"ap\";a:0:{}s:2:\"mb\";a:0:{}s:2:\"mq\";s:3:\"0=1\";}ban|a:5:{s:12:\"last_checked\";i:1440770060;s:9:\"id_member\";i:0;s:2:\"ip\";s:14:\"85.201.177.181\";s:3:\"ip2\";s:0:\"\";s:5:\"email\";s:0:\"\";}log_time|i:1440770060;timeOnlineUpdated|i:1440770045;old_url|s:60:\"http://Forum.Sublime-Voyance.be/index.php?action=profile;u=3\";USER_AGENT|s:109:\"Mozilla/5.0 (Windows NT 6.1; WOW64) AppleWebKit/537.36 (KHTML, like Gecko) Chrome/44.0.2403.157 Safari/537.36\";login_url|s:60:\"http://Forum.Sublime-Voyance.be/index.php?action=profile;u=3\";'),('oieq22isk787l0gnt3sucrvj13',1441296584,'session_value|s:32:\"4215d90c30a5f91d62c1ef1e1086552f\";session_var|s:7:\"a65f858\";token|a:1:{s:10:\"post-login\";a:4:{i:0;s:9:\"f662a7c1f\";i:1;s:32:\"617497c884d64876f38e2d8537986099\";i:2;i:1441296583;i:3;s:32:\"b321b50c5814dc15bc6ac5684ddc5bcc\";}}robot_check|i:1441296584;mc|a:7:{s:4:\"time\";i:1441296584;s:2:\"id\";i:0;s:2:\"gq\";s:3:\"0=1\";s:2:\"bq\";s:3:\"0=1\";s:2:\"ap\";a:0:{}s:2:\"mb\";a:0:{}s:2:\"mq\";s:3:\"0=1\";}ban|a:5:{s:12:\"last_checked\";i:1441296584;s:9:\"id_member\";i:0;s:2:\"ip\";s:13:\"157.55.39.128\";s:3:\"ip2\";s:0:\"\";s:5:\"email\";s:0:\"\";}log_time|i:1441296584;timeOnlineUpdated|i:1441296584;old_url|s:56:\"http://Forum.Sublime-Voyance.be/index.php/board,2.0.html\";USER_AGENT|s:71:\"Mozilla/5.0 (compatible; bingbot/2.0; +http://www.bing.com/bingbot.htm)\";'),('ola2ektnku4mvf6h71f33ofgf1',1440933890,'session_value|s:32:\"9db86a8d345d5ba4542b17d7575e3da4\";session_var|s:8:\"d5d8e88c\";token|a:1:{s:10:\"post-login\";a:4:{i:0;s:9:\"f595358ec\";i:1;s:32:\"12532cac942345f6c62347354bf1d687\";i:2;i:1440933890;i:3;s:32:\"be94320247c962f8576c25bc6a2d8151\";}}robot_check|i:1440933890;id_robot|s:1:\"1\";mc|a:7:{s:4:\"time\";i:1440933890;s:2:\"id\";i:0;s:2:\"gq\";s:3:\"0=1\";s:2:\"bq\";s:3:\"0=1\";s:2:\"ap\";a:0:{}s:2:\"mb\";a:0:{}s:2:\"mq\";s:3:\"0=1\";}ban|a:5:{s:12:\"last_checked\";i:1440933890;s:9:\"id_member\";i:0;s:2:\"ip\";s:13:\"66.249.78.146\";s:3:\"ip2\";s:0:\"\";s:5:\"email\";s:0:\"\";}log_time|i:1440933890;timeOnlineUpdated|i:1440933890;forms|a:0:{}old_url|s:61:\"http://Forum.Sublime-Voyance.be/index.php/topic,42.msg69.html\";USER_AGENT|s:72:\"Mozilla/5.0 (compatible; Googlebot/2.1; +http://www.google.com/bot.html)\";'),('old2iibnk68ufn5l9mdumabqm1',1441179458,'session_value|s:32:\"99c8995cdd0331369c0a5930caf064f1\";session_var|s:8:\"d9173e13\";token|a:1:{s:10:\"post-login\";a:4:{i:0;s:11:\"d2201240022\";i:1;s:32:\"c7f12c6ce8b39c7782c0d6b333d1895a\";i:2;i:1441179458;i:3;s:32:\"c98d4214ad95c12fa94f32afde534db6\";}}robot_check|i:1441179458;mc|a:7:{s:4:\"time\";i:1441179458;s:2:\"id\";i:0;s:2:\"gq\";s:3:\"0=1\";s:2:\"bq\";s:3:\"0=1\";s:2:\"ap\";a:0:{}s:2:\"mb\";a:0:{}s:2:\"mq\";s:3:\"0=1\";}ban|a:5:{s:12:\"last_checked\";i:1441179458;s:9:\"id_member\";i:0;s:2:\"ip\";s:13:\"151.80.31.133\";s:3:\"ip2\";s:0:\"\";s:5:\"email\";s:0:\"\";}log_time|i:1441179458;timeOnlineUpdated|i:1441179458;old_url|s:51:\"http://Forum.Sublime-Voyance.be/index.php?board=6.0\";USER_AGENT|s:66:\"Mozilla/5.0 (compatible; AhrefsBot/5.0; +http://ahrefs.com/robot/)\";'),('om86ddaqadt0k0ilci2pk1l2s1',1441296628,'session_value|s:32:\"e3c932e0477827f30094607138520179\";session_var|s:7:\"c318b13\";token|a:1:{s:10:\"post-login\";a:4:{i:0;s:9:\"c8b93959b\";i:1;s:32:\"c08909319f76c4bc595d03321ba5976d\";i:2;i:1441296628;i:3;s:32:\"916ff06b7cec1c446eade496de9dc905\";}}robot_check|i:1441296628;mc|a:7:{s:4:\"time\";i:1441296628;s:2:\"id\";i:0;s:2:\"gq\";s:3:\"0=1\";s:2:\"bq\";s:3:\"0=1\";s:2:\"ap\";a:0:{}s:2:\"mb\";a:0:{}s:2:\"mq\";s:3:\"0=1\";}ban|a:5:{s:12:\"last_checked\";i:1441296628;s:9:\"id_member\";i:0;s:2:\"ip\";s:12:\"207.46.13.70\";s:3:\"ip2\";s:0:\"\";s:5:\"email\";s:0:\"\";}log_time|i:1441296628;timeOnlineUpdated|i:1441296628;old_url|s:57:\"http://Forum.Sublime-Voyance.be/index.php/board,10.0.html\";USER_AGENT|s:71:\"Mozilla/5.0 (compatible; bingbot/2.0; +http://www.bing.com/bingbot.htm)\";'),('ophtrvi55bkk5jd16otb0urh36',1441065560,'session_value|s:32:\"24eb22d649daff330353e6acc7de98aa\";session_var|s:12:\"b86a6b56d1dc\";token|a:1:{s:10:\"post-login\";a:4:{i:0;s:12:\"eac56f6c47fb\";i:1;s:32:\"3d4c79c43e7f04f987cd7ff42e5fbad4\";i:2;i:1441065174;i:3;s:32:\"577c3f4fddf506c62832012d3f4c19c3\";}}robot_check|i:1441065560;mc|a:7:{s:4:\"time\";i:1441065174;s:2:\"id\";i:0;s:2:\"gq\";s:3:\"0=1\";s:2:\"bq\";s:3:\"0=1\";s:2:\"ap\";a:0:{}s:2:\"mb\";a:0:{}s:2:\"mq\";s:3:\"0=1\";}ban|a:5:{s:12:\"last_checked\";i:1441065560;s:9:\"id_member\";i:0;s:2:\"ip\";s:15:\"204.236.226.210\";s:3:\"ip2\";s:0:\"\";s:5:\"email\";s:0:\"\";}log_time|i:1441065560;timeOnlineUpdated|i:1441065174;old_url|s:56:\"http://Forum.Sublime-Voyance.be/index.php?topic=44.msg74\";USER_AGENT|s:11:\"ia_archiver\";login_url|s:60:\"http://Forum.Sublime-Voyance.be/index.php?action=profile;u=7\";id_robot|s:2:\"17\";forms|a:0:{}'),('ov0ch744id1d0gd5pp3eb1s645',1441263345,'session_value|s:32:\"17fdfbd8179d1cfed86d9514e41ed98e\";session_var|s:12:\"da16e8026049\";token|a:1:{s:10:\"post-login\";a:4:{i:0;s:12:\"c94812dd5d28\";i:1;s:32:\"fe25402f029b60c88ee0b2336eea4828\";i:2;i:1441263345;i:3;s:32:\"aefe57e9e65bc6f3d3ed14e15092ae09\";}}robot_check|i:1441263345;mc|a:7:{s:4:\"time\";i:1441263345;s:2:\"id\";i:0;s:2:\"gq\";s:3:\"0=1\";s:2:\"bq\";s:3:\"0=1\";s:2:\"ap\";a:0:{}s:2:\"mb\";a:0:{}s:2:\"mq\";s:3:\"0=1\";}log_time|i:1441263345;timeOnlineUpdated|i:1441263345;login_url|s:76:\"http://Forum.Sublime-Voyance.be/index.php/topic,30.msg44.html?action=credits\";old_url|s:76:\"http://Forum.Sublime-Voyance.be/index.php/topic,30.msg44.html?action=credits\";USER_AGENT|s:66:\"Mozilla/5.0 (compatible; AhrefsBot/5.0; +http://ahrefs.com/robot/)\";'),('ov7rljn1maa717ogoog6c5di22',1440897119,'session_value|s:32:\"922dc199963a23cf80b46731b273a4ad\";session_var|s:9:\"d08f528de\";token|a:1:{s:10:\"post-login\";a:4:{i:0;s:11:\"fe5971e7144\";i:1;s:32:\"a11da455feb35d7a7b861c6e0ca41e6b\";i:2;i:1440897117;i:3;s:32:\"af92d451aee510e93457c8ab4f246fa1\";}}robot_check|i:1440897118;id_robot|s:1:\"1\";mc|a:7:{s:4:\"time\";i:1440897118;s:2:\"id\";i:0;s:2:\"gq\";s:3:\"0=1\";s:2:\"bq\";s:3:\"0=1\";s:2:\"ap\";a:0:{}s:2:\"mb\";a:0:{}s:2:\"mq\";s:3:\"0=1\";}ban|a:5:{s:12:\"last_checked\";i:1440897119;s:9:\"id_member\";i:0;s:2:\"ip\";s:13:\"66.249.78.146\";s:3:\"ip2\";s:0:\"\";s:5:\"email\";s:0:\"\";}log_time|i:1440897119;timeOnlineUpdated|i:1440897119;old_url|s:56:\"http://Forum.Sublime-Voyance.be/index.php?action=credits\";USER_AGENT|s:72:\"Mozilla/5.0 (compatible; Googlebot/2.1; +http://www.google.com/bot.html)\";'),('p77k3eleqksi79g353gks0grs1',1441122478,'session_value|s:32:\"db61d5f1d3974c2eb18ee557b32817ad\";session_var|s:12:\"e29dac3fb657\";token|a:1:{s:10:\"post-login\";a:4:{i:0;s:7:\"dce9298\";i:1;s:32:\"2148e13a63c83739e139aa576cce00b9\";i:2;i:1441122478;i:3;s:32:\"7751121f475f97870396ffe1d043bda1\";}}robot_check|i:1441122478;mc|a:7:{s:4:\"time\";i:1441122478;s:2:\"id\";i:0;s:2:\"gq\";s:3:\"0=1\";s:2:\"bq\";s:3:\"0=1\";s:2:\"ap\";a:0:{}s:2:\"mb\";a:0:{}s:2:\"mq\";s:3:\"0=1\";}ban|a:5:{s:12:\"last_checked\";i:1441122478;s:9:\"id_member\";i:0;s:2:\"ip\";s:13:\"151.80.31.133\";s:3:\"ip2\";s:0:\"\";s:5:\"email\";s:0:\"\";}log_time|i:1441122478;timeOnlineUpdated|i:1441122478;old_url|s:57:\"http://Forum.Sublime-Voyance.be/index.php/board,20.0.html\";USER_AGENT|s:66:\"Mozilla/5.0 (compatible; AhrefsBot/5.0; +http://ahrefs.com/robot/)\";'),('pabcfg956pddf2q788s1n7jd74',1441105812,'session_value|s:32:\"05d3e856e10a74884bcafb17ef02df72\";session_var|s:8:\"e21d3789\";token|a:1:{s:10:\"post-login\";a:4:{i:0;s:11:\"a856d3596b2\";i:1;s:32:\"5c3f80cd9c49e39cd49ce1e087233fa8\";i:2;i:1441105811;i:3;s:32:\"47831b01a2b9e0104ab88ada00f0e820\";}}robot_check|i:1441105811;mc|a:7:{s:4:\"time\";i:1441105811;s:2:\"id\";i:0;s:2:\"gq\";s:3:\"0=1\";s:2:\"bq\";s:3:\"0=1\";s:2:\"ap\";a:0:{}s:2:\"mb\";a:0:{}s:2:\"mq\";s:3:\"0=1\";}ban|a:5:{s:12:\"last_checked\";i:1441105811;s:9:\"id_member\";i:0;s:2:\"ip\";s:13:\"151.80.31.133\";s:3:\"ip2\";s:0:\"\";s:5:\"email\";s:0:\"\";}log_time|i:1441105812;timeOnlineUpdated|i:1441105812;last_read_topic|i:21;forms|a:0:{}old_url|s:52:\"http://Forum.Sublime-Voyance.be/index.php?topic=21.0\";USER_AGENT|s:66:\"Mozilla/5.0 (compatible; AhrefsBot/5.0; +http://ahrefs.com/robot/)\";'),('pc2eae1542reabue0ku44d9fj1',1441270678,'session_value|s:32:\"3eb85c13e310709e7cc9fb49bd43c17d\";session_var|s:7:\"e92da04\";token|a:1:{s:10:\"post-login\";a:4:{i:0;s:9:\"fc2a61fbf\";i:1;s:32:\"82011409cde016650de8b3423b8717fa\";i:2;i:1441270654;i:3;s:32:\"39170aa3cec2fa479705890e3114db50\";}}robot_check|i:1441270654;mc|a:7:{s:4:\"time\";i:1441270654;s:2:\"id\";i:0;s:2:\"gq\";s:3:\"0=1\";s:2:\"bq\";s:3:\"0=1\";s:2:\"ap\";a:0:{}s:2:\"mb\";a:0:{}s:2:\"mq\";s:3:\"0=1\";}ban|a:5:{s:12:\"last_checked\";i:1441270676;s:9:\"id_member\";i:0;s:2:\"ip\";s:11:\"85.26.2.106\";s:3:\"ip2\";s:0:\"\";s:5:\"email\";s:0:\"\";}log_time|i:1441270677;timeOnlineUpdated|i:1441270654;old_url|s:92:\"http://Forum.Sublime-Voyance.be/index.php?PHPSESSID=s5qltpsr2t5ueussle3tieuc40&action=search\";USER_AGENT|s:102:\"Mozilla/5.0 (Windows NT 6.1) AppleWebKit/537.36 (KHTML, like Gecko) Chrome/44.0.2403.157 Safari/537.36\";'),('pebs21t0m1mfgeemmlm9q9ovs6',1440898202,'session_value|s:32:\"01abd60aad5847b098e3b8999635e0a7\";session_var|s:9:\"a61c898d6\";token|a:1:{s:10:\"post-login\";a:4:{i:0;s:12:\"b1d5d5aef4a9\";i:1;s:32:\"e29820f9e7ffb91ef7b19732f7fea392\";i:2;i:1440898201;i:3;s:32:\"215cf18fe88233f03e10a00bf55dcbbb\";}}robot_check|i:1440898201;mc|a:7:{s:4:\"time\";i:1440898201;s:2:\"id\";i:0;s:2:\"gq\";s:3:\"0=1\";s:2:\"bq\";s:3:\"0=1\";s:2:\"ap\";a:0:{}s:2:\"mb\";a:0:{}s:2:\"mq\";s:3:\"0=1\";}ban|a:5:{s:12:\"last_checked\";i:1440898201;s:9:\"id_member\";i:0;s:2:\"ip\";s:13:\"151.80.31.133\";s:3:\"ip2\";s:0:\"\";s:5:\"email\";s:0:\"\";}log_time|i:1440898202;timeOnlineUpdated|i:1440898202;last_read_topic|i:12;forms|a:0:{}old_url|s:61:\"http://Forum.Sublime-Voyance.be/index.php/topic,12.msg52.html\";USER_AGENT|s:66:\"Mozilla/5.0 (compatible; AhrefsBot/5.0; +http://ahrefs.com/robot/)\";'),('pefed3p6f93aniv000rqvp6481',1440858026,'session_value|s:32:\"ee2254972882e534c7154a7919f9818a\";session_var|s:10:\"c1bc115f3d\";token|a:1:{s:10:\"post-login\";a:4:{i:0;s:8:\"a769244a\";i:1;s:32:\"b482cdbaff112e84fa40448e952217cb\";i:2;i:1440858026;i:3;s:32:\"e0a545848ec10f86254976d2ddab16df\";}}robot_check|i:1440858026;id_robot|s:1:\"1\";mc|a:7:{s:4:\"time\";i:1440858026;s:2:\"id\";i:0;s:2:\"gq\";s:3:\"0=1\";s:2:\"bq\";s:3:\"0=1\";s:2:\"ap\";a:0:{}s:2:\"mb\";a:0:{}s:2:\"mq\";s:3:\"0=1\";}ban|a:5:{s:12:\"last_checked\";i:1440858026;s:9:\"id_member\";i:0;s:2:\"ip\";s:13:\"66.249.78.160\";s:3:\"ip2\";s:0:\"\";s:5:\"email\";s:0:\"\";}log_time|i:1440858026;timeOnlineUpdated|i:1440858026;old_url|s:52:\"http://Forum.Sublime-Voyance.be/index.php?board=15.0\";USER_AGENT|s:194:\"Mozilla/5.0 (iPhone; CPU iPhone OS 8_3 like Mac OS X) AppleWebKit/600.1.4 (KHTML, like Gecko) Version/8.0 Mobile/12F70 Safari/600.1.4 (compatible; Googlebot/2.1; +http://www.google.com/bot.html)\";'),('pgohiq1ecqus83rp9ajftaq5o3',1441296604,'session_value|s:32:\"cc5e6277459c38af261c75835a49ff0d\";session_var|s:12:\"a0ccf0bc2a10\";token|a:1:{s:10:\"post-login\";a:4:{i:0;s:7:\"c973391\";i:1;s:32:\"8b83868538e0f44f6b6594ceb0291ae2\";i:2;i:1441296604;i:3;s:32:\"65c44f3c01ca3f25630f2cb5e32a53e2\";}}robot_check|i:1441296604;mc|a:7:{s:4:\"time\";i:1441296604;s:2:\"id\";i:0;s:2:\"gq\";s:3:\"0=1\";s:2:\"bq\";s:3:\"0=1\";s:2:\"ap\";a:0:{}s:2:\"mb\";a:0:{}s:2:\"mq\";s:3:\"0=1\";}ban|a:5:{s:12:\"last_checked\";i:1441296604;s:9:\"id_member\";i:0;s:2:\"ip\";s:12:\"207.46.13.55\";s:3:\"ip2\";s:0:\"\";s:5:\"email\";s:0:\"\";}log_time|i:1441296604;timeOnlineUpdated|i:1441296604;old_url|s:56:\"http://Forum.Sublime-Voyance.be/index.php/board,7.0.html\";USER_AGENT|s:71:\"Mozilla/5.0 (compatible; bingbot/2.0; +http://www.bing.com/bingbot.htm)\";'),('pk1hucs36lgj0f656o45oo0cd6',1440994220,'session_value|s:32:\"1f0c770fc4ef3a8ba551c1e8c44617d8\";session_var|s:10:\"d33ceecd4a\";token|a:1:{s:10:\"post-login\";a:4:{i:0;s:9:\"cef1399d2\";i:1;s:32:\"78d88462f1e85ad41001d00ca32d15c7\";i:2;i:1440994219;i:3;s:32:\"25d1a017568321e15013b9fbf653f7a6\";}}robot_check|i:1440994219;id_robot|s:1:\"1\";language|s:7:\"english\";mc|a:7:{s:4:\"time\";i:1440994219;s:2:\"id\";i:0;s:2:\"gq\";s:3:\"0=1\";s:2:\"bq\";s:3:\"0=1\";s:2:\"ap\";a:0:{}s:2:\"mb\";a:0:{}s:2:\"mq\";s:3:\"0=1\";}ban|a:5:{s:12:\"last_checked\";i:1440994219;s:9:\"id_member\";i:0;s:2:\"ip\";s:13:\"66.249.78.160\";s:3:\"ip2\";s:0:\"\";s:5:\"email\";s:0:\"\";}log_time|i:1440994220;timeOnlineUpdated|i:1440994220;old_url|s:58:\"http://Forum.Sublime-Voyance.be/index.php?language=english\";USER_AGENT|s:72:\"Mozilla/5.0 (compatible; Googlebot/2.1; +http://www.google.com/bot.html)\";'),('podl953ajam2p3lb88l8nl91t7',1441022060,'session_value|s:32:\"19ec0f43e49e52fd8edf09732ea8208a\";session_var|s:10:\"d7c4026085\";token|a:1:{s:10:\"post-login\";a:4:{i:0;s:10:\"fd14571ee4\";i:1;s:32:\"b4cdb3e0cfd7b3d8515b3b03124df8f1\";i:2;i:1441022060;i:3;s:32:\"912edd63c4648674d96d5944e0cf5788\";}}robot_check|i:1441022060;old_url|s:48:\"http://Forum.Sublime-Voyance.be/index.php?msg=36\";USER_AGENT|s:66:\"Mozilla/5.0 (compatible; AhrefsBot/5.0; +http://ahrefs.com/robot/)\";'),('ptpisin0vjvp8otl5ht6esl4r7',1441296587,'session_value|s:32:\"66a9fd10d6cca2c3cc97109f1c59cfab\";session_var|s:12:\"c18e51ccdaf5\";token|a:1:{s:10:\"post-login\";a:4:{i:0;s:8:\"e3c3fce5\";i:1;s:32:\"cee8202e09ea14b67b5b37a081ce8888\";i:2;i:1441296586;i:3;s:32:\"bd1592f9657966f0d52070d578ed6442\";}}robot_check|i:1441296586;mc|a:7:{s:4:\"time\";i:1441296586;s:2:\"id\";i:0;s:2:\"gq\";s:3:\"0=1\";s:2:\"bq\";s:3:\"0=1\";s:2:\"ap\";a:0:{}s:2:\"mb\";a:0:{}s:2:\"mq\";s:3:\"0=1\";}ban|a:5:{s:12:\"last_checked\";i:1441296586;s:9:\"id_member\";i:0;s:2:\"ip\";s:13:\"157.55.39.128\";s:3:\"ip2\";s:0:\"\";s:5:\"email\";s:0:\"\";}log_time|i:1441296587;timeOnlineUpdated|i:1441296587;old_url|s:55:\"http://Forum.Sublime-Voyance.be/index.php?action=search\";USER_AGENT|s:71:\"Mozilla/5.0 (compatible; bingbot/2.0; +http://www.bing.com/bingbot.htm)\";'),('ptqgd4dboo85bkajt6idvqv6h4',1440804630,'session_value|s:32:\"5b9758ef513ec0b4a2367af043d20e1e\";session_var|s:8:\"a3f326d4\";token|a:1:{s:10:\"post-login\";a:4:{i:0;s:12:\"c3eb1381f328\";i:1;s:32:\"2c1cbb5ea7a83b733d9c417b7fe3b1d9\";i:2;i:1440804630;i:3;s:32:\"f31fe0bc2548999f9010d8f34e251890\";}}robot_check|i:1440804630;mc|a:7:{s:4:\"time\";i:1440804630;s:2:\"id\";i:0;s:2:\"gq\";s:3:\"0=1\";s:2:\"bq\";s:3:\"0=1\";s:2:\"ap\";a:0:{}s:2:\"mb\";a:0:{}s:2:\"mq\";s:3:\"0=1\";}ban|a:5:{s:12:\"last_checked\";i:1440804630;s:9:\"id_member\";i:0;s:2:\"ip\";s:13:\"151.80.31.133\";s:3:\"ip2\";s:0:\"\";s:5:\"email\";s:0:\"\";}log_time|i:1440804630;timeOnlineUpdated|i:1440804630;last_read_topic|i:6;forms|a:0:{}old_url|s:51:\"http://Forum.Sublime-Voyance.be/index.php?topic=6.0\";USER_AGENT|s:66:\"Mozilla/5.0 (compatible; AhrefsBot/5.0; +http://ahrefs.com/robot/)\";'),('qcvoif3jj72pcecste4sjbv304',1440998437,'session_value|s:32:\"90f9b5ac49d7fe0c10033c3a8266b3fd\";session_var|s:8:\"da829767\";token|a:1:{s:10:\"post-login\";a:4:{i:0;s:10:\"ee0a60c074\";i:1;s:32:\"c452b24f50c1cac658cc6e8babcd5787\";i:2;i:1440998437;i:3;s:32:\"ee0a8b1d2d0bc171839aa2c6c73a41d3\";}}robot_check|i:1440998437;id_robot|s:1:\"1\";mc|a:7:{s:4:\"time\";i:1440998437;s:2:\"id\";i:0;s:2:\"gq\";s:3:\"0=1\";s:2:\"bq\";s:3:\"0=1\";s:2:\"ap\";a:0:{}s:2:\"mb\";a:0:{}s:2:\"mq\";s:3:\"0=1\";}ban|a:5:{s:12:\"last_checked\";i:1440998437;s:9:\"id_member\";i:0;s:2:\"ip\";s:13:\"66.249.78.153\";s:3:\"ip2\";s:0:\"\";s:5:\"email\";s:0:\"\";}log_time|i:1440998437;timeOnlineUpdated|i:1440998437;forms|a:0:{}old_url|s:61:\"http://Forum.Sublime-Voyance.be/index.php/topic,43.msg70.html\";USER_AGENT|s:72:\"Mozilla/5.0 (compatible; Googlebot/2.1; +http://www.google.com/bot.html)\";'),('qfq4leroudpf7nu4ltm7k4kru6',1441146692,'session_value|s:32:\"a7afa3eb7126bd378c11c335af5b9697\";session_var|s:12:\"a152f588a75e\";token|a:1:{s:10:\"post-login\";a:4:{i:0;s:12:\"c93a8babcc78\";i:1;s:32:\"c3e563e5eca5c3aa535ba0a4a0c8d434\";i:2;i:1441146691;i:3;s:32:\"3266e1c7f09d4e9247bb2ecf40662b6b\";}}robot_check|i:1441146691;mc|a:7:{s:4:\"time\";i:1441146691;s:2:\"id\";i:0;s:2:\"gq\";s:3:\"0=1\";s:2:\"bq\";s:3:\"0=1\";s:2:\"ap\";a:0:{}s:2:\"mb\";a:0:{}s:2:\"mq\";s:3:\"0=1\";}ban|a:5:{s:12:\"last_checked\";i:1441146691;s:9:\"id_member\";i:0;s:2:\"ip\";s:13:\"151.80.31.133\";s:3:\"ip2\";s:0:\"\";s:5:\"email\";s:0:\"\";}log_time|i:1441146692;timeOnlineUpdated|i:1441146692;last_read_topic|i:18;forms|a:0:{}old_url|s:52:\"http://Forum.Sublime-Voyance.be/index.php?topic=18.0\";USER_AGENT|s:66:\"Mozilla/5.0 (compatible; AhrefsBot/5.0; +http://ahrefs.com/robot/)\";'),('qhoigd36btil3e7s5bqmhdici6',1441232528,'session_value|s:32:\"bed4e46632a6a489db415683ae4e44e0\";session_var|s:10:\"a12af807bd\";token|a:1:{s:10:\"post-login\";a:4:{i:0;s:9:\"ea6367d40\";i:1;s:32:\"9367234680d0780029f42f2efb72bced\";i:2;i:1441232528;i:3;s:32:\"deebeb1d383fb214f00b659d8ae28590\";}}robot_check|i:1441232528;mc|a:7:{s:4:\"time\";i:1441232528;s:2:\"id\";i:0;s:2:\"gq\";s:3:\"0=1\";s:2:\"bq\";s:3:\"0=1\";s:2:\"ap\";a:0:{}s:2:\"mb\";a:0:{}s:2:\"mq\";s:3:\"0=1\";}ban|a:5:{s:12:\"last_checked\";i:1441232528;s:9:\"id_member\";i:0;s:2:\"ip\";s:14:\"188.165.15.196\";s:3:\"ip2\";s:0:\"\";s:5:\"email\";s:0:\"\";}log_time|i:1441232528;timeOnlineUpdated|i:1441232528;expanded_stats|a:1:{i:2015;a:1:{i:0;i:8;}}old_url|s:68:\"http://Forum.Sublime-Voyance.be/index.php?action=stats;expand=201508\";USER_AGENT|s:66:\"Mozilla/5.0 (compatible; AhrefsBot/5.0; +http://ahrefs.com/robot/)\";'),('qjp1pm95r391gpmdlrutm5sg36',1441150170,'session_value|s:32:\"f5c772fcb41a70cfa7725f3ddb4f6cd5\";session_var|s:9:\"a90b194f3\";token|a:1:{s:10:\"post-login\";a:4:{i:0;s:8:\"b247d8cf\";i:1;s:32:\"4e51262e66e3e87e9b6bd801031e25af\";i:2;i:1441150170;i:3;s:32:\"255a0db00018a135ccf8745f091f85da\";}}robot_check|i:1441150170;old_url|s:47:\"http://Forum.Sublime-Voyance.be/index.php?msg=6\";USER_AGENT|s:66:\"Mozilla/5.0 (compatible; AhrefsBot/5.0; +http://ahrefs.com/robot/)\";'),('qnvgki5cruails3hu0kg0vcpu2',1441176082,'session_value|s:32:\"0d4f1ccce78c872b4c75721c03129a97\";session_var|s:9:\"a590b6871\";token|a:0:{}robot_check|i:1441172755;mc|a:7:{s:4:\"time\";i:1441172871;s:2:\"id\";i:4;s:2:\"gq\";s:3:\"0=1\";s:2:\"bq\";s:3:\"0=1\";s:2:\"ap\";a:0:{}s:2:\"mb\";a:0:{}s:2:\"mq\";s:3:\"0=1\";}ban|a:5:{s:12:\"last_checked\";i:1441176082;s:9:\"id_member\";i:4;s:2:\"ip\";s:11:\"85.26.2.106\";s:3:\"ip2\";s:0:\"\";s:5:\"email\";s:23:\"rouyr.chantal@gmail.com\";}log_time|i:1441176082;timeOnlineUpdated|i:1441176064;old_url|s:70:\"http://Forum.Sublime-Voyance.be/index.php/topic,15.msg0/boardseen.html\";USER_AGENT|s:102:\"Mozilla/5.0 (Windows NT 6.1) AppleWebKit/537.36 (KHTML, like Gecko) Chrome/44.0.2403.157 Safari/537.36\";login_SMFCookie275|s:180:\"a:4:{i:0;i:4;i:1;s:128:\"7ae869ae1887b5ff4fde984ba656347b3961180dfe34280ee67dc93ee7c84761b98ad98c6188b14fc30059c5fd9b8e2998316cfc451f2db8f7b3c7ae864f6b28\";i:2;i:1441176470;i:3;i:0;}\";id_msg_last_visit|s:2:\"82\";unread_messages|i:0;forms|a:1:{i:0;i:1094313;}last_read_topic|i:15;'),('quvbu61fj7luf8noav4vrp9ub0',1441302627,'session_value|s:32:\"8c72985b928f4e1636116471227848d8\";session_var|s:11:\"d423f05606e\";token|a:1:{s:10:\"post-login\";a:4:{i:0;s:11:\"be2c66ffedd\";i:1;s:32:\"8b0a90ffe4ff67eb3055ee42f468d737\";i:2;i:1441302627;i:3;s:32:\"f1b60de89cf7051caae1f34c9eac9685\";}}robot_check|i:1441302627;mc|a:7:{s:4:\"time\";i:1441302627;s:2:\"id\";i:0;s:2:\"gq\";s:3:\"0=1\";s:2:\"bq\";s:3:\"0=1\";s:2:\"ap\";a:0:{}s:2:\"mb\";a:0:{}s:2:\"mq\";s:3:\"0=1\";}ban|a:5:{s:12:\"last_checked\";i:1441302627;s:9:\"id_member\";i:0;s:2:\"ip\";s:12:\"157.55.39.79\";s:3:\"ip2\";s:0:\"\";s:5:\"email\";s:0:\"\";}log_time|i:1441302627;timeOnlineUpdated|i:1441302627;old_url|s:56:\"http://Forum.Sublime-Voyance.be/index.php/board,3.0.html\";USER_AGENT|s:71:\"Mozilla/5.0 (compatible; bingbot/2.0; +http://www.bing.com/bingbot.htm)\";'),('r115ppptjd14kfhq3do9iltop5',1440928740,'session_value|s:32:\"f3173788c434cebf6ceedb7464a73375\";session_var|s:8:\"b6317dd7\";token|a:1:{s:10:\"post-login\";a:4:{i:0;s:9:\"c944c1f88\";i:1;s:32:\"6a357b0f6c4d0616d42d3af709c9cdb3\";i:2;i:1440928739;i:3;s:32:\"4d8540377d93160994ffe68270805397\";}}robot_check|i:1440928739;id_robot|s:1:\"1\";mc|a:7:{s:4:\"time\";i:1440928740;s:2:\"id\";i:0;s:2:\"gq\";s:3:\"0=1\";s:2:\"bq\";s:3:\"0=1\";s:2:\"ap\";a:0:{}s:2:\"mb\";a:0:{}s:2:\"mq\";s:3:\"0=1\";}ban|a:5:{s:12:\"last_checked\";i:1440928740;s:9:\"id_member\";i:0;s:2:\"ip\";s:13:\"66.249.78.146\";s:3:\"ip2\";s:0:\"\";s:5:\"email\";s:0:\"\";}log_time|i:1440928740;timeOnlineUpdated|i:1440928740;old_url|s:41:\"http://Forum.Sublime-Voyance.be/index.php\";USER_AGENT|s:194:\"Mozilla/5.0 (iPhone; CPU iPhone OS 8_3 like Mac OS X) AppleWebKit/600.1.4 (KHTML, like Gecko) Version/8.0 Mobile/12F70 Safari/600.1.4 (compatible; Googlebot/2.1; +http://www.google.com/bot.html)\";'),('rq2j0felgmh0tccjbhlvchioo7',1440857376,'session_value|s:32:\"f0ae8352f22a35c9b58aee6611a75e43\";session_var|s:12:\"eab4438688b9\";token|a:1:{s:10:\"post-login\";a:4:{i:0;s:9:\"e8169d3eb\";i:1;s:32:\"64f74f2707daa0ec0d80bcf4c850dd94\";i:2;i:1440857375;i:3;s:32:\"bf395b88cd50f30af361748fb0ae97e5\";}}robot_check|i:1440857375;id_robot|s:1:\"1\";mc|a:7:{s:4:\"time\";i:1440857375;s:2:\"id\";i:0;s:2:\"gq\";s:3:\"0=1\";s:2:\"bq\";s:3:\"0=1\";s:2:\"ap\";a:0:{}s:2:\"mb\";a:0:{}s:2:\"mq\";s:3:\"0=1\";}ban|a:5:{s:12:\"last_checked\";i:1440857375;s:9:\"id_member\";i:0;s:2:\"ip\";s:13:\"66.249.78.153\";s:3:\"ip2\";s:0:\"\";s:5:\"email\";s:0:\"\";}log_time|i:1440857376;timeOnlineUpdated|i:1440857376;old_url|s:52:\"http://Forum.Sublime-Voyance.be/index.php?board=19.0\";USER_AGENT|s:194:\"Mozilla/5.0 (iPhone; CPU iPhone OS 8_3 like Mac OS X) AppleWebKit/600.1.4 (KHTML, like Gecko) Version/8.0 Mobile/12F70 Safari/600.1.4 (compatible; Googlebot/2.1; +http://www.google.com/bot.html)\";'),('rr76vus8h3sv2t13uffl4b1ut7',1441354215,'session_value|s:32:\"2b658b354cd48675d9ed8df938e680c0\";session_var|s:11:\"e6e086d5ff2\";token|a:1:{s:10:\"post-login\";a:4:{i:0;s:7:\"ddb8057\";i:1;s:32:\"8f0d2f388756006b0e0b029edd0c8556\";i:2;i:1441354212;i:3;s:32:\"5e6d561fb61175a5bce2beeaf22c8e6a\";}}robot_check|i:1441354212;id_robot|s:1:\"1\";mc|a:7:{s:4:\"time\";i:1441354213;s:2:\"id\";i:0;s:2:\"gq\";s:3:\"0=1\";s:2:\"bq\";s:3:\"0=1\";s:2:\"ap\";a:0:{}s:2:\"mb\";a:0:{}s:2:\"mq\";s:3:\"0=1\";}ban|a:5:{s:12:\"last_checked\";i:1441354214;s:9:\"id_member\";i:0;s:2:\"ip\";s:13:\"66.249.78.146\";s:3:\"ip2\";s:0:\"\";s:5:\"email\";s:0:\"\";}log_time|i:1441354214;timeOnlineUpdated|i:1441354214;forms|a:0:{}old_url|s:52:\"http://Forum.Sublime-Voyance.be/index.php?topic=36.0\";USER_AGENT|s:72:\"Mozilla/5.0 (compatible; Googlebot/2.1; +http://www.google.com/bot.html)\";'),('rv1ftm529ojekvlkopavk0dqp2',1440812875,'session_value|s:32:\"e146ef4a2226a952f77eb3be65758f61\";session_var|s:10:\"c6ac8e8d65\";token|a:1:{s:10:\"post-login\";a:4:{i:0;s:8:\"ee615af0\";i:1;s:32:\"47b45059cd19592ae61d10eff5b65503\";i:2;i:1440812874;i:3;s:32:\"e6ce1fccbaafb2abf5ec6ef0609a30fd\";}}robot_check|i:1440812874;mc|a:7:{s:4:\"time\";i:1440812874;s:2:\"id\";i:0;s:2:\"gq\";s:3:\"0=1\";s:2:\"bq\";s:3:\"0=1\";s:2:\"ap\";a:0:{}s:2:\"mb\";a:0:{}s:2:\"mq\";s:3:\"0=1\";}ban|a:5:{s:12:\"last_checked\";i:1440812874;s:9:\"id_member\";i:0;s:2:\"ip\";s:13:\"151.80.31.133\";s:3:\"ip2\";s:0:\"\";s:5:\"email\";s:0:\"\";}log_time|i:1440812875;timeOnlineUpdated|i:1440812875;last_read_topic|i:12;forms|a:0:{}old_url|s:61:\"http://Forum.Sublime-Voyance.be/index.php/topic,12.msg55.html\";USER_AGENT|s:66:\"Mozilla/5.0 (compatible; AhrefsBot/5.0; +http://ahrefs.com/robot/)\";'),('s1dppfp1geamvjv19jptt6gg42',1440997167,'session_value|s:32:\"dc14082c4846413fdc43376575bc7511\";session_var|s:9:\"e5634866e\";token|a:1:{s:10:\"post-login\";a:4:{i:0;s:8:\"f7a651b7\";i:1;s:32:\"5846534a68a3e65259963168e6dcf150\";i:2;i:1440997167;i:3;s:32:\"5813fe906750475fd5243e0fdd9e7ebd\";}}robot_check|i:1440997167;id_robot|s:1:\"1\";mc|a:7:{s:4:\"time\";i:1440997167;s:2:\"id\";i:0;s:2:\"gq\";s:3:\"0=1\";s:2:\"bq\";s:3:\"0=1\";s:2:\"ap\";a:0:{}s:2:\"mb\";a:0:{}s:2:\"mq\";s:3:\"0=1\";}ban|a:5:{s:12:\"last_checked\";i:1440997167;s:9:\"id_member\";i:0;s:2:\"ip\";s:13:\"66.249.78.160\";s:3:\"ip2\";s:0:\"\";s:5:\"email\";s:0:\"\";}log_time|i:1440997167;timeOnlineUpdated|i:1440997167;old_url|s:41:\"http://Forum.Sublime-Voyance.be/index.php\";USER_AGENT|s:72:\"Mozilla/5.0 (compatible; Googlebot/2.1; +http://www.google.com/bot.html)\";'),('s5qltpsr2t5ueussle3tieuc40',1441270653,'session_value|s:32:\"f4077d38655feaf5be7a9a1eb8ce0a3f\";session_var|s:7:\"addf69d\";token|a:1:{s:10:\"post-login\";a:4:{i:0;s:11:\"d2148497041\";i:1;s:32:\"ac53bb5be130a24dee91f957f1f77cc3\";i:2;i:1441270648;i:3;s:32:\"4f7e01a8281dd6393062f04d161e878b\";}}robot_check|i:1441270648;mc|a:7:{s:4:\"time\";i:1441270649;s:2:\"id\";i:0;s:2:\"gq\";s:3:\"0=1\";s:2:\"bq\";s:3:\"0=1\";s:2:\"ap\";a:0:{}s:2:\"mb\";a:0:{}s:2:\"mq\";s:3:\"0=1\";}ban|a:5:{s:12:\"last_checked\";i:1441270649;s:9:\"id_member\";i:0;s:2:\"ip\";s:11:\"85.26.2.106\";s:3:\"ip2\";s:0:\"\";s:5:\"email\";s:0:\"\";}log_time|i:1441270651;timeOnlineUpdated|i:1441270651;old_url|s:32:\"http://Forum.Sublime-Voyance.be/\";USER_AGENT|s:102:\"Mozilla/5.0 (Windows NT 6.1) AppleWebKit/537.36 (KHTML, like Gecko) Chrome/44.0.2403.157 Safari/537.36\";'),('s73t01n2l2dhfndsig68tv9k30',1441296587,'session_value|s:32:\"921a4de9ebad93bd51c7e54c1edf45b8\";session_var|s:9:\"c0debda07\";token|a:1:{s:10:\"post-login\";a:4:{i:0;s:7:\"f718c37\";i:1;s:32:\"f1d8def60ef6ef555b36f98d540da9b4\";i:2;i:1441296587;i:3;s:32:\"3cb62460a2aba3ef911d21e4224e15e8\";}}robot_check|i:1441296587;mc|a:7:{s:4:\"time\";i:1441296587;s:2:\"id\";i:0;s:2:\"gq\";s:3:\"0=1\";s:2:\"bq\";s:3:\"0=1\";s:2:\"ap\";a:0:{}s:2:\"mb\";a:0:{}s:2:\"mq\";s:3:\"0=1\";}ban|a:5:{s:12:\"last_checked\";i:1441296587;s:9:\"id_member\";i:0;s:2:\"ip\";s:13:\"157.55.39.128\";s:3:\"ip2\";s:0:\"\";s:5:\"email\";s:0:\"\";}log_time|i:1441296587;timeOnlineUpdated|i:1441296587;old_url|s:55:\"http://Forum.Sublime-Voyance.be/index.php?action=recent\";USER_AGENT|s:71:\"Mozilla/5.0 (compatible; bingbot/2.0; +http://www.bing.com/bingbot.htm)\";'),('seip9uhssbiqq6htttln312q16',1441296604,'session_value|s:32:\"bc5f08fe67698c4c139824be8964db63\";session_var|s:9:\"f808ec5e1\";token|a:1:{s:10:\"post-login\";a:4:{i:0;s:8:\"f34d3f23\";i:1;s:32:\"16ce992684409e267587f065937c307c\";i:2;i:1441296603;i:3;s:32:\"85057714d3d9e9e78cef228e36a25564\";}}robot_check|i:1441296603;mc|a:7:{s:4:\"time\";i:1441296603;s:2:\"id\";i:0;s:2:\"gq\";s:3:\"0=1\";s:2:\"bq\";s:3:\"0=1\";s:2:\"ap\";a:0:{}s:2:\"mb\";a:0:{}s:2:\"mq\";s:3:\"0=1\";}ban|a:5:{s:12:\"last_checked\";i:1441296603;s:9:\"id_member\";i:0;s:2:\"ip\";s:12:\"207.46.13.55\";s:3:\"ip2\";s:0:\"\";s:5:\"email\";s:0:\"\";}log_time|i:1441296603;timeOnlineUpdated|i:1441296603;old_url|s:56:\"http://Forum.Sublime-Voyance.be/index.php/board,9.0.html\";USER_AGENT|s:71:\"Mozilla/5.0 (compatible; bingbot/2.0; +http://www.bing.com/bingbot.htm)\";'),('sfniclrm10kojjrfn6jdjcc9t1',1441355797,'session_value|s:32:\"4536771ea1e19a991ca24b998a811d60\";session_var|s:11:\"d4a98ae0f12\";token|a:8:{s:16:\"post-admin-login\";a:4:{i:0;s:7:\"c3f938b\";i:1;s:32:\"1295216cb265da460879951890a5cd57\";i:2;i:1441354426;i:3;s:32:\"93908f7c58241a29a1dcaa3a21999237\";}s:15:\"post-admin-mppm\";a:4:{i:0;s:7:\"a8df754\";i:1;s:32:\"7d8d4ec5038bc340af5976a24db2c6e0\";i:2;i:1441354925;i:3;s:32:\"35f09c82622a9d05fd6010e817844446\";}s:14:\"post-admin-mpb\";a:4:{i:0;s:9:\"e3261cd3b\";i:1;s:32:\"cd039bf5fb279342ddb47b15d2873f53\";i:2;i:1441355766;i:3;s:32:\"87ef8c2bb6938ca9cb85d82ad0ad0ab7\";}s:15:\"post-admin-bc-5\";a:4:{i:0;s:11:\"b103ddf9ca0\";i:1;s:32:\"20b7fb023094d1b4739ccf9e60ab97ba\";i:2;i:1441355095;i:3;s:32:\"517b34ed5a73c52ab44bd78390d20bba\";}s:14:\"post-admin-mpq\";a:4:{i:0;s:12:\"b8de1694c819\";i:1;s:32:\"0bf3c814ca162af7060d85142dd5a830\";i:2;i:1441355772;i:3;s:32:\"a868d511d52b32370bfaaf3f3b581654\";}s:14:\"post-admin-ssc\";a:4:{i:0;s:11:\"e64373e822b\";i:1;s:32:\"89b46d2aef10bb2127cd7359af5ba542\";i:2;i:1441355312;i:3;s:32:\"a0cfe794053fe40847c2a73c4094d4de\";}s:13:\"post-admin-mp\";a:4:{i:0;s:12:\"f5645c8e7257\";i:1;s:32:\"11d8d1f9eaa8d5decfebc11e1085c9ec\";i:2;i:1441355797;i:3;s:32:\"07bedb081fe974139522ad2c7b2be0c3\";}s:15:\"post-admin-dbsc\";a:4:{i:0;s:11:\"ad4172f6e90\";i:1;s:32:\"4cb6c4ea414e7579f64bae32be0ccca7\";i:2;i:1441355797;i:3;s:32:\"3010df63dc0b99d4fdba1233b59ac183\";}}robot_check|i:1441349146;mc|a:7:{s:4:\"time\";i:1441355796;s:2:\"id\";i:2;s:2:\"gq\";s:3:\"1=1\";s:2:\"bq\";s:3:\"1=1\";s:2:\"ap\";a:1:{i:0;i:0;}s:2:\"mb\";a:0:{}s:2:\"mq\";s:3:\"0=1\";}ban|a:5:{s:12:\"last_checked\";i:1441349156;s:9:\"id_member\";i:0;s:2:\"ip\";s:12:\"85.27.74.173\";s:3:\"ip2\";s:0:\"\";s:5:\"email\";s:0:\"\";}log_time|i:1441355796;timeOnlineUpdated|i:1441355783;old_url|s:83:\"http://Forum.Sublime-Voyance.be/index.php?action=admin;area=permissions;sa=settings\";USER_AGENT|s:109:\"Mozilla/5.0 (Windows NT 10.0; WOW64) AppleWebKit/537.36 (KHTML, like Gecko) Chrome/45.0.2454.85 Safari/537.36\";login_SMFCookie275|s:180:\"a:4:{i:0;i:2;i:1;s:128:\"d648d012712605378b3f7ec91c05d2fbc21636062a7db65078c5f2b12c2f3de3c84bb64d85131761865d232d1ec2e7a8d0bbdb04137f0e068f91a591a01342fe\";i:2;i:1630565156;i:3;i:0;}\";id_msg_last_visit|s:2:\"58\";rc|a:3:{s:2:\"id\";i:2;s:4:\"time\";i:1441349157;s:7:\"reports\";s:1:\"0\";}unread_messages|i:0;who_online_sort_by|s:4:\"time\";last_read_topic|i:12;forms|a:1:{i:0;i:3361814;}admin_time|i:1441354431;'),('skksvpm50acqkckk0lgs3m5t96',1441152779,'session_value|s:32:\"4c5b8f25e0176ce29b4a434a04af89e8\";session_var|s:10:\"d670c6a36d\";token|a:1:{s:10:\"post-login\";a:4:{i:0;s:9:\"ace9f5390\";i:1;s:32:\"0f2480db00b9103e667e55d4b658a37f\";i:2;i:1441152779;i:3;s:32:\"7ae06d700c9d5c1ed9039d44977af596\";}}robot_check|i:1441152779;mc|a:7:{s:4:\"time\";i:1441152779;s:2:\"id\";i:0;s:2:\"gq\";s:3:\"0=1\";s:2:\"bq\";s:3:\"0=1\";s:2:\"ap\";a:0:{}s:2:\"mb\";a:0:{}s:2:\"mq\";s:3:\"0=1\";}ban|a:5:{s:12:\"last_checked\";i:1441152779;s:9:\"id_member\";i:0;s:2:\"ip\";s:13:\"151.80.31.133\";s:3:\"ip2\";s:0:\"\";s:5:\"email\";s:0:\"\";}log_time|i:1441152779;timeOnlineUpdated|i:1441152779;old_url|s:52:\"http://Forum.Sublime-Voyance.be/index.php?board=14.0\";USER_AGENT|s:66:\"Mozilla/5.0 (compatible; AhrefsBot/5.0; +http://ahrefs.com/robot/)\";'),('sqld27o6jil1pvhcf3sr2dlpr5',1441325381,'session_value|s:32:\"c6826c06850b0df844979d72fbc9bd9b\";session_var|s:11:\"cd922d78e5d\";token|a:1:{s:10:\"post-login\";a:4:{i:0;s:7:\"bd32f6e\";i:1;s:32:\"f5187e1134b009836a4d2260b49c9aea\";i:2;i:1441325273;i:3;s:32:\"2f2acb37316da411d2e9a64b9bfe34b8\";}}robot_check|i:1441325273;id_robot|s:2:\"17\";mc|a:7:{s:4:\"time\";i:1441325273;s:2:\"id\";i:0;s:2:\"gq\";s:3:\"0=1\";s:2:\"bq\";s:3:\"0=1\";s:2:\"ap\";a:0:{}s:2:\"mb\";a:0:{}s:2:\"mq\";s:3:\"0=1\";}ban|a:5:{s:12:\"last_checked\";i:1441325381;s:9:\"id_member\";i:0;s:2:\"ip\";s:15:\"204.236.226.210\";s:3:\"ip2\";s:0:\"\";s:5:\"email\";s:0:\"\";}log_time|i:1441325381;timeOnlineUpdated|i:1441325273;forms|a:0:{}old_url|s:72:\"http://Forum.Sublime-Voyance.be/index.php/topic,48.0/prev_next,prev.html\";USER_AGENT|s:11:\"ia_archiver\";'),('t4gu4q5qe0o4lara0b5h95eka6',1441334997,'session_value|s:32:\"2a91126c311fe4b865559d36e4f9adcf\";session_var|s:10:\"c832a279e5\";token|a:1:{s:10:\"post-login\";a:4:{i:0;s:10:\"d1b6ed7c51\";i:1;s:32:\"e18a17a62e347386e9e1c266c0a4fd08\";i:2;i:1441334990;i:3;s:32:\"f904e526b2f87a83a11a07ff4d0d4d77\";}}robot_check|i:1441334990;mc|a:7:{s:4:\"time\";i:1441334992;s:2:\"id\";i:0;s:2:\"gq\";s:3:\"0=1\";s:2:\"bq\";s:3:\"0=1\";s:2:\"ap\";a:0:{}s:2:\"mb\";a:0:{}s:2:\"mq\";s:3:\"0=1\";}ban|a:5:{s:12:\"last_checked\";i:1441334992;s:9:\"id_member\";i:0;s:2:\"ip\";s:14:\"188.165.15.196\";s:3:\"ip2\";s:0:\"\";s:5:\"email\";s:0:\"\";}log_time|i:1441334993;timeOnlineUpdated|i:1441334993;old_url|s:57:\"http://Forum.Sublime-Voyance.be/index.php/board,18.0.html\";USER_AGENT|s:66:\"Mozilla/5.0 (compatible; AhrefsBot/5.0; +http://ahrefs.com/robot/)\";'),('t72e03639o0a65p671skhl4i65',1440826984,'session_value|s:32:\"99b662ac0735e0d956a28d9724231d69\";session_var|s:11:\"d4a724c79d7\";token|a:1:{s:10:\"post-login\";a:4:{i:0;s:11:\"d53b69dced7\";i:1;s:32:\"d19e6304cf31a2771c747ef3ba0ef2da\";i:2;i:1440826984;i:3;s:32:\"745973e5353816a628af09d192e21dc0\";}}robot_check|i:1440826984;old_url|s:48:\"http://Forum.Sublime-Voyance.be/index.php?msg=45\";USER_AGENT|s:66:\"Mozilla/5.0 (compatible; AhrefsBot/5.0; +http://ahrefs.com/robot/)\";'),('t9fe7nio1nq77og9eokvgst6q1',1441296586,'session_value|s:32:\"1a953f334ffef59622c9749d04f84178\";session_var|s:7:\"bb7ddd1\";token|a:2:{s:10:\"post-login\";a:4:{i:0;s:9:\"dcf837303\";i:1;s:32:\"b529aa8853825ab50e842328c05256ce\";i:2;i:1441296586;i:3;s:32:\"c6b16d230fbaf8d8bb0865587b8faa25\";}s:13:\"post-register\";a:4:{i:0;s:8:\"a08f6d7c\";i:1;s:32:\"d85d9537cf7bbfdd7c26afeffd5cfbfe\";i:2;i:1441296586;i:3;s:32:\"9bae80f6d7ecc63ba839bb91439bf1ee\";}}robot_check|i:1441296586;mc|a:7:{s:4:\"time\";i:1441296586;s:2:\"id\";i:0;s:2:\"gq\";s:3:\"0=1\";s:2:\"bq\";s:3:\"0=1\";s:2:\"ap\";a:0:{}s:2:\"mb\";a:0:{}s:2:\"mq\";s:3:\"0=1\";}ban|a:5:{s:12:\"last_checked\";i:1441296586;s:9:\"id_member\";i:0;s:2:\"ip\";s:13:\"157.55.39.128\";s:3:\"ip2\";s:0:\"\";s:5:\"email\";s:0:\"\";}log_time|i:1441296586;timeOnlineUpdated|i:1441296586;register|a:2:{s:7:\"timenow\";i:1441296586;s:5:\"limit\";i:10;}register_vv|a:6:{s:5:\"count\";i:1;s:6:\"errors\";i:0;s:8:\"did_pass\";b:0;s:1:\"q\";a:0:{}s:4:\"code\";s:6:\"FNMXUE\";s:11:\"empty_field\";s:22:\"identifier-cipher-be35\";}old_url|s:55:\"http://Forum.Sublime-Voyance.be/index.php?action=signup\";USER_AGENT|s:71:\"Mozilla/5.0 (compatible; bingbot/2.0; +http://www.bing.com/bingbot.htm)\";'),('t9u4soum070nutfqpo474dp3f4',1441327686,'session_value|s:32:\"d7e85f25bbfe225daa0b305d9eb17391\";session_var|s:11:\"e4f2954848a\";token|a:1:{s:10:\"post-login\";a:4:{i:0;s:10:\"a7aa17422b\";i:1;s:32:\"469f9caa0c17c66b7a78ea13bf534ed6\";i:2;i:1441327686;i:3;s:32:\"601f156a9d82036f420b2da3b3d2e39c\";}}robot_check|i:1441327686;mc|a:7:{s:4:\"time\";i:1441327686;s:2:\"id\";i:0;s:2:\"gq\";s:3:\"0=1\";s:2:\"bq\";s:3:\"0=1\";s:2:\"ap\";a:0:{}s:2:\"mb\";a:0:{}s:2:\"mq\";s:3:\"0=1\";}ban|a:5:{s:12:\"last_checked\";i:1441327686;s:9:\"id_member\";i:0;s:2:\"ip\";s:14:\"188.165.15.196\";s:3:\"ip2\";s:0:\"\";s:5:\"email\";s:0:\"\";}log_time|i:1441327686;timeOnlineUpdated|i:1441327686;last_read_topic|i:14;forms|a:0:{}old_url|s:52:\"http://Forum.Sublime-Voyance.be/index.php?topic=14.0\";USER_AGENT|s:66:\"Mozilla/5.0 (compatible; AhrefsBot/5.0; +http://ahrefs.com/robot/)\";'),('tb092a3tsepo0jsoflnqeblme0',1441296605,'session_value|s:32:\"f3b85f0f5e81034c559b9995f8997d96\";session_var|s:8:\"b3dca3ac\";token|a:1:{s:10:\"post-login\";a:4:{i:0;s:7:\"a4358c1\";i:1;s:32:\"b04e7c84ee816d15f493f0633bb03c70\";i:2;i:1441296605;i:3;s:32:\"c6f27ac34e445388ec007d36f5c8d86a\";}}robot_check|i:1441296605;mc|a:7:{s:4:\"time\";i:1441296605;s:2:\"id\";i:0;s:2:\"gq\";s:3:\"0=1\";s:2:\"bq\";s:3:\"0=1\";s:2:\"ap\";a:0:{}s:2:\"mb\";a:0:{}s:2:\"mq\";s:3:\"0=1\";}ban|a:5:{s:12:\"last_checked\";i:1441296605;s:9:\"id_member\";i:0;s:2:\"ip\";s:12:\"207.46.13.55\";s:3:\"ip2\";s:0:\"\";s:5:\"email\";s:0:\"\";}log_time|i:1441296605;timeOnlineUpdated|i:1441296605;old_url|s:56:\"http://Forum.Sublime-Voyance.be/index.php/board,5.0.html\";USER_AGENT|s:71:\"Mozilla/5.0 (compatible; bingbot/2.0; +http://www.bing.com/bingbot.htm)\";'),('tbjmv6gh82g4j7jrjc27olrof2',1441140033,'session_value|s:32:\"e4650d4d0da0f2ed7fe9e65b5b6e6b58\";session_var|s:8:\"ee10dad2\";token|a:1:{s:10:\"post-login\";a:4:{i:0;s:7:\"ec2c0e0\";i:1;s:32:\"7c0fd0de1ee5b70cddab45ce48c7996a\";i:2;i:1441140033;i:3;s:32:\"f9c839ad3d316502ec9d5e038feedc87\";}}robot_check|i:1441140033;old_url|s:48:\"http://Forum.Sublime-Voyance.be/index.php?msg=43\";USER_AGENT|s:66:\"Mozilla/5.0 (compatible; AhrefsBot/5.0; +http://ahrefs.com/robot/)\";'),('tc5s659666peji5mm0l6j5lu63',1441296626,'session_value|s:32:\"2c8535b859b916c17750d72156a6bb34\";session_var|s:10:\"fc339561c4\";token|a:1:{s:10:\"post-login\";a:4:{i:0;s:12:\"e3493b9470f7\";i:1;s:32:\"d6f8f7b483fe7914af602d63fcc93764\";i:2;i:1441296626;i:3;s:32:\"1abae3ccbd29ef2cde807608a80c4b00\";}}robot_check|i:1441296626;mc|a:7:{s:4:\"time\";i:1441296626;s:2:\"id\";i:0;s:2:\"gq\";s:3:\"0=1\";s:2:\"bq\";s:3:\"0=1\";s:2:\"ap\";a:0:{}s:2:\"mb\";a:0:{}s:2:\"mq\";s:3:\"0=1\";}ban|a:5:{s:12:\"last_checked\";i:1441296626;s:9:\"id_member\";i:0;s:2:\"ip\";s:12:\"207.46.13.70\";s:3:\"ip2\";s:0:\"\";s:5:\"email\";s:0:\"\";}log_time|i:1441296626;timeOnlineUpdated|i:1441296626;last_read_topic|i:5;forms|a:0:{}old_url|s:56:\"http://Forum.Sublime-Voyance.be/index.php/topic,5.0.html\";USER_AGENT|s:71:\"Mozilla/5.0 (compatible; bingbot/2.0; +http://www.bing.com/bingbot.htm)\";'),('tghkri5htuo3srh1ljd8nmi9p5',1441122446,'session_value|s:32:\"0dadc62d822ba78a35f6075c98ae407f\";session_var|s:9:\"f8bdeb29b\";token|a:1:{s:10:\"post-login\";a:4:{i:0;s:10:\"ac3ffe5f2d\";i:1;s:32:\"592cb1d7881b2414eb0254ca310d5e8f\";i:2;i:1441122446;i:3;s:32:\"fef01428ec166d969a219aed631f73a6\";}}robot_check|i:1441122446;mc|a:7:{s:4:\"time\";i:1441122446;s:2:\"id\";i:0;s:2:\"gq\";s:3:\"0=1\";s:2:\"bq\";s:3:\"0=1\";s:2:\"ap\";a:0:{}s:2:\"mb\";a:0:{}s:2:\"mq\";s:3:\"0=1\";}ban|a:5:{s:12:\"last_checked\";i:1441122446;s:9:\"id_member\";i:0;s:2:\"ip\";s:13:\"151.80.31.133\";s:3:\"ip2\";s:0:\"\";s:5:\"email\";s:0:\"\";}log_time|i:1441122446;timeOnlineUpdated|i:1441122446;last_read_topic|i:12;forms|a:0:{}old_url|s:52:\"http://Forum.Sublime-Voyance.be/index.php?topic=12.0\";USER_AGENT|s:66:\"Mozilla/5.0 (compatible; AhrefsBot/5.0; +http://ahrefs.com/robot/)\";'),('tjes3545bd078ec333qdolhjl5',1441296626,'session_value|s:32:\"2f93923dbfa3a62170667e2c183f6b18\";session_var|s:9:\"f94fc87c7\";token|a:1:{s:10:\"post-login\";a:4:{i:0;s:11:\"f0eb5e15af9\";i:1;s:32:\"90be9b261c177c7ef285fd18953e8ba5\";i:2;i:1441296625;i:3;s:32:\"ff75e918d94afea211cff4c22391e4ed\";}}robot_check|i:1441296625;mc|a:7:{s:4:\"time\";i:1441296625;s:2:\"id\";i:0;s:2:\"gq\";s:3:\"0=1\";s:2:\"bq\";s:3:\"0=1\";s:2:\"ap\";a:0:{}s:2:\"mb\";a:0:{}s:2:\"mq\";s:3:\"0=1\";}ban|a:5:{s:12:\"last_checked\";i:1441296626;s:9:\"id_member\";i:0;s:2:\"ip\";s:12:\"207.46.13.70\";s:3:\"ip2\";s:0:\"\";s:5:\"email\";s:0:\"\";}log_time|i:1441296626;timeOnlineUpdated|i:1441296626;old_url|s:51:\"http://Forum.Sublime-Voyance.be/index.php?board=6.0\";USER_AGENT|s:71:\"Mozilla/5.0 (compatible; bingbot/2.0; +http://www.bing.com/bingbot.htm)\";'),('tk9sfnt0gkvli4939ndjitvuk5',1441236994,'session_value|s:32:\"6160e6c35382f52e7d7e74062328a533\";session_var|s:8:\"d335da7e\";token|a:1:{s:10:\"post-login\";a:4:{i:0;s:7:\"e7715b1\";i:1;s:32:\"8f7d58cec74b8bc6c0e0daed60f137cf\";i:2;i:1441236993;i:3;s:32:\"5c825a711fea0113a1088fec4b0b738a\";}}robot_check|i:1441236993;mc|a:7:{s:4:\"time\";i:1441236993;s:2:\"id\";i:0;s:2:\"gq\";s:3:\"0=1\";s:2:\"bq\";s:3:\"0=1\";s:2:\"ap\";a:0:{}s:2:\"mb\";a:0:{}s:2:\"mq\";s:3:\"0=1\";}ban|a:5:{s:12:\"last_checked\";i:1441236993;s:9:\"id_member\";i:0;s:2:\"ip\";s:14:\"188.165.15.196\";s:3:\"ip2\";s:0:\"\";s:5:\"email\";s:0:\"\";}log_time|i:1441236994;timeOnlineUpdated|i:1441236994;old_url|s:69:\"http://Forum.Sublime-Voyance.be/index.php/board,3.0/sort,starter.html\";USER_AGENT|s:66:\"Mozilla/5.0 (compatible; AhrefsBot/5.0; +http://ahrefs.com/robot/)\";'),('trb66do19f173rvf60dajbiq92',1441346926,'session_value|s:32:\"4191b070acb2797822e0af261fb13e78\";session_var|s:11:\"e0cf3f8c858\";token|a:1:{s:10:\"post-login\";a:4:{i:0;s:8:\"df3d5999\";i:1;s:32:\"846e68c090566fe847cb7d1f8f19803b\";i:2;i:1441346925;i:3;s:32:\"7dd9b1d8784e3d2a162daf82056e505d\";}}robot_check|i:1441346925;mc|a:7:{s:4:\"time\";i:1441346925;s:2:\"id\";i:0;s:2:\"gq\";s:3:\"0=1\";s:2:\"bq\";s:3:\"0=1\";s:2:\"ap\";a:0:{}s:2:\"mb\";a:0:{}s:2:\"mq\";s:3:\"0=1\";}ban|a:5:{s:12:\"last_checked\";i:1441346925;s:9:\"id_member\";i:0;s:2:\"ip\";s:14:\"188.165.15.196\";s:3:\"ip2\";s:0:\"\";s:5:\"email\";s:0:\"\";}log_time|i:1441346925;timeOnlineUpdated|i:1441346925;last_read_topic|i:38;forms|a:0:{}old_url|s:52:\"http://Forum.Sublime-Voyance.be/index.php?topic=38.0\";USER_AGENT|s:66:\"Mozilla/5.0 (compatible; AhrefsBot/5.0; +http://ahrefs.com/robot/)\";'),('ts6lsmqoachcl2ogc0u6huq6d0',1440904338,'session_value|s:32:\"1a052bbc937335a600c8d3c41a6fabfc\";session_var|s:7:\"b4d44d7\";token|a:1:{s:10:\"post-login\";a:4:{i:0;s:10:\"ac69b271dd\";i:1;s:32:\"255529829c2ef21221b0d86730d5c48b\";i:2;i:1440904337;i:3;s:32:\"a82f4d1d4aca738dc086cbac464e7d67\";}}robot_check|i:1440904337;id_robot|s:1:\"1\";mc|a:7:{s:4:\"time\";i:1440904337;s:2:\"id\";i:0;s:2:\"gq\";s:3:\"0=1\";s:2:\"bq\";s:3:\"0=1\";s:2:\"ap\";a:0:{}s:2:\"mb\";a:0:{}s:2:\"mq\";s:3:\"0=1\";}ban|a:5:{s:12:\"last_checked\";i:1440904337;s:9:\"id_member\";i:0;s:2:\"ip\";s:12:\"66.249.75.55\";s:3:\"ip2\";s:0:\"\";s:5:\"email\";s:0:\"\";}old_url|s:63:\"http://Forum.Sublime-Voyance.be/index.php?type=atom;action=.xml\";USER_AGENT|s:72:\"Mozilla/5.0 (compatible; Googlebot/2.1; +http://www.google.com/bot.html)\";'),('u4sp9mvj87jgept7rbhu7r9r21',1441346610,'session_value|s:32:\"2419998e85099500757e9977ca2aeb68\";session_var|s:8:\"b60f4b7e\";token|a:1:{s:10:\"post-login\";a:4:{i:0;s:11:\"ef92c4228bb\";i:1;s:32:\"e059744d040721721f41dc255733f1e3\";i:2;i:1441346610;i:3;s:32:\"fc4b35d76b929da9a502524d552e7a59\";}}robot_check|i:1441346610;mc|a:7:{s:4:\"time\";i:1441346610;s:2:\"id\";i:0;s:2:\"gq\";s:3:\"0=1\";s:2:\"bq\";s:3:\"0=1\";s:2:\"ap\";a:0:{}s:2:\"mb\";a:0:{}s:2:\"mq\";s:3:\"0=1\";}ban|a:5:{s:12:\"last_checked\";i:1441346610;s:9:\"id_member\";i:0;s:2:\"ip\";s:14:\"188.165.15.196\";s:3:\"ip2\";s:0:\"\";s:5:\"email\";s:0:\"\";}log_time|i:1441346610;timeOnlineUpdated|i:1441346610;old_url|s:52:\"http://Forum.Sublime-Voyance.be/index.php?board=21.0\";USER_AGENT|s:66:\"Mozilla/5.0 (compatible; AhrefsBot/5.0; +http://ahrefs.com/robot/)\";'),('u792pgl8590jvc88qlofglvac2',1440893788,'session_value|s:32:\"ac90b49a23e8112f115bd5b2020a555d\";session_var|s:7:\"c54c812\";token|a:1:{s:10:\"post-login\";a:4:{i:0;s:7:\"e741035\";i:1;s:32:\"019a77d2e405993f7f741ad3151ee585\";i:2;i:1440893788;i:3;s:32:\"f6acbb0625bbf920fb5581ae4a5a5088\";}}robot_check|i:1440893788;id_robot|s:1:\"1\";mc|a:7:{s:4:\"time\";i:1440893788;s:2:\"id\";i:0;s:2:\"gq\";s:3:\"0=1\";s:2:\"bq\";s:3:\"0=1\";s:2:\"ap\";a:0:{}s:2:\"mb\";a:0:{}s:2:\"mq\";s:3:\"0=1\";}ban|a:5:{s:12:\"last_checked\";i:1440893788;s:9:\"id_member\";i:0;s:2:\"ip\";s:13:\"66.249.78.146\";s:3:\"ip2\";s:0:\"\";s:5:\"email\";s:0:\"\";}log_time|i:1440893788;timeOnlineUpdated|i:1440893788;forms|a:0:{}old_url|s:67:\"http://Forum.Sublime-Voyance.be/index.php?topic=16.0;prev_next=prev\";USER_AGENT|s:72:\"Mozilla/5.0 (compatible; Googlebot/2.1; +http://www.google.com/bot.html)\";'),('u7g06dvcpi5ctodi2c0ons3an7',1441296607,'session_value|s:32:\"c30369d84ca53f09f9471718e3bd5d2f\";session_var|s:9:\"b909fd491\";token|a:1:{s:10:\"post-login\";a:4:{i:0;s:8:\"b1219ced\";i:1;s:32:\"bb50a8facace8dcd6d3f3f972fa1fdbc\";i:2;i:1441296607;i:3;s:32:\"00497a749881fe278022b854dde8cbb4\";}}robot_check|i:1441296607;mc|a:7:{s:4:\"time\";i:1441296607;s:2:\"id\";i:0;s:2:\"gq\";s:3:\"0=1\";s:2:\"bq\";s:3:\"0=1\";s:2:\"ap\";a:0:{}s:2:\"mb\";a:0:{}s:2:\"mq\";s:3:\"0=1\";}ban|a:5:{s:12:\"last_checked\";i:1441296607;s:9:\"id_member\";i:0;s:2:\"ip\";s:12:\"207.46.13.55\";s:3:\"ip2\";s:0:\"\";s:5:\"email\";s:0:\"\";}log_time|i:1441296607;timeOnlineUpdated|i:1441296607;old_url|s:32:\"http://Forum.Sublime-Voyance.be/\";USER_AGENT|s:71:\"Mozilla/5.0 (compatible; bingbot/2.0; +http://www.bing.com/bingbot.htm)\";'),('u8t1guvda362d379rjmsm6e8b7',1441115245,'session_value|s:32:\"eccbdfca4b8f768e81bfa96a447a0e7b\";session_var|s:11:\"d8c00ca5cbc\";token|a:1:{s:10:\"post-login\";a:4:{i:0;s:10:\"e2aa4f6ee5\";i:1;s:32:\"421bf42b7be41af8c0bcd80eea890327\";i:2;i:1441115244;i:3;s:32:\"0a209eeef876a2ec12e81dc7877cd5da\";}}robot_check|i:1441115244;mc|a:7:{s:4:\"time\";i:1441115244;s:2:\"id\";i:0;s:2:\"gq\";s:3:\"0=1\";s:2:\"bq\";s:3:\"0=1\";s:2:\"ap\";a:0:{}s:2:\"mb\";a:0:{}s:2:\"mq\";s:3:\"0=1\";}ban|a:5:{s:12:\"last_checked\";i:1441115244;s:9:\"id_member\";i:0;s:2:\"ip\";s:11:\"85.26.2.106\";s:3:\"ip2\";s:0:\"\";s:5:\"email\";s:0:\"\";}log_time|i:1441115245;timeOnlineUpdated|i:1441115245;old_url|s:32:\"http://Forum.Sublime-Voyance.be/\";USER_AGENT|s:102:\"Mozilla/5.0 (Windows NT 6.1) AppleWebKit/537.36 (KHTML, like Gecko) Chrome/44.0.2403.157 Safari/537.36\";'),('uabcd5ukst5om32h97pop1sjt5',1441355709,'session_value|s:32:\"7c1ea5eb94f5f3abe09c779c715c3335\";session_var|s:11:\"f7825da5d6b\";token|a:1:{s:10:\"post-login\";a:4:{i:0;s:8:\"eccd8297\";i:1;s:32:\"d9a22766c380028d99d8a231d3511d01\";i:2;i:1441354720;i:3;s:32:\"d30cb6ffa3ee432885f8556f642bdca2\";}}robot_check|i:1441355694;mc|a:7:{s:4:\"time\";i:1441355694;s:2:\"id\";i:0;s:2:\"gq\";s:3:\"0=1\";s:2:\"bq\";s:3:\"0=1\";s:2:\"ap\";a:0:{}s:2:\"mb\";a:0:{}s:2:\"mq\";s:3:\"0=1\";}ban|a:5:{s:12:\"last_checked\";i:1441355708;s:9:\"id_member\";i:0;s:2:\"ip\";s:12:\"85.27.74.173\";s:3:\"ip2\";s:0:\"\";s:5:\"email\";s:0:\"\";}log_time|i:1441355704;timeOnlineUpdated|i:1441354722;old_url|s:57:\"http://Forum.Sublime-Voyance.be/index.php/topic,12.0.html\";USER_AGENT|s:73:\"Mozilla/5.0 (Windows NT 10.0; WOW64; rv:40.0) Gecko/20100101 Firefox/40.0\";last_read_topic|i:12;forms|a:0:{}'),('udeov00bnhp5h4im0n0j43esu1',1441296585,'session_value|s:32:\"1f71150fe2d55dad8c99ce0448646923\";session_var|s:8:\"f3709a74\";token|a:1:{s:10:\"post-login\";a:4:{i:0;s:11:\"e6201682bbb\";i:1;s:32:\"6d36780d43c8a64a2e52035a4cee906a\";i:2;i:1441296585;i:3;s:32:\"61e01d7ad40dc4d376c1c95cfca5745a\";}}robot_check|i:1441296585;mc|a:7:{s:4:\"time\";i:1441296585;s:2:\"id\";i:0;s:2:\"gq\";s:3:\"0=1\";s:2:\"bq\";s:3:\"0=1\";s:2:\"ap\";a:0:{}s:2:\"mb\";a:0:{}s:2:\"mq\";s:3:\"0=1\";}ban|a:5:{s:12:\"last_checked\";i:1441296585;s:9:\"id_member\";i:0;s:2:\"ip\";s:13:\"157.55.39.128\";s:3:\"ip2\";s:0:\"\";s:5:\"email\";s:0:\"\";}log_time|i:1441296585;timeOnlineUpdated|i:1441296585;old_url|s:52:\"http://Forum.Sublime-Voyance.be/index.php?board=10.0\";USER_AGENT|s:71:\"Mozilla/5.0 (compatible; bingbot/2.0; +http://www.bing.com/bingbot.htm)\";'),('uijncl63hi86pll6ndk529vse4',1441296583,'session_value|s:32:\"36ba4f01494b50b2503f0896504b3abc\";session_var|s:8:\"c81290a5\";token|a:1:{s:10:\"post-login\";a:4:{i:0;s:12:\"b88efa8dfbf5\";i:1;s:32:\"2da7cfd6db375e4e1c481abe264a49f3\";i:2;i:1441296583;i:3;s:32:\"ee49ddfe88f79004ac4aba12cdb9160b\";}}robot_check|i:1441296583;mc|a:7:{s:4:\"time\";i:1441296583;s:2:\"id\";i:0;s:2:\"gq\";s:3:\"0=1\";s:2:\"bq\";s:3:\"0=1\";s:2:\"ap\";a:0:{}s:2:\"mb\";a:0:{}s:2:\"mq\";s:3:\"0=1\";}ban|a:5:{s:12:\"last_checked\";i:1441296583;s:9:\"id_member\";i:0;s:2:\"ip\";s:13:\"157.55.39.128\";s:3:\"ip2\";s:0:\"\";s:5:\"email\";s:0:\"\";}log_time|i:1441296583;timeOnlineUpdated|i:1441296583;last_read_topic|i:15;forms|a:0:{}old_url|s:61:\"http://Forum.Sublime-Voyance.be/index.php/topic,15.msg21.html\";USER_AGENT|s:71:\"Mozilla/5.0 (compatible; bingbot/2.0; +http://www.bing.com/bingbot.htm)\";'),('uljto6uuog96vtku5t0h078nl7',1441296583,'session_value|s:32:\"2e0cca2aa0daac90d253a3a034a1ee37\";session_var|s:8:\"a8c9fd9a\";token|a:1:{s:10:\"post-login\";a:4:{i:0;s:12:\"f31967352a96\";i:1;s:32:\"ed7543219bc4f377e8f573ce3c3984aa\";i:2;i:1441296583;i:3;s:32:\"ed986e24504ee0b1456a387b5293f358\";}}robot_check|i:1441296583;mc|a:7:{s:4:\"time\";i:1441296583;s:2:\"id\";i:0;s:2:\"gq\";s:3:\"0=1\";s:2:\"bq\";s:3:\"0=1\";s:2:\"ap\";a:0:{}s:2:\"mb\";a:0:{}s:2:\"mq\";s:3:\"0=1\";}ban|a:5:{s:12:\"last_checked\";i:1441296583;s:9:\"id_member\";i:0;s:2:\"ip\";s:13:\"157.55.39.128\";s:3:\"ip2\";s:0:\"\";s:5:\"email\";s:0:\"\";}log_time|i:1441296583;timeOnlineUpdated|i:1441296583;last_read_topic|i:13;forms|a:0:{}old_url|s:61:\"http://Forum.Sublime-Voyance.be/index.php/topic,13.msg19.html\";USER_AGENT|s:71:\"Mozilla/5.0 (compatible; bingbot/2.0; +http://www.bing.com/bingbot.htm)\";'),('uptos94t0hg85f9nfrl9pqvs22',1440962441,'session_value|s:32:\"75be07d0b18dd6edcb0c1e9162a8067d\";session_var|s:8:\"d9c47bd8\";token|a:1:{s:10:\"post-login\";a:4:{i:0;s:8:\"f0f0ef7c\";i:1;s:32:\"e01b142e07a89309a7bb49ebe54ebbf7\";i:2;i:1440962441;i:3;s:32:\"ca40d11fd76f724ae5d9e581deb2d543\";}}robot_check|i:1440962441;mc|a:7:{s:4:\"time\";i:1440962441;s:2:\"id\";i:0;s:2:\"gq\";s:3:\"0=1\";s:2:\"bq\";s:3:\"0=1\";s:2:\"ap\";a:0:{}s:2:\"mb\";a:0:{}s:2:\"mq\";s:3:\"0=1\";}ban|a:5:{s:12:\"last_checked\";i:1440962441;s:9:\"id_member\";i:0;s:2:\"ip\";s:13:\"151.80.31.133\";s:3:\"ip2\";s:0:\"\";s:5:\"email\";s:0:\"\";}log_time|i:1440962441;timeOnlineUpdated|i:1440962441;old_url|s:57:\"http://Forum.Sublime-Voyance.be/index.php/board,25.0.html\";USER_AGENT|s:66:\"Mozilla/5.0 (compatible; AhrefsBot/5.0; +http://ahrefs.com/robot/)\";'),('v16tf8o7i5h671udpkt35l3n55',1440963277,'session_value|s:32:\"b9b1b63559fb2923ed8be8d466106c3b\";session_var|s:10:\"f2bc3cd132\";token|a:1:{s:10:\"post-login\";a:4:{i:0;s:7:\"ca6f1e0\";i:1;s:32:\"095576c2f1309b369e3d2a2ff0bc94d7\";i:2;i:1440963277;i:3;s:32:\"76523feda0b9175fda777bb3b51ec89d\";}}robot_check|i:1440963277;mc|a:7:{s:4:\"time\";i:1440963277;s:2:\"id\";i:0;s:2:\"gq\";s:3:\"0=1\";s:2:\"bq\";s:3:\"0=1\";s:2:\"ap\";a:0:{}s:2:\"mb\";a:0:{}s:2:\"mq\";s:3:\"0=1\";}ban|a:5:{s:12:\"last_checked\";i:1440963277;s:9:\"id_member\";i:0;s:2:\"ip\";s:13:\"151.80.31.133\";s:3:\"ip2\";s:0:\"\";s:5:\"email\";s:0:\"\";}log_time|i:1440963277;timeOnlineUpdated|i:1440963277;last_read_topic|i:16;forms|a:0:{}old_url|s:57:\"http://Forum.Sublime-Voyance.be/index.php/topic,16.0.html\";USER_AGENT|s:66:\"Mozilla/5.0 (compatible; AhrefsBot/5.0; +http://ahrefs.com/robot/)\";'),('vbafgm8ec4foa4sctvuth20m02',1441296588,'session_value|s:32:\"429de9e5f758a077d0fccf3b9903a148\";session_var|s:10:\"fd19ad4d60\";token|a:1:{s:10:\"post-login\";a:4:{i:0;s:8:\"d7309247\";i:1;s:32:\"d6a89193bae5af1ac2c45ab95698e3a2\";i:2;i:1441296588;i:3;s:32:\"cc797ef61a2fafc72d5ebc9d3d9e405e\";}}robot_check|i:1441296588;mc|a:7:{s:4:\"time\";i:1441296588;s:2:\"id\";i:0;s:2:\"gq\";s:3:\"0=1\";s:2:\"bq\";s:3:\"0=1\";s:2:\"ap\";a:0:{}s:2:\"mb\";a:0:{}s:2:\"mq\";s:3:\"0=1\";}ban|a:5:{s:12:\"last_checked\";i:1441296588;s:9:\"id_member\";i:0;s:2:\"ip\";s:13:\"157.55.39.128\";s:3:\"ip2\";s:0:\"\";s:5:\"email\";s:0:\"\";}log_time|i:1441296588;timeOnlineUpdated|i:1441296588;last_read_topic|i:18;forms|a:0:{}old_url|s:52:\"http://Forum.Sublime-Voyance.be/index.php?topic=18.0\";USER_AGENT|s:71:\"Mozilla/5.0 (compatible; bingbot/2.0; +http://www.bing.com/bingbot.htm)\";'),('vfrnsqsoht05nihcudmtjm44m3',1440759198,'session_value|s:32:\"8a15b708b4fb8ff46c552ce2329efddd\";session_var|s:8:\"c251ae6a\";token|a:1:{s:10:\"post-login\";a:4:{i:0;s:7:\"d33caae\";i:1;s:32:\"5a47fc9d140372e3c32632ac1980aaca\";i:2;i:1440759197;i:3;s:32:\"5a35dd4f7796d91b39507bb0d1622ea3\";}}robot_check|i:1440759197;mc|a:7:{s:4:\"time\";i:1440759197;s:2:\"id\";i:0;s:2:\"gq\";s:3:\"0=1\";s:2:\"bq\";s:3:\"0=1\";s:2:\"ap\";a:0:{}s:2:\"mb\";a:0:{}s:2:\"mq\";s:3:\"0=1\";}ban|a:5:{s:12:\"last_checked\";i:1440759198;s:9:\"id_member\";i:0;s:2:\"ip\";s:13:\"151.80.31.133\";s:3:\"ip2\";s:0:\"\";s:5:\"email\";s:0:\"\";}log_time|i:1440759198;timeOnlineUpdated|i:1440759198;old_url|s:52:\"http://Forum.Sublime-Voyance.be/index.php?board=13.0\";USER_AGENT|s:66:\"Mozilla/5.0 (compatible; AhrefsBot/5.0; +http://ahrefs.com/robot/)\";'),('vk5g0gto98uab4td5b0q1nq134',1441177724,'session_value|s:32:\"47837f40d951c82527849aa72b949923\";session_var|s:9:\"d6a5fb153\";token|a:1:{s:10:\"post-login\";a:4:{i:0;s:12:\"cab3d375de62\";i:1;s:32:\"01feee8d20abb205dad12825f06b9e77\";i:2;i:1441177724;i:3;s:32:\"4e17d8b807011a7172c8b4552c70beb1\";}}robot_check|i:1441177724;old_url|s:48:\"http://Forum.Sublime-Voyance.be/index.php?msg=53\";USER_AGENT|s:66:\"Mozilla/5.0 (compatible; AhrefsBot/5.0; +http://ahrefs.com/robot/)\";');
/*!40000 ALTER TABLE `smf_sessions` ENABLE KEYS */;
UNLOCK TABLES;

--
-- Table structure for table `smf_settings`
--

DROP TABLE IF EXISTS `smf_settings`;
/*!40101 SET @saved_cs_client     = @@character_set_client */;
/*!40101 SET character_set_client = utf8 */;
CREATE TABLE `smf_settings` (
  `variable` varchar(255) NOT NULL DEFAULT '',
  `value` text NOT NULL,
  PRIMARY KEY (`variable`(30))
) ENGINE=InnoDB DEFAULT CHARSET=utf8;
/*!40101 SET character_set_client = @saved_cs_client */;

--
-- Dumping data for table `smf_settings`
--

LOCK TABLES `smf_settings` WRITE;
/*!40000 ALTER TABLE `smf_settings` DISABLE KEYS */;
INSERT INTO `smf_settings` VALUES ('additional_options_collapsable','1'),('adminlog_enabled','1'),('allow_disableAnnounce','1'),('allow_editDisplayName','1'),('allow_expire_redirect','1'),('allow_guestAccess','1'),('allow_hideOnline','1'),('allow_sm_stats','239473f3e1'),('attachmentCheckExtensions','0'),('attachmentDirFileLimit','1000'),('attachmentDirSizeLimit','10240'),('attachmentEnable','1'),('attachmentExtensions','doc,gif,jpg,mpg,pdf,png,txt,zip'),('attachmentNumPerPostLimit','4'),('attachmentPostLimit','192'),('attachmentShowImages','1'),('attachmentSizeLimit','128'),('attachmentThumbHeight','150'),('attachmentThumbnails','1'),('attachmentThumbWidth','150'),('attachmentUploadDir','a:1:{i:1;s:78:\"/var/sentora/hostdata/wwwsubl/public_html/forum_sublime-voyance_be/attachments\";}'),('attachment_image_paranoid','0'),('attachment_image_reencode','1'),('attachment_thumb_png','1'),('autoFixDatabase','1'),('autoLinkUrls','1'),('avatar_action_too_large','option_css_resize'),('avatar_directory','/var/sentora/hostdata/wwwsubl/public_html/forum_sublime-voyance_be/avatars'),('avatar_download_png','1'),('avatar_max_height_external','65'),('avatar_max_height_upload','65'),('avatar_max_width_external','65'),('avatar_max_width_upload','65'),('avatar_paranoid','0'),('avatar_reencode','1'),('avatar_resize_upload','1'),('avatar_url','http://forum.sublime-voyance.be/avatars'),('banLastUpdated','0'),('bcrypt_hash_cost','10'),('birthday_email','happy_birthday'),('browser_cache','?beta21'),('cache_enable','0'),('calendar_updated','1441282404'),('cal_daysaslink','0'),('cal_days_for_index','7'),('cal_defaultboard',''),('cal_disable_prev_next','0'),('cal_display_type','0'),('cal_enabled','0'),('cal_highlight_birthdays','3'),('cal_highlight_events','3'),('cal_highlight_holidays','3'),('cal_maxspan','7'),('cal_maxyear','2020'),('cal_minyear','2008'),('cal_prev_next_links','1'),('cal_short_days','0'),('cal_short_months','0'),('cal_showbdays','1'),('cal_showevents','1'),('cal_showholidays','1'),('cal_showInTopic','1'),('cal_week_links','2'),('censorIgnoreCase','1'),('censor_proper',''),('censor_vulgar',''),('compactTopicPagesContiguous','5'),('compactTopicPagesEnable','1'),('cookieTime','60'),('currentAttachmentUploadDir','1'),('custom_avatar_dir','/var/sentora/hostdata/wwwsubl/public_html/forum_sublime-voyance_be/custom_avatar'),('custom_avatar_url','http://forum.sublime-voyance.be/custom_avatar'),('databaseSession_enable','1'),('databaseSession_lifetime','2880'),('databaseSession_loose','1'),('defaultMaxListItems','15'),('defaultMaxMembers','30'),('defaultMaxMessages','15'),('defaultMaxTopics','20'),('default_personal_text','Bienvenue dans le forum de Sunlime-Voyance'),('default_timezone','Europe/Paris'),('deny_boards_access','1'),('dont_repeat_buddylists','1'),('dont_repeat_smileys_20','1'),('dont_repeat_theme_core','1'),('drafts_autosave_enabled','1'),('drafts_autosave_frequency','60'),('drafts_keep_days','15'),('drafts_pm_enabled','1'),('drafts_post_enabled','1'),('drafts_show_saved_enabled','1'),('edit_disable_time','10'),('edit_wait_time','90'),('enableAllMessages','0'),('enableBBC','1'),('enableCompressedOutput','1'),('enableEmbeddedFlash','0'),('enableErrorLogging','1'),('enableParticipation','1'),('enablePostHTML','0'),('enablePreviousNext','1'),('enableSpellChecking','1'),('enableThemes','1,2'),('enable_ajax_alerts','1'),('enable_buddylist','1'),('enable_likes','1'),('enable_mentions','1'),('failed_login_threshold','3'),('global_character_set','UTF-8'),('gravatarAllowExtraEmail','1'),('gravatarEnabled','1'),('gravatarMaxRating','PG'),('gravatarOverride','0'),('hitStats','1'),('httponlyCookies','1'),('jquery_source','auto'),('knownThemes','2'),('lastActive','15'),('last_mod_report_action','0'),('latestMember','7'),('latestRealName','Doro'),('loginHistoryDays','30'),('log_ban_hits','1'),('mail_limit','30'),('mail_next_send','0'),('mail_quantity','5'),('mail_recent','1441354427|5'),('mail_type','0'),('maxMsgID','89'),('max_image_height','0'),('max_image_width','0'),('max_messageLength','20000'),('memberlist_updated','1439993119'),('message_index_preview_first','1'),('modlog_enabled','1'),('mostDate','1440618614'),('mostOnline','9'),('mostOnlineToday','3'),('mostOnlineUpdated','2015-09-04'),('news','Aot 2015: [b]Nouveau Forum[/b] pour [b]Sublime-Voyance[/b] !'),('next_task_time','1441364400'),('number_format','1234.00'),('oldTopicDays','120'),('onlineEnable','1'),('package_make_backups','1'),('permission_enable_deny','1'),('permission_enable_postgroups','0'),('pm_spam_settings','10,5,20'),('pollMode','1'),('postmod_active','1'),('preview_characters','7'),('pruningOptions','30,180,180,180,30,0'),('queryless_urls','1'),('rand_seed','809134'),('recycle_board','0'),('recycle_enable','0'),('registration_method','1'),('reg_verification','1'),('removeNestedQuotes','1'),('requireAgreement','1'),('reserveCase','1'),('reserveName','1'),('reserveNames','Admin\nWebmaster\nGuest\nroot'),('reserveUser','1'),('reserveWord','0'),('search_cache_size','50'),('search_floodcontrol_time','5'),('search_max_results','1200'),('search_pointer','6'),('search_results_per_page','30'),('search_weight_age','25'),('search_weight_first_message','10'),('search_weight_frequency','30'),('search_weight_length','20'),('search_weight_subject','15'),('send_validation_onChange','0'),('send_welcomeEmail','1'),('settings_updated','1441355796'),('show_blurb','1'),('show_modify','1'),('show_profile_buttons','1'),('show_spider_online','3'),('show_user_images','1'),('signature_settings','1,300,0,0,0,0,0,0:'),('smfVersion','2.1 Beta 1'),('smileys_dir','/var/sentora/hostdata/wwwsubl/public_html/forum_sublime-voyance_be/Smileys'),('smileys_url','http://forum.sublime-voyance.be/Smileys'),('smiley_sets_default','default'),('smiley_sets_known','default,aaron,akyhne,fugue'),('smiley_sets_names','Alienine\'s Set\nAaron\'s Set\nAkyhne\'s Set\nFugue\'s Set'),('smtp_host',''),('smtp_password',''),('smtp_port','25'),('smtp_username',''),('spamWaitTime','15'),('spider_mode','3'),('spider_name_cache','a:20:{i:1;s:6:\"Google\";i:2;s:6:\"Yahoo!\";i:3;s:3:\"MSN\";i:4;s:15:\"Google (Mobile)\";i:5;s:14:\"Google (Image)\";i:6;s:16:\"Google (AdSense)\";i:7;s:16:\"Google (Adwords)\";i:8;s:15:\"Yahoo! (Mobile)\";i:9;s:14:\"Yahoo! (Image)\";i:10;s:12:\"MSN (Mobile)\";i:11;s:11:\"MSN (Media)\";i:12;s:4:\"Cuil\";i:13;s:3:\"Ask\";i:14;s:5:\"Baidu\";i:15;s:9:\"Gigablast\";i:16;s:15:\"InternetArchive\";i:17;s:5:\"Alexa\";i:18;s:6:\"Omgili\";i:19;s:9:\"EntireWeb\";i:20;s:6:\"Yandex\";}'),('subject_toggle','1'),('tfa_mode','1'),('theme_allow','1'),('theme_default','1'),('theme_guests','2'),('timeLoadPageEnable','1'),('time_format','%A %d %B %Y - %R'),('time_offset','0'),('titlesEnable','1'),('todayMod','2'),('topicSummaryPosts','15'),('topic_move_any','0'),('totalMembers','7'),('totalMessages','71'),('totalTopics','40'),('trackStats','1'),('unapprovedMembers','0'),('userLanguage','1'),('userlog_enabled','1'),('use_subdirectories_for_attachments','1'),('visual_verification_type','2'),('warning_moderate','35'),('warning_mute','60'),('warning_settings','1,20,0'),('warning_watch','10'),('who_enabled','1'),('xmlnews_enable','1'),('xmlnews_maxlen','255');
/*!40000 ALTER TABLE `smf_settings` ENABLE KEYS */;
UNLOCK TABLES;

--
-- Table structure for table `smf_smileys`
--

DROP TABLE IF EXISTS `smf_smileys`;
/*!40101 SET @saved_cs_client     = @@character_set_client */;
/*!40101 SET character_set_client = utf8 */;
CREATE TABLE `smf_smileys` (
  `id_smiley` smallint(5) unsigned NOT NULL AUTO_INCREMENT,
  `code` varchar(30) NOT NULL DEFAULT '',
  `filename` varchar(48) NOT NULL DEFAULT '',
  `description` varchar(80) NOT NULL DEFAULT '',
  `smiley_row` tinyint(4) unsigned NOT NULL DEFAULT '0',
  `smiley_order` smallint(5) unsigned NOT NULL DEFAULT '0',
  `hidden` tinyint(4) unsigned NOT NULL DEFAULT '0',
  PRIMARY KEY (`id_smiley`)
) ENGINE=InnoDB AUTO_INCREMENT=32 DEFAULT CHARSET=utf8;
/*!40101 SET character_set_client = @saved_cs_client */;

--
-- Dumping data for table `smf_smileys`
--

LOCK TABLES `smf_smileys` WRITE;
/*!40000 ALTER TABLE `smf_smileys` DISABLE KEYS */;
INSERT INTO `smf_smileys` VALUES (1,':)','smiley.gif','Smiley',0,0,0),(2,';)','wink.gif','Wink',0,1,0),(3,':D','cheesy.gif','Cheesy',0,2,0),(4,';D','grin.gif','Grin',0,3,0),(5,'>:(','angry.gif','Angry',0,4,0),(6,':(','sad.gif','Sad',0,5,0),(7,':o','shocked.gif','Shocked',0,6,0),(8,'8)','cool.gif','Cool',0,7,0),(9,'???','huh.gif','Huh?',0,8,0),(10,'::)','rolleyes.gif','Roll Eyes',0,9,0),(11,':P','tongue.gif','Tongue',0,10,0),(12,':-[','embarrassed.gif','Embarrassed',0,11,0),(13,':-X','lipsrsealed.gif','Lips Sealed',0,12,0),(14,':-\\','undecided.gif','Undecided',0,13,0),(15,':-*','kiss.gif','Kiss',0,14,0),(16,':\'(','cry.gif','Cry',0,15,0),(17,'>:D','evil.gif','Evil',0,16,1),(18,'^-^','azn.gif','Azn',0,17,1),(19,'O0','afro.gif','Afro',0,18,1),(20,':))','laugh.gif','Laugh',0,19,1),(21,'C:-)','police.gif','Police',0,20,1),(22,'O:-)','angel.gif','Angel',0,21,1),(23,':pouce:','pouce.gif','Pouce',0,16,0),(24,':bravo:','bravo.gif','Bravos !',0,17,0),(25,';-)','clin.gif','Clin d\'oeil',0,18,0),(26,';--)','dbleclin.gif','Double clin d\'oeil',0,19,0),(27,':-)','rire.gif','Rire',0,20,0),(28,':-(','s_pleure.gif','Pleure',0,21,0),(29,':up:','upline.gif','Upline',0,22,0),(30,':coupe:','ciseaux.gif','Coupe',0,23,0),(31,':ici:','clikici.gif','Clique ICI !',0,24,0);
/*!40000 ALTER TABLE `smf_smileys` ENABLE KEYS */;
UNLOCK TABLES;

--
-- Table structure for table `smf_spiders`
--

DROP TABLE IF EXISTS `smf_spiders`;
/*!40101 SET @saved_cs_client     = @@character_set_client */;
/*!40101 SET character_set_client = utf8 */;
CREATE TABLE `smf_spiders` (
  `id_spider` smallint(5) unsigned NOT NULL AUTO_INCREMENT,
  `spider_name` varchar(255) NOT NULL DEFAULT '',
  `user_agent` varchar(255) NOT NULL DEFAULT '',
  `ip_info` varchar(255) NOT NULL DEFAULT '',
  PRIMARY KEY (`id_spider`)
) ENGINE=InnoDB AUTO_INCREMENT=21 DEFAULT CHARSET=utf8;
/*!40101 SET character_set_client = @saved_cs_client */;

--
-- Dumping data for table `smf_spiders`
--

LOCK TABLES `smf_spiders` WRITE;
/*!40000 ALTER TABLE `smf_spiders` DISABLE KEYS */;
INSERT INTO `smf_spiders` VALUES (1,'Google','googlebot',''),(2,'Yahoo!','slurp',''),(3,'MSN','msnbot',''),(4,'Google (Mobile)','Googlebot-Mobile',''),(5,'Google (Image)','Googlebot-Image',''),(6,'Google (AdSense)','Mediapartners-Google',''),(7,'Google (Adwords)','AdsBot-Google',''),(8,'Yahoo! (Mobile)','YahooSeeker/M1A1-R2D2',''),(9,'Yahoo! (Image)','Yahoo-MMCrawler',''),(10,'MSN (Mobile)','MSNBOT_Mobile',''),(11,'MSN (Media)','msnbot-media',''),(12,'Cuil','twiceler',''),(13,'Ask','Teoma',''),(14,'Baidu','Baiduspider',''),(15,'Gigablast','Gigabot',''),(16,'InternetArchive','ia_archiver-web.archive.org',''),(17,'Alexa','ia_archiver',''),(18,'Omgili','omgilibot',''),(19,'EntireWeb','Speedy Spider',''),(20,'Yandex','yandex','');
/*!40000 ALTER TABLE `smf_spiders` ENABLE KEYS */;
UNLOCK TABLES;

--
-- Table structure for table `smf_subscriptions`
--

DROP TABLE IF EXISTS `smf_subscriptions`;
/*!40101 SET @saved_cs_client     = @@character_set_client */;
/*!40101 SET character_set_client = utf8 */;
CREATE TABLE `smf_subscriptions` (
  `id_subscribe` mediumint(8) unsigned NOT NULL AUTO_INCREMENT,
  `name` varchar(60) NOT NULL DEFAULT '',
  `description` varchar(255) NOT NULL DEFAULT '',
  `cost` text NOT NULL,
  `length` varchar(6) NOT NULL DEFAULT '',
  `id_group` smallint(5) NOT NULL DEFAULT '0',
  `add_groups` varchar(40) NOT NULL DEFAULT '',
  `active` tinyint(3) NOT NULL DEFAULT '1',
  `repeatable` tinyint(3) NOT NULL DEFAULT '0',
  `allow_partial` tinyint(3) NOT NULL DEFAULT '0',
  `reminder` tinyint(3) NOT NULL DEFAULT '0',
  `email_complete` text NOT NULL,
  PRIMARY KEY (`id_subscribe`),
  KEY `active` (`active`)
) ENGINE=InnoDB DEFAULT CHARSET=utf8;
/*!40101 SET character_set_client = @saved_cs_client */;

--
-- Dumping data for table `smf_subscriptions`
--

LOCK TABLES `smf_subscriptions` WRITE;
/*!40000 ALTER TABLE `smf_subscriptions` DISABLE KEYS */;
/*!40000 ALTER TABLE `smf_subscriptions` ENABLE KEYS */;
UNLOCK TABLES;

--
-- Table structure for table `smf_themes`
--

DROP TABLE IF EXISTS `smf_themes`;
/*!40101 SET @saved_cs_client     = @@character_set_client */;
/*!40101 SET character_set_client = utf8 */;
CREATE TABLE `smf_themes` (
  `id_member` mediumint(8) NOT NULL DEFAULT '0',
  `id_theme` tinyint(4) unsigned NOT NULL DEFAULT '1',
  `variable` varchar(255) NOT NULL DEFAULT '',
  `value` text NOT NULL,
  PRIMARY KEY (`id_theme`,`id_member`,`variable`(30)),
  KEY `id_member` (`id_member`)
) ENGINE=InnoDB DEFAULT CHARSET=utf8;
/*!40101 SET character_set_client = @saved_cs_client */;

--
-- Dumping data for table `smf_themes`
--

LOCK TABLES `smf_themes` WRITE;
/*!40000 ALTER TABLE `smf_themes` DISABLE KEYS */;
INSERT INTO `smf_themes` VALUES (-1,1,'auto_notify','1'),(-1,1,'display_quick_mod','2'),(-1,1,'drafts_show_saved_enabled','1'),(-1,1,'messages_per_page','0'),(-1,1,'pm_remove_inbox_label','0'),(-1,1,'popup_messages','1'),(-1,1,'posts_apply_ignore_list','1'),(-1,1,'return_to_post','1'),(-1,1,'show_children','1'),(-1,1,'show_no_avatars','0'),(-1,1,'show_no_signatures','0'),(-1,1,'topics_per_page','0'),(-1,1,'use_editor_quick_reply','1'),(-1,1,'view_newest_first','1'),(-1,1,'view_newest_pm_first','1'),(-1,1,'wysiwyg_default','1'),(0,1,'display_who_viewing','0'),(0,1,'drafts_show_saved_enabled','1'),(0,1,'enable_news','1'),(0,1,'forum_width','90%'),(0,1,'header_logo_url',''),(0,1,'images_url','http://forum.sublime-voyance.be/Themes/default/images'),(0,1,'name','SMF Default Theme - Curve2'),(0,1,'newsfader_time','3000'),(0,1,'number_recent_posts','3'),(0,1,'og_image',''),(0,1,'show_group_key','0'),(0,1,'show_latest_member','1'),(0,1,'show_newsfader','1'),(0,1,'show_stats_index','1'),(0,1,'site_slogan',''),(0,1,'smiley_sets_default','default'),(0,1,'theme_dir','/var/sentora/hostdata/wwwsubl/public_html/forum_sublime-voyance_be/Themes/default'),(0,1,'theme_url','http://forum.sublime-voyance.be/Themes/default'),(0,1,'use_image_buttons','1'),(1,1,'collapse_category_1','0'),(1,1,'collapse_category_2','0'),(1,1,'collapse_category_7','0'),(1,1,'collapse_header_ic','0'),(1,1,'cust_aolins',''),(1,1,'cust_gender','Male'),(1,1,'cust_icq',''),(1,1,'cust_loca',''),(1,1,'cust_skype',''),(1,1,'cust_yahoo',''),(1,1,'display_quick_mod','2'),(1,1,'drafts_autosave_enabled','1'),(1,1,'drafts_show_saved_enabled','1'),(1,1,'messages_per_page','0'),(1,1,'posts_apply_ignore_list','1'),(1,1,'return_to_post','1'),(1,1,'show_children','1'),(1,1,'show_no_avatars','0'),(1,1,'show_no_signatures','0'),(1,1,'topics_per_page','0'),(1,1,'use_editor_quick_reply','1'),(1,1,'view_newest_first','1'),(1,1,'wysiwyg_default','1'),(2,1,'admin_preferences','a:3:{s:2:\"sb\";s:8:\"internal\";s:4:\"mcgr\";s:1:\"0\";s:4:\"mcrp\";s:1:\"0\";}'),(2,1,'collapse_category_1','0'),(2,1,'collapse_category_2','0'),(2,1,'collapse_category_3','0'),(2,1,'collapse_category_5','0'),(2,1,'collapse_category_6','0'),(2,1,'collapse_category_7','0'),(2,1,'cust_aolins',''),(2,1,'cust_gender','Female'),(2,1,'cust_icq',''),(2,1,'cust_loca',''),(2,1,'cust_skype',''),(2,1,'cust_yahoo',''),(2,1,'display_quick_mod','0'),(2,1,'drafts_autosave_enabled','1'),(2,1,'drafts_show_saved_enabled','1'),(2,1,'messages_per_page','0'),(2,1,'posts_apply_ignore_list','1'),(2,1,'return_to_post','1'),(2,1,'show_children','1'),(2,1,'show_no_avatars','0'),(2,1,'show_no_signatures','0'),(2,1,'topics_per_page','0'),(2,1,'use_editor_quick_reply','1'),(2,1,'view_newest_first','1'),(2,1,'wysiwyg_default','1'),(4,1,'cust_aolins',''),(4,1,'cust_gender','Female'),(4,1,'cust_icq',''),(4,1,'cust_loca',''),(4,1,'cust_skype',''),(4,1,'cust_yahoo',''),(7,1,'cust_gender','Female'),(0,2,'display_who_viewing','0'),(0,2,'enable_news','1'),(0,2,'forum_width','90%'),(0,2,'header_logo_url',''),(0,2,'images_url','http://Forum.Sublime-Voyance.be/Themes/sv001/images'),(0,2,'install_for','2.1 - 2.1.99, 2.1b2 - PC'),(0,2,'name','sv001'),(0,2,'newsfader_time','3000'),(0,2,'number_recent_posts','10'),(0,2,'og_image',''),(0,2,'show_group_key','0'),(0,2,'show_latest_member','1'),(0,2,'show_newsfader','1'),(0,2,'show_stats_index','1'),(0,2,'site_slogan',''),(0,2,'smiley_sets_default','default'),(0,2,'theme_dir','/var/sentora/hostdata/wwwsubl/public_html/forum_sublime-voyance_be/Themes/sv001/'),(0,2,'theme_layers','html,body'),(0,2,'theme_templates','index'),(0,2,'theme_url','http://Forum.Sublime-Voyance.be/Themes/sv001'),(0,2,'version','1.0'),(2,2,'collapse_header_ic','0');
/*!40000 ALTER TABLE `smf_themes` ENABLE KEYS */;
UNLOCK TABLES;

--
-- Table structure for table `smf_topics`
--

DROP TABLE IF EXISTS `smf_topics`;
/*!40101 SET @saved_cs_client     = @@character_set_client */;
/*!40101 SET character_set_client = utf8 */;
CREATE TABLE `smf_topics` (
  `id_topic` mediumint(8) unsigned NOT NULL AUTO_INCREMENT,
  `is_sticky` tinyint(4) NOT NULL DEFAULT '0',
  `id_board` smallint(5) unsigned NOT NULL DEFAULT '0',
  `id_first_msg` int(10) unsigned NOT NULL DEFAULT '0',
  `id_last_msg` int(10) unsigned NOT NULL DEFAULT '0',
  `id_member_started` mediumint(8) unsigned NOT NULL DEFAULT '0',
  `id_member_updated` mediumint(8) unsigned NOT NULL DEFAULT '0',
  `id_poll` mediumint(8) unsigned NOT NULL DEFAULT '0',
  `id_previous_board` smallint(5) NOT NULL DEFAULT '0',
  `id_previous_topic` mediumint(8) NOT NULL DEFAULT '0',
  `num_replies` int(10) unsigned NOT NULL DEFAULT '0',
  `num_views` int(10) unsigned NOT NULL DEFAULT '0',
  `locked` tinyint(4) NOT NULL DEFAULT '0',
  `redirect_expires` int(10) unsigned NOT NULL DEFAULT '0',
  `id_redirect_topic` mediumint(8) unsigned NOT NULL DEFAULT '0',
  `unapproved_posts` smallint(5) NOT NULL DEFAULT '0',
  `approved` tinyint(3) NOT NULL DEFAULT '1',
  PRIMARY KEY (`id_topic`),
  UNIQUE KEY `last_message` (`id_last_msg`,`id_board`),
  UNIQUE KEY `first_message` (`id_first_msg`,`id_board`),
  UNIQUE KEY `poll` (`id_poll`,`id_topic`),
  KEY `is_sticky` (`is_sticky`),
  KEY `approved` (`approved`),
  KEY `id_board` (`id_board`),
  KEY `member_started` (`id_member_started`,`id_board`),
  KEY `last_message_sticky` (`id_board`,`is_sticky`,`id_last_msg`),
  KEY `board_news` (`id_board`,`id_first_msg`)
) ENGINE=InnoDB AUTO_INCREMENT=54 DEFAULT CHARSET=utf8;
/*!40101 SET character_set_client = @saved_cs_client */;

--
-- Dumping data for table `smf_topics`
--

LOCK TABLES `smf_topics` WRITE;
/*!40000 ALTER TABLE `smf_topics` DISABLE KEYS */;
INSERT INTO `smf_topics` VALUES (5,0,1,5,5,2,2,0,0,0,0,23,1,0,0,0,1),(6,0,5,6,6,2,2,0,0,0,0,24,1,0,0,0,1),(7,0,6,7,7,2,2,0,0,0,0,8,0,0,0,0,1),(8,0,6,8,8,2,2,0,0,0,0,13,1,0,0,0,1),(9,0,26,9,9,2,2,0,0,0,0,14,0,0,0,0,1),(10,0,2,10,10,2,2,0,0,0,0,18,0,0,0,0,1),(11,0,3,11,11,2,2,0,0,0,0,8,0,0,0,0,1),(12,0,13,12,89,2,2,0,0,0,25,122,0,0,0,0,1),(13,0,10,19,19,2,2,0,0,0,0,15,0,0,0,0,1),(14,0,4,20,20,2,2,0,0,0,0,17,0,0,0,0,1),(15,0,3,21,21,2,2,0,0,0,0,15,0,0,0,0,1),(16,0,7,22,23,2,2,0,0,0,1,23,0,0,0,0,1),(17,0,8,24,24,2,2,0,0,0,0,12,0,0,0,0,1),(18,0,9,25,25,2,2,0,0,0,0,20,0,0,0,0,1),(20,0,14,27,27,2,2,0,0,0,0,17,0,0,0,0,1),(21,0,12,28,28,2,2,0,0,0,0,27,0,0,0,0,1),(22,0,15,29,29,2,2,0,0,0,0,24,0,0,0,0,1),(23,0,16,34,34,1,1,0,0,0,0,3,0,0,0,0,1),(24,0,17,36,36,2,2,0,0,0,0,13,0,0,0,0,1),(31,0,18,46,46,2,2,0,0,0,0,17,0,0,0,0,1),(32,0,18,47,47,2,2,0,0,0,0,21,0,0,0,0,1),(33,0,18,48,48,2,2,0,0,0,0,16,0,0,0,0,1),(34,0,18,49,49,2,2,0,0,0,0,21,0,0,0,0,1),(35,0,19,50,50,2,2,0,0,0,0,15,0,0,0,0,1),(36,0,19,51,51,2,2,0,0,0,0,24,0,0,0,0,1),(37,0,20,53,53,2,2,0,0,0,0,14,0,0,0,0,1),(38,0,19,54,54,2,2,0,0,0,0,25,0,0,0,0,1),(39,0,19,59,59,2,2,0,0,0,0,3,0,0,0,0,1),(40,0,19,60,60,2,2,0,0,0,0,7,0,0,0,0,1),(42,0,12,66,76,2,2,0,0,0,4,17,0,0,0,0,1),(43,0,19,70,70,2,2,0,0,0,0,4,0,0,0,0,1),(44,0,12,73,74,2,2,0,0,0,1,8,0,0,0,0,1),(45,0,19,77,77,2,2,0,0,0,0,1,0,0,0,0,1),(46,0,19,78,78,2,2,0,0,0,0,1,0,0,0,0,1),(47,0,19,79,79,2,2,0,0,0,0,3,0,0,0,0,1),(48,0,19,80,80,2,2,0,0,0,0,3,0,0,0,0,1),(49,0,19,82,82,2,2,0,0,0,0,1,0,0,0,0,1),(51,0,19,84,84,2,2,0,0,0,0,3,0,0,0,0,1),(52,0,26,87,87,2,2,0,0,0,0,2,0,0,0,0,1),(53,0,26,88,88,2,2,0,0,0,0,1,0,0,0,0,1);
/*!40000 ALTER TABLE `smf_topics` ENABLE KEYS */;
UNLOCK TABLES;

--
-- Table structure for table `smf_user_alerts`
--

DROP TABLE IF EXISTS `smf_user_alerts`;
/*!40101 SET @saved_cs_client     = @@character_set_client */;
/*!40101 SET character_set_client = utf8 */;
CREATE TABLE `smf_user_alerts` (
  `id_alert` int(10) unsigned NOT NULL AUTO_INCREMENT,
  `alert_time` int(10) unsigned NOT NULL DEFAULT '0',
  `id_member` mediumint(10) unsigned NOT NULL DEFAULT '0',
  `id_member_started` mediumint(10) unsigned NOT NULL DEFAULT '0',
  `member_name` varchar(255) NOT NULL DEFAULT '',
  `content_type` varchar(255) NOT NULL DEFAULT '',
  `content_id` int(10) unsigned NOT NULL DEFAULT '0',
  `content_action` varchar(255) NOT NULL DEFAULT '',
  `is_read` int(10) unsigned NOT NULL DEFAULT '0',
  `extra` text NOT NULL,
  PRIMARY KEY (`id_alert`),
  KEY `id_member` (`id_member`),
  KEY `alert_time` (`alert_time`)
) ENGINE=InnoDB AUTO_INCREMENT=18 DEFAULT CHARSET=utf8;
/*!40101 SET character_set_client = @saved_cs_client */;

--
-- Dumping data for table `smf_user_alerts`
--

LOCK TABLES `smf_user_alerts` WRITE;
/*!40000 ALTER TABLE `smf_user_alerts` DISABLE KEYS */;
INSERT INTO `smf_user_alerts` VALUES (2,1439670465,2,1,'GrCOTE7','msg',6,'like',1439727628,''),(3,1439671684,2,1,'GrCOTE7','msg',5,'like',1439727628,''),(4,1439748760,1,4,'chantal rouyr','member',0,'register_activation',1439816173,''),(5,1439748760,2,4,'chantal rouyr','member',0,'register_activation',1439816043,''),(6,1439814616,2,1,'GrCOTE7','topic',22,'reply',1439816043,'a:4:{s:5:\"topic\";i:22;s:5:\"board\";s:2:\"15\";s:15:\"content_subject\";s:13:\"Re: Pauline\";s:12:\"content_link\";s:68:\"http://Forum.Sublime-Voyance.be/index.php?topic=22.new;topicseen#new\";}'),(7,1439815840,1,6,'Carolina','member',0,'register_activation',1439816173,''),(8,1439815840,2,6,'Carolina','member',0,'register_activation',1439816043,''),(9,1439822397,2,1,'GrCOTE7','msg',28,'like',1439822544,''),(10,1439884217,2,1,'GrCOTE7','msg',36,'like',1440337794,''),(11,1440257426,2,1,'GrCOTE7','msg',53,'like',1440337794,''),(12,1440337899,7,2,'Alexandra','msg',56,'like',1440339261,''),(13,1440673645,2,1,'GrCOTE7','msg',66,'like',1440697161,''),(14,1440673648,2,1,'GrCOTE7','msg',67,'like',1440697161,''),(15,1440673651,2,1,'GrCOTE7','msg',68,'like',1440697161,''),(16,1440673653,2,1,'GrCOTE7','msg',69,'like',1440697161,''),(17,1441354390,1,2,'Alexandra','topic',12,'reply',0,'a:4:{s:5:\"topic\";i:12;s:5:\"board\";s:2:\"13\";s:15:\"content_subject\";s:21:\"Re: Phrase positive\";s:12:\"content_link\";s:68:\"http://Forum.Sublime-Voyance.be/index.php?topic=12.new;topicseen#new\";}');
/*!40000 ALTER TABLE `smf_user_alerts` ENABLE KEYS */;
UNLOCK TABLES;

--
-- Table structure for table `smf_user_alerts_prefs`
--

DROP TABLE IF EXISTS `smf_user_alerts_prefs`;
/*!40101 SET @saved_cs_client     = @@character_set_client */;
/*!40101 SET character_set_client = utf8 */;
CREATE TABLE `smf_user_alerts_prefs` (
  `id_member` mediumint(8) unsigned NOT NULL DEFAULT '0',
  `alert_pref` varchar(32) NOT NULL DEFAULT '',
  `alert_value` tinyint(3) NOT NULL DEFAULT '0',
  PRIMARY KEY (`id_member`,`alert_pref`)
) ENGINE=InnoDB DEFAULT CHARSET=utf8;
/*!40101 SET character_set_client = @saved_cs_client */;

--
-- Dumping data for table `smf_user_alerts_prefs`
--

LOCK TABLES `smf_user_alerts_prefs` WRITE;
/*!40000 ALTER TABLE `smf_user_alerts_prefs` DISABLE KEYS */;
INSERT INTO `smf_user_alerts_prefs` VALUES (0,'member_group_request',1),(0,'member_register',1),(0,'msg_like',1),(0,'msg_report',1),(0,'msg_report_reply',1),(0,'unapproved_reply',3),(1,'board_notify_13',3),(1,'topic_notify_12',3),(1,'topic_notify_22',3),(2,'topic_notify_22',3);
/*!40000 ALTER TABLE `smf_user_alerts_prefs` ENABLE KEYS */;
UNLOCK TABLES;

--
-- Table structure for table `smf_user_drafts`
--

DROP TABLE IF EXISTS `smf_user_drafts`;
/*!40101 SET @saved_cs_client     = @@character_set_client */;
/*!40101 SET character_set_client = utf8 */;
CREATE TABLE `smf_user_drafts` (
  `id_draft` int(10) unsigned NOT NULL AUTO_INCREMENT,
  `id_topic` mediumint(8) unsigned NOT NULL DEFAULT '0',
  `id_board` smallint(5) unsigned NOT NULL DEFAULT '0',
  `id_reply` int(10) unsigned NOT NULL DEFAULT '0',
  `type` tinyint(4) NOT NULL DEFAULT '0',
  `poster_time` int(10) unsigned NOT NULL DEFAULT '0',
  `id_member` mediumint(8) unsigned NOT NULL DEFAULT '0',
  `subject` varchar(255) NOT NULL DEFAULT '',
  `smileys_enabled` tinyint(4) NOT NULL DEFAULT '1',
  `body` mediumtext NOT NULL,
  `icon` varchar(16) NOT NULL DEFAULT 'xx',
  `locked` tinyint(4) NOT NULL DEFAULT '0',
  `is_sticky` tinyint(4) NOT NULL DEFAULT '0',
  `to_list` varchar(255) NOT NULL DEFAULT '',
  PRIMARY KEY (`id_draft`),
  UNIQUE KEY `id_member` (`id_member`,`id_draft`,`type`)
) ENGINE=InnoDB AUTO_INCREMENT=66 DEFAULT CHARSET=utf8;
/*!40101 SET character_set_client = @saved_cs_client */;

--
-- Dumping data for table `smf_user_drafts`
--

LOCK TABLES `smf_user_drafts` WRITE;
/*!40000 ALTER TABLE `smf_user_drafts` DISABLE KEYS */;
INSERT INTO `smf_user_drafts` VALUES (33,16,7,0,0,1440102262,2,'Re: Pendule ou tout autre objet',0,'[b]Testez-moi gratuitement[/b], envoyez une question, accompagne de votre nom, prnom, date de naissance et rgion. <br>[b][email=alexandra@sublime-voyance.be]alexandra@sublime-voyance.be[/email][/b]<br>Je vous rpondrai maximum dans les 48 heures.<br>Cette offre n&#39;est valable qu&#39;une seule fois!<br><br>Consultation immdiate: [b]0907/37 157[/b] (1,50/min)','xx',0,0,''),(34,5,1,0,0,1440104467,1,'Charte',0,'Introduction:<br><br>Ce forum se veut tre un espace de discussions et d&#39;changes entre passionns. Pour que chacun puisse passer un moment en toute convivialit, voici quelques rgles de bonne conduite  observer<br><br>1- Objet du forum:<br><br>Ce forum regroupe les membres de Sublime-Voyance. Les thmes abords porteront essentiellement sur la parapsychologie sous toutes ses formes. Ce forum a donc pour objectif de faciliter la communication et le partage d&#39;information.<br><br>2- Modalits d&#39;accs au forum:<br>Pour prendre connaissance des messages posts sur notre forum, une inscription est obligatoire<br>En effet, la majeure partie des sujets de ce forum peut tre lue par tous. En revanche, quelques rubriques sont protges et seuls les membres adhrents au Staff peuvent poster des messages.<br><br>3- Les rgles du forum:<br><br>- Politesse et savoir-vivre: respectez les membres, utilisez des formules de politesse, restez calme.<br>- Tous propos diffamatoires, injurieux, insultants, racistes, xnophobes ou obscnes sont interdits sur le forum.<br>- N&#39;abusez pas de l&#39;criture en majuscules. En effet, ces dernires symbolisent un internaute qui CRIE.<br>- [color=red][b]Pour une lecture agrable de ce forum, nous vous incitons  soigner votre orthographe, votre syntaxe et  ne pas utiliser le langage sms.[/b][/color] Nous vous en remercions par avance.<br><br>4- Le rle du modrateur:<br><br>Le rle du modrateur est de faire respecter les rgles de bonne conduite pour rendre les espaces de discussions conviviaux et agrables  tous, en adquation avec les lois du pays (dfinis par le cadre juridique du pays).<br><br>Les missions du modrateur sont : <br><br>- Supprimer des messages ou des discussions ne respectant pas les rgles de bonne conduite.<br>- Supprimer les profils qui nuisent au bon fonctionnement du forum, par exemple via des messages insultants, des messages provocateurs, du proslytisme religieux ou politique, racistes, xnophobes, etc. <br>- Sont concerns galement les utilisateurs qui utilisent simultanment plusieurs profils diffrents sur le mme forum : c&#39;est une attitude que nous assimilons  de la malhonntet envers les autres utilisateurs et donc non admise sur notre forum.<br>- Rpondre  vos alertes ou demandes particulires.<br>- Effacer tout propos interdit sur le site tel que par exemple des propos racistes, diffamatoires, insultants, xnophobes, pdophiles... Que ces propos soient explicites ou implicites, ils seront supprims.<br>- Retirer tout contenu texte, post, photo ou vido illicites<br><br>Le modrateur intervient a posteriori et nintervient pas dans les discussions pour donner son avis, ni lors dun conflit pour donner raison a un internaute. Si un message vous semble contraire aux rgles de bonne conduite nonces ici, signalez-le au modrateur en cliquant sur le bouton &quot;Modrateur&quot; qui figure en bas de page du forum. Vous pourrez lui envoyer un MP .<br><br>Bien  Vous<br><br>Alexandra: Administrateur','xx',0,0,''),(37,0,18,0,0,1440156132,2,'Les signes de Terre',0,'uuu','xx',0,0,''),(39,33,18,0,0,1440158113,2,'Les signes d\'Air',0,'[size=2][size=2][font=Verdana, sans-serif][b]Gmeaux[/b][/font][/size][/size]<br>[size=2][size=2][font=Verdana, sans-serif]Tous les mtiers de la communication et des transports (journaliste,[/font][/size][size=2][font=Verdana, sans-serif]crivain, diteur, facteur, libraire, etc.). Certains sports comme les coureurs&nbsp;[/font][/size][size=2][font=Verdana, sans-serif] pied, les cyclistes, les gymnastes et les tennismen. Les professions du&nbsp;[/font][/size][size=2][font=Verdana, sans-serif]commerce en boutique ou sur les marchs. En mdecine: les spcialistes des poumons ou de la circulation.[/font][/size][/size]<br><br>','xx',0,0,''),(42,33,18,0,0,1440230001,2,'Les signes d\'Air et leur proffessions',0,'[size=2][size=2][font=Verdana, sans-serif][b]Gmeaux[/b][/font][/size][/size]<br>[size=2][size=2][font=Verdana, sans-serif]Tous les mtiers de la communication et des transports (journaliste,[/font][/size][size=2][font=Verdana, sans-serif]crivain, diteur, facteur, libraire, etc.). Certains sports comme les coureurs [/font][/size][size=2][font=Verdana, sans-serif] pied, les cyclistes, les gymnastes et les tennismen. Les professions du [/font][/size][size=2][font=Verdana, sans-serif]commerce en boutique ou sur les marchs. En mdecine: les spcialistes des poumons ou de la circulation.[/font][/size][/size]<br><br>[b]Balance[/b]<br>Tous les mtiers o l&#39;quilibre est important comme ceux de danseur ,[size=2]gymnaste ou quilibriste. Toutes les professions de la justice (avocat, [/size][size=2]juge, etc.) .[/size]<br>Les mtiers de la beaut, de l&#39;esthtique ou de la dcoration. Certaines [size=2]professions artistiques comme peintre ou styliste.[/size]<br>En mdecine: urologue, nphrologue et diabtologue. Et aussi: professeur [size=2]de musique et les mtiers en rapport avec les poids (ascenseur ... ).[/size]<br><br>[b]Verseau[/b]<br>[size=2]Les mtiers lis  la politique et  des organismes internationaux comme [/size][size=2]l&#39;ONU ou !&#39;Unesco. Toutes les professions modernes , nouvelles. Toutes [/size][size=2]les professions lies aux moyens actuels de communication ou de transport [/size][size=2](tlex, informatique, aviation, tlvision, cinma, etc.). [/size][size=2]Et aussi: crivain de science-fiction , astrologue , psychologue, lectronicien, [/size][size=2]publiciste, radiologue. phlbologue, ingnieur, [/size][size=2]magntiseur, parapsycbologue [/size][size=2]et les carrires de l&#39;automobile.[/size]<br>','xx',0,0,''),(46,12,13,0,0,1440246596,2,'Re: Phrase positive',0,'Je cultive le calme.','xx',0,0,''),(47,0,12,0,0,1440246738,2,'Les Astres, les Dieux, les Mythes et les Symboles',0,'Je viens de commencer un nouveau sujet sur&nbsp;Les Astres, les Dieux, les Mythes et les Symboles, j&#39;aimerais que chacun des membres ou nouveau membre<br>[color=#ffffff][size=2][font=Tahoma, sans-serif][iurl=http://&quot;http://forum.sublime-voyance.be/index.php?action=unread;c=9&quot;]Les Astres, les Dieux, les Mythes et les Symboles[/iurl][/font][/size][/color]','xx',0,0,''),(48,0,12,0,0,1440249504,2,'Participation',0,'<br>[size=2]Bonjour, bonsoir, le staff du forum aimerait une participation active de ses membres et nouveau membre au niveau des diffrents sujets proposs, afin, d&#39;avoir une animation et d&#39;obtenir un forum vivant.[/size]<br>[size=2]De faon  ce qu&#39;il ne reste pas dans les oubliettes du web, car un forum non actif napparatra pas sur la premire page des moteurs de recherche grce au rfrencement naturel.[/size]<br><br>[size=2]Alors aidez nous  y parvenir.[/size]<br>','xx',0,0,''),(49,12,13,0,0,1440838119,2,'Re: Phrase positive',0,'Dsormais je savoure chacune de mes actions.','xx',0,0,'');
/*!40000 ALTER TABLE `smf_user_drafts` ENABLE KEYS */;
UNLOCK TABLES;

--
-- Table structure for table `smf_user_likes`
--

DROP TABLE IF EXISTS `smf_user_likes`;
/*!40101 SET @saved_cs_client     = @@character_set_client */;
/*!40101 SET character_set_client = utf8 */;
CREATE TABLE `smf_user_likes` (
  `id_member` mediumint(8) unsigned NOT NULL DEFAULT '0',
  `content_type` char(6) NOT NULL DEFAULT '',
  `content_id` int(10) unsigned NOT NULL DEFAULT '0',
  `like_time` int(10) unsigned NOT NULL DEFAULT '0',
  PRIMARY KEY (`content_id`,`content_type`,`id_member`),
  KEY `content` (`content_id`,`content_type`),
  KEY `liker` (`id_member`)
) ENGINE=InnoDB DEFAULT CHARSET=utf8;
/*!40101 SET character_set_client = @saved_cs_client */;

--
-- Dumping data for table `smf_user_likes`
--

LOCK TABLES `smf_user_likes` WRITE;
/*!40000 ALTER TABLE `smf_user_likes` DISABLE KEYS */;
INSERT INTO `smf_user_likes` VALUES (1,'msg',28,1439822397),(1,'msg',36,1439884217),(1,'msg',53,1440257426),(2,'msg',56,1440337899),(1,'msg',66,1440673645),(1,'msg',67,1440673648),(1,'msg',68,1440673651),(1,'msg',69,1440673653);
/*!40000 ALTER TABLE `smf_user_likes` ENABLE KEYS */;
UNLOCK TABLES;
/*!40103 SET TIME_ZONE=@OLD_TIME_ZONE */;

/*!40101 SET SQL_MODE=@OLD_SQL_MODE */;
/*!40014 SET FOREIGN_KEY_CHECKS=@OLD_FOREIGN_KEY_CHECKS */;
/*!40014 SET UNIQUE_CHECKS=@OLD_UNIQUE_CHECKS */;
/*!40101 SET CHARACTER_SET_CLIENT=@OLD_CHARACTER_SET_CLIENT */;
/*!40101 SET CHARACTER_SET_RESULTS=@OLD_CHARACTER_SET_RESULTS */;
/*!40101 SET COLLATION_CONNECTION=@OLD_COLLATION_CONNECTION */;
/*!40111 SET SQL_NOTES=@OLD_SQL_NOTES */;

-- Dump completed on 2015-09-04 10:52:19
