-- MySQL dump 10.13  Distrib 5.5.44, for debian-linux-gnu (x86_64)
--
-- Host: localhost    Database: wwwsubl_topbe
-- ------------------------------------------------------
-- Server version	5.5.44-0ubuntu0.14.04.1

/*!40101 SET @OLD_CHARACTER_SET_CLIENT=@@CHARACTER_SET_CLIENT */;
/*!40101 SET @OLD_CHARACTER_SET_RESULTS=@@CHARACTER_SET_RESULTS */;
/*!40101 SET @OLD_COLLATION_CONNECTION=@@COLLATION_CONNECTION */;
/*!40101 SET NAMES utf8 */;
/*!40103 SET @OLD_TIME_ZONE=@@TIME_ZONE */;
/*!40103 SET TIME_ZONE='+00:00' */;
/*!40014 SET @OLD_UNIQUE_CHECKS=@@UNIQUE_CHECKS, UNIQUE_CHECKS=0 */;
/*!40014 SET @OLD_FOREIGN_KEY_CHECKS=@@FOREIGN_KEY_CHECKS, FOREIGN_KEY_CHECKS=0 */;
/*!40101 SET @OLD_SQL_MODE=@@SQL_MODE, SQL_MODE='NO_AUTO_VALUE_ON_ZERO' */;
/*!40111 SET @OLD_SQL_NOTES=@@SQL_NOTES, SQL_NOTES=0 */;

--
-- Table structure for table `AreaLayoutColumns`
--

DROP TABLE IF EXISTS `AreaLayoutColumns`;
/*!40101 SET @saved_cs_client     = @@character_set_client */;
/*!40101 SET character_set_client = utf8 */;
CREATE TABLE `AreaLayoutColumns` (
  `arLayoutColumnID` int(10) unsigned NOT NULL AUTO_INCREMENT,
  `arLayoutID` int(10) unsigned NOT NULL DEFAULT '0',
  `arLayoutColumnIndex` int(10) unsigned NOT NULL DEFAULT '0',
  `arID` int(10) unsigned NOT NULL DEFAULT '0',
  `arLayoutColumnDisplayID` int(11) DEFAULT '0',
  PRIMARY KEY (`arLayoutColumnID`),
  KEY `arLayoutID` (`arLayoutID`,`arLayoutColumnIndex`),
  KEY `arID` (`arID`),
  KEY `arLayoutColumnDisplayID` (`arLayoutColumnDisplayID`)
) ENGINE=InnoDB AUTO_INCREMENT=49 DEFAULT CHARSET=utf8 COLLATE=utf8_unicode_ci;
/*!40101 SET character_set_client = @saved_cs_client */;

--
-- Dumping data for table `AreaLayoutColumns`
--

LOCK TABLES `AreaLayoutColumns` WRITE;
/*!40000 ALTER TABLE `AreaLayoutColumns` DISABLE KEYS */;
INSERT INTO `AreaLayoutColumns` VALUES (1,1,0,27,1),(2,1,1,28,2),(3,2,0,31,3),(4,2,1,32,4),(5,2,2,33,5),(6,3,0,34,6),(7,3,1,35,7),(8,4,0,36,8),(9,4,1,37,9),(10,4,2,38,10),(11,5,0,41,11),(12,5,1,42,12),(13,5,2,43,13),(14,5,3,44,14),(15,6,0,45,15),(16,6,1,46,16),(17,7,0,48,17),(18,7,1,49,18),(19,8,0,76,19),(20,8,1,77,20),(21,9,0,78,21),(22,9,1,79,22),(23,9,2,80,23),(24,10,0,81,24),(25,10,1,82,25),(26,11,0,97,26),(27,11,1,98,27),(28,12,0,99,28),(29,12,1,100,29),(30,12,2,101,30),(31,13,0,104,31),(32,13,1,105,32),(33,14,0,106,33),(34,14,1,107,34),(35,15,0,108,35),(36,15,1,109,36),(37,16,0,111,37),(38,16,1,112,38),(39,16,2,113,39),(40,17,0,114,40),(41,17,1,115,41),(42,18,0,183,42),(43,18,1,184,43),(44,18,2,185,44),(45,19,0,186,45),(46,19,1,187,46),(47,19,2,188,47),(48,20,0,195,48);
/*!40000 ALTER TABLE `AreaLayoutColumns` ENABLE KEYS */;
UNLOCK TABLES;

--
-- Table structure for table `AreaLayoutCustomColumns`
--

DROP TABLE IF EXISTS `AreaLayoutCustomColumns`;
/*!40101 SET @saved_cs_client     = @@character_set_client */;
/*!40101 SET character_set_client = utf8 */;
CREATE TABLE `AreaLayoutCustomColumns` (
  `arLayoutColumnID` int(10) unsigned NOT NULL AUTO_INCREMENT,
  `arLayoutColumnWidth` varchar(64) COLLATE utf8_unicode_ci NOT NULL,
  PRIMARY KEY (`arLayoutColumnID`)
) ENGINE=InnoDB DEFAULT CHARSET=utf8 COLLATE=utf8_unicode_ci;
/*!40101 SET character_set_client = @saved_cs_client */;

--
-- Dumping data for table `AreaLayoutCustomColumns`
--

LOCK TABLES `AreaLayoutCustomColumns` WRITE;
/*!40000 ALTER TABLE `AreaLayoutCustomColumns` DISABLE KEYS */;
/*!40000 ALTER TABLE `AreaLayoutCustomColumns` ENABLE KEYS */;
UNLOCK TABLES;

--
-- Table structure for table `AreaLayoutPresets`
--

DROP TABLE IF EXISTS `AreaLayoutPresets`;
/*!40101 SET @saved_cs_client     = @@character_set_client */;
/*!40101 SET character_set_client = utf8 */;
CREATE TABLE `AreaLayoutPresets` (
  `arLayoutPresetID` int(10) unsigned NOT NULL AUTO_INCREMENT,
  `arLayoutID` int(10) unsigned NOT NULL DEFAULT '0',
  `arLayoutPresetName` varchar(255) COLLATE utf8_unicode_ci DEFAULT NULL,
  PRIMARY KEY (`arLayoutPresetID`),
  KEY `arLayoutID` (`arLayoutID`),
  KEY `arLayoutPresetName` (`arLayoutPresetName`)
) ENGINE=InnoDB DEFAULT CHARSET=utf8 COLLATE=utf8_unicode_ci;
/*!40101 SET character_set_client = @saved_cs_client */;

--
-- Dumping data for table `AreaLayoutPresets`
--

LOCK TABLES `AreaLayoutPresets` WRITE;
/*!40000 ALTER TABLE `AreaLayoutPresets` DISABLE KEYS */;
/*!40000 ALTER TABLE `AreaLayoutPresets` ENABLE KEYS */;
UNLOCK TABLES;

--
-- Table structure for table `AreaLayoutThemeGridColumns`
--

DROP TABLE IF EXISTS `AreaLayoutThemeGridColumns`;
/*!40101 SET @saved_cs_client     = @@character_set_client */;
/*!40101 SET character_set_client = utf8 */;
CREATE TABLE `AreaLayoutThemeGridColumns` (
  `arLayoutColumnID` int(10) unsigned NOT NULL AUTO_INCREMENT,
  `arLayoutColumnSpan` int(10) unsigned DEFAULT '0',
  `arLayoutColumnOffset` int(10) unsigned DEFAULT '0',
  PRIMARY KEY (`arLayoutColumnID`)
) ENGINE=InnoDB AUTO_INCREMENT=49 DEFAULT CHARSET=utf8 COLLATE=utf8_unicode_ci;
/*!40101 SET character_set_client = @saved_cs_client */;

--
-- Dumping data for table `AreaLayoutThemeGridColumns`
--

LOCK TABLES `AreaLayoutThemeGridColumns` WRITE;
/*!40000 ALTER TABLE `AreaLayoutThemeGridColumns` DISABLE KEYS */;
INSERT INTO `AreaLayoutThemeGridColumns` VALUES (1,8,0),(2,3,1),(3,4,0),(4,4,0),(5,4,0),(6,6,0),(7,6,0),(8,2,0),(9,3,0),(10,6,1),(11,3,0),(12,3,0),(13,3,0),(14,3,0),(15,6,0),(16,6,0),(17,5,0),(18,5,2),(19,6,0),(20,6,0),(21,4,0),(22,4,0),(23,4,0),(24,4,0),(25,7,1),(26,7,0),(27,4,1),(28,2,0),(29,4,0),(30,6,0),(31,7,0),(32,5,0),(33,4,0),(34,7,1),(35,4,0),(36,7,1),(37,4,0),(38,4,0),(39,4,0),(40,4,0),(41,8,0),(42,4,0),(43,4,0),(44,4,0),(45,4,0),(46,4,0),(47,4,0),(48,12,0);
/*!40000 ALTER TABLE `AreaLayoutThemeGridColumns` ENABLE KEYS */;
UNLOCK TABLES;

--
-- Table structure for table `AreaLayouts`
--

DROP TABLE IF EXISTS `AreaLayouts`;
/*!40101 SET @saved_cs_client     = @@character_set_client */;
/*!40101 SET character_set_client = utf8 */;
CREATE TABLE `AreaLayouts` (
  `arLayoutID` int(10) unsigned NOT NULL AUTO_INCREMENT,
  `arLayoutSpacing` int(10) unsigned NOT NULL DEFAULT '0',
  `arLayoutIsCustom` tinyint(1) NOT NULL DEFAULT '0',
  `arLayoutMaxColumns` int(10) unsigned NOT NULL DEFAULT '0',
  `arLayoutUsesThemeGridFramework` tinyint(1) NOT NULL DEFAULT '0',
  `arLayoutIsPreset` tinyint(1) NOT NULL DEFAULT '0',
  PRIMARY KEY (`arLayoutID`)
) ENGINE=InnoDB AUTO_INCREMENT=21 DEFAULT CHARSET=utf8 COLLATE=utf8_unicode_ci;
/*!40101 SET character_set_client = @saved_cs_client */;

--
-- Dumping data for table `AreaLayouts`
--

LOCK TABLES `AreaLayouts` WRITE;
/*!40000 ALTER TABLE `AreaLayouts` DISABLE KEYS */;
INSERT INTO `AreaLayouts` VALUES (1,0,0,12,1,0),(2,0,0,12,1,0),(3,0,0,12,1,0),(4,0,0,12,1,0),(5,0,0,12,1,0),(6,0,0,12,1,0),(7,0,0,12,1,0),(8,0,0,12,1,0),(9,0,0,12,1,0),(10,0,0,12,1,0),(11,0,0,12,1,0),(12,0,0,12,1,0),(13,0,0,12,1,0),(14,0,0,12,1,0),(15,0,0,12,1,0),(16,0,0,12,1,0),(17,0,0,12,1,0),(18,0,0,12,1,0),(19,0,0,12,1,0),(20,0,0,12,1,0);
/*!40000 ALTER TABLE `AreaLayouts` ENABLE KEYS */;
UNLOCK TABLES;

--
-- Table structure for table `AreaLayoutsUsingPresets`
--

DROP TABLE IF EXISTS `AreaLayoutsUsingPresets`;
/*!40101 SET @saved_cs_client     = @@character_set_client */;
/*!40101 SET character_set_client = utf8 */;
CREATE TABLE `AreaLayoutsUsingPresets` (
  `arLayoutID` int(10) unsigned NOT NULL,
  `preset` varchar(255) COLLATE utf8_unicode_ci NOT NULL DEFAULT '',
  PRIMARY KEY (`arLayoutID`)
) ENGINE=InnoDB DEFAULT CHARSET=utf8 COLLATE=utf8_unicode_ci;
/*!40101 SET character_set_client = @saved_cs_client */;

--
-- Dumping data for table `AreaLayoutsUsingPresets`
--

LOCK TABLES `AreaLayoutsUsingPresets` WRITE;
/*!40000 ALTER TABLE `AreaLayoutsUsingPresets` DISABLE KEYS */;
/*!40000 ALTER TABLE `AreaLayoutsUsingPresets` ENABLE KEYS */;
UNLOCK TABLES;

--
-- Table structure for table `AreaPermissionAssignments`
--

DROP TABLE IF EXISTS `AreaPermissionAssignments`;
/*!40101 SET @saved_cs_client     = @@character_set_client */;
/*!40101 SET character_set_client = utf8 */;
CREATE TABLE `AreaPermissionAssignments` (
  `cID` int(10) unsigned NOT NULL DEFAULT '0',
  `arHandle` varchar(255) COLLATE utf8_unicode_ci NOT NULL,
  `pkID` int(10) unsigned NOT NULL DEFAULT '0',
  `paID` int(10) unsigned NOT NULL DEFAULT '0',
  PRIMARY KEY (`cID`,`arHandle`,`pkID`,`paID`),
  KEY `paID` (`paID`),
  KEY `pkID` (`pkID`)
) ENGINE=InnoDB DEFAULT CHARSET=utf8 COLLATE=utf8_unicode_ci;
/*!40101 SET character_set_client = @saved_cs_client */;

--
-- Dumping data for table `AreaPermissionAssignments`
--

LOCK TABLES `AreaPermissionAssignments` WRITE;
/*!40000 ALTER TABLE `AreaPermissionAssignments` DISABLE KEYS */;
/*!40000 ALTER TABLE `AreaPermissionAssignments` ENABLE KEYS */;
UNLOCK TABLES;

--
-- Table structure for table `AreaPermissionBlockTypeAccessList`
--

DROP TABLE IF EXISTS `AreaPermissionBlockTypeAccessList`;
/*!40101 SET @saved_cs_client     = @@character_set_client */;
/*!40101 SET character_set_client = utf8 */;
CREATE TABLE `AreaPermissionBlockTypeAccessList` (
  `paID` int(10) unsigned NOT NULL DEFAULT '0',
  `peID` int(10) unsigned NOT NULL DEFAULT '0',
  `permission` varchar(1) COLLATE utf8_unicode_ci NOT NULL DEFAULT '1',
  PRIMARY KEY (`paID`,`peID`),
  KEY `peID` (`peID`)
) ENGINE=InnoDB DEFAULT CHARSET=utf8 COLLATE=utf8_unicode_ci;
/*!40101 SET character_set_client = @saved_cs_client */;

--
-- Dumping data for table `AreaPermissionBlockTypeAccessList`
--

LOCK TABLES `AreaPermissionBlockTypeAccessList` WRITE;
/*!40000 ALTER TABLE `AreaPermissionBlockTypeAccessList` DISABLE KEYS */;
/*!40000 ALTER TABLE `AreaPermissionBlockTypeAccessList` ENABLE KEYS */;
UNLOCK TABLES;

--
-- Table structure for table `AreaPermissionBlockTypeAccessListCustom`
--

DROP TABLE IF EXISTS `AreaPermissionBlockTypeAccessListCustom`;
/*!40101 SET @saved_cs_client     = @@character_set_client */;
/*!40101 SET character_set_client = utf8 */;
CREATE TABLE `AreaPermissionBlockTypeAccessListCustom` (
  `paID` int(10) unsigned NOT NULL DEFAULT '0',
  `peID` int(10) unsigned NOT NULL DEFAULT '0',
  `btID` int(10) unsigned NOT NULL DEFAULT '0',
  PRIMARY KEY (`paID`,`peID`,`btID`),
  KEY `peID` (`peID`),
  KEY `btID` (`btID`)
) ENGINE=InnoDB DEFAULT CHARSET=utf8 COLLATE=utf8_unicode_ci;
/*!40101 SET character_set_client = @saved_cs_client */;

--
-- Dumping data for table `AreaPermissionBlockTypeAccessListCustom`
--

LOCK TABLES `AreaPermissionBlockTypeAccessListCustom` WRITE;
/*!40000 ALTER TABLE `AreaPermissionBlockTypeAccessListCustom` DISABLE KEYS */;
/*!40000 ALTER TABLE `AreaPermissionBlockTypeAccessListCustom` ENABLE KEYS */;
UNLOCK TABLES;

--
-- Table structure for table `Areas`
--

DROP TABLE IF EXISTS `Areas`;
/*!40101 SET @saved_cs_client     = @@character_set_client */;
/*!40101 SET character_set_client = utf8 */;
CREATE TABLE `Areas` (
  `arID` int(10) unsigned NOT NULL AUTO_INCREMENT,
  `cID` int(10) unsigned NOT NULL DEFAULT '0',
  `arHandle` varchar(255) COLLATE utf8_unicode_ci NOT NULL,
  `arOverrideCollectionPermissions` tinyint(1) NOT NULL DEFAULT '0',
  `arInheritPermissionsFromAreaOnCID` int(10) unsigned NOT NULL DEFAULT '0',
  `arIsGlobal` tinyint(1) NOT NULL DEFAULT '0',
  `arParentID` int(10) unsigned NOT NULL DEFAULT '0',
  PRIMARY KEY (`arID`),
  KEY `arIsGlobal` (`arIsGlobal`),
  KEY `cID` (`cID`),
  KEY `arHandle` (`arHandle`),
  KEY `arParentID` (`arParentID`)
) ENGINE=InnoDB AUTO_INCREMENT=277 DEFAULT CHARSET=utf8 COLLATE=utf8_unicode_ci;
/*!40101 SET character_set_client = @saved_cs_client */;

--
-- Dumping data for table `Areas`
--

LOCK TABLES `Areas` WRITE;
/*!40000 ALTER TABLE `Areas` DISABLE KEYS */;
INSERT INTO `Areas` VALUES (1,125,'Main',0,0,0,0),(2,126,'Primary',0,0,0,0),(3,126,'Secondary 1',0,0,0,0),(4,126,'Secondary 2',0,0,0,0),(5,126,'Secondary 3',0,0,0,0),(6,126,'Secondary 4',0,0,0,0),(7,126,'Secondary 5',0,0,0,0),(8,143,'Main',0,0,0,0),(9,144,'Main',0,0,0,0),(10,145,'Main',0,0,0,0),(11,146,'Main',0,0,0,0),(12,147,'Main',0,0,0,0),(13,148,'Main',0,0,0,0),(14,149,'Main',0,0,0,0),(15,150,'Main',0,0,0,0),(16,168,'Main',0,0,0,0),(17,168,'Sidebar',0,0,0,0),(18,168,'Page Footer',0,0,0,0),(19,175,'Page Header',0,0,0,0),(20,175,'Sidebar',0,0,0,0),(21,175,'Main',0,0,0,0),(22,161,'Page Header',0,0,0,0),(23,161,'Sidebar',0,0,0,0),(24,161,'Main',0,0,0,0),(25,161,'Page Footer',0,0,0,0),(26,156,'Main',0,0,0,0),(27,156,'Main : 1',0,0,0,26),(28,156,'Main : 2',0,0,0,26),(29,153,'Main',0,0,0,0),(30,1,'Main',0,0,0,0),(31,1,'Main : 3',0,0,0,30),(32,1,'Main : 4',0,0,0,30),(33,1,'Main : 5',0,0,0,30),(34,1,'Main : 6',0,0,0,30),(35,1,'Main : 7',0,0,0,30),(36,1,'Main : 8',0,0,0,30),(37,1,'Main : 9',0,0,0,30),(38,1,'Main : 10',0,0,0,30),(39,1,'Page Footer',0,0,0,0),(40,152,'Main',0,0,0,0),(41,152,'Main : 11',0,0,0,40),(42,152,'Main : 12',0,0,0,40),(43,152,'Main : 13',0,0,0,40),(44,152,'Main : 14',0,0,0,40),(45,152,'Main : 15',0,0,0,40),(46,152,'Main : 16',0,0,0,40),(47,152,'Page Footer',0,0,0,0),(48,152,'Page Footer : 17',0,0,0,47),(49,152,'Page Footer : 18',0,0,0,47),(50,154,'Main',0,0,0,0),(51,162,'Page Header',0,0,0,0),(52,162,'Main',0,0,0,0),(53,162,'Sidebar',0,0,0,0),(54,162,'Page Footer',0,0,0,0),(55,163,'Page Header',0,0,0,0),(56,163,'Main',0,0,0,0),(57,163,'Sidebar',0,0,0,0),(58,163,'Page Footer',0,0,0,0),(59,164,'Page Header',0,0,0,0),(60,164,'Main',0,0,0,0),(61,164,'Sidebar',0,0,0,0),(62,164,'Page Footer',0,0,0,0),(63,165,'Page Header',0,0,0,0),(64,165,'Main',0,0,0,0),(65,165,'Sidebar',0,0,0,0),(66,165,'Page Footer',0,0,0,0),(67,166,'Page Header',0,0,0,0),(68,166,'Main',0,0,0,0),(69,166,'Sidebar',0,0,0,0),(70,166,'Page Footer',0,0,0,0),(71,167,'Page Header',0,0,0,0),(72,167,'Main',0,0,0,0),(73,167,'Sidebar',0,0,0,0),(74,167,'Page Footer',0,0,0,0),(75,155,'Main',0,0,0,0),(76,155,'Main : 19',0,0,0,75),(77,155,'Main : 20',0,0,0,75),(78,155,'Main : 21',0,0,0,75),(79,155,'Main : 22',0,0,0,75),(80,155,'Main : 23',0,0,0,75),(81,155,'Main : 24',0,0,0,75),(82,155,'Main : 25',0,0,0,75),(83,157,'Main',0,0,0,0),(84,157,'Main : 1',0,0,0,0),(85,157,'Main : 2',0,0,0,0),(86,169,'Page Footer',0,0,0,0),(87,169,'Main',0,0,0,0),(88,169,'Sidebar',0,0,0,0),(89,170,'Page Footer',0,0,0,0),(90,170,'Main',0,0,0,0),(91,170,'Sidebar',0,0,0,0),(92,171,'Page Footer',0,0,0,0),(93,171,'Main',0,0,0,0),(94,171,'Sidebar',0,0,0,0),(95,158,'Main',0,0,0,0),(96,159,'Main',0,0,0,0),(97,159,'Main : 26',0,0,0,96),(98,159,'Main : 27',0,0,0,96),(99,159,'Main : 28',0,0,0,96),(100,159,'Main : 29',0,0,0,96),(101,159,'Main : 30',0,0,0,96),(102,160,'Main',0,0,0,0),(103,172,'Main',0,0,0,0),(104,172,'Main : 31',0,0,0,103),(105,172,'Main : 32',0,0,0,103),(106,172,'Main : 33',0,0,0,103),(107,172,'Main : 34',0,0,0,103),(108,172,'Main : 35',0,0,0,103),(109,172,'Main : 36',0,0,0,103),(110,173,'Main',0,0,0,0),(111,173,'Main : 37',0,0,0,110),(112,173,'Main : 38',0,0,0,110),(113,173,'Main : 39',0,0,0,110),(114,173,'Main : 40',0,0,0,110),(115,173,'Main : 41',0,0,0,110),(116,176,'Main',0,0,0,0),(117,176,'Page Header',0,0,0,0),(118,176,'Sidebar',0,0,0,0),(119,177,'Main',0,0,0,0),(120,177,'Page Header',0,0,0,0),(121,177,'Sidebar',0,0,0,0),(122,174,'Main',0,0,0,0),(123,1,'Header Site Title',0,0,1,0),(124,1,'Header Navigation',0,0,1,0),(125,1,'Header Search',0,0,1,0),(126,1,'Footer Site Title',0,0,1,0),(127,1,'Footer Social',0,0,1,0),(128,1,'Footer Legal',0,0,1,0),(129,1,'Footer Navigation',0,0,1,0),(130,1,'Footer Contact',0,0,1,0),(131,140,'Header Site Title',0,0,1,0),(132,140,'Header Navigation',0,0,1,0),(133,140,'Header Search',0,0,1,0),(134,140,'Footer Site Title',0,0,1,0),(135,140,'Footer Social',0,0,1,0),(136,140,'Footer Legal',0,0,1,0),(137,140,'Footer Navigation',0,0,1,0),(138,140,'Footer Contact',0,0,1,0),(139,173,'Header Site Title',0,0,1,0),(140,173,'Header Navigation',0,0,1,0),(141,173,'Header Search',0,0,1,0),(142,173,'Page Footer',0,0,0,0),(143,173,'Footer Site Title',0,0,1,0),(144,173,'Footer Social',0,0,1,0),(145,173,'Footer Legal',0,0,1,0),(146,173,'Footer Navigation',0,0,1,0),(147,173,'Footer Contact',0,0,1,0),(148,157,'Header Site Title',0,0,1,0),(149,157,'Header Navigation',0,0,1,0),(150,157,'Header Search',0,0,1,0),(151,157,'Page Footer',0,0,0,0),(152,157,'Footer Site Title',0,0,1,0),(153,157,'Footer Social',0,0,1,0),(154,157,'Footer Legal',0,0,1,0),(155,157,'Footer Navigation',0,0,1,0),(156,157,'Footer Contact',0,0,1,0),(157,154,'Header Site Title',0,0,1,0),(158,154,'Header Navigation',0,0,1,0),(159,154,'Header Search',0,0,1,0),(160,154,'Page Footer',0,0,0,0),(161,154,'Footer Site Title',0,0,1,0),(162,154,'Footer Social',0,0,1,0),(163,154,'Footer Legal',0,0,1,0),(164,154,'Footer Navigation',0,0,1,0),(165,154,'Footer Contact',0,0,1,0),(166,152,'Header Site Title',0,0,1,0),(167,152,'Header Navigation',0,0,1,0),(168,152,'Header Search',0,0,1,0),(169,152,'Footer Site Title',0,0,1,0),(170,152,'Footer Social',0,0,1,0),(171,152,'Footer Legal',0,0,1,0),(172,152,'Footer Navigation',0,0,1,0),(173,152,'Footer Contact',0,0,1,0),(174,152,'MyArea',0,0,0,0),(175,152,'Welcome',0,0,0,0),(176,140,'Main',0,0,0,0),(177,1,'MyArea',0,0,0,0),(178,1,'Welcome',0,0,0,0),(179,181,'MyArea',0,0,0,0),(180,181,'Welcome',0,0,0,0),(181,174,'MyArea',0,0,0,0),(182,174,'Welcome',0,0,0,0),(183,1,'MyArea : 42',0,0,0,177),(184,1,'MyArea : 43',0,0,0,177),(185,1,'MyArea : 44',0,0,0,177),(186,1,'MyArea : 45',0,0,0,177),(187,1,'MyArea : 46',0,0,0,177),(188,1,'MyArea : 47',0,0,0,177),(189,182,'Main',0,0,0,0),(190,183,'Main',0,0,0,0),(191,183,'Page Header',0,0,0,0),(192,183,'Sidebar',0,0,0,0),(193,184,'MyArea',0,0,0,0),(194,184,'Welcome',0,0,0,0),(195,1,'MyArea : 48',0,0,0,177),(196,1,'Faq',0,0,0,0),(197,184,'Faq',0,0,0,0),(198,184,'Header Site Title',0,0,1,0),(199,184,'Header Navigation',0,0,1,0),(200,184,'Header Search',0,0,1,0),(201,184,'Main',0,0,0,0),(202,184,'Page Footer',0,0,0,0),(203,184,'Footer Site Title',0,0,1,0),(204,184,'Footer Social',0,0,1,0),(205,184,'Footer Legal',0,0,1,0),(206,184,'Footer Navigation',0,0,1,0),(207,184,'Footer Contact',0,0,1,0),(208,174,'Header Site Title',0,0,1,0),(209,174,'Header Navigation',0,0,1,0),(210,174,'Header Search',0,0,1,0),(211,174,'Page Footer',0,0,0,0),(212,174,'Footer Site Title',0,0,1,0),(213,174,'Footer Social',0,0,1,0),(214,174,'Footer Legal',0,0,1,0),(215,174,'Footer Navigation',0,0,1,0),(216,174,'Footer Contact',0,0,1,0),(217,181,'Header Site Title',0,0,1,0),(218,181,'Header Navigation',0,0,1,0),(219,181,'Header Search',0,0,1,0),(220,181,'Main',0,0,0,0),(221,181,'Page Footer',0,0,0,0),(222,181,'Footer Site Title',0,0,1,0),(223,181,'Footer Social',0,0,1,0),(224,181,'Footer Legal',0,0,1,0),(225,181,'Footer Navigation',0,0,1,0),(226,181,'Footer Contact',0,0,1,0),(227,185,'Welcome',0,0,0,0),(228,185,'MyArea',0,0,0,0),(229,186,'Welcome',0,0,0,0),(230,186,'MyArea',0,0,0,0),(231,174,'Faq',0,0,0,0),(232,157,'Welcome',0,0,0,0),(233,157,'MyArea',0,0,0,0),(234,157,'Faq',0,0,0,0),(235,186,'Faq',0,0,0,0),(236,172,'Welcome',0,0,0,0),(237,172,'MyArea',0,0,0,0),(238,172,'Faq',0,0,0,0),(239,155,'Header Site Title',0,0,1,0),(240,155,'Header Navigation',0,0,1,0),(241,155,'Header Search',0,0,1,0),(242,155,'Page Footer',0,0,0,0),(243,155,'Footer Site Title',0,0,1,0),(244,155,'Footer Social',0,0,1,0),(245,155,'Footer Legal',0,0,1,0),(246,155,'Footer Navigation',0,0,1,0),(247,155,'Footer Contact',0,0,1,0),(248,159,'Header Site Title',0,0,1,0),(249,159,'Header Navigation',0,0,1,0),(250,159,'Header Search',0,0,1,0),(251,159,'Page Footer',0,0,0,0),(252,159,'Footer Site Title',0,0,1,0),(253,159,'Footer Social',0,0,1,0),(254,159,'Footer Legal',0,0,1,0),(255,159,'Footer Navigation',0,0,1,0),(256,159,'Footer Contact',0,0,1,0),(257,163,'Header Site Title',0,0,1,0),(258,163,'Header Navigation',0,0,1,0),(259,163,'Header Search',0,0,1,0),(260,163,'Footer Site Title',0,0,1,0),(261,163,'Footer Social',0,0,1,0),(262,163,'Footer Legal',0,0,1,0),(263,163,'Footer Navigation',0,0,1,0),(264,163,'Footer Contact',0,0,1,0),(265,172,'Header Site Title',0,0,1,0),(266,172,'Header Navigation',0,0,1,0),(267,172,'Header Search',0,0,1,0),(268,172,'Page Footer',0,0,0,0),(269,172,'Footer Site Title',0,0,1,0),(270,172,'Footer Social',0,0,1,0),(271,172,'Footer Legal',0,0,1,0),(272,172,'Footer Navigation',0,0,1,0),(273,172,'Footer Contact',0,0,1,0),(274,195,'Welcome',0,0,0,0),(275,195,'MyArea',0,0,0,0),(276,195,'Faq',0,0,0,0);
/*!40000 ALTER TABLE `Areas` ENABLE KEYS */;
UNLOCK TABLES;

--
-- Table structure for table `AttributeKeyCategories`
--

DROP TABLE IF EXISTS `AttributeKeyCategories`;
/*!40101 SET @saved_cs_client     = @@character_set_client */;
/*!40101 SET character_set_client = utf8 */;
CREATE TABLE `AttributeKeyCategories` (
  `akCategoryID` int(10) unsigned NOT NULL AUTO_INCREMENT,
  `akCategoryHandle` varchar(255) COLLATE utf8_unicode_ci NOT NULL,
  `akCategoryAllowSets` smallint(6) NOT NULL DEFAULT '0',
  `pkgID` int(10) unsigned DEFAULT NULL,
  PRIMARY KEY (`akCategoryID`),
  KEY `akCategoryHandle` (`akCategoryHandle`),
  KEY `pkgID` (`pkgID`,`akCategoryID`)
) ENGINE=InnoDB AUTO_INCREMENT=4 DEFAULT CHARSET=utf8 COLLATE=utf8_unicode_ci;
/*!40101 SET character_set_client = @saved_cs_client */;

--
-- Dumping data for table `AttributeKeyCategories`
--

LOCK TABLES `AttributeKeyCategories` WRITE;
/*!40000 ALTER TABLE `AttributeKeyCategories` DISABLE KEYS */;
INSERT INTO `AttributeKeyCategories` VALUES (1,'collection',1,NULL),(2,'user',1,NULL),(3,'file',1,NULL);
/*!40000 ALTER TABLE `AttributeKeyCategories` ENABLE KEYS */;
UNLOCK TABLES;

--
-- Table structure for table `AttributeKeys`
--

DROP TABLE IF EXISTS `AttributeKeys`;
/*!40101 SET @saved_cs_client     = @@character_set_client */;
/*!40101 SET character_set_client = utf8 */;
CREATE TABLE `AttributeKeys` (
  `akID` int(10) unsigned NOT NULL AUTO_INCREMENT,
  `akHandle` varchar(255) COLLATE utf8_unicode_ci NOT NULL,
  `akName` varchar(255) COLLATE utf8_unicode_ci NOT NULL,
  `akIsSearchable` tinyint(1) NOT NULL DEFAULT '0',
  `akIsSearchableIndexed` tinyint(1) NOT NULL DEFAULT '0',
  `akIsAutoCreated` tinyint(1) NOT NULL DEFAULT '0',
  `akIsInternal` tinyint(1) NOT NULL DEFAULT '0',
  `akIsColumnHeader` tinyint(1) NOT NULL DEFAULT '0',
  `akIsEditable` tinyint(1) NOT NULL DEFAULT '0',
  `atID` int(10) unsigned DEFAULT NULL,
  `akCategoryID` int(10) unsigned DEFAULT NULL,
  `pkgID` int(10) unsigned DEFAULT NULL,
  PRIMARY KEY (`akID`),
  UNIQUE KEY `akHandle` (`akHandle`,`akCategoryID`),
  KEY `akCategoryID` (`akCategoryID`),
  KEY `atID` (`atID`),
  KEY `pkgID` (`pkgID`)
) ENGINE=InnoDB AUTO_INCREMENT=27 DEFAULT CHARSET=utf8 COLLATE=utf8_unicode_ci;
/*!40101 SET character_set_client = @saved_cs_client */;

--
-- Dumping data for table `AttributeKeys`
--

LOCK TABLES `AttributeKeys` WRITE;
/*!40000 ALTER TABLE `AttributeKeys` DISABLE KEYS */;
INSERT INTO `AttributeKeys` VALUES (1,'meta_title','Meta Title',1,1,1,0,0,1,1,1,0),(2,'meta_description','Meta Description',1,1,1,0,0,1,2,1,0),(3,'meta_keywords','Meta Keywords',1,1,1,0,0,1,2,1,0),(4,'icon_dashboard','Dashboard Icon',0,0,1,1,0,1,2,1,0),(5,'exclude_nav','Exclude From Nav',1,1,1,0,0,1,3,1,0),(6,'exclude_page_list','Exclude From Page List',1,1,1,0,0,1,3,1,0),(7,'header_extra_content','Header Extra Content',1,1,1,0,0,1,2,1,0),(8,'tags','Tags',1,1,1,0,0,1,8,1,0),(9,'is_featured','Is Featured',1,0,1,0,0,1,3,1,0),(10,'exclude_search_index','Exclude From Search Index',1,1,1,0,0,1,3,1,0),(11,'exclude_sitemapxml','Exclude From sitemap.xml',1,1,1,0,0,1,3,1,0),(12,'profile_private_messages_enabled','I would like to receive private messages.',1,0,0,0,0,1,3,2,0),(13,'profile_private_messages_notification_enabled','Send me email notifications when I receive a private message.',1,0,0,0,0,1,3,2,0),(14,'width','Width',1,1,1,0,0,1,6,3,0),(15,'height','Height',1,1,1,0,0,1,6,3,0),(16,'account_profile_links','Personal Links',0,0,0,0,0,1,11,2,0),(17,'duration','Duration',1,1,1,0,0,1,6,3,0),(18,'job_posting_department','Department',1,1,1,0,0,1,8,1,0),(19,'job_location','Location',1,1,1,0,0,1,2,1,0),(20,'exclude_subpages_from_nav','Exclude Sub-Pages From Nav',1,1,1,0,0,1,3,1,0),(21,'thumbnail','Thumbnail',1,1,1,0,0,1,5,1,0),(22,'blog_entry_topics','Blog Entry Topics',1,1,1,0,0,1,10,1,0),(23,'project_topics','Project Topics',1,1,1,0,0,1,10,1,0),(24,'project_client','Client',1,1,1,0,0,1,1,1,0),(25,'project_tasks','Task',1,1,1,0,0,1,8,1,0),(26,'project_skills','Skills',1,1,1,0,0,1,8,1,0);
/*!40000 ALTER TABLE `AttributeKeys` ENABLE KEYS */;
UNLOCK TABLES;

--
-- Table structure for table `AttributeSetKeys`
--

DROP TABLE IF EXISTS `AttributeSetKeys`;
/*!40101 SET @saved_cs_client     = @@character_set_client */;
/*!40101 SET character_set_client = utf8 */;
CREATE TABLE `AttributeSetKeys` (
  `akID` int(10) unsigned NOT NULL DEFAULT '0',
  `asID` int(10) unsigned NOT NULL DEFAULT '0',
  `displayOrder` int(10) unsigned NOT NULL DEFAULT '0',
  PRIMARY KEY (`akID`,`asID`),
  KEY `asID` (`asID`,`displayOrder`)
) ENGINE=InnoDB DEFAULT CHARSET=utf8 COLLATE=utf8_unicode_ci;
/*!40101 SET character_set_client = @saved_cs_client */;

--
-- Dumping data for table `AttributeSetKeys`
--

LOCK TABLES `AttributeSetKeys` WRITE;
/*!40000 ALTER TABLE `AttributeSetKeys` DISABLE KEYS */;
INSERT INTO `AttributeSetKeys` VALUES (1,1,1),(2,1,2),(3,1,3),(7,1,4),(11,1,5),(9,2,1),(5,2,2),(6,2,3),(10,2,4),(8,2,5),(21,2,6),(20,2,7),(18,3,1),(19,3,2),(22,4,1),(23,5,1),(24,5,2),(25,5,3),(26,5,4);
/*!40000 ALTER TABLE `AttributeSetKeys` ENABLE KEYS */;
UNLOCK TABLES;

--
-- Table structure for table `AttributeSets`
--

DROP TABLE IF EXISTS `AttributeSets`;
/*!40101 SET @saved_cs_client     = @@character_set_client */;
/*!40101 SET character_set_client = utf8 */;
CREATE TABLE `AttributeSets` (
  `asID` int(10) unsigned NOT NULL AUTO_INCREMENT,
  `asName` varchar(255) COLLATE utf8_unicode_ci DEFAULT NULL,
  `asHandle` varchar(255) COLLATE utf8_unicode_ci NOT NULL,
  `akCategoryID` int(10) unsigned NOT NULL DEFAULT '0',
  `pkgID` int(10) unsigned NOT NULL DEFAULT '0',
  `asIsLocked` tinyint(1) NOT NULL DEFAULT '1',
  `asDisplayOrder` int(10) unsigned NOT NULL DEFAULT '0',
  PRIMARY KEY (`asID`),
  UNIQUE KEY `asHandle` (`asHandle`),
  KEY `akCategoryID` (`akCategoryID`,`asDisplayOrder`),
  KEY `pkgID` (`pkgID`,`asID`)
) ENGINE=InnoDB AUTO_INCREMENT=6 DEFAULT CHARSET=utf8 COLLATE=utf8_unicode_ci;
/*!40101 SET character_set_client = @saved_cs_client */;

--
-- Dumping data for table `AttributeSets`
--

LOCK TABLES `AttributeSets` WRITE;
/*!40000 ALTER TABLE `AttributeSets` DISABLE KEYS */;
INSERT INTO `AttributeSets` VALUES (1,'SEO','seo',1,0,0,0),(2,'Navigation and Indexing','navigation',1,0,0,1),(3,'Jobs','job_board',1,0,0,2),(4,'Blog','blog',1,0,0,3),(5,'Portfolio','portfolio',1,0,0,4);
/*!40000 ALTER TABLE `AttributeSets` ENABLE KEYS */;
UNLOCK TABLES;

--
-- Table structure for table `AttributeTypeCategories`
--

DROP TABLE IF EXISTS `AttributeTypeCategories`;
/*!40101 SET @saved_cs_client     = @@character_set_client */;
/*!40101 SET character_set_client = utf8 */;
CREATE TABLE `AttributeTypeCategories` (
  `atID` int(10) unsigned NOT NULL DEFAULT '0',
  `akCategoryID` int(10) unsigned NOT NULL DEFAULT '0',
  PRIMARY KEY (`atID`,`akCategoryID`),
  KEY `akCategoryID` (`akCategoryID`)
) ENGINE=InnoDB DEFAULT CHARSET=utf8 COLLATE=utf8_unicode_ci;
/*!40101 SET character_set_client = @saved_cs_client */;

--
-- Dumping data for table `AttributeTypeCategories`
--

LOCK TABLES `AttributeTypeCategories` WRITE;
/*!40000 ALTER TABLE `AttributeTypeCategories` DISABLE KEYS */;
INSERT INTO `AttributeTypeCategories` VALUES (1,1),(2,1),(3,1),(4,1),(5,1),(6,1),(7,1),(8,1),(10,1),(1,2),(2,2),(3,2),(4,2),(6,2),(8,2),(9,2),(10,2),(11,2),(1,3),(2,3),(3,3),(4,3),(6,3),(7,3),(8,3),(10,3);
/*!40000 ALTER TABLE `AttributeTypeCategories` ENABLE KEYS */;
UNLOCK TABLES;

--
-- Table structure for table `AttributeTypes`
--

DROP TABLE IF EXISTS `AttributeTypes`;
/*!40101 SET @saved_cs_client     = @@character_set_client */;
/*!40101 SET character_set_client = utf8 */;
CREATE TABLE `AttributeTypes` (
  `atID` int(10) unsigned NOT NULL AUTO_INCREMENT,
  `atHandle` varchar(255) COLLATE utf8_unicode_ci NOT NULL,
  `atName` varchar(255) COLLATE utf8_unicode_ci NOT NULL,
  `pkgID` int(10) unsigned DEFAULT NULL,
  PRIMARY KEY (`atID`),
  UNIQUE KEY `atHandle` (`atHandle`),
  KEY `pkgID` (`pkgID`,`atID`)
) ENGINE=InnoDB AUTO_INCREMENT=12 DEFAULT CHARSET=utf8 COLLATE=utf8_unicode_ci;
/*!40101 SET character_set_client = @saved_cs_client */;

--
-- Dumping data for table `AttributeTypes`
--

LOCK TABLES `AttributeTypes` WRITE;
/*!40000 ALTER TABLE `AttributeTypes` DISABLE KEYS */;
INSERT INTO `AttributeTypes` VALUES (1,'text','Text',0),(2,'textarea','Text Area',0),(3,'boolean','Checkbox',0),(4,'date_time','Date/Time',0),(5,'image_file','Image/File',0),(6,'number','Number',0),(7,'rating','Rating',0),(8,'select','Select',0),(9,'address','Address',0),(10,'topics','Topics',0),(11,'social_links','Social Links',0);
/*!40000 ALTER TABLE `AttributeTypes` ENABLE KEYS */;
UNLOCK TABLES;

--
-- Table structure for table `AttributeValues`
--

DROP TABLE IF EXISTS `AttributeValues`;
/*!40101 SET @saved_cs_client     = @@character_set_client */;
/*!40101 SET character_set_client = utf8 */;
CREATE TABLE `AttributeValues` (
  `avID` int(10) unsigned NOT NULL AUTO_INCREMENT,
  `akID` int(10) unsigned DEFAULT NULL,
  `avDateAdded` datetime NOT NULL DEFAULT '0000-00-00 00:00:00',
  `uID` int(10) unsigned DEFAULT NULL,
  `atID` int(10) unsigned DEFAULT NULL,
  PRIMARY KEY (`avID`),
  KEY `akID` (`akID`),
  KEY `uID` (`uID`),
  KEY `atID` (`atID`)
) ENGINE=InnoDB AUTO_INCREMENT=265 DEFAULT CHARSET=utf8 COLLATE=utf8_unicode_ci;
/*!40101 SET character_set_client = @saved_cs_client */;

--
-- Dumping data for table `AttributeValues`
--

LOCK TABLES `AttributeValues` WRITE;
/*!40000 ALTER TABLE `AttributeValues` DISABLE KEYS */;
INSERT INTO `AttributeValues` VALUES (1,4,'2015-03-02 22:21:14',1,2),(2,3,'2015-03-02 22:21:14',1,2),(3,3,'2015-03-02 22:21:14',1,2),(4,3,'2015-03-02 22:21:14',1,2),(5,3,'2015-03-02 22:21:14',1,2),(6,3,'2015-03-02 22:21:14',1,2),(7,3,'2015-03-02 22:21:15',1,2),(8,3,'2015-03-02 22:21:15',1,2),(9,5,'2015-03-02 22:21:15',1,3),(10,3,'2015-03-02 22:21:15',1,2),(11,3,'2015-03-02 22:21:15',1,2),(12,3,'2015-03-02 22:21:15',1,2),(13,3,'2015-03-02 22:21:15',1,2),(14,3,'2015-03-02 22:21:15',1,2),(15,3,'2015-03-02 22:21:15',1,2),(16,5,'2015-03-02 22:21:15',1,3),(17,3,'2015-03-02 22:21:15',1,2),(18,5,'2015-03-02 22:21:15',1,3),(19,3,'2015-03-02 22:21:15',1,2),(20,3,'2015-03-02 22:21:15',1,2),(21,3,'2015-03-02 22:21:15',1,2),(22,3,'2015-03-02 22:21:15',1,2),(23,3,'2015-03-02 22:21:15',1,2),(24,3,'2015-03-02 22:21:15',1,2),(25,3,'2015-03-02 22:21:15',1,2),(26,3,'2015-03-02 22:21:15',1,2),(27,3,'2015-03-02 22:21:15',1,2),(28,5,'2015-03-02 22:21:16',1,3),(29,5,'2015-03-02 22:21:16',1,3),(30,5,'2015-03-02 22:21:16',1,3),(31,5,'2015-03-02 22:21:16',1,3),(32,5,'2015-03-02 22:21:16',1,3),(33,5,'2015-03-02 22:21:16',1,3),(34,5,'2015-03-02 22:21:16',1,3),(35,5,'2015-03-02 22:21:16',1,3),(36,3,'2015-03-02 22:21:16',1,2),(37,3,'2015-03-02 22:21:16',1,2),(38,3,'2015-03-02 22:21:16',1,2),(39,4,'2015-03-02 22:21:16',1,2),(40,3,'2015-03-02 22:21:16',1,2),(41,3,'2015-03-02 22:21:16',1,2),(42,5,'2015-03-02 22:21:16',1,3),(43,10,'2015-03-02 22:21:16',1,3),(44,3,'2015-03-02 22:21:16',1,2),(45,3,'2015-03-02 22:21:16',1,2),(46,3,'2015-03-02 22:21:16',1,2),(47,5,'2015-03-02 22:21:16',1,3),(48,3,'2015-03-02 22:21:17',1,2),(49,3,'2015-03-02 22:21:17',1,2),(50,3,'2015-03-02 22:21:17',1,2),(51,5,'2015-03-02 22:21:17',1,3),(52,3,'2015-03-02 22:21:17',1,2),(53,3,'2015-03-02 22:21:17',1,2),(54,3,'2015-03-02 22:21:17',1,2),(55,3,'2015-03-02 22:21:17',1,2),(56,3,'2015-03-02 22:21:17',1,2),(57,3,'2015-03-02 22:21:17',1,2),(58,3,'2015-03-02 22:21:17',1,2),(59,3,'2015-03-02 22:21:17',1,2),(60,3,'2015-03-02 22:21:17',1,2),(61,3,'2015-03-02 22:21:17',1,2),(62,3,'2015-03-02 22:21:17',1,2),(63,3,'2015-03-02 22:21:17',1,2),(64,3,'2015-03-02 22:21:17',1,2),(65,3,'2015-03-02 22:21:17',1,2),(66,3,'2015-03-02 22:21:17',1,2),(67,3,'2015-03-02 22:21:17',1,2),(68,3,'2015-03-02 22:21:18',1,2),(69,3,'2015-03-02 22:21:18',1,2),(70,3,'2015-03-02 22:21:18',1,2),(71,3,'2015-03-02 22:21:18',1,2),(72,3,'2015-03-02 22:21:18',1,2),(73,3,'2015-03-02 22:21:18',1,2),(74,3,'2015-03-02 22:21:18',1,2),(75,3,'2015-03-02 22:21:18',1,2),(76,3,'2015-03-02 22:21:18',1,2),(77,3,'2015-03-02 22:21:18',1,2),(78,3,'2015-03-02 22:21:18',1,2),(79,3,'2015-03-02 22:21:18',1,2),(80,3,'2015-03-02 22:21:18',1,2),(81,3,'2015-03-02 22:21:18',1,2),(82,3,'2015-03-02 22:21:18',1,2),(83,3,'2015-03-02 22:21:18',1,2),(84,3,'2015-03-02 22:21:18',1,2),(85,3,'2015-03-02 22:21:18',1,2),(86,3,'2015-03-02 22:21:18',1,2),(87,3,'2015-03-02 22:21:18',1,2),(88,3,'2015-03-02 22:21:19',1,2),(89,3,'2015-03-02 22:21:19',1,2),(90,3,'2015-03-02 22:21:19',1,2),(91,3,'2015-03-02 22:21:19',1,2),(92,3,'2015-03-02 22:21:19',1,2),(93,3,'2015-03-02 22:21:19',1,2),(94,3,'2015-03-02 22:21:19',1,2),(95,3,'2015-03-02 22:21:19',1,2),(96,3,'2015-03-02 22:21:19',1,2),(97,3,'2015-03-02 22:21:19',1,2),(98,10,'2015-03-02 22:21:19',1,3),(99,3,'2015-03-02 22:21:19',1,2),(100,3,'2015-03-02 22:21:19',1,2),(101,3,'2015-03-02 22:21:19',1,2),(102,3,'2015-03-02 22:21:19',1,2),(103,3,'2015-03-02 22:21:19',1,2),(104,3,'2015-03-02 22:21:19',1,2),(105,3,'2015-03-02 22:21:20',1,2),(106,5,'2015-03-02 22:21:20',1,3),(107,5,'2015-03-02 22:21:20',1,3),(108,10,'2015-03-02 22:21:20',1,3),(109,4,'2015-03-02 22:21:22',1,2),(110,4,'2015-03-02 22:21:22',1,2),(111,4,'2015-03-02 22:21:22',1,2),(112,4,'2015-03-02 22:21:22',1,2),(113,14,'2015-03-02 22:21:24',1,6),(114,15,'2015-03-02 22:21:24',1,6),(115,14,'2015-03-02 22:21:24',1,6),(116,15,'2015-03-02 22:21:24',1,6),(117,14,'2015-03-02 22:21:24',1,6),(118,15,'2015-03-02 22:21:24',1,6),(119,14,'2015-03-02 22:21:25',1,6),(120,15,'2015-03-02 22:21:25',1,6),(121,14,'2015-03-02 22:21:25',1,6),(122,15,'2015-03-02 22:21:25',1,6),(123,14,'2015-03-02 22:21:25',1,6),(124,15,'2015-03-02 22:21:25',1,6),(125,14,'2015-03-02 22:21:26',1,6),(126,15,'2015-03-02 22:21:26',1,6),(127,14,'2015-03-02 22:21:26',1,6),(128,15,'2015-03-02 22:21:26',1,6),(129,14,'2015-03-02 22:21:26',1,6),(130,15,'2015-03-02 22:21:26',1,6),(131,14,'2015-03-02 22:21:27',1,6),(132,15,'2015-03-02 22:21:27',1,6),(133,14,'2015-03-02 22:21:27',1,6),(134,15,'2015-03-02 22:21:27',1,6),(135,14,'2015-03-02 22:21:27',1,6),(136,15,'2015-03-02 22:21:27',1,6),(137,14,'2015-03-02 22:21:28',1,6),(138,15,'2015-03-02 22:21:28',1,6),(139,14,'2015-03-02 22:21:28',1,6),(140,15,'2015-03-02 22:21:28',1,6),(141,14,'2015-03-02 22:21:29',1,6),(142,15,'2015-03-02 22:21:29',1,6),(143,14,'2015-03-02 22:21:29',1,6),(144,15,'2015-03-02 22:21:29',1,6),(145,5,'2015-03-02 22:21:40',1,3),(146,20,'2015-03-02 22:21:43',1,3),(147,9,'2015-03-02 22:21:44',1,3),(148,21,'2015-03-02 22:21:44',1,5),(149,23,'2015-03-02 22:21:44',1,10),(150,24,'2015-03-02 22:21:44',1,1),(151,25,'2015-03-02 22:21:44',1,8),(152,26,'2015-03-02 22:21:44',1,8),(153,21,'2015-03-02 22:21:45',1,5),(154,23,'2015-03-02 22:21:45',1,10),(155,24,'2015-03-02 22:21:45',1,1),(156,25,'2015-03-02 22:21:46',1,8),(157,26,'2015-03-02 22:21:46',1,8),(158,9,'2015-03-02 22:21:46',1,3),(159,21,'2015-03-02 22:21:46',1,5),(160,23,'2015-03-02 22:21:47',1,10),(161,24,'2015-03-02 22:21:47',1,1),(162,25,'2015-03-02 22:21:47',1,8),(163,26,'2015-03-02 22:21:47',1,8),(164,9,'2015-03-02 22:21:48',1,3),(165,21,'2015-03-02 22:21:48',1,5),(166,23,'2015-03-02 22:21:48',1,10),(167,24,'2015-03-02 22:21:48',1,1),(168,25,'2015-03-02 22:21:48',1,8),(169,26,'2015-03-02 22:21:49',1,8),(170,21,'2015-03-02 22:21:49',1,5),(171,23,'2015-03-02 22:21:49',1,10),(172,24,'2015-03-02 22:21:49',1,1),(173,25,'2015-03-02 22:21:49',1,8),(174,26,'2015-03-02 22:21:50',1,8),(175,21,'2015-03-02 22:21:50',1,5),(176,23,'2015-03-02 22:21:50',1,10),(177,24,'2015-03-02 22:21:50',1,1),(178,25,'2015-03-02 22:21:50',1,8),(179,26,'2015-03-02 22:21:51',1,8),(180,20,'2015-03-02 22:21:53',1,3),(181,1,'2015-03-02 22:21:53',1,1),(182,2,'2015-03-02 22:21:54',1,2),(183,3,'2015-03-02 22:21:54',1,2),(184,7,'2015-03-02 22:21:54',1,2),(185,11,'2015-03-02 22:21:54',1,3),(186,21,'2015-03-02 22:21:54',1,5),(187,22,'2015-03-02 22:21:54',1,10),(188,21,'2015-03-02 22:21:55',1,5),(189,22,'2015-03-02 22:21:55',1,10),(190,21,'2015-03-02 22:21:55',1,5),(191,22,'2015-03-02 22:21:56',1,10),(192,1,'2015-03-02 22:21:56',1,1),(193,2,'2015-03-02 22:21:56',1,2),(194,3,'2015-03-02 22:21:56',1,2),(195,5,'2015-03-02 22:21:56',1,3),(196,7,'2015-03-02 22:21:56',1,2),(197,11,'2015-03-02 22:21:56',1,3),(198,5,'2015-03-02 22:21:58',1,3),(199,1,'2015-03-02 22:22:01',1,1),(200,2,'2015-03-02 22:22:01',1,2),(201,3,'2015-03-02 22:22:01',1,2),(202,7,'2015-03-02 22:22:01',1,2),(203,11,'2015-03-02 22:22:01',1,3),(204,18,'2015-03-02 22:22:02',1,8),(205,19,'2015-03-02 22:22:02',1,2),(206,1,'2015-03-02 22:22:02',1,1),(207,2,'2015-03-02 22:22:02',1,2),(208,3,'2015-03-02 22:22:03',1,2),(209,7,'2015-03-02 22:22:03',1,2),(210,11,'2015-03-02 22:22:03',1,3),(211,18,'2015-03-02 22:22:03',1,8),(212,19,'2015-03-02 22:22:03',1,2),(213,1,'2015-03-07 03:11:42',1,1),(214,2,'2015-03-07 03:11:42',1,2),(215,3,'2015-03-07 03:11:42',1,2),(216,7,'2015-03-07 03:11:42',1,2),(217,11,'2015-03-07 03:11:42',1,3),(218,5,'2015-03-08 11:10:51',1,3),(219,1,'2015-03-08 11:10:51',1,1),(220,5,'2015-03-08 11:13:14',1,3),(221,12,'2015-03-09 11:23:10',0,3),(222,13,'2015-03-09 11:23:10',0,3),(225,12,'2015-03-09 14:53:33',1,3),(226,13,'2015-03-09 14:53:38',1,3),(227,12,'2015-03-09 15:23:08',0,3),(228,13,'2015-03-09 15:23:08',0,3),(229,19,'2015-03-09 20:16:16',1,2),(230,18,'2015-03-09 20:16:16',1,8),(231,19,'2015-03-09 20:17:07',1,2),(232,18,'2015-03-09 20:17:07',1,8),(233,1,'2015-04-26 15:56:55',1,1),(234,2,'2015-04-26 15:56:55',1,2),(235,3,'2015-04-26 15:56:55',1,2),(236,7,'2015-04-26 15:56:55',1,2),(237,11,'2015-04-26 15:56:56',1,3),(238,1,'2015-04-26 15:58:09',1,1),(239,2,'2015-04-26 15:58:09',1,2),(240,3,'2015-04-26 15:58:09',1,2),(241,7,'2015-04-26 15:58:09',1,2),(242,11,'2015-04-26 15:58:09',1,3),(243,14,'2015-04-30 16:51:33',1,6),(244,15,'2015-04-30 16:51:34',1,6),(245,14,'2015-04-30 16:51:37',1,6),(246,15,'2015-04-30 16:51:38',1,6),(247,14,'2015-04-30 16:52:03',1,6),(248,15,'2015-04-30 16:52:03',1,6),(249,14,'2015-04-30 16:52:13',1,6),(250,15,'2015-04-30 16:52:13',1,6),(251,14,'2015-04-30 17:54:55',1,6),(252,15,'2015-04-30 17:54:55',1,6),(253,14,'2015-04-30 18:12:50',1,6),(254,15,'2015-04-30 18:12:51',1,6),(255,1,'2015-06-19 12:52:07',1,1),(256,2,'2015-06-19 12:52:08',1,2),(257,3,'2015-06-19 12:52:08',1,2),(258,7,'2015-06-19 12:52:08',1,2),(259,11,'2015-06-19 12:52:08',1,3),(260,1,'2015-08-08 11:15:31',1,1),(261,2,'2015-08-08 11:15:31',1,2),(262,3,'2015-08-08 11:15:31',1,2),(263,7,'2015-08-08 11:15:31',1,2),(264,11,'2015-08-08 11:15:32',1,3);
/*!40000 ALTER TABLE `AttributeValues` ENABLE KEYS */;
UNLOCK TABLES;

--
-- Table structure for table `AuthenticationTypes`
--

DROP TABLE IF EXISTS `AuthenticationTypes`;
/*!40101 SET @saved_cs_client     = @@character_set_client */;
/*!40101 SET character_set_client = utf8 */;
CREATE TABLE `AuthenticationTypes` (
  `authTypeID` int(10) unsigned NOT NULL AUTO_INCREMENT,
  `authTypeHandle` varchar(255) COLLATE utf8_unicode_ci NOT NULL,
  `authTypeName` varchar(255) COLLATE utf8_unicode_ci NOT NULL,
  `authTypeIsEnabled` tinyint(1) NOT NULL,
  `authTypeDisplayOrder` int(10) unsigned DEFAULT NULL,
  `pkgID` int(10) unsigned DEFAULT NULL,
  PRIMARY KEY (`authTypeID`),
  UNIQUE KEY `authTypeHandle` (`authTypeHandle`),
  KEY `pkgID` (`pkgID`)
) ENGINE=InnoDB AUTO_INCREMENT=6 DEFAULT CHARSET=utf8 COLLATE=utf8_unicode_ci;
/*!40101 SET character_set_client = @saved_cs_client */;

--
-- Dumping data for table `AuthenticationTypes`
--

LOCK TABLES `AuthenticationTypes` WRITE;
/*!40000 ALTER TABLE `AuthenticationTypes` DISABLE KEYS */;
INSERT INTO `AuthenticationTypes` VALUES (1,'concrete','Standard',1,0,0),(2,'community','concrete5.org',0,0,0),(3,'facebook','Facebook',0,0,0),(4,'twitter','Twitter',0,0,0),(5,'google','Google',0,0,0);
/*!40000 ALTER TABLE `AuthenticationTypes` ENABLE KEYS */;
UNLOCK TABLES;

--
-- Table structure for table `BannedWords`
--

DROP TABLE IF EXISTS `BannedWords`;
/*!40101 SET @saved_cs_client     = @@character_set_client */;
/*!40101 SET character_set_client = utf8 */;
CREATE TABLE `BannedWords` (
  `bwID` int(10) unsigned NOT NULL AUTO_INCREMENT,
  `bannedWord` longtext COLLATE utf8_unicode_ci NOT NULL,
  PRIMARY KEY (`bwID`)
) ENGINE=InnoDB AUTO_INCREMENT=5 DEFAULT CHARSET=utf8 COLLATE=utf8_unicode_ci;
/*!40101 SET character_set_client = @saved_cs_client */;

--
-- Dumping data for table `BannedWords`
--

LOCK TABLES `BannedWords` WRITE;
/*!40000 ALTER TABLE `BannedWords` DISABLE KEYS */;
INSERT INTO `BannedWords` VALUES (1,'fuck'),(2,'shit'),(3,'bitch'),(4,'ass');
/*!40000 ALTER TABLE `BannedWords` ENABLE KEYS */;
UNLOCK TABLES;

--
-- Table structure for table `BasicWorkflowPermissionAssignments`
--

DROP TABLE IF EXISTS `BasicWorkflowPermissionAssignments`;
/*!40101 SET @saved_cs_client     = @@character_set_client */;
/*!40101 SET character_set_client = utf8 */;
CREATE TABLE `BasicWorkflowPermissionAssignments` (
  `wfID` int(10) unsigned NOT NULL DEFAULT '0',
  `pkID` int(10) unsigned NOT NULL DEFAULT '0',
  `paID` int(10) unsigned NOT NULL DEFAULT '0',
  PRIMARY KEY (`wfID`,`pkID`,`paID`),
  KEY `pkID` (`pkID`),
  KEY `paID` (`paID`)
) ENGINE=InnoDB DEFAULT CHARSET=utf8 COLLATE=utf8_unicode_ci;
/*!40101 SET character_set_client = @saved_cs_client */;

--
-- Dumping data for table `BasicWorkflowPermissionAssignments`
--

LOCK TABLES `BasicWorkflowPermissionAssignments` WRITE;
/*!40000 ALTER TABLE `BasicWorkflowPermissionAssignments` DISABLE KEYS */;
/*!40000 ALTER TABLE `BasicWorkflowPermissionAssignments` ENABLE KEYS */;
UNLOCK TABLES;

--
-- Table structure for table `BasicWorkflowProgressData`
--

DROP TABLE IF EXISTS `BasicWorkflowProgressData`;
/*!40101 SET @saved_cs_client     = @@character_set_client */;
/*!40101 SET character_set_client = utf8 */;
CREATE TABLE `BasicWorkflowProgressData` (
  `wpID` int(10) unsigned NOT NULL DEFAULT '0',
  `uIDStarted` int(10) unsigned NOT NULL DEFAULT '0',
  `uIDCompleted` int(10) unsigned NOT NULL DEFAULT '0',
  `wpDateCompleted` datetime DEFAULT NULL,
  PRIMARY KEY (`wpID`),
  KEY `uIDStarted` (`uIDStarted`),
  KEY `uIDCompleted` (`uIDCompleted`)
) ENGINE=InnoDB DEFAULT CHARSET=utf8 COLLATE=utf8_unicode_ci;
/*!40101 SET character_set_client = @saved_cs_client */;

--
-- Dumping data for table `BasicWorkflowProgressData`
--

LOCK TABLES `BasicWorkflowProgressData` WRITE;
/*!40000 ALTER TABLE `BasicWorkflowProgressData` DISABLE KEYS */;
/*!40000 ALTER TABLE `BasicWorkflowProgressData` ENABLE KEYS */;
UNLOCK TABLES;

--
-- Table structure for table `BlockFeatureAssignments`
--

DROP TABLE IF EXISTS `BlockFeatureAssignments`;
/*!40101 SET @saved_cs_client     = @@character_set_client */;
/*!40101 SET character_set_client = utf8 */;
CREATE TABLE `BlockFeatureAssignments` (
  `cID` int(10) unsigned NOT NULL DEFAULT '0',
  `cvID` int(10) unsigned NOT NULL DEFAULT '0',
  `bID` int(10) unsigned NOT NULL DEFAULT '0',
  `faID` int(10) unsigned NOT NULL DEFAULT '0',
  PRIMARY KEY (`cID`,`cvID`,`bID`,`faID`),
  KEY `faID` (`faID`,`cID`,`cvID`),
  KEY `bID` (`bID`)
) ENGINE=InnoDB DEFAULT CHARSET=utf8 COLLATE=utf8_unicode_ci;
/*!40101 SET character_set_client = @saved_cs_client */;

--
-- Dumping data for table `BlockFeatureAssignments`
--

LOCK TABLES `BlockFeatureAssignments` WRITE;
/*!40000 ALTER TABLE `BlockFeatureAssignments` DISABLE KEYS */;
INSERT INTO `BlockFeatureAssignments` VALUES (168,1,16,1),(155,1,110,2),(169,1,112,3),(170,1,114,4),(171,1,116,5),(159,1,125,6),(172,1,132,7),(172,1,139,8),(172,1,143,9),(173,1,146,10);
/*!40000 ALTER TABLE `BlockFeatureAssignments` ENABLE KEYS */;
UNLOCK TABLES;

--
-- Table structure for table `BlockPermissionAssignments`
--

DROP TABLE IF EXISTS `BlockPermissionAssignments`;
/*!40101 SET @saved_cs_client     = @@character_set_client */;
/*!40101 SET character_set_client = utf8 */;
CREATE TABLE `BlockPermissionAssignments` (
  `cID` int(10) unsigned NOT NULL DEFAULT '0',
  `cvID` int(10) unsigned NOT NULL DEFAULT '0',
  `bID` int(10) unsigned NOT NULL DEFAULT '0',
  `pkID` int(10) unsigned NOT NULL DEFAULT '0',
  `paID` int(10) unsigned NOT NULL DEFAULT '0',
  PRIMARY KEY (`cID`,`cvID`,`bID`,`pkID`,`paID`),
  KEY `bID` (`bID`),
  KEY `pkID` (`pkID`),
  KEY `paID` (`paID`)
) ENGINE=InnoDB DEFAULT CHARSET=utf8 COLLATE=utf8_unicode_ci;
/*!40101 SET character_set_client = @saved_cs_client */;

--
-- Dumping data for table `BlockPermissionAssignments`
--

LOCK TABLES `BlockPermissionAssignments` WRITE;
/*!40000 ALTER TABLE `BlockPermissionAssignments` DISABLE KEYS */;
/*!40000 ALTER TABLE `BlockPermissionAssignments` ENABLE KEYS */;
UNLOCK TABLES;

--
-- Table structure for table `BlockRelations`
--

DROP TABLE IF EXISTS `BlockRelations`;
/*!40101 SET @saved_cs_client     = @@character_set_client */;
/*!40101 SET character_set_client = utf8 */;
CREATE TABLE `BlockRelations` (
  `brID` int(10) unsigned NOT NULL AUTO_INCREMENT,
  `bID` int(10) unsigned NOT NULL DEFAULT '0',
  `originalBID` int(10) unsigned NOT NULL DEFAULT '0',
  `relationType` varchar(50) COLLATE utf8_unicode_ci NOT NULL,
  PRIMARY KEY (`brID`),
  KEY `bID` (`bID`),
  KEY `originalBID` (`originalBID`)
) ENGINE=InnoDB AUTO_INCREMENT=31 DEFAULT CHARSET=utf8 COLLATE=utf8_unicode_ci;
/*!40101 SET character_set_client = @saved_cs_client */;

--
-- Dumping data for table `BlockRelations`
--

LOCK TABLES `BlockRelations` WRITE;
/*!40000 ALTER TABLE `BlockRelations` DISABLE KEYS */;
INSERT INTO `BlockRelations` VALUES (1,163,50,'DUPLICATE'),(2,164,163,'DUPLICATE'),(3,166,165,'DUPLICATE'),(8,185,184,'DUPLICATE'),(10,190,188,'DUPLICATE'),(15,216,164,'DUPLICATE'),(20,222,221,'DUPLICATE'),(21,224,222,'DUPLICATE'),(22,225,224,'DUPLICATE'),(23,226,223,'DUPLICATE'),(24,227,226,'DUPLICATE'),(25,228,225,'DUPLICATE'),(26,232,231,'DUPLICATE'),(27,233,227,'DUPLICATE'),(28,234,228,'DUPLICATE'),(29,236,219,'DUPLICATE'),(30,237,236,'DUPLICATE');
/*!40000 ALTER TABLE `BlockRelations` ENABLE KEYS */;
UNLOCK TABLES;

--
-- Table structure for table `BlockTypePermissionBlockTypeAccessList`
--

DROP TABLE IF EXISTS `BlockTypePermissionBlockTypeAccessList`;
/*!40101 SET @saved_cs_client     = @@character_set_client */;
/*!40101 SET character_set_client = utf8 */;
CREATE TABLE `BlockTypePermissionBlockTypeAccessList` (
  `paID` int(10) unsigned NOT NULL DEFAULT '0',
  `peID` int(10) unsigned NOT NULL DEFAULT '0',
  `permission` varchar(1) COLLATE utf8_unicode_ci NOT NULL DEFAULT '1',
  PRIMARY KEY (`paID`,`peID`),
  KEY `peID` (`peID`)
) ENGINE=InnoDB DEFAULT CHARSET=utf8 COLLATE=utf8_unicode_ci;
/*!40101 SET character_set_client = @saved_cs_client */;

--
-- Dumping data for table `BlockTypePermissionBlockTypeAccessList`
--

LOCK TABLES `BlockTypePermissionBlockTypeAccessList` WRITE;
/*!40000 ALTER TABLE `BlockTypePermissionBlockTypeAccessList` DISABLE KEYS */;
/*!40000 ALTER TABLE `BlockTypePermissionBlockTypeAccessList` ENABLE KEYS */;
UNLOCK TABLES;

--
-- Table structure for table `BlockTypePermissionBlockTypeAccessListCustom`
--

DROP TABLE IF EXISTS `BlockTypePermissionBlockTypeAccessListCustom`;
/*!40101 SET @saved_cs_client     = @@character_set_client */;
/*!40101 SET character_set_client = utf8 */;
CREATE TABLE `BlockTypePermissionBlockTypeAccessListCustom` (
  `paID` int(10) unsigned NOT NULL DEFAULT '0',
  `peID` int(10) unsigned NOT NULL DEFAULT '0',
  `btID` int(10) unsigned NOT NULL DEFAULT '0',
  PRIMARY KEY (`paID`,`peID`,`btID`),
  KEY `peID` (`peID`),
  KEY `btID` (`btID`)
) ENGINE=InnoDB DEFAULT CHARSET=utf8 COLLATE=utf8_unicode_ci;
/*!40101 SET character_set_client = @saved_cs_client */;

--
-- Dumping data for table `BlockTypePermissionBlockTypeAccessListCustom`
--

LOCK TABLES `BlockTypePermissionBlockTypeAccessListCustom` WRITE;
/*!40000 ALTER TABLE `BlockTypePermissionBlockTypeAccessListCustom` DISABLE KEYS */;
/*!40000 ALTER TABLE `BlockTypePermissionBlockTypeAccessListCustom` ENABLE KEYS */;
UNLOCK TABLES;

--
-- Table structure for table `BlockTypeSetBlockTypes`
--

DROP TABLE IF EXISTS `BlockTypeSetBlockTypes`;
/*!40101 SET @saved_cs_client     = @@character_set_client */;
/*!40101 SET character_set_client = utf8 */;
CREATE TABLE `BlockTypeSetBlockTypes` (
  `btID` int(10) unsigned NOT NULL DEFAULT '0',
  `btsID` int(10) unsigned NOT NULL DEFAULT '0',
  `displayOrder` int(10) unsigned NOT NULL DEFAULT '0',
  PRIMARY KEY (`btID`,`btsID`),
  KEY `btsID` (`btsID`,`displayOrder`)
) ENGINE=InnoDB DEFAULT CHARSET=utf8 COLLATE=utf8_unicode_ci;
/*!40101 SET character_set_client = @saved_cs_client */;

--
-- Dumping data for table `BlockTypeSetBlockTypes`
--

LOCK TABLES `BlockTypeSetBlockTypes` WRITE;
/*!40000 ALTER TABLE `BlockTypeSetBlockTypes` DISABLE KEYS */;
INSERT INTO `BlockTypeSetBlockTypes` VALUES (12,1,0),(25,1,1),(27,1,2),(15,1,3),(26,1,4),(19,1,5),(11,2,0),(18,2,1),(28,2,2),(30,2,3),(29,2,4),(13,2,5),(36,2,6),(20,2,7),(31,2,8),(35,2,9),(17,3,0),(32,3,1),(14,3,2),(34,4,0),(5,4,1),(21,4,2),(22,4,3),(23,4,4),(16,5,0),(33,5,1),(37,5,2),(38,5,3),(24,5,4),(39,5,5);
/*!40000 ALTER TABLE `BlockTypeSetBlockTypes` ENABLE KEYS */;
UNLOCK TABLES;

--
-- Table structure for table `BlockTypeSets`
--

DROP TABLE IF EXISTS `BlockTypeSets`;
/*!40101 SET @saved_cs_client     = @@character_set_client */;
/*!40101 SET character_set_client = utf8 */;
CREATE TABLE `BlockTypeSets` (
  `btsID` int(10) unsigned NOT NULL AUTO_INCREMENT,
  `btsName` varchar(255) COLLATE utf8_unicode_ci DEFAULT NULL,
  `btsHandle` varchar(255) COLLATE utf8_unicode_ci NOT NULL,
  `pkgID` int(10) unsigned NOT NULL DEFAULT '0',
  `btsDisplayOrder` int(10) unsigned NOT NULL DEFAULT '0',
  PRIMARY KEY (`btsID`),
  UNIQUE KEY `btsHandle` (`btsHandle`),
  KEY `btsDisplayOrder` (`btsDisplayOrder`),
  KEY `pkgID` (`pkgID`)
) ENGINE=InnoDB AUTO_INCREMENT=6 DEFAULT CHARSET=utf8 COLLATE=utf8_unicode_ci;
/*!40101 SET character_set_client = @saved_cs_client */;

--
-- Dumping data for table `BlockTypeSets`
--

LOCK TABLES `BlockTypeSets` WRITE;
/*!40000 ALTER TABLE `BlockTypeSets` DISABLE KEYS */;
INSERT INTO `BlockTypeSets` VALUES (1,'Basic','basic',0,0),(2,'Navigation','navigation',0,0),(3,'Forms','form',0,0),(4,'Social Networking','social',0,0),(5,'Multimedia','multimedia',0,0);
/*!40000 ALTER TABLE `BlockTypeSets` ENABLE KEYS */;
UNLOCK TABLES;

--
-- Table structure for table `BlockTypes`
--

DROP TABLE IF EXISTS `BlockTypes`;
/*!40101 SET @saved_cs_client     = @@character_set_client */;
/*!40101 SET character_set_client = utf8 */;
CREATE TABLE `BlockTypes` (
  `btID` int(10) unsigned NOT NULL AUTO_INCREMENT,
  `btHandle` varchar(128) COLLATE utf8_unicode_ci NOT NULL,
  `btName` varchar(128) COLLATE utf8_unicode_ci NOT NULL,
  `btDescription` text COLLATE utf8_unicode_ci,
  `btCopyWhenPropagate` tinyint(1) NOT NULL DEFAULT '0',
  `btIncludeAll` tinyint(1) NOT NULL DEFAULT '0',
  `btIsInternal` tinyint(1) NOT NULL DEFAULT '0',
  `btSupportsInlineAdd` tinyint(1) NOT NULL DEFAULT '0',
  `btSupportsInlineEdit` tinyint(1) NOT NULL DEFAULT '0',
  `btIgnorePageThemeGridFrameworkContainer` tinyint(1) NOT NULL DEFAULT '0',
  `btDisplayOrder` int(10) unsigned NOT NULL DEFAULT '0',
  `btInterfaceWidth` int(10) unsigned NOT NULL DEFAULT '400',
  `btInterfaceHeight` int(10) unsigned NOT NULL DEFAULT '400',
  `pkgID` int(10) unsigned NOT NULL DEFAULT '0',
  PRIMARY KEY (`btID`),
  UNIQUE KEY `btHandle` (`btHandle`),
  KEY `btDisplayOrder` (`btDisplayOrder`,`btName`,`btID`),
  KEY `pkgID` (`pkgID`)
) ENGINE=InnoDB AUTO_INCREMENT=43 DEFAULT CHARSET=utf8 COLLATE=utf8_unicode_ci;
/*!40101 SET character_set_client = @saved_cs_client */;

--
-- Dumping data for table `BlockTypes`
--

LOCK TABLES `BlockTypes` WRITE;
/*!40000 ALTER TABLE `BlockTypes` DISABLE KEYS */;
INSERT INTO `BlockTypes` VALUES (1,'core_area_layout','Area Layout','Proxy block for area layouts.',0,0,1,1,1,0,0,400,400,0),(2,'core_page_type_composer_control_output','Composer Control','Proxy block for blocks that need to be output through composer.',0,0,1,0,0,0,0,400,400,0),(3,'core_scrapbook_display','Scrapbook Display','Proxy block for blocks pasted through the scrapbook.',0,0,1,0,0,0,0,400,400,0),(4,'core_stack_display','Stack Display','Proxy block for stacks added through the UI.',0,0,1,0,0,0,0,400,400,0),(5,'core_conversation','Conversation','Displays conversations on a page.',1,0,0,0,0,0,21,400,400,0),(6,'dashboard_featured_addon','Dashboard Featured Add-On','Features an add-on from concrete5.org.',0,0,1,0,0,0,0,300,100,0),(7,'dashboard_featured_theme','Dashboard Featured Theme','Features a theme from concrete5.org.',0,0,1,0,0,0,0,300,100,0),(8,'dashboard_newsflow_latest','Dashboard Newsflow Latest','Grabs the latest newsflow data from concrete5.org.',0,0,1,0,0,0,0,400,400,0),(9,'dashboard_app_status','Dashboard App Status','Displays update and welcome back information on your dashboard.',0,0,1,0,0,0,0,400,400,0),(10,'dashboard_site_activity','Dashboard Site Activity','Displays a summary of website activity.',0,0,1,0,0,0,0,400,400,0),(11,'autonav','Auto-Nav','Creates navigation trees and sitemaps.',0,0,0,0,0,0,22,800,350,0),(12,'content','Content','HTML/WYSIWYG Editor Content.',0,0,0,1,1,0,23,600,465,0),(13,'date_navigation','Date Navigation','Displays a list of months to filter a page list by.',0,0,0,0,0,0,24,400,450,0),(14,'external_form','External Form','Include external forms in the filesystem and place them on pages.',0,0,0,0,0,0,25,370,175,0),(15,'file','Fichier','Lien vers les fichiers stocks dans la bibliothque.',0,0,0,0,0,0,26,300,320,0),(16,'page_attribute_display','Page Attribute Display','Displays the value of a page attribute for the current page.',0,0,0,0,0,0,27,500,365,0),(17,'form','Formulaire','Composer des formulaires et sondages simplifis.',0,0,0,0,0,0,28,420,430,0),(18,'page_title','Titre de la page','Afficher les tuitres de pages',0,0,0,0,0,0,29,400,400,0),(19,'feature','Feature','Displays an icon, a title, and a short paragraph description.',0,0,0,0,0,0,20,400,520,0),(20,'topic_list','Topic List','Displays a list of your site\'s topics, allowing you to click on them to filter a page list.',0,0,0,0,0,0,19,400,400,0),(21,'social_links','Social Links','Allows users to add social icons to their website',0,0,0,0,0,0,18,400,400,0),(22,'testimonial','Testimonial','Displays a quote or paragraph next to biographical information and a person\'s picture.',0,0,0,0,0,0,1,450,560,0),(23,'share_this_page','Share This Page','Allows users to share this page with social networks.',0,0,0,0,0,0,2,400,400,0),(24,'google_map','Google Map','Enter an address and a Google Map of that location will be placed in your page.',0,0,0,0,0,0,3,400,320,0),(25,'html','HTML','For adding HTML by hand.',0,0,0,0,0,1,4,600,500,0),(26,'horizontal_rule','Horizontal Rule','Adds a thin hairline horizontal divider to the page.',0,0,0,0,0,1,5,400,400,0),(27,'image','Image','Adds images and onstates from the library to pages.',0,0,0,0,0,0,6,400,550,0),(28,'faq','FAQ','Frequently Asked Questions Block',0,0,0,0,0,0,7,600,465,0),(29,'next_previous','Next & Previous Nav','Navigate through sibling pages.',0,0,0,0,0,0,8,430,400,0),(30,'page_list','Liste de pages','Liste les pages en se basant sur le type, la zone.',0,0,0,0,0,0,9,800,350,0),(31,'rss_displayer','Agrgateur RSS','Rcuprer, analyser et afficher les contenus d\'un flux RSS ou Atom.',0,0,0,0,0,0,10,400,550,0),(32,'search','Search','Add a search box to your site.',0,0,0,0,0,0,11,400,420,0),(33,'image_slider','Image Slider','Display your images and captions in an attractive slideshow format.',0,0,0,0,0,1,12,600,465,0),(34,'survey','Survey','Provide a simple survey, along with results in a pie chart format.',0,0,0,0,0,0,13,420,400,0),(35,'switch_language','Switch Language','Adds a front-end language switcher to your website.',0,0,0,0,0,0,14,500,150,0),(36,'tags','Tags','List pages based on type, area.',0,0,0,0,0,0,15,450,439,0),(37,'video','Video Player','Embeds uploaded video into a web page. Supports WebM, Ogg, and Quicktime/MPEG4 formats.',0,0,0,0,0,0,16,320,270,0),(38,'youtube','YouTube Video','Embeds a YouTube Video in your web page.',0,0,0,0,0,0,17,400,430,0),(39,'audio','Audio Player','Play audio on your website.',0,0,0,0,0,0,30,350,290,0),(41,'horizontal_rule_c57','Horizontal Rule c57','Adds a thin c57 hairline horizontal divider to the page.',0,0,0,0,0,1,0,400,400,0),(42,'faq_c7','FAQ C7','Frequently Asked Questions Block',0,0,0,0,0,0,0,600,465,0);
/*!40000 ALTER TABLE `BlockTypes` ENABLE KEYS */;
UNLOCK TABLES;

--
-- Table structure for table `Blocks`
--

DROP TABLE IF EXISTS `Blocks`;
/*!40101 SET @saved_cs_client     = @@character_set_client */;
/*!40101 SET character_set_client = utf8 */;
CREATE TABLE `Blocks` (
  `bID` int(10) unsigned NOT NULL AUTO_INCREMENT,
  `bName` varchar(60) COLLATE utf8_unicode_ci DEFAULT NULL,
  `bDateAdded` datetime NOT NULL DEFAULT '0000-00-00 00:00:00',
  `bDateModified` datetime NOT NULL DEFAULT '0000-00-00 00:00:00',
  `bFilename` varchar(255) COLLATE utf8_unicode_ci DEFAULT NULL,
  `bIsActive` varchar(1) COLLATE utf8_unicode_ci NOT NULL DEFAULT '1',
  `btID` int(10) unsigned NOT NULL DEFAULT '0',
  `uID` int(10) unsigned DEFAULT NULL,
  `btCachedBlockRecord` longtext COLLATE utf8_unicode_ci,
  PRIMARY KEY (`bID`),
  KEY `btID` (`btID`),
  KEY `uID` (`uID`)
) ENGINE=InnoDB AUTO_INCREMENT=239 DEFAULT CHARSET=utf8 COLLATE=utf8_unicode_ci;
/*!40101 SET character_set_client = @saved_cs_client */;

--
-- Dumping data for table `Blocks`
--

LOCK TABLES `Blocks` WRITE;
/*!40000 ALTER TABLE `Blocks` DISABLE KEYS */;
INSERT INTO `Blocks` VALUES (1,'','2015-03-02 22:21:20','2015-03-02 22:21:20',NULL,'0',12,1,NULL),(2,'','2015-03-02 22:21:20','2015-03-02 22:21:20',NULL,'0',9,1,NULL),(3,'','2015-03-02 22:21:20','2015-03-02 22:21:20',NULL,'0',10,1,NULL),(4,'','2015-03-02 22:21:20','2015-03-02 22:21:20',NULL,'0',8,1,NULL),(5,'','2015-03-02 22:21:20','2015-03-02 22:21:20',NULL,'0',8,1,NULL),(6,'','2015-03-02 22:21:20','2015-03-02 22:21:20',NULL,'0',7,1,NULL),(7,'','2015-03-02 22:21:20','2015-03-02 22:21:20',NULL,'0',6,1,NULL),(8,'','2015-03-02 22:21:20','2015-03-02 22:21:20',NULL,'0',8,1,NULL),(9,'','2015-03-02 22:21:36','2015-03-02 22:21:36','byline.php','0',18,1,NULL),(10,'','2015-03-02 22:21:36','2015-03-02 22:21:36',NULL,'0',2,1,NULL),(11,'','2015-03-02 22:21:36','2015-03-02 22:21:36',NULL,'0',29,1,NULL),(12,'','2015-03-02 22:21:36','2015-03-02 22:21:36',NULL,'0',23,1,NULL),(13,'','2015-03-02 22:21:36','2015-03-02 22:21:36',NULL,'0',20,1,NULL),(14,'','2015-03-02 22:21:36','2015-03-02 22:21:36',NULL,'0',30,1,NULL),(15,'','2015-03-02 22:21:36','2015-03-02 22:21:36',NULL,'0',26,1,NULL),(16,'','2015-03-02 22:21:36','2015-03-02 22:21:36',NULL,'0',5,1,NULL),(17,'','2015-03-02 22:21:36','2015-03-02 22:21:36',NULL,'0',18,1,NULL),(18,'','2015-03-02 22:21:36','2015-03-02 22:21:36',NULL,'0',30,1,NULL),(19,'','2015-03-02 22:21:36','2015-03-02 22:21:36',NULL,'0',12,1,NULL),(20,'','2015-03-02 22:21:36','2015-03-02 22:21:36',NULL,'0',12,1,NULL),(21,'','2015-03-02 22:21:36','2015-03-02 22:21:36',NULL,'0',16,1,NULL),(22,'','2015-03-02 22:21:37','2015-03-02 22:21:37',NULL,'0',12,1,NULL),(23,'','2015-03-02 22:21:37','2015-03-02 22:21:37',NULL,'0',16,1,NULL),(24,'','2015-03-02 22:21:37','2015-03-02 22:21:37',NULL,'0',12,1,NULL),(25,'','2015-03-02 22:21:37','2015-03-02 22:21:37',NULL,'0',2,1,NULL),(26,'','2015-03-02 22:21:37','2015-03-02 22:21:37',NULL,'0',12,1,NULL),(27,'','2015-03-02 22:21:37','2015-03-02 22:21:37',NULL,'0',18,1,NULL),(28,'','2015-03-02 22:21:37','2015-03-02 22:21:37',NULL,'0',2,1,NULL),(29,'','2015-03-02 22:21:37','2015-03-02 22:21:37',NULL,'0',16,1,NULL),(30,'','2015-03-02 22:21:37','2015-03-02 22:21:37',NULL,'0',16,1,NULL),(31,'','2015-03-02 22:21:37','2015-03-02 22:21:37',NULL,'0',16,1,NULL),(32,'','2015-03-02 22:21:37','2015-03-02 22:21:37',NULL,'0',2,1,NULL),(33,'','2015-03-02 22:21:37','2015-03-02 22:21:37',NULL,'0',26,1,NULL),(34,'','2015-03-02 22:21:37','2015-03-02 22:21:37','thumbnail_grid','0',30,1,NULL),(35,'','2015-03-02 22:21:37','2015-03-02 22:21:37','archive.php','0',18,1,NULL),(36,'','2015-03-02 22:21:37','2015-03-02 22:21:37',NULL,'0',1,1,NULL),(37,'','2015-03-02 22:21:38','2015-03-02 22:21:38',NULL,'0',30,1,NULL),(38,'','2015-03-02 22:21:38','2015-03-02 22:21:38',NULL,'0',20,1,NULL),(39,'','2015-03-02 22:21:38','2015-03-02 22:21:38',NULL,'0',13,1,NULL),(40,'','2015-03-02 22:21:38','2015-03-02 22:21:38',NULL,'0',18,1,NULL),(41,'','2015-03-02 22:21:38','2015-03-02 22:21:38','flat_filter.php','0',20,1,NULL),(42,'','2015-03-02 22:21:38','2015-03-02 22:21:38','thumbnail_grid','0',30,1,NULL),(43,'','2015-03-02 22:21:38','2015-03-02 22:21:38',NULL,'0',12,1,NULL),(44,'','2015-03-02 22:21:38','2015-03-02 22:21:38',NULL,'0',12,1,NULL),(45,'','2015-03-02 22:21:38','2015-03-02 22:21:38',NULL,'0',12,1,NULL),(46,'','2015-03-02 22:21:38','2015-03-02 22:21:38',NULL,'0',12,1,NULL),(47,'','2015-03-02 22:21:38','2015-03-02 22:21:38',NULL,'0',21,1,NULL),(48,'','2015-03-02 22:21:38','2015-03-02 22:21:38','responsive_header_navigation','0',11,1,NULL),(49,'','2015-03-02 22:21:39','2015-03-02 22:21:39',NULL,'0',32,1,NULL),(50,'','2015-03-02 22:21:39','2015-03-02 22:21:39',NULL,'0',12,1,NULL),(51,'','2015-03-02 22:21:39','2015-03-02 22:21:39',NULL,'0',33,1,NULL),(52,'','2015-03-02 22:21:39','2015-03-02 22:21:39',NULL,'0',1,1,NULL),(53,'','2015-03-02 22:21:39','2015-03-02 22:21:39',NULL,'0',19,1,NULL),(54,'','2015-03-02 22:21:39','2015-03-02 22:21:39',NULL,'0',19,1,NULL),(55,'','2015-03-02 22:21:39','2015-03-02 22:21:39',NULL,'0',19,1,NULL),(56,'','2015-03-02 22:21:39','2015-03-02 22:21:39',NULL,'0',26,1,NULL),(57,'','2015-03-02 22:21:39','2015-03-02 22:21:39',NULL,'0',12,1,NULL),(58,'','2015-03-02 22:21:39','2015-03-02 22:21:39','thumbnail_grid','0',30,1,NULL),(59,'','2015-03-02 22:21:39','2015-03-02 22:21:39',NULL,'0',26,1,NULL),(60,'','2015-03-02 22:21:39','2015-03-02 22:21:39',NULL,'0',1,1,NULL),(61,'','2015-03-02 22:21:39','2015-03-02 22:21:39',NULL,'0',12,1,NULL),(62,'','2015-03-02 22:21:40','2015-03-02 22:21:40',NULL,'0',12,1,NULL),(63,'','2015-03-02 22:21:40','2015-03-02 22:21:40',NULL,'0',1,1,NULL),(64,'','2015-03-02 22:21:40','2015-03-02 22:21:40',NULL,'0',30,1,NULL),(65,'','2015-03-02 22:21:40','2015-03-02 22:21:40',NULL,'0',30,1,NULL),(66,'','2015-03-02 22:21:40','2015-03-02 22:21:40',NULL,'0',12,1,NULL),(67,'','2015-03-02 22:21:40','2015-03-02 22:21:40',NULL,'0',12,1,NULL),(68,'','2015-03-02 22:21:41','2015-03-02 22:21:41',NULL,'0',18,1,NULL),(69,'','2015-03-02 22:21:41','2015-03-02 22:21:41',NULL,'0',1,1,NULL),(70,'','2015-03-02 22:21:41','2015-03-02 22:21:41','hover_description','0',19,1,NULL),(71,'','2015-03-02 22:21:41','2015-03-02 22:21:41','hover_description','0',19,1,NULL),(72,'','2015-03-02 22:21:41','2015-03-02 22:21:42','hover_description','0',19,1,NULL),(73,'','2015-03-02 22:21:42','2015-03-02 22:21:42','hover_description','0',19,1,NULL),(74,'','2015-03-02 22:21:42','2015-03-02 22:21:42',NULL,'0',26,1,NULL),(75,'','2015-03-02 22:21:42','2015-03-02 22:21:42',NULL,'0',1,1,NULL),(76,'','2015-03-02 22:21:42','2015-03-02 22:21:42',NULL,'0',12,1,NULL),(77,'','2015-03-02 22:21:42','2015-03-02 22:21:42',NULL,'0',12,1,NULL),(78,'','2015-03-02 22:21:42','2015-03-02 22:21:42',NULL,'0',12,1,NULL),(79,'','2015-03-02 22:21:42','2015-03-02 22:21:42',NULL,'0',1,1,NULL),(80,'','2015-03-02 22:21:42','2015-03-02 22:21:42',NULL,'0',22,1,NULL),(81,'','2015-03-02 22:21:42','2015-03-02 22:21:42',NULL,'0',22,1,NULL),(82,'','2015-03-02 22:21:43','2015-03-02 22:21:43',NULL,'0',22,1,NULL),(83,'','2015-03-02 22:21:43','2015-03-02 22:21:43',NULL,'0',22,1,NULL),(84,'','2015-03-02 22:21:43','2015-03-02 22:21:43',NULL,'0',33,1,NULL),(85,'','2015-03-02 22:21:44','2015-03-02 22:21:44',NULL,'0',12,1,NULL),(86,'','2015-03-02 22:21:45','2015-03-02 22:21:45',NULL,'0',33,1,NULL),(87,'','2015-03-02 22:21:45','2015-03-02 22:21:45',NULL,'0',12,1,NULL),(88,'','2015-03-02 22:21:46','2015-03-02 22:21:46',NULL,'0',33,1,NULL),(89,'','2015-03-02 22:21:46','2015-03-02 22:21:46',NULL,'0',12,1,NULL),(90,'','2015-03-02 22:21:48','2015-03-02 22:21:48',NULL,'0',33,1,NULL),(91,'','2015-03-02 22:21:48','2015-03-02 22:21:48',NULL,'0',12,1,NULL),(92,'','2015-03-02 22:21:49','2015-03-02 22:21:49',NULL,'0',33,1,NULL),(93,'','2015-03-02 22:21:49','2015-03-02 22:21:49',NULL,'0',12,1,NULL),(94,'','2015-03-02 22:21:50','2015-03-02 22:21:50',NULL,'0',33,1,NULL),(95,'','2015-03-02 22:21:50','2015-03-02 22:21:50',NULL,'0',12,1,NULL),(96,'','2015-03-02 22:21:51','2015-03-02 22:21:51',NULL,'0',18,1,NULL),(97,'','2015-03-02 22:21:51','2015-03-02 22:21:51',NULL,'0',1,1,NULL),(98,'','2015-03-02 22:21:51','2015-03-02 22:21:51',NULL,'0',22,1,NULL),(99,'','2015-03-02 22:21:51','2015-03-02 22:21:51',NULL,'0',22,1,NULL),(100,'','2015-03-02 22:21:51','2015-03-02 22:21:51',NULL,'0',26,1,NULL),(101,'','2015-03-02 22:21:51','2015-03-02 22:21:51',NULL,'0',1,1,NULL),(102,'','2015-03-02 22:21:51','2015-03-02 22:21:51',NULL,'0',22,1,NULL),(103,'','2015-03-02 22:21:52','2015-03-02 22:21:52',NULL,'0',22,1,NULL),(104,'','2015-03-02 22:21:52','2015-03-02 22:21:52',NULL,'0',22,1,NULL),(105,'','2015-03-02 22:21:52','2015-03-02 22:21:52',NULL,'0',22,1,NULL),(106,'','2015-03-02 22:21:52','2015-03-02 22:21:52',NULL,'0',22,1,NULL),(107,'','2015-03-02 22:21:52','2015-03-02 22:21:52',NULL,'0',22,1,NULL),(108,'','2015-03-02 22:21:52','2015-03-02 22:21:52',NULL,'0',26,1,NULL),(109,'','2015-03-02 22:21:52','2015-03-02 22:21:52',NULL,'0',1,1,NULL),(110,'','2015-03-02 22:21:52','2015-03-02 22:21:52',NULL,'0',27,1,NULL),(111,'','2015-03-02 22:21:52','2015-03-02 22:21:52',NULL,'0',12,1,NULL),(112,'','2015-03-02 22:21:53','2015-03-02 22:21:53',NULL,'0',5,1,NULL),(113,'','2015-03-02 22:21:53','2015-03-02 22:21:53',NULL,'0',12,1,NULL),(114,'','2015-03-02 22:21:55','2015-03-02 22:21:55',NULL,'0',5,1,NULL),(115,'','2015-03-02 22:21:55','2015-03-02 22:21:55',NULL,'0',12,1,NULL),(116,'','2015-03-02 22:21:55','2015-03-02 22:21:55',NULL,'0',5,1,NULL),(117,'','2015-03-02 22:21:55','2015-03-02 22:21:55',NULL,'0',12,1,NULL),(118,'','2015-03-02 22:21:56','2015-03-02 22:21:56',NULL,'0',32,1,NULL),(119,'','2015-03-02 22:21:56','2015-03-02 22:21:56',NULL,'0',18,1,NULL),(120,'','2015-03-02 22:21:56','2015-03-02 22:21:56',NULL,'0',1,1,NULL),(121,'','2015-03-02 22:21:57','2015-03-02 22:21:57',NULL,'0',24,1,NULL),(122,'','2015-03-02 22:21:57','2015-03-02 22:21:57',NULL,'0',12,1,NULL),(123,'','2015-03-02 22:21:57','2015-03-02 22:21:57',NULL,'0',26,1,NULL),(124,'','2015-03-02 22:21:57','2015-03-02 22:21:57',NULL,'0',1,1,NULL),(125,'','2015-03-02 22:21:57','2015-03-02 22:21:57',NULL,'0',27,1,NULL),(126,'','2015-03-02 22:21:57','2015-03-02 22:21:57',NULL,'0',12,1,NULL),(127,'','2015-03-02 22:21:57','2015-03-02 22:21:57',NULL,'0',12,1,NULL),(128,'','2015-03-02 22:21:57','2015-03-02 22:21:57',NULL,'0',17,1,NULL),(129,'','2015-03-02 22:21:58','2015-03-02 22:21:58',NULL,'0',12,1,NULL),(130,'','2015-03-02 22:21:58','2015-03-02 22:21:58',NULL,'0',18,1,NULL),(131,'','2015-03-02 22:21:58','2015-03-02 22:21:58',NULL,'0',1,1,NULL),(132,'','2015-03-02 22:21:58','2015-03-02 22:21:58',NULL,'0',27,1,NULL),(133,'','2015-03-02 22:21:58','2015-03-02 22:21:58',NULL,'0',12,1,NULL),(134,'','2015-03-02 22:21:58','2015-03-02 22:21:58',NULL,'0',12,1,NULL),(135,'','2015-03-02 22:21:58','2015-03-02 22:21:58',NULL,'0',26,1,NULL),(136,'','2015-03-02 22:21:58','2015-03-02 22:21:58',NULL,'0',1,1,NULL),(137,'','2015-03-02 22:21:58','2015-03-02 22:21:58',NULL,'0',12,1,NULL),(138,'','2015-03-02 22:21:58','2015-03-02 22:21:58',NULL,'0',12,1,NULL),(139,'','2015-03-02 22:21:59','2015-03-02 22:21:59',NULL,'0',27,1,NULL),(140,'','2015-03-02 22:21:59','2015-03-02 22:21:59',NULL,'0',12,1,NULL),(141,'','2015-03-02 22:21:59','2015-03-02 22:21:59',NULL,'0',26,1,NULL),(142,'','2015-03-02 22:21:59','2015-03-02 22:21:59',NULL,'0',1,1,NULL),(143,'','2015-03-02 22:21:59','2015-03-02 22:21:59',NULL,'0',27,1,NULL),(144,'','2015-03-02 22:21:59','2015-03-02 22:21:59',NULL,'0',12,1,NULL),(145,'','2015-03-02 22:21:59','2015-03-02 22:21:59',NULL,'0',18,1,NULL),(146,'','2015-03-02 22:21:59','2015-03-02 22:21:59',NULL,'0',27,1,NULL),(147,'','2015-03-02 22:22:00','2015-03-02 22:22:00',NULL,'0',25,1,NULL),(148,'','2015-03-02 22:22:00','2015-03-02 22:22:00',NULL,'0',1,1,NULL),(149,'','2015-03-02 22:22:00','2015-03-02 22:22:00',NULL,'0',19,1,NULL),(150,'','2015-03-02 22:22:00','2015-03-02 22:22:00',NULL,'0',19,1,NULL),(151,'','2015-03-02 22:22:00','2015-03-02 22:22:00',NULL,'0',19,1,NULL),(152,'','2015-03-02 22:22:00','2015-03-02 22:22:00',NULL,'0',19,1,NULL),(153,'','2015-03-02 22:22:00','2015-03-02 22:22:00',NULL,'0',19,1,NULL),(154,'','2015-03-02 22:22:00','2015-03-02 22:22:00',NULL,'0',19,1,NULL),(155,'','2015-03-02 22:22:00','2015-03-02 22:22:00',NULL,'0',26,1,NULL),(156,'','2015-03-02 22:22:00','2015-03-02 22:22:00',NULL,'0',1,1,NULL),(157,'','2015-03-02 22:22:00','2015-03-02 22:22:00',NULL,'0',12,1,NULL),(158,'','2015-03-02 22:22:00','2015-03-02 22:22:00',NULL,'0',30,1,NULL),(159,'','2015-03-02 22:22:01','2015-03-02 22:22:01',NULL,'0',12,1,NULL),(160,'','2015-03-02 22:22:02','2015-03-02 22:22:02',NULL,'0',12,1,NULL),(161,'','2015-03-02 22:22:03','2015-03-02 22:22:03',NULL,'0',18,1,NULL),(162,'','2015-03-02 22:22:03','2015-03-02 22:22:03',NULL,'0',28,1,NULL),(163,'','2015-03-03 00:46:10','2015-03-03 00:46:10',NULL,'1',12,1,NULL),(164,'','2015-03-03 00:46:24','2015-03-03 00:46:24',NULL,'1',12,1,NULL),(165,'','2015-03-03 00:52:03','2015-03-03 00:52:03',NULL,'0',39,1,NULL),(166,'','2015-03-03 00:55:23','2015-03-03 00:55:23',NULL,'1',39,1,NULL),(167,'','2015-03-03 01:01:43','2015-03-03 01:01:43',NULL,'0',12,1,NULL),(184,'','2015-03-07 03:05:09','2015-03-07 03:06:19',NULL,'0',12,1,NULL),(185,'','2015-03-07 03:09:07','2015-03-07 03:09:07','','1',12,1,NULL),(187,'','2015-03-07 03:17:44','2015-03-07 03:17:44',NULL,'0',23,1,NULL),(188,'','2015-03-07 03:20:38','2015-03-07 03:20:38',NULL,'0',30,1,NULL),(190,'','2015-03-07 03:22:57','2015-03-07 03:23:49',NULL,'1',30,1,NULL),(191,'','2015-03-07 12:59:41','2015-03-07 12:59:41',NULL,'0',1,1,NULL),(198,'','2015-03-09 11:02:19','2015-03-09 11:02:19',NULL,'0',1,1,NULL),(199,'','2015-03-09 11:04:26','2015-03-09 11:04:26',NULL,'1',12,1,NULL),(206,'','2015-03-09 20:16:16','2015-03-09 20:16:16',NULL,'0',12,1,NULL),(208,'','2015-03-09 20:17:07','2015-03-09 20:17:07',NULL,'0',12,1,NULL),(209,'','2015-03-09 20:18:52','2015-03-09 20:18:52',NULL,'0',14,1,NULL),(210,'','2015-03-09 20:29:18','2015-03-09 20:29:18',NULL,'0',12,1,NULL),(211,'','2015-03-10 15:59:08','2015-03-10 15:59:08',NULL,'0',1,1,NULL),(215,'','2015-04-26 15:59:13','2015-04-26 15:59:13',NULL,'0',42,1,NULL),(216,'','2015-04-28 15:45:37','2015-04-28 15:45:37',NULL,'1',12,1,NULL),(219,'','2015-04-30 17:36:10','2015-04-30 17:39:43',NULL,'1',12,1,NULL),(221,'','2015-04-30 18:03:22','2015-04-30 18:03:22',NULL,'1',12,1,NULL),(222,'','2015-04-30 18:16:15','2015-04-30 18:16:15',NULL,'1',12,1,NULL),(223,'','2015-04-30 18:24:28','2015-04-30 18:28:54',NULL,'0',12,1,NULL),(224,'','2015-04-30 18:45:24','2015-04-30 18:45:24',NULL,'1',12,1,NULL),(225,'','2015-04-30 18:57:45','2015-04-30 19:11:58',NULL,'1',12,1,NULL),(226,'','2015-04-30 19:14:14','2015-04-30 19:14:47',NULL,'1',12,1,NULL),(227,'','2015-04-30 19:27:20','2015-04-30 19:27:21',NULL,'1',12,1,NULL),(228,'','2015-04-30 19:38:09','2015-04-30 19:38:09',NULL,'1',12,1,NULL),(229,'','2015-04-30 20:19:20','2015-04-30 20:19:20',NULL,'0',42,1,NULL),(231,'','2015-05-01 14:00:14','2015-05-01 14:00:14',NULL,'0',20,1,NULL),(232,'','2015-05-01 14:11:21','2015-05-01 14:11:22',NULL,'1',20,1,NULL),(233,'','2015-05-01 14:39:21','2015-05-01 14:42:09',NULL,'1',12,1,NULL),(234,'','2015-05-01 14:46:39','2015-05-01 14:46:39',NULL,'1',12,1,NULL),(235,'','2015-05-11 10:08:51','2015-05-11 10:10:31',NULL,'0',17,1,NULL),(236,'','2015-06-22 16:07:53','2015-06-22 16:07:54',NULL,'1',12,1,NULL),(237,'','2015-06-22 16:11:21','2015-06-22 16:11:21',NULL,'1',12,1,NULL),(238,'','2015-08-06 16:33:34','2015-08-06 16:34:12',NULL,'0',12,1,NULL);
/*!40000 ALTER TABLE `Blocks` ENABLE KEYS */;
UNLOCK TABLES;

--
-- Table structure for table `CollectionAttributeValues`
--

DROP TABLE IF EXISTS `CollectionAttributeValues`;
/*!40101 SET @saved_cs_client     = @@character_set_client */;
/*!40101 SET character_set_client = utf8 */;
CREATE TABLE `CollectionAttributeValues` (
  `cID` int(10) unsigned NOT NULL DEFAULT '0',
  `cvID` int(10) unsigned NOT NULL DEFAULT '0',
  `akID` int(10) unsigned NOT NULL DEFAULT '0',
  `avID` int(10) unsigned DEFAULT '0',
  PRIMARY KEY (`cID`,`cvID`,`akID`),
  KEY `akID` (`akID`),
  KEY `avID` (`avID`)
) ENGINE=InnoDB DEFAULT CHARSET=utf8 COLLATE=utf8_unicode_ci;
/*!40101 SET character_set_client = @saved_cs_client */;

--
-- Dumping data for table `CollectionAttributeValues`
--

LOCK TABLES `CollectionAttributeValues` WRITE;
/*!40000 ALTER TABLE `CollectionAttributeValues` DISABLE KEYS */;
INSERT INTO `CollectionAttributeValues` VALUES (2,1,4,1),(3,1,3,2),(4,1,3,3),(5,1,3,4),(6,1,3,5),(8,1,3,6),(9,1,3,7),(10,1,3,8),(11,1,5,9),(11,1,3,10),(12,1,3,11),(13,1,3,12),(14,1,3,13),(15,1,3,14),(16,1,3,15),(16,1,5,16),(17,1,3,17),(17,1,5,18),(19,1,3,19),(20,1,3,20),(22,1,3,21),(23,1,3,22),(24,1,3,23),(25,1,3,24),(26,1,3,25),(28,1,3,26),(29,1,3,27),(29,1,5,28),(31,1,5,29),(32,1,5,30),(33,1,5,31),(34,1,5,32),(35,1,5,33),(36,1,5,34),(38,1,5,35),(39,1,3,36),(40,1,3,37),(41,1,3,38),(43,1,4,39),(44,1,3,40),(48,1,3,41),(50,1,5,42),(50,1,10,43),(50,1,3,44),(51,1,3,45),(52,1,3,46),(53,1,5,47),(54,1,3,48),(55,1,3,49),(56,1,3,50),(56,1,5,51),(57,1,3,52),(58,1,3,53),(59,1,3,54),(61,1,3,55),(62,1,3,56),(63,1,3,57),(64,1,3,58),(65,1,3,59),(66,1,3,60),(67,1,3,61),(68,1,3,62),(73,1,3,63),(74,1,3,64),(75,1,3,65),(76,1,3,66),(77,1,3,67),(79,1,3,68),(80,1,3,69),(81,1,3,70),(82,1,3,71),(84,1,3,72),(85,1,3,73),(86,1,3,74),(87,1,3,75),(89,1,3,76),(90,1,3,77),(93,1,3,78),(94,1,3,79),(95,1,3,80),(96,1,3,81),(98,1,3,82),(99,1,3,83),(100,1,3,84),(101,1,3,85),(102,1,3,86),(103,1,3,87),(104,1,3,88),(105,1,3,89),(106,1,3,90),(107,1,3,91),(108,1,3,92),(109,1,3,93),(111,1,3,94),(112,1,3,95),(113,1,3,96),(114,1,3,97),(116,1,10,98),(117,1,3,99),(118,1,3,100),(119,1,3,101),(120,1,3,102),(121,1,3,103),(122,1,3,104),(124,1,3,105),(125,1,5,106),(126,1,5,107),(126,1,10,108),(127,1,4,109),(128,1,4,110),(129,1,4,111),(132,1,4,112),(154,1,20,146),(162,1,9,147),(162,1,21,148),(162,1,23,149),(162,1,24,150),(162,1,25,151),(162,1,26,152),(163,1,21,153),(163,1,23,154),(163,1,24,155),(163,1,25,156),(163,1,26,157),(164,1,9,158),(164,1,21,159),(164,1,23,160),(164,1,24,161),(164,1,25,162),(164,1,26,163),(165,1,9,164),(165,1,21,165),(165,1,23,166),(165,1,24,167),(165,1,25,168),(165,1,26,169),(166,1,21,170),(166,1,23,171),(166,1,24,172),(166,1,25,173),(166,1,26,174),(167,1,21,175),(167,1,23,176),(167,1,24,177),(167,1,25,178),(167,1,26,179),(157,1,20,180),(157,2,20,180),(157,3,20,180),(169,1,1,181),(169,1,2,182),(169,1,3,183),(169,1,7,184),(169,1,11,185),(169,1,21,186),(169,1,22,187),(170,1,21,188),(170,1,22,189),(171,1,21,190),(171,1,22,191),(158,1,1,192),(158,1,2,193),(158,1,3,194),(158,1,5,195),(158,1,7,196),(158,1,11,197),(160,1,5,198),(176,1,1,199),(176,1,2,200),(176,1,3,201),(176,1,7,202),(176,1,11,203),(176,1,18,204),(176,1,19,205),(177,1,1,206),(177,1,2,207),(177,1,3,208),(177,1,7,209),(177,1,11,210),(177,1,18,211),(177,1,19,212),(181,5,1,213),(181,6,1,213),(181,7,1,213),(181,8,1,213),(181,9,1,213),(181,10,1,213),(181,5,2,214),(181,6,2,214),(181,7,2,214),(181,8,2,214),(181,9,2,214),(181,10,2,214),(181,5,3,215),(181,6,3,215),(181,7,3,215),(181,8,3,215),(181,9,3,215),(181,10,3,215),(181,5,7,216),(181,6,7,216),(181,7,7,216),(181,8,7,216),(181,9,7,216),(181,10,7,216),(181,5,11,217),(181,6,11,217),(181,7,11,217),(181,8,11,217),(181,9,11,217),(181,10,11,217),(1,41,5,220),(1,42,5,220),(1,43,5,220),(1,44,5,220),(1,45,5,220),(1,46,5,220),(1,47,5,220),(1,48,5,220),(1,49,5,220),(1,50,5,220),(1,51,5,220),(182,1,19,229),(182,1,18,230),(183,1,19,231),(183,2,19,231),(183,1,18,232),(183,2,18,232),(174,3,1,233),(174,3,2,234),(174,3,3,235),(174,3,7,236),(174,3,11,237),(174,4,1,238),(174,5,1,238),(174,4,2,239),(174,5,2,239),(174,4,3,240),(174,5,3,240),(174,4,7,241),(174,5,7,241),(174,4,11,242),(174,5,11,242),(1,48,1,255),(1,49,1,255),(1,50,1,255),(1,48,2,256),(1,49,2,256),(1,50,2,256),(1,48,3,257),(1,49,3,257),(1,50,3,257),(1,48,7,258),(1,49,7,258),(1,50,7,258),(1,48,11,259),(1,49,11,259),(1,50,11,259),(1,51,1,260),(1,51,2,261),(1,51,3,262),(1,51,7,263),(1,51,11,264);
/*!40000 ALTER TABLE `CollectionAttributeValues` ENABLE KEYS */;
UNLOCK TABLES;

--
-- Table structure for table `CollectionSearchIndexAttributes`
--

DROP TABLE IF EXISTS `CollectionSearchIndexAttributes`;
/*!40101 SET @saved_cs_client     = @@character_set_client */;
/*!40101 SET character_set_client = utf8 */;
CREATE TABLE `CollectionSearchIndexAttributes` (
  `cID` int(10) unsigned NOT NULL DEFAULT '0',
  `ak_meta_title` tinytext COLLATE utf8_unicode_ci,
  `ak_meta_description` tinytext COLLATE utf8_unicode_ci,
  `ak_meta_keywords` tinytext COLLATE utf8_unicode_ci,
  `ak_icon_dashboard` tinytext COLLATE utf8_unicode_ci,
  `ak_exclude_nav` tinyint(1) DEFAULT '0',
  `ak_exclude_page_list` tinyint(1) DEFAULT '0',
  `ak_header_extra_content` tinytext COLLATE utf8_unicode_ci,
  `ak_tags` varchar(255) COLLATE utf8_unicode_ci DEFAULT NULL,
  `ak_is_featured` tinyint(1) DEFAULT '0',
  `ak_exclude_search_index` tinyint(1) DEFAULT '0',
  `ak_exclude_sitemapxml` tinyint(1) DEFAULT '0',
  `ak_job_posting_department` varchar(255) COLLATE utf8_unicode_ci DEFAULT NULL,
  `ak_job_location` tinytext COLLATE utf8_unicode_ci,
  `ak_exclude_subpages_from_nav` tinyint(1) DEFAULT '0',
  `ak_thumbnail` int(11) DEFAULT '0',
  `ak_blog_entry_topics` tinytext COLLATE utf8_unicode_ci,
  `ak_project_topics` tinytext COLLATE utf8_unicode_ci,
  `ak_project_client` tinytext COLLATE utf8_unicode_ci,
  `ak_project_tasks` varchar(255) COLLATE utf8_unicode_ci DEFAULT NULL,
  `ak_project_skills` varchar(255) COLLATE utf8_unicode_ci DEFAULT NULL,
  PRIMARY KEY (`cID`)
) ENGINE=InnoDB DEFAULT CHARSET=utf8 COLLATE=utf8_unicode_ci;
/*!40101 SET character_set_client = @saved_cs_client */;

--
-- Dumping data for table `CollectionSearchIndexAttributes`
--

LOCK TABLES `CollectionSearchIndexAttributes` WRITE;
/*!40000 ALTER TABLE `CollectionSearchIndexAttributes` DISABLE KEYS */;
INSERT INTO `CollectionSearchIndexAttributes` VALUES (1,'Voyance par tlphone','Salon Sublime-Voyance.fr : Salon de Voyance Tlmatique, consultez un Professionnel de la voyance par en ligne par chat ou par tlphone','voyance, amour, amours, ascendants, astral, astres, astrologie, astrologiques, astrologue, astrologues, avenir, balance, belier, bonheur, boutique, cancer, capricorne, cartes, cartomancie, catalogue, chacras, chakras, chance, chat, chinois, communication,',NULL,1,0,'',NULL,0,0,0,NULL,NULL,0,0,NULL,NULL,NULL,NULL,NULL),(2,NULL,NULL,NULL,'fa fa-th-large',0,0,NULL,NULL,0,0,0,NULL,NULL,0,0,NULL,NULL,NULL,NULL,NULL),(3,NULL,NULL,'pages, add page, delete page, copy, move, alias',NULL,0,0,NULL,NULL,0,0,0,NULL,NULL,0,0,NULL,NULL,NULL,NULL,NULL),(4,NULL,NULL,'pages, add page, delete page, copy, move, alias',NULL,0,0,NULL,NULL,0,0,0,NULL,NULL,0,0,NULL,NULL,NULL,NULL,NULL),(5,NULL,NULL,'pages, add page, delete page, copy, move, alias, bulk',NULL,0,0,NULL,NULL,0,0,0,NULL,NULL,0,0,NULL,NULL,NULL,NULL,NULL),(6,NULL,NULL,'find page, search page, search, find, pages, sitemap',NULL,0,0,NULL,NULL,0,0,0,NULL,NULL,0,0,NULL,NULL,NULL,NULL,NULL),(7,NULL,NULL,NULL,NULL,0,0,NULL,NULL,0,0,0,NULL,NULL,0,0,NULL,NULL,NULL,NULL,NULL),(8,NULL,NULL,'add file, delete file, copy, move, alias, resize, crop, rename, images, title, attribute',NULL,0,0,NULL,NULL,0,0,0,NULL,NULL,0,0,NULL,NULL,NULL,NULL,NULL),(9,NULL,NULL,'file, file attributes, title, attribute, description, rename',NULL,0,0,NULL,NULL,0,0,0,NULL,NULL,0,0,NULL,NULL,NULL,NULL,NULL),(10,NULL,NULL,'files, category, categories',NULL,0,0,NULL,NULL,0,0,0,NULL,NULL,0,0,NULL,NULL,NULL,NULL,NULL),(11,NULL,NULL,'new file set',NULL,1,0,NULL,NULL,0,0,0,NULL,NULL,0,0,NULL,NULL,NULL,NULL,NULL),(12,NULL,NULL,'users, groups, people, find, delete user, remove user, change password, password',NULL,0,0,NULL,NULL,0,0,0,NULL,NULL,0,0,NULL,NULL,NULL,NULL,NULL),(13,NULL,NULL,'find, search, people, delete user, remove user, change password, password',NULL,0,0,NULL,NULL,0,0,0,NULL,NULL,0,0,NULL,NULL,NULL,NULL,NULL),(14,NULL,NULL,'user, group, people, permissions, expire, badges',NULL,0,0,NULL,NULL,0,0,0,NULL,NULL,0,0,NULL,NULL,NULL,NULL,NULL),(15,NULL,NULL,'user attributes, user data, gather data, registration data',NULL,0,0,NULL,NULL,0,0,0,NULL,NULL,0,0,NULL,NULL,NULL,NULL,NULL),(16,NULL,NULL,'new user, create',NULL,1,0,NULL,NULL,0,0,0,NULL,NULL,0,0,NULL,NULL,NULL,NULL,NULL),(17,NULL,NULL,'new user group, new group, group, create',NULL,1,0,NULL,NULL,0,0,0,NULL,NULL,0,0,NULL,NULL,NULL,NULL,NULL),(18,NULL,NULL,NULL,NULL,0,0,NULL,NULL,0,0,0,NULL,NULL,0,0,NULL,NULL,NULL,NULL,NULL),(19,NULL,NULL,'group set',NULL,0,0,NULL,NULL,0,0,0,NULL,NULL,0,0,NULL,NULL,NULL,NULL,NULL),(20,NULL,NULL,'community, points, karma',NULL,0,0,NULL,NULL,0,0,0,NULL,NULL,0,0,NULL,NULL,NULL,NULL,NULL),(21,NULL,NULL,NULL,NULL,0,0,NULL,NULL,0,0,0,NULL,NULL,0,0,NULL,NULL,NULL,NULL,NULL),(22,NULL,NULL,'action, community actions',NULL,0,0,NULL,NULL,0,0,0,NULL,NULL,0,0,NULL,NULL,NULL,NULL,NULL),(23,NULL,NULL,'forms, log, error, email, mysql, exception, survey',NULL,0,0,NULL,NULL,0,0,0,NULL,NULL,0,0,NULL,NULL,NULL,NULL,NULL),(24,NULL,NULL,'forms, questions, response, data',NULL,0,0,NULL,NULL,0,0,0,NULL,NULL,0,0,NULL,NULL,NULL,NULL,NULL),(25,NULL,NULL,'questions, quiz, response',NULL,0,0,NULL,NULL,0,0,0,NULL,NULL,0,0,NULL,NULL,NULL,NULL,NULL),(26,NULL,NULL,'forms, log, error, email, mysql, exception, survey, history',NULL,0,0,NULL,NULL,0,0,0,NULL,NULL,0,0,NULL,NULL,NULL,NULL,NULL),(27,NULL,NULL,NULL,NULL,0,0,NULL,NULL,0,0,0,NULL,NULL,0,0,NULL,NULL,NULL,NULL,NULL),(28,NULL,NULL,'new theme, theme, active theme, change theme, template, css',NULL,0,0,NULL,NULL,0,0,0,NULL,NULL,0,0,NULL,NULL,NULL,NULL,NULL),(29,NULL,NULL,'page types',NULL,1,0,NULL,NULL,0,0,0,NULL,NULL,0,0,NULL,NULL,NULL,NULL,NULL),(30,NULL,NULL,NULL,NULL,0,0,NULL,NULL,0,0,0,NULL,NULL,0,0,NULL,NULL,NULL,NULL,NULL),(31,NULL,NULL,NULL,NULL,1,0,NULL,NULL,0,0,0,NULL,NULL,0,0,NULL,NULL,NULL,NULL,NULL),(32,NULL,NULL,NULL,NULL,1,0,NULL,NULL,0,0,0,NULL,NULL,0,0,NULL,NULL,NULL,NULL,NULL),(33,NULL,NULL,NULL,NULL,1,0,NULL,NULL,0,0,0,NULL,NULL,0,0,NULL,NULL,NULL,NULL,NULL),(34,NULL,NULL,NULL,NULL,1,0,NULL,NULL,0,0,0,NULL,NULL,0,0,NULL,NULL,NULL,NULL,NULL),(35,NULL,NULL,NULL,NULL,1,0,NULL,NULL,0,0,0,NULL,NULL,0,0,NULL,NULL,NULL,NULL,NULL),(36,NULL,NULL,NULL,NULL,1,0,NULL,NULL,0,0,0,NULL,NULL,0,0,NULL,NULL,NULL,NULL,NULL),(37,NULL,NULL,NULL,NULL,0,0,NULL,NULL,0,0,0,NULL,NULL,0,0,NULL,NULL,NULL,NULL,NULL),(38,NULL,NULL,NULL,NULL,1,0,NULL,NULL,0,0,0,NULL,NULL,0,0,NULL,NULL,NULL,NULL,NULL),(39,NULL,NULL,'page attributes, custom',NULL,0,0,NULL,NULL,0,0,0,NULL,NULL,0,0,NULL,NULL,NULL,NULL,NULL),(40,NULL,NULL,'single, page, custom, application',NULL,0,0,NULL,NULL,0,0,0,NULL,NULL,0,0,NULL,NULL,NULL,NULL,NULL),(41,NULL,NULL,'atom, rss, feed, syndication',NULL,0,0,NULL,NULL,0,0,0,NULL,NULL,0,0,NULL,NULL,NULL,NULL,NULL),(42,NULL,NULL,NULL,NULL,0,0,NULL,NULL,0,0,0,NULL,NULL,0,0,NULL,NULL,NULL,NULL,NULL),(43,NULL,NULL,NULL,'icon-bullhorn',0,0,NULL,NULL,0,0,0,NULL,NULL,0,0,NULL,NULL,NULL,NULL,NULL),(44,NULL,NULL,'add workflow, remove workflow',NULL,0,0,NULL,NULL,0,0,0,NULL,NULL,0,0,NULL,NULL,NULL,NULL,NULL),(45,NULL,NULL,NULL,NULL,0,0,NULL,NULL,0,0,0,NULL,NULL,0,0,NULL,NULL,NULL,NULL,NULL),(46,NULL,NULL,NULL,NULL,0,0,NULL,NULL,0,0,0,NULL,NULL,0,0,NULL,NULL,NULL,NULL,NULL),(47,NULL,NULL,NULL,NULL,0,0,NULL,NULL,0,0,0,NULL,NULL,0,0,NULL,NULL,NULL,NULL,NULL),(48,NULL,NULL,'stacks, reusable content, scrapbook, copy, paste, paste block, copy block, site name, logo',NULL,0,0,NULL,NULL,0,0,0,NULL,NULL,0,0,NULL,NULL,NULL,NULL,NULL),(49,NULL,NULL,NULL,NULL,0,0,NULL,NULL,0,0,0,NULL,NULL,0,0,NULL,NULL,NULL,NULL,NULL),(50,NULL,NULL,'edit stacks, view stacks, all stacks',NULL,1,0,NULL,NULL,0,1,0,NULL,NULL,0,0,NULL,NULL,NULL,NULL,NULL),(51,NULL,NULL,'block, refresh, custom',NULL,0,0,NULL,NULL,0,0,0,NULL,NULL,0,0,NULL,NULL,NULL,NULL,NULL),(52,NULL,NULL,'add-on, addon, add on, package, app, ecommerce, discussions, forums, themes, templates, blocks',NULL,0,0,NULL,NULL,0,0,0,NULL,NULL,0,0,NULL,NULL,NULL,NULL,NULL),(53,NULL,NULL,NULL,NULL,1,0,NULL,NULL,0,0,0,NULL,NULL,0,0,NULL,NULL,NULL,NULL,NULL),(54,NULL,NULL,'add-on, addon, ecommerce, install, discussions, forums, themes, templates, blocks',NULL,0,0,NULL,NULL,0,0,0,NULL,NULL,0,0,NULL,NULL,NULL,NULL,NULL),(55,NULL,NULL,'update, upgrade',NULL,0,0,NULL,NULL,0,0,0,NULL,NULL,0,0,NULL,NULL,NULL,NULL,NULL),(56,NULL,NULL,'concrete5.org, my account, marketplace',NULL,1,0,NULL,NULL,0,0,0,NULL,NULL,0,0,NULL,NULL,NULL,NULL,NULL),(57,NULL,NULL,'buy theme, new theme, marketplace, template',NULL,0,0,NULL,NULL,0,0,0,NULL,NULL,0,0,NULL,NULL,NULL,NULL,NULL),(58,NULL,NULL,'buy addon, buy add on, buy add-on, purchase addon, purchase add on, purchase add-on, find addon, new addon, marketplace',NULL,0,0,NULL,NULL,0,0,0,NULL,NULL,0,0,NULL,NULL,NULL,NULL,NULL),(59,NULL,NULL,'dashboard, configuration',NULL,0,0,NULL,NULL,0,0,0,NULL,NULL,0,0,NULL,NULL,NULL,NULL,NULL),(60,NULL,NULL,NULL,NULL,0,0,NULL,NULL,0,0,0,NULL,NULL,0,0,NULL,NULL,NULL,NULL,NULL),(61,NULL,NULL,'website name, title',NULL,0,0,NULL,NULL,0,0,0,NULL,NULL,0,0,NULL,NULL,NULL,NULL,NULL),(62,NULL,NULL,'accessibility, easy mode',NULL,0,0,NULL,NULL,0,0,0,NULL,NULL,0,0,NULL,NULL,NULL,NULL,NULL),(63,NULL,NULL,'sharing, facebook, twitter',NULL,0,0,NULL,NULL,0,0,0,NULL,NULL,0,0,NULL,NULL,NULL,NULL,NULL),(64,NULL,NULL,'logo, favicon, iphone, icon, bookmark',NULL,0,0,NULL,NULL,0,0,0,NULL,NULL,0,0,NULL,NULL,NULL,NULL,NULL),(65,NULL,NULL,'tinymce, content block, fonts, editor, content, overlay',NULL,0,0,NULL,NULL,0,0,0,NULL,NULL,0,0,NULL,NULL,NULL,NULL,NULL),(66,NULL,NULL,'translate, translation, internationalization, multilingual',NULL,0,0,NULL,NULL,0,0,0,NULL,NULL,0,0,NULL,NULL,NULL,NULL,NULL),(67,NULL,NULL,'timezone, profile, locale',NULL,0,0,NULL,NULL,0,0,0,NULL,NULL,0,0,NULL,NULL,NULL,NULL,NULL),(68,NULL,NULL,'multilingual, localization, internationalization, i18n',NULL,0,0,NULL,NULL,0,0,0,NULL,NULL,0,0,NULL,NULL,NULL,NULL,NULL),(69,NULL,NULL,NULL,NULL,0,0,NULL,NULL,0,0,0,NULL,NULL,0,0,NULL,NULL,NULL,NULL,NULL),(70,NULL,NULL,NULL,NULL,0,0,NULL,NULL,0,0,0,NULL,NULL,0,0,NULL,NULL,NULL,NULL,NULL),(71,NULL,NULL,NULL,NULL,0,0,NULL,NULL,0,0,0,NULL,NULL,0,0,NULL,NULL,NULL,NULL,NULL),(72,NULL,NULL,NULL,NULL,0,0,NULL,NULL,0,0,0,NULL,NULL,0,0,NULL,NULL,NULL,NULL,NULL),(73,NULL,NULL,'vanity, pretty url, seo, pageview, view',NULL,0,0,NULL,NULL,0,0,0,NULL,NULL,0,0,NULL,NULL,NULL,NULL,NULL),(74,NULL,NULL,'bulk, seo, change keywords, engine, optimization, search',NULL,0,0,NULL,NULL,0,0,0,NULL,NULL,0,0,NULL,NULL,NULL,NULL,NULL),(75,NULL,NULL,'traffic, statistics, google analytics, quant, pageviews, hits',NULL,0,0,NULL,NULL,0,0,0,NULL,NULL,0,0,NULL,NULL,NULL,NULL,NULL),(76,NULL,NULL,'pretty, slug',NULL,0,0,NULL,NULL,0,0,0,NULL,NULL,0,0,NULL,NULL,NULL,NULL,NULL),(77,NULL,NULL,'configure search, site search, search option',NULL,0,0,NULL,NULL,0,0,0,NULL,NULL,0,0,NULL,NULL,NULL,NULL,NULL),(78,NULL,NULL,NULL,NULL,0,0,NULL,NULL,0,0,0,NULL,NULL,0,0,NULL,NULL,NULL,NULL,NULL),(79,NULL,NULL,'file options, file manager, upload, modify',NULL,0,0,NULL,NULL,0,0,0,NULL,NULL,0,0,NULL,NULL,NULL,NULL,NULL),(80,NULL,NULL,'security, files, media, extension, manager, upload',NULL,0,0,NULL,NULL,0,0,0,NULL,NULL,0,0,NULL,NULL,NULL,NULL,NULL),(81,NULL,NULL,'images, picture, responsive, retina',NULL,0,0,NULL,NULL,0,0,0,NULL,NULL,0,0,NULL,NULL,NULL,NULL,NULL),(82,NULL,NULL,'security, alternate storage, hide files',NULL,0,0,NULL,NULL,0,0,0,NULL,NULL,0,0,NULL,NULL,NULL,NULL,NULL),(83,NULL,NULL,NULL,NULL,0,0,NULL,NULL,0,0,0,NULL,NULL,0,0,NULL,NULL,NULL,NULL,NULL),(84,NULL,NULL,'cache option, change cache, override, turn on cache, turn off cache, no cache, page cache, caching',NULL,0,0,NULL,NULL,0,0,0,NULL,NULL,0,0,NULL,NULL,NULL,NULL,NULL),(85,NULL,NULL,'cache option, turn off cache, no cache, page cache, caching',NULL,0,0,NULL,NULL,0,0,0,NULL,NULL,0,0,NULL,NULL,NULL,NULL,NULL),(86,NULL,NULL,'index search, reindex search, build sitemap, sitemap.xml, clear old versions, page versions, remove old',NULL,0,0,NULL,NULL,0,0,0,NULL,NULL,0,0,NULL,NULL,NULL,NULL,NULL),(87,NULL,NULL,'queries, database, mysql',NULL,0,0,NULL,NULL,0,0,0,NULL,NULL,0,0,NULL,NULL,NULL,NULL,NULL),(88,NULL,NULL,NULL,NULL,0,0,NULL,NULL,0,0,0,NULL,NULL,0,0,NULL,NULL,NULL,NULL,NULL),(89,NULL,NULL,'editors, hide site, offline, private, public, access',NULL,0,0,NULL,NULL,0,0,0,NULL,NULL,0,0,NULL,NULL,NULL,NULL,NULL),(90,NULL,NULL,'security, actions, administrator, admin, package, marketplace, search',NULL,0,0,NULL,NULL,0,0,0,NULL,NULL,0,0,NULL,NULL,NULL,NULL,NULL),(91,NULL,NULL,NULL,NULL,0,0,NULL,NULL,0,0,0,NULL,NULL,0,0,NULL,NULL,NULL,NULL,NULL),(92,NULL,NULL,NULL,NULL,0,0,NULL,NULL,0,0,0,NULL,NULL,0,0,NULL,NULL,NULL,NULL,NULL),(93,NULL,NULL,'security, lock ip, lock out, block ip, address, restrict, access',NULL,0,0,NULL,NULL,0,0,0,NULL,NULL,0,0,NULL,NULL,NULL,NULL,NULL),(94,NULL,NULL,'security, registration',NULL,0,0,NULL,NULL,0,0,0,NULL,NULL,0,0,NULL,NULL,NULL,NULL,NULL),(95,NULL,NULL,'antispam, block spam, security',NULL,0,0,NULL,NULL,0,0,0,NULL,NULL,0,0,NULL,NULL,NULL,NULL,NULL),(96,NULL,NULL,'lock site, under construction, hide, hidden',NULL,0,0,NULL,NULL,0,0,0,NULL,NULL,0,0,NULL,NULL,NULL,NULL,NULL),(97,NULL,NULL,NULL,NULL,0,0,NULL,NULL,0,0,0,NULL,NULL,0,0,NULL,NULL,NULL,NULL,NULL),(98,NULL,NULL,'profile, login, redirect, specific, dashboard, administrators',NULL,0,0,NULL,NULL,0,0,0,NULL,NULL,0,0,NULL,NULL,NULL,NULL,NULL),(99,NULL,NULL,'member profile, member page, community, forums, social, avatar',NULL,0,0,NULL,NULL,0,0,0,NULL,NULL,0,0,NULL,NULL,NULL,NULL,NULL),(100,NULL,NULL,'signup, new user, community, public registration, public, registration',NULL,0,0,NULL,NULL,0,0,0,NULL,NULL,0,0,NULL,NULL,NULL,NULL,NULL),(101,NULL,NULL,'auth, authentication, types, oauth, facebook, login, registration',NULL,0,0,NULL,NULL,0,0,0,NULL,NULL,0,0,NULL,NULL,NULL,NULL,NULL),(102,NULL,NULL,'smtp, mail settings',NULL,0,0,NULL,NULL,0,0,0,NULL,NULL,0,0,NULL,NULL,NULL,NULL,NULL),(103,NULL,NULL,'email server, mail settings, mail configuration, external, internal',NULL,0,0,NULL,NULL,0,0,0,NULL,NULL,0,0,NULL,NULL,NULL,NULL,NULL),(104,NULL,NULL,'test smtp, test mail',NULL,0,0,NULL,NULL,0,0,0,NULL,NULL,0,0,NULL,NULL,NULL,NULL,NULL),(105,NULL,NULL,'email server, mail settings, mail configuration, private message, message system, import, email, message',NULL,0,0,NULL,NULL,0,0,0,NULL,NULL,0,0,NULL,NULL,NULL,NULL,NULL),(106,NULL,NULL,'conversations',NULL,0,0,NULL,NULL,0,0,0,NULL,NULL,0,0,NULL,NULL,NULL,NULL,NULL),(107,NULL,NULL,'conversations',NULL,0,0,NULL,NULL,0,0,0,NULL,NULL,0,0,NULL,NULL,NULL,NULL,NULL),(108,NULL,NULL,'conversations ratings, ratings, community, community points',NULL,0,0,NULL,NULL,0,0,0,NULL,NULL,0,0,NULL,NULL,NULL,NULL,NULL),(109,NULL,NULL,'conversations bad words, banned words, banned, bad words, bad, words, list',NULL,0,0,NULL,NULL,0,0,0,NULL,NULL,0,0,NULL,NULL,NULL,NULL,NULL),(110,NULL,NULL,NULL,NULL,0,0,NULL,NULL,0,0,0,NULL,NULL,0,0,NULL,NULL,NULL,NULL,NULL),(111,NULL,NULL,'attribute configuration',NULL,0,0,NULL,NULL,0,0,0,NULL,NULL,0,0,NULL,NULL,NULL,NULL,NULL),(112,NULL,NULL,'attributes, sets',NULL,0,0,NULL,NULL,0,0,0,NULL,NULL,0,0,NULL,NULL,NULL,NULL,NULL),(113,NULL,NULL,'attributes, types',NULL,0,0,NULL,NULL,0,0,0,NULL,NULL,0,0,NULL,NULL,NULL,NULL,NULL),(114,NULL,NULL,'topics, tags, taxonomy',NULL,0,0,NULL,NULL,0,0,0,NULL,NULL,0,0,NULL,NULL,NULL,NULL,NULL),(115,NULL,NULL,NULL,NULL,0,0,NULL,NULL,0,0,0,NULL,NULL,0,0,NULL,NULL,NULL,NULL,NULL),(116,NULL,NULL,NULL,NULL,0,0,NULL,NULL,0,1,0,NULL,NULL,0,0,NULL,NULL,NULL,NULL,NULL),(117,NULL,NULL,'overrides, system info, debug, support, help',NULL,0,0,NULL,NULL,0,0,0,NULL,NULL,0,0,NULL,NULL,NULL,NULL,NULL),(118,NULL,NULL,'errors, exceptions, develop, support, help',NULL,0,0,NULL,NULL,0,0,0,NULL,NULL,0,0,NULL,NULL,NULL,NULL,NULL),(119,NULL,NULL,'email, logging, logs, smtp, pop, errors, mysql, log',NULL,0,0,NULL,NULL,0,0,0,NULL,NULL,0,0,NULL,NULL,NULL,NULL,NULL),(120,NULL,NULL,'network, proxy server',NULL,0,0,NULL,NULL,0,0,0,NULL,NULL,0,0,NULL,NULL,NULL,NULL,NULL),(121,NULL,NULL,'database, entities, doctrine',NULL,0,0,NULL,NULL,0,0,0,NULL,NULL,0,0,NULL,NULL,NULL,NULL,NULL),(122,NULL,NULL,'export, backup, database, sql, mysql, encryption, restore',NULL,0,0,NULL,NULL,0,0,0,NULL,NULL,0,0,NULL,NULL,NULL,NULL,NULL),(123,NULL,NULL,NULL,NULL,0,0,NULL,NULL,0,0,0,NULL,NULL,0,0,NULL,NULL,NULL,NULL,NULL),(124,NULL,NULL,'upgrade, new version, update',NULL,0,0,NULL,NULL,0,0,0,NULL,NULL,0,0,NULL,NULL,NULL,NULL,NULL),(125,NULL,NULL,NULL,NULL,1,0,NULL,NULL,0,0,0,NULL,NULL,0,0,NULL,NULL,NULL,NULL,NULL),(126,NULL,NULL,NULL,NULL,1,0,NULL,NULL,0,1,0,NULL,NULL,0,0,NULL,NULL,NULL,NULL,NULL),(127,NULL,NULL,NULL,'fa fa-edit',0,0,NULL,NULL,0,0,0,NULL,NULL,0,0,NULL,NULL,NULL,NULL,NULL),(128,NULL,NULL,NULL,'fa fa-trash-o',0,0,NULL,NULL,0,0,0,NULL,NULL,0,0,NULL,NULL,NULL,NULL,NULL),(129,NULL,NULL,NULL,'fa fa-th',0,0,NULL,NULL,0,0,0,NULL,NULL,0,0,NULL,NULL,NULL,NULL,NULL),(130,NULL,NULL,NULL,NULL,0,0,NULL,NULL,0,0,0,NULL,NULL,0,0,NULL,NULL,NULL,NULL,NULL),(131,NULL,NULL,NULL,NULL,0,0,NULL,NULL,0,0,0,NULL,NULL,0,0,NULL,NULL,NULL,NULL,NULL),(132,NULL,NULL,NULL,'fa fa-briefcase',0,0,NULL,NULL,0,0,0,NULL,NULL,0,0,NULL,NULL,NULL,NULL,NULL),(133,NULL,NULL,NULL,NULL,0,0,NULL,NULL,0,0,0,NULL,NULL,0,0,NULL,NULL,NULL,NULL,NULL),(134,NULL,NULL,NULL,NULL,0,0,NULL,NULL,0,0,0,NULL,NULL,0,0,NULL,NULL,NULL,NULL,NULL),(135,NULL,NULL,NULL,NULL,0,0,NULL,NULL,0,0,0,NULL,NULL,0,0,NULL,NULL,NULL,NULL,NULL),(136,NULL,NULL,NULL,NULL,0,0,NULL,NULL,0,0,0,NULL,NULL,0,0,NULL,NULL,NULL,NULL,NULL),(137,NULL,NULL,NULL,NULL,0,0,NULL,NULL,0,0,0,NULL,NULL,0,0,NULL,NULL,NULL,NULL,NULL),(138,NULL,NULL,NULL,NULL,0,0,NULL,NULL,0,0,0,NULL,NULL,0,0,NULL,NULL,NULL,NULL,NULL),(139,NULL,NULL,NULL,NULL,0,0,NULL,NULL,0,0,0,NULL,NULL,0,0,NULL,NULL,NULL,NULL,NULL),(140,NULL,NULL,NULL,NULL,0,0,NULL,NULL,0,0,0,NULL,NULL,0,0,NULL,NULL,NULL,NULL,NULL),(141,NULL,NULL,NULL,NULL,0,0,NULL,NULL,0,0,0,NULL,NULL,0,0,NULL,NULL,NULL,NULL,NULL),(142,NULL,NULL,NULL,NULL,0,0,NULL,NULL,0,0,0,NULL,NULL,0,0,NULL,NULL,NULL,NULL,NULL),(143,NULL,NULL,NULL,NULL,0,0,NULL,NULL,0,0,0,NULL,NULL,0,0,NULL,NULL,NULL,NULL,NULL),(144,NULL,NULL,NULL,NULL,0,0,NULL,NULL,0,0,0,NULL,NULL,0,0,NULL,NULL,NULL,NULL,NULL),(145,NULL,NULL,NULL,NULL,0,0,NULL,NULL,0,0,0,NULL,NULL,0,0,NULL,NULL,NULL,NULL,NULL),(146,NULL,NULL,NULL,NULL,0,0,NULL,NULL,0,0,0,NULL,NULL,0,0,NULL,NULL,NULL,NULL,NULL),(147,NULL,NULL,NULL,NULL,0,0,NULL,NULL,0,0,0,NULL,NULL,0,0,NULL,NULL,NULL,NULL,NULL),(148,NULL,NULL,NULL,NULL,0,0,NULL,NULL,0,0,0,NULL,NULL,0,0,NULL,NULL,NULL,NULL,NULL),(149,NULL,NULL,NULL,NULL,0,0,NULL,NULL,0,0,0,NULL,NULL,0,0,NULL,NULL,NULL,NULL,NULL),(150,NULL,NULL,NULL,NULL,0,0,NULL,NULL,0,0,0,NULL,NULL,0,0,NULL,NULL,NULL,NULL,NULL),(151,NULL,NULL,NULL,NULL,0,0,NULL,NULL,0,0,0,NULL,NULL,0,0,NULL,NULL,NULL,NULL,NULL),(152,NULL,NULL,NULL,NULL,0,0,NULL,NULL,0,0,0,NULL,NULL,0,0,NULL,NULL,NULL,NULL,NULL),(153,NULL,NULL,NULL,NULL,0,0,NULL,NULL,0,0,0,NULL,NULL,0,0,NULL,NULL,NULL,NULL,NULL),(154,NULL,NULL,NULL,NULL,0,0,NULL,NULL,0,0,0,NULL,NULL,1,0,NULL,NULL,NULL,NULL,NULL),(155,NULL,NULL,NULL,NULL,0,0,NULL,NULL,0,0,0,NULL,NULL,0,0,NULL,NULL,NULL,NULL,NULL),(156,NULL,NULL,NULL,NULL,0,0,NULL,NULL,0,0,0,NULL,NULL,0,0,NULL,NULL,NULL,NULL,NULL),(157,NULL,NULL,NULL,NULL,0,0,NULL,NULL,0,0,0,NULL,NULL,1,0,NULL,NULL,NULL,NULL,NULL),(158,NULL,NULL,NULL,NULL,1,0,NULL,NULL,0,0,0,NULL,NULL,0,0,NULL,NULL,NULL,NULL,NULL),(159,NULL,NULL,NULL,NULL,0,0,NULL,NULL,0,0,0,NULL,NULL,0,0,NULL,NULL,NULL,NULL,NULL),(160,NULL,NULL,NULL,NULL,1,0,NULL,NULL,0,0,0,NULL,NULL,0,0,NULL,NULL,NULL,NULL,NULL),(161,NULL,NULL,NULL,NULL,0,0,NULL,NULL,0,0,0,NULL,NULL,0,0,NULL,NULL,NULL,NULL,NULL),(162,NULL,NULL,NULL,NULL,0,0,NULL,NULL,1,0,0,NULL,NULL,0,15,NULL,'||/Homework||','Test Client','\nArchitecture\nDesign\nProduction\n','\nHTML\nJavaScript\nPHP\n'),(163,NULL,NULL,NULL,NULL,0,0,NULL,NULL,0,0,0,NULL,NULL,0,2,NULL,'||/Activities||','Test Client','\nArchitecture\n','\nPHP\n'),(164,NULL,NULL,NULL,NULL,0,0,NULL,NULL,1,0,0,NULL,NULL,0,14,NULL,'||/Homework||','Test Client 2','\nMultimedia\nProduction\nDevelopment\n','\nHTML\nJavaScript\nPHP\nCSS\n'),(165,NULL,NULL,NULL,NULL,0,0,NULL,NULL,1,0,0,NULL,NULL,0,6,NULL,'||/Homework||','Test Client 2','\nDesign\n','\nPhotoshop\n'),(166,NULL,NULL,NULL,NULL,0,0,NULL,NULL,0,0,0,NULL,NULL,0,16,NULL,'||/Homework||','Test Client 2','\nDesign\n','\nPhotoshop\n'),(167,NULL,NULL,NULL,NULL,0,0,NULL,NULL,0,0,0,NULL,NULL,0,12,NULL,'||/Homework||','Test Client 2','\nDesign\n','\nPhotoshop\n'),(168,NULL,NULL,NULL,NULL,0,0,NULL,NULL,0,0,0,NULL,NULL,0,0,NULL,NULL,NULL,NULL,NULL),(169,NULL,NULL,NULL,NULL,0,0,NULL,NULL,0,0,0,NULL,NULL,0,13,'||/Projects||',NULL,NULL,NULL,NULL),(170,NULL,NULL,NULL,NULL,0,0,NULL,NULL,0,0,0,NULL,NULL,0,3,'||/Humor||',NULL,NULL,NULL,NULL),(171,NULL,NULL,NULL,NULL,0,0,NULL,NULL,0,0,0,NULL,NULL,0,4,'||/Projects||',NULL,NULL,NULL,NULL),(172,NULL,NULL,NULL,NULL,0,0,NULL,NULL,0,0,0,NULL,NULL,0,0,NULL,NULL,NULL,NULL,NULL),(173,NULL,NULL,NULL,NULL,0,0,NULL,NULL,0,0,0,NULL,NULL,0,0,NULL,NULL,NULL,NULL,NULL),(174,'','','',NULL,0,0,'',NULL,0,0,0,NULL,NULL,0,0,NULL,NULL,NULL,NULL,NULL),(176,NULL,NULL,NULL,NULL,0,0,NULL,NULL,0,0,0,'\nTechnical and Operations\n','Lorem ipsum dolor sit amet, consectetur adipiscing elit. Nulla massa lacus, vehicula eu interdum convallis, laoreet id lectus. Nunc turpis elit, aliquam sit amet aliquam tincidunt, dapibus vel tellus. ',0,0,NULL,NULL,NULL,NULL,NULL),(177,NULL,NULL,NULL,NULL,0,0,NULL,NULL,0,0,0,'\nMarketing and Sales\n','Lorem ipsum dolor sit amet, consectetur adipiscing elit. Nulla massa lacus, vehicula eu interdum convallis, laoreet id lectus. Nunc turpis elit, aliquam sit amet aliquam tincidunt, dapibus vel tellus. ',0,0,NULL,NULL,NULL,NULL,NULL),(181,'','','',NULL,0,0,'',NULL,0,0,0,NULL,NULL,0,0,NULL,NULL,NULL,NULL,NULL),(183,NULL,NULL,NULL,NULL,0,0,NULL,NULL,0,0,0,'\nManagement\n','Web - Tel',0,0,NULL,NULL,NULL,NULL,NULL),(184,NULL,NULL,NULL,NULL,0,0,NULL,NULL,0,0,0,NULL,NULL,0,0,NULL,NULL,NULL,NULL,NULL),(186,NULL,NULL,NULL,NULL,0,0,NULL,NULL,0,0,0,NULL,NULL,0,0,NULL,NULL,NULL,NULL,NULL),(195,NULL,NULL,NULL,NULL,0,0,NULL,NULL,0,0,0,NULL,NULL,0,0,NULL,NULL,NULL,NULL,NULL);
/*!40000 ALTER TABLE `CollectionSearchIndexAttributes` ENABLE KEYS */;
UNLOCK TABLES;

--
-- Table structure for table `CollectionVersionAreaStyles`
--

DROP TABLE IF EXISTS `CollectionVersionAreaStyles`;
/*!40101 SET @saved_cs_client     = @@character_set_client */;
/*!40101 SET character_set_client = utf8 */;
CREATE TABLE `CollectionVersionAreaStyles` (
  `cID` int(10) unsigned NOT NULL DEFAULT '0',
  `cvID` int(10) unsigned NOT NULL DEFAULT '0',
  `arHandle` varchar(255) COLLATE utf8_unicode_ci NOT NULL,
  `issID` int(10) unsigned NOT NULL DEFAULT '0',
  PRIMARY KEY (`cID`,`cvID`,`arHandle`),
  KEY `issID` (`issID`)
) ENGINE=InnoDB DEFAULT CHARSET=utf8 COLLATE=utf8_unicode_ci;
/*!40101 SET character_set_client = @saved_cs_client */;

--
-- Dumping data for table `CollectionVersionAreaStyles`
--

LOCK TABLES `CollectionVersionAreaStyles` WRITE;
/*!40000 ALTER TABLE `CollectionVersionAreaStyles` DISABLE KEYS */;
INSERT INTO `CollectionVersionAreaStyles` VALUES (1,41,'Page Footer',14),(1,42,'Page Footer',14),(1,43,'Page Footer',14),(1,44,'Page Footer',14),(1,45,'Page Footer',14),(1,46,'Page Footer',14),(1,47,'Page Footer',14),(1,48,'Page Footer',14),(1,49,'Page Footer',14),(1,50,'Page Footer',14),(1,51,'Page Footer',14),(152,1,'Page Footer',15),(152,2,'Page Footer',15),(152,3,'Page Footer',15),(152,4,'Page Footer',15),(152,5,'Page Footer',15);
/*!40000 ALTER TABLE `CollectionVersionAreaStyles` ENABLE KEYS */;
UNLOCK TABLES;

--
-- Table structure for table `CollectionVersionBlockStyles`
--

DROP TABLE IF EXISTS `CollectionVersionBlockStyles`;
/*!40101 SET @saved_cs_client     = @@character_set_client */;
/*!40101 SET character_set_client = utf8 */;
CREATE TABLE `CollectionVersionBlockStyles` (
  `cID` int(10) unsigned NOT NULL DEFAULT '0',
  `cvID` int(10) unsigned NOT NULL DEFAULT '0',
  `bID` int(10) unsigned NOT NULL DEFAULT '0',
  `arHandle` varchar(255) COLLATE utf8_unicode_ci NOT NULL,
  `issID` int(10) unsigned NOT NULL DEFAULT '0',
  PRIMARY KEY (`cID`,`cvID`,`bID`,`arHandle`),
  KEY `bID` (`bID`,`issID`),
  KEY `issID` (`issID`)
) ENGINE=InnoDB DEFAULT CHARSET=utf8 COLLATE=utf8_unicode_ci;
/*!40101 SET character_set_client = @saved_cs_client */;

--
-- Dumping data for table `CollectionVersionBlockStyles`
--

LOCK TABLES `CollectionVersionBlockStyles` WRITE;
/*!40000 ALTER TABLE `CollectionVersionBlockStyles` DISABLE KEYS */;
INSERT INTO `CollectionVersionBlockStyles` VALUES (168,1,11,'Sidebar',1),(169,1,11,'Sidebar',1),(170,1,11,'Sidebar',1),(171,1,11,'Sidebar',1),(168,1,12,'Sidebar',2),(169,1,12,'Sidebar',2),(170,1,12,'Sidebar',2),(171,1,12,'Sidebar',2),(175,1,18,'Sidebar',3),(176,1,18,'Sidebar',3),(177,1,18,'Sidebar',3),(182,1,18,'Sidebar',3),(183,1,18,'Sidebar',3),(183,2,18,'Sidebar',3),(156,1,37,'Main : 1',4),(157,1,37,'Main : 1',4),(157,2,37,'Main : 1',4),(157,3,37,'Main : 1',4),(156,1,38,'Main : 2',5),(157,1,38,'Main : 2',5),(157,2,38,'Main : 2',5),(157,3,38,'Main : 2',5),(156,1,39,'Main : 2',6),(157,1,39,'Main : 2',6),(157,2,39,'Main : 2',6),(157,3,39,'Main : 2',6),(153,1,41,'Main',7),(154,1,41,'Main',7),(1,41,53,'Main : 4',8),(1,42,53,'Main : 4',8),(1,43,53,'Main : 4',8),(1,44,53,'Main : 4',8),(1,45,53,'Main : 4',8),(1,46,53,'Main : 4',8),(1,47,53,'Main : 4',8),(1,48,53,'Main : 4',8),(1,49,53,'Main : 4',8),(1,50,53,'Main : 4',8),(1,51,53,'Main : 4',8),(1,41,54,'Main : 3',9),(1,42,54,'Main : 3',9),(1,43,54,'Main : 3',9),(1,44,54,'Main : 3',9),(1,45,54,'Main : 3',9),(1,46,54,'Main : 3',9),(1,47,54,'Main : 3',9),(1,48,54,'Main : 3',9),(1,49,54,'Main : 3',9),(1,50,54,'Main : 3',9),(1,51,54,'Main : 3',9),(1,41,55,'Main : 5',10),(1,42,55,'Main : 5',10),(1,43,55,'Main : 5',10),(1,44,55,'Main : 5',10),(1,45,55,'Main : 5',10),(1,46,55,'Main : 5',10),(1,47,55,'Main : 5',10),(1,48,55,'Main : 5',10),(1,49,55,'Main : 5',10),(1,50,55,'Main : 5',10),(1,51,55,'Main : 5',10),(1,41,57,'Main',11),(1,42,57,'Main',11),(1,43,57,'Main',11),(1,44,57,'Main',11),(1,45,57,'Main',11),(1,46,57,'Main',11),(1,47,57,'Main',11),(1,48,57,'Main',11),(1,49,57,'Main',11),(1,50,57,'Main',11),(1,51,57,'Main',11),(1,41,64,'Main : 8',12),(1,42,64,'Main : 8',12),(1,43,64,'Main : 8',12),(1,44,64,'Main : 8',12),(1,45,64,'Main : 8',12),(1,46,64,'Main : 8',12),(1,47,64,'Main : 8',12),(1,48,64,'Main : 8',12),(1,49,64,'Main : 8',12),(1,50,64,'Main : 8',12),(1,51,64,'Main : 8',12),(1,41,65,'Main : 9',13),(1,42,65,'Main : 9',13),(1,43,65,'Main : 9',13),(1,44,65,'Main : 9',13),(1,45,65,'Main : 9',13),(1,46,65,'Main : 9',13),(1,47,65,'Main : 9',13),(1,48,65,'Main : 9',13),(1,49,65,'Main : 9',13),(1,50,65,'Main : 9',13),(1,51,65,'Main : 9',13),(155,1,98,'Main : 19',16),(155,1,99,'Main : 20',17),(155,1,102,'Main : 21',18),(155,1,103,'Main : 21',19),(155,1,104,'Main : 22',20),(155,1,105,'Main : 22',21),(155,1,106,'Main : 23',22),(155,1,107,'Main : 23',23),(155,1,110,'Main : 24',24),(159,1,125,'Main : 28',25),(172,1,143,'Main : 35',26),(173,1,158,'Main : 41',27),(181,3,185,'MyArea',28),(181,4,185,'MyArea',28),(181,5,185,'MyArea',28),(181,6,185,'MyArea',28),(181,7,185,'MyArea',28),(181,8,185,'MyArea',28),(181,9,185,'MyArea',28),(181,10,185,'MyArea',28);
/*!40000 ALTER TABLE `CollectionVersionBlockStyles` ENABLE KEYS */;
UNLOCK TABLES;

--
-- Table structure for table `CollectionVersionBlocks`
--

DROP TABLE IF EXISTS `CollectionVersionBlocks`;
/*!40101 SET @saved_cs_client     = @@character_set_client */;
/*!40101 SET character_set_client = utf8 */;
CREATE TABLE `CollectionVersionBlocks` (
  `cID` int(10) unsigned NOT NULL DEFAULT '0',
  `cvID` int(10) unsigned NOT NULL DEFAULT '1',
  `bID` int(10) unsigned NOT NULL DEFAULT '0',
  `arHandle` varchar(255) COLLATE utf8_unicode_ci NOT NULL,
  `cbDisplayOrder` int(10) unsigned NOT NULL DEFAULT '0',
  `isOriginal` tinyint(1) NOT NULL DEFAULT '0',
  `cbOverrideAreaPermissions` tinyint(1) NOT NULL DEFAULT '0',
  `cbIncludeAll` tinyint(1) NOT NULL DEFAULT '0',
  `cbOverrideBlockTypeCacheSettings` tinyint(1) NOT NULL DEFAULT '0',
  `cbOverrideBlockTypeContainerSettings` tinyint(1) NOT NULL DEFAULT '0',
  `cbEnableBlockContainer` tinyint(1) NOT NULL DEFAULT '0',
  PRIMARY KEY (`cID`,`cvID`,`bID`,`arHandle`),
  KEY `bID` (`bID`,`cID`)
) ENGINE=InnoDB DEFAULT CHARSET=utf8 COLLATE=utf8_unicode_ci;
/*!40101 SET character_set_client = @saved_cs_client */;

--
-- Dumping data for table `CollectionVersionBlocks`
--

LOCK TABLES `CollectionVersionBlocks` WRITE;
/*!40000 ALTER TABLE `CollectionVersionBlocks` DISABLE KEYS */;
INSERT INTO `CollectionVersionBlocks` VALUES (1,41,51,'Main',0,0,0,0,0,0,0),(1,41,52,'Main',1,0,0,0,0,0,0),(1,41,53,'Main : 4',0,0,0,0,0,0,0),(1,41,54,'Main : 3',0,0,0,0,0,0,0),(1,41,55,'Main : 5',0,0,0,0,0,0,0),(1,41,56,'Main',2,0,0,0,0,0,0),(1,41,57,'Main',3,0,0,0,0,0,0),(1,41,58,'Main',4,0,0,0,0,0,0),(1,41,59,'Main',5,0,0,0,0,0,0),(1,41,60,'Main',6,0,0,0,0,0,0),(1,41,61,'Main : 6',0,0,0,0,0,0,0),(1,41,62,'Main : 7',0,0,0,0,0,0,0),(1,41,63,'Main',7,0,0,0,0,0,0),(1,41,64,'Main : 8',0,0,0,0,0,0,0),(1,41,65,'Main : 9',0,0,0,0,0,0,0),(1,41,66,'Main : 10',0,0,0,0,0,0,0),(1,41,67,'Page Footer',0,0,0,0,0,0,0),(1,41,191,'MyArea',0,0,0,0,0,0,0),(1,41,198,'MyArea',1,0,0,0,0,0,0),(1,41,199,'MyArea : 43',0,0,0,0,0,0,0),(1,41,211,'MyArea',2,0,0,0,0,0,0),(1,41,219,'MyArea : 42',0,0,0,0,0,0,0),(1,41,221,'MyArea : 45',0,1,0,0,0,0,0),(1,42,51,'Main',0,0,0,0,0,0,0),(1,42,52,'Main',1,0,0,0,0,0,0),(1,42,53,'Main : 4',0,0,0,0,0,0,0),(1,42,54,'Main : 3',0,0,0,0,0,0,0),(1,42,55,'Main : 5',0,0,0,0,0,0,0),(1,42,56,'Main',2,0,0,0,0,0,0),(1,42,57,'Main',3,0,0,0,0,0,0),(1,42,58,'Main',4,0,0,0,0,0,0),(1,42,59,'Main',5,0,0,0,0,0,0),(1,42,60,'Main',6,0,0,0,0,0,0),(1,42,61,'Main : 6',0,0,0,0,0,0,0),(1,42,62,'Main : 7',0,0,0,0,0,0,0),(1,42,63,'Main',7,0,0,0,0,0,0),(1,42,64,'Main : 8',0,0,0,0,0,0,0),(1,42,65,'Main : 9',0,0,0,0,0,0,0),(1,42,66,'Main : 10',0,0,0,0,0,0,0),(1,42,67,'Page Footer',0,0,0,0,0,0,0),(1,42,191,'MyArea',0,0,0,0,0,0,0),(1,42,198,'MyArea',1,0,0,0,0,0,0),(1,42,199,'MyArea : 43',0,0,0,0,0,0,0),(1,42,211,'MyArea',2,0,0,0,0,0,0),(1,42,219,'MyArea : 42',0,0,0,0,0,0,0),(1,42,222,'MyArea : 45',0,1,0,0,0,0,0),(1,43,51,'Main',0,0,0,0,0,0,0),(1,43,52,'Main',1,0,0,0,0,0,0),(1,43,53,'Main : 4',0,0,0,0,0,0,0),(1,43,54,'Main : 3',0,0,0,0,0,0,0),(1,43,55,'Main : 5',0,0,0,0,0,0,0),(1,43,56,'Main',2,0,0,0,0,0,0),(1,43,57,'Main',3,0,0,0,0,0,0),(1,43,58,'Main',4,0,0,0,0,0,0),(1,43,59,'Main',5,0,0,0,0,0,0),(1,43,60,'Main',6,0,0,0,0,0,0),(1,43,61,'Main : 6',0,0,0,0,0,0,0),(1,43,62,'Main : 7',0,0,0,0,0,0,0),(1,43,63,'Main',7,0,0,0,0,0,0),(1,43,64,'Main : 8',0,0,0,0,0,0,0),(1,43,65,'Main : 9',0,0,0,0,0,0,0),(1,43,66,'Main : 10',0,0,0,0,0,0,0),(1,43,67,'Page Footer',0,0,0,0,0,0,0),(1,43,191,'MyArea',0,0,0,0,0,0,0),(1,43,198,'MyArea',1,0,0,0,0,0,0),(1,43,199,'MyArea : 43',0,0,0,0,0,0,0),(1,43,211,'MyArea',2,0,0,0,0,0,0),(1,43,219,'MyArea : 42',0,0,0,0,0,0,0),(1,43,224,'MyArea : 45',0,1,0,0,0,0,0),(1,44,51,'Main',0,0,0,0,0,0,0),(1,44,52,'Main',1,0,0,0,0,0,0),(1,44,53,'Main : 4',0,0,0,0,0,0,0),(1,44,54,'Main : 3',0,0,0,0,0,0,0),(1,44,55,'Main : 5',0,0,0,0,0,0,0),(1,44,56,'Main',2,0,0,0,0,0,0),(1,44,57,'Main',3,0,0,0,0,0,0),(1,44,58,'Main',4,0,0,0,0,0,0),(1,44,59,'Main',5,0,0,0,0,0,0),(1,44,60,'Main',6,0,0,0,0,0,0),(1,44,61,'Main : 6',0,0,0,0,0,0,0),(1,44,62,'Main : 7',0,0,0,0,0,0,0),(1,44,63,'Main',7,0,0,0,0,0,0),(1,44,64,'Main : 8',0,0,0,0,0,0,0),(1,44,65,'Main : 9',0,0,0,0,0,0,0),(1,44,66,'Main : 10',0,0,0,0,0,0,0),(1,44,67,'Page Footer',0,0,0,0,0,0,0),(1,44,191,'MyArea',0,0,0,0,0,0,0),(1,44,198,'MyArea',1,0,0,0,0,0,0),(1,44,199,'MyArea : 43',0,0,0,0,0,0,0),(1,44,211,'MyArea',2,0,0,0,0,0,0),(1,44,219,'MyArea : 42',0,0,0,0,0,0,0),(1,44,225,'MyArea : 45',0,1,0,0,0,0,0),(1,45,51,'Main',0,0,0,0,0,0,0),(1,45,52,'Main',1,0,0,0,0,0,0),(1,45,53,'Main : 4',0,0,0,0,0,0,0),(1,45,54,'Main : 3',0,0,0,0,0,0,0),(1,45,55,'Main : 5',0,0,0,0,0,0,0),(1,45,56,'Main',2,0,0,0,0,0,0),(1,45,57,'Main',3,0,0,0,0,0,0),(1,45,58,'Main',4,0,0,0,0,0,0),(1,45,59,'Main',5,0,0,0,0,0,0),(1,45,60,'Main',6,0,0,0,0,0,0),(1,45,61,'Main : 6',0,0,0,0,0,0,0),(1,45,62,'Main : 7',0,0,0,0,0,0,0),(1,45,63,'Main',7,0,0,0,0,0,0),(1,45,64,'Main : 8',0,0,0,0,0,0,0),(1,45,65,'Main : 9',0,0,0,0,0,0,0),(1,45,66,'Main : 10',0,0,0,0,0,0,0),(1,45,67,'Page Footer',0,0,0,0,0,0,0),(1,45,191,'MyArea',0,0,0,0,0,0,0),(1,45,198,'MyArea',1,0,0,0,0,0,0),(1,45,211,'MyArea',2,0,0,0,0,0,0),(1,45,219,'MyArea : 42',0,0,0,0,0,0,0),(1,45,228,'MyArea : 45',0,1,0,0,0,0,0),(1,46,51,'Main',0,0,0,0,0,0,0),(1,46,52,'Main',1,0,0,0,0,0,0),(1,46,53,'Main : 4',0,0,0,0,0,0,0),(1,46,54,'Main : 3',0,0,0,0,0,0,0),(1,46,55,'Main : 5',0,0,0,0,0,0,0),(1,46,56,'Main',2,0,0,0,0,0,0),(1,46,57,'Main',3,0,0,0,0,0,0),(1,46,58,'Main',4,0,0,0,0,0,0),(1,46,59,'Main',5,0,0,0,0,0,0),(1,46,60,'Main',6,0,0,0,0,0,0),(1,46,61,'Main : 6',0,0,0,0,0,0,0),(1,46,62,'Main : 7',0,0,0,0,0,0,0),(1,46,63,'Main',7,0,0,0,0,0,0),(1,46,64,'Main : 8',0,0,0,0,0,0,0),(1,46,65,'Main : 9',0,0,0,0,0,0,0),(1,46,66,'Main : 10',0,0,0,0,0,0,0),(1,46,67,'Page Footer',0,0,0,0,0,0,0),(1,46,191,'MyArea',0,0,0,0,0,0,0),(1,46,198,'MyArea',1,0,0,0,0,0,0),(1,46,211,'MyArea',2,0,0,0,0,0,0),(1,46,219,'MyArea : 42',0,0,0,0,0,0,0),(1,46,228,'MyArea : 45',0,0,0,0,0,0,0),(1,46,229,'Faq',0,1,0,0,0,0,0),(1,47,51,'Main',0,0,0,0,0,0,0),(1,47,52,'Main',1,0,0,0,0,0,0),(1,47,53,'Main : 4',0,0,0,0,0,0,0),(1,47,54,'Main : 3',0,0,0,0,0,0,0),(1,47,55,'Main : 5',0,0,0,0,0,0,0),(1,47,56,'Main',2,0,0,0,0,0,0),(1,47,57,'Main',3,0,0,0,0,0,0),(1,47,58,'Main',4,0,0,0,0,0,0),(1,47,59,'Main',5,0,0,0,0,0,0),(1,47,60,'Main',6,0,0,0,0,0,0),(1,47,61,'Main : 6',0,0,0,0,0,0,0),(1,47,62,'Main : 7',0,0,0,0,0,0,0),(1,47,63,'Main',7,0,0,0,0,0,0),(1,47,64,'Main : 8',0,0,0,0,0,0,0),(1,47,65,'Main : 9',0,0,0,0,0,0,0),(1,47,66,'Main : 10',0,0,0,0,0,0,0),(1,47,67,'Page Footer',0,0,0,0,0,0,0),(1,47,191,'MyArea',0,0,0,0,0,0,0),(1,47,198,'MyArea',1,0,0,0,0,0,0),(1,47,211,'MyArea',2,0,0,0,0,0,0),(1,47,219,'MyArea : 42',0,0,0,0,0,0,0),(1,47,229,'Faq',0,0,0,0,0,0,0),(1,47,234,'MyArea : 45',0,1,0,0,0,0,0),(1,48,51,'Main',0,0,0,0,0,0,0),(1,48,52,'Main',1,0,0,0,0,0,0),(1,48,53,'Main : 4',0,0,0,0,0,0,0),(1,48,54,'Main : 3',0,0,0,0,0,0,0),(1,48,55,'Main : 5',0,0,0,0,0,0,0),(1,48,56,'Main',2,0,0,0,0,0,0),(1,48,57,'Main',3,0,0,0,0,0,0),(1,48,58,'Main',4,0,0,0,0,0,0),(1,48,59,'Main',5,0,0,0,0,0,0),(1,48,60,'Main',6,0,0,0,0,0,0),(1,48,61,'Main : 6',0,0,0,0,0,0,0),(1,48,62,'Main : 7',0,0,0,0,0,0,0),(1,48,63,'Main',7,0,0,0,0,0,0),(1,48,64,'Main : 8',0,0,0,0,0,0,0),(1,48,65,'Main : 9',0,0,0,0,0,0,0),(1,48,66,'Main : 10',0,0,0,0,0,0,0),(1,48,67,'Page Footer',0,0,0,0,0,0,0),(1,48,191,'MyArea',0,0,0,0,0,0,0),(1,48,198,'MyArea',1,0,0,0,0,0,0),(1,48,211,'MyArea',2,0,0,0,0,0,0),(1,48,219,'MyArea : 42',0,0,0,0,0,0,0),(1,48,229,'Faq',0,0,0,0,0,0,0),(1,48,234,'MyArea : 45',0,0,0,0,0,0,0),(1,49,51,'Main',0,0,0,0,0,0,0),(1,49,52,'Main',1,0,0,0,0,0,0),(1,49,53,'Main : 4',0,0,0,0,0,0,0),(1,49,54,'Main : 3',0,0,0,0,0,0,0),(1,49,55,'Main : 5',0,0,0,0,0,0,0),(1,49,56,'Main',2,0,0,0,0,0,0),(1,49,57,'Main',3,0,0,0,0,0,0),(1,49,58,'Main',4,0,0,0,0,0,0),(1,49,59,'Main',5,0,0,0,0,0,0),(1,49,60,'Main',6,0,0,0,0,0,0),(1,49,61,'Main : 6',0,0,0,0,0,0,0),(1,49,62,'Main : 7',0,0,0,0,0,0,0),(1,49,63,'Main',7,0,0,0,0,0,0),(1,49,64,'Main : 8',0,0,0,0,0,0,0),(1,49,65,'Main : 9',0,0,0,0,0,0,0),(1,49,66,'Main : 10',0,0,0,0,0,0,0),(1,49,67,'Page Footer',0,0,0,0,0,0,0),(1,49,191,'MyArea',0,0,0,0,0,0,0),(1,49,198,'MyArea',1,0,0,0,0,0,0),(1,49,211,'MyArea',2,0,0,0,0,0,0),(1,49,229,'Faq',0,0,0,0,0,0,0),(1,49,234,'MyArea : 45',0,0,0,0,0,0,0),(1,49,236,'MyArea : 42',0,1,0,0,0,0,0),(1,50,51,'Main',0,0,0,0,0,0,0),(1,50,52,'Main',1,0,0,0,0,0,0),(1,50,53,'Main : 4',0,0,0,0,0,0,0),(1,50,54,'Main : 3',0,0,0,0,0,0,0),(1,50,55,'Main : 5',0,0,0,0,0,0,0),(1,50,56,'Main',2,0,0,0,0,0,0),(1,50,57,'Main',3,0,0,0,0,0,0),(1,50,58,'Main',4,0,0,0,0,0,0),(1,50,59,'Main',5,0,0,0,0,0,0),(1,50,60,'Main',6,0,0,0,0,0,0),(1,50,61,'Main : 6',0,0,0,0,0,0,0),(1,50,62,'Main : 7',0,0,0,0,0,0,0),(1,50,63,'Main',7,0,0,0,0,0,0),(1,50,64,'Main : 8',0,0,0,0,0,0,0),(1,50,65,'Main : 9',0,0,0,0,0,0,0),(1,50,66,'Main : 10',0,0,0,0,0,0,0),(1,50,67,'Page Footer',0,0,0,0,0,0,0),(1,50,191,'MyArea',0,0,0,0,0,0,0),(1,50,198,'MyArea',1,0,0,0,0,0,0),(1,50,211,'MyArea',2,0,0,0,0,0,0),(1,50,229,'Faq',0,0,0,0,0,0,0),(1,50,234,'MyArea : 45',0,0,0,0,0,0,0),(1,50,237,'MyArea : 42',0,1,0,0,0,0,0),(1,51,51,'Main',0,0,0,0,0,0,0),(1,51,52,'Main',1,0,0,0,0,0,0),(1,51,53,'Main : 4',0,0,0,0,0,0,0),(1,51,54,'Main : 3',0,0,0,0,0,0,0),(1,51,55,'Main : 5',0,0,0,0,0,0,0),(1,51,56,'Main',2,0,0,0,0,0,0),(1,51,57,'Main',3,0,0,0,0,0,0),(1,51,58,'Main',4,0,0,0,0,0,0),(1,51,59,'Main',5,0,0,0,0,0,0),(1,51,60,'Main',6,0,0,0,0,0,0),(1,51,61,'Main : 6',0,0,0,0,0,0,0),(1,51,62,'Main : 7',0,0,0,0,0,0,0),(1,51,63,'Main',7,0,0,0,0,0,0),(1,51,64,'Main : 8',0,0,0,0,0,0,0),(1,51,65,'Main : 9',0,0,0,0,0,0,0),(1,51,66,'Main : 10',0,0,0,0,0,0,0),(1,51,67,'Page Footer',0,0,0,0,0,0,0),(1,51,191,'MyArea',0,0,0,0,0,0,0),(1,51,198,'MyArea',1,0,0,0,0,0,0),(1,51,211,'MyArea',2,0,0,0,0,0,0),(1,51,229,'Faq',0,0,0,0,0,0,0),(1,51,234,'MyArea : 45',0,0,0,0,0,0,0),(1,51,237,'MyArea : 42',0,0,0,0,0,0,0),(125,1,1,'Main',0,1,0,0,0,0,0),(126,1,2,'Primary',0,1,0,0,0,0,0),(126,1,3,'Primary',1,1,0,0,0,0,0),(126,1,4,'Secondary 1',0,1,0,0,0,0,0),(126,1,5,'Secondary 2',0,1,0,0,0,0,0),(126,1,6,'Secondary 3',0,1,0,0,0,0,0),(126,1,7,'Secondary 4',0,1,0,0,0,0,0),(126,1,8,'Secondary 5',0,1,0,0,0,0,0),(143,1,43,'Main',0,1,0,0,0,0,0),(144,1,44,'Main',0,1,0,0,0,0,0),(145,1,45,'Main',0,1,0,0,0,0,0),(146,1,46,'Main',0,1,0,0,0,0,0),(147,1,47,'Main',0,1,0,0,0,0,0),(148,1,48,'Main',0,1,0,0,1,0,0),(149,1,49,'Main',0,1,0,0,0,0,0),(150,1,50,'Main',0,1,0,0,0,0,0),(150,2,163,'Main',0,1,0,0,0,0,0),(150,3,164,'Main',0,1,0,0,0,0,0),(150,4,216,'Main',0,1,0,0,0,0,0),(152,1,68,'Main',0,1,0,0,0,0,0),(152,1,69,'Main',1,1,0,0,0,0,0),(152,1,70,'Main : 11',0,1,0,0,0,0,0),(152,1,71,'Main : 12',0,1,0,0,0,0,0),(152,1,72,'Main : 13',0,1,0,0,0,0,0),(152,1,73,'Main : 14',0,1,0,0,0,0,0),(152,1,74,'Main',2,1,0,0,0,0,0),(152,1,75,'Main',3,1,0,0,0,0,0),(152,1,76,'Main : 15',0,1,0,0,0,0,0),(152,1,77,'Main : 16',0,1,0,0,0,0,0),(152,1,78,'Page Footer',0,1,0,0,0,0,0),(152,1,79,'Page Footer',1,1,0,0,0,0,0),(152,1,80,'Page Footer : 17',0,1,0,0,0,0,0),(152,1,81,'Page Footer : 17',1,1,0,0,0,0,0),(152,1,82,'Page Footer : 18',0,1,0,0,0,0,0),(152,1,83,'Page Footer : 18',1,1,0,0,0,0,0),(152,2,68,'Main',0,0,0,0,0,0,0),(152,2,69,'Main',1,0,0,0,0,0,0),(152,2,70,'Main : 11',0,0,0,0,0,0,0),(152,2,71,'Main : 12',0,0,0,0,0,0,0),(152,2,72,'Main : 13',0,0,0,0,0,0,0),(152,2,73,'Main : 14',0,0,0,0,0,0,0),(152,2,74,'Main',2,0,0,0,0,0,0),(152,2,75,'Main',3,0,0,0,0,0,0),(152,2,76,'Main : 15',0,0,0,0,0,0,0),(152,2,77,'Main : 16',0,0,0,0,0,0,0),(152,2,78,'Page Footer',0,0,0,0,0,0,0),(152,2,79,'Page Footer',1,0,0,0,0,0,0),(152,2,80,'Page Footer : 17',0,0,0,0,0,0,0),(152,2,81,'Page Footer : 17',1,0,0,0,0,0,0),(152,2,82,'Page Footer : 18',0,0,0,0,0,0,0),(152,2,83,'Page Footer : 18',1,0,0,0,0,0,0),(152,3,68,'Main',0,0,0,0,0,0,0),(152,3,69,'Main',1,0,0,0,0,0,0),(152,3,70,'Main : 11',0,0,0,0,0,0,0),(152,3,71,'Main : 12',0,0,0,0,0,0,0),(152,3,72,'Main : 13',0,0,0,0,0,0,0),(152,3,73,'Main : 14',0,0,0,0,0,0,0),(152,3,74,'Main',2,0,0,0,0,0,0),(152,3,75,'Main',3,0,0,0,0,0,0),(152,3,76,'Main : 15',0,0,0,0,0,0,0),(152,3,77,'Main : 16',0,0,0,0,0,0,0),(152,3,78,'Page Footer',0,0,0,0,0,0,0),(152,3,79,'Page Footer',1,0,0,0,0,0,0),(152,3,80,'Page Footer : 17',0,0,0,0,0,0,0),(152,3,81,'Page Footer : 17',1,0,0,0,0,0,0),(152,3,82,'Page Footer : 18',0,0,0,0,0,0,0),(152,3,83,'Page Footer : 18',1,0,0,0,0,0,0),(152,3,165,'MyArea',0,1,0,0,0,0,0),(152,4,68,'Main',0,0,0,0,0,0,0),(152,4,69,'Main',1,0,0,0,0,0,0),(152,4,70,'Main : 11',0,0,0,0,0,0,0),(152,4,71,'Main : 12',0,0,0,0,0,0,0),(152,4,72,'Main : 13',0,0,0,0,0,0,0),(152,4,73,'Main : 14',0,0,0,0,0,0,0),(152,4,74,'Main',2,0,0,0,0,0,0),(152,4,75,'Main',3,0,0,0,0,0,0),(152,4,76,'Main : 15',0,0,0,0,0,0,0),(152,4,77,'Main : 16',0,0,0,0,0,0,0),(152,4,78,'Page Footer',0,0,0,0,0,0,0),(152,4,79,'Page Footer',1,0,0,0,0,0,0),(152,4,80,'Page Footer : 17',0,0,0,0,0,0,0),(152,4,81,'Page Footer : 17',1,0,0,0,0,0,0),(152,4,82,'Page Footer : 18',0,0,0,0,0,0,0),(152,4,83,'Page Footer : 18',1,0,0,0,0,0,0),(152,4,166,'MyArea',0,1,0,0,0,0,0),(152,5,68,'Main',0,0,0,0,0,0,0),(152,5,69,'Main',1,0,0,0,0,0,0),(152,5,70,'Main : 11',0,0,0,0,0,0,0),(152,5,71,'Main : 12',0,0,0,0,0,0,0),(152,5,72,'Main : 13',0,0,0,0,0,0,0),(152,5,73,'Main : 14',0,0,0,0,0,0,0),(152,5,74,'Main',2,0,0,0,0,0,0),(152,5,75,'Main',3,0,0,0,0,0,0),(152,5,76,'Main : 15',0,0,0,0,0,0,0),(152,5,77,'Main : 16',0,0,0,0,0,0,0),(152,5,78,'Page Footer',0,0,0,0,0,0,0),(152,5,79,'Page Footer',1,0,0,0,0,0,0),(152,5,80,'Page Footer : 17',0,0,0,0,0,0,0),(152,5,81,'Page Footer : 17',1,0,0,0,0,0,0),(152,5,82,'Page Footer : 18',0,0,0,0,0,0,0),(152,5,83,'Page Footer : 18',1,0,0,0,0,0,0),(152,5,166,'MyArea',1,0,0,0,0,0,0),(152,5,167,'MyArea',0,1,0,0,0,0,0),(153,1,40,'Main',0,1,0,0,0,0,0),(153,1,41,'Main',1,1,0,0,0,0,0),(153,1,42,'Main',2,1,0,0,0,0,0),(154,1,40,'Main',0,0,0,0,0,0,0),(154,1,41,'Main',1,0,0,0,0,0,0),(154,1,42,'Main',2,0,0,0,0,0,0),(155,1,96,'Main',0,1,0,0,0,0,0),(155,1,97,'Main',1,1,0,0,0,0,0),(155,1,98,'Main : 19',0,1,0,0,0,0,0),(155,1,99,'Main : 20',0,1,0,0,0,0,0),(155,1,100,'Main',2,1,0,0,0,0,0),(155,1,101,'Main',3,1,0,0,0,0,0),(155,1,102,'Main : 21',0,1,0,0,0,0,0),(155,1,103,'Main : 21',1,1,0,0,0,0,0),(155,1,104,'Main : 22',0,1,0,0,0,0,0),(155,1,105,'Main : 22',1,1,0,0,0,0,0),(155,1,106,'Main : 23',0,1,0,0,0,0,0),(155,1,107,'Main : 23',1,1,0,0,0,0,0),(155,1,108,'Main',4,1,0,0,0,0,0),(155,1,109,'Main',5,1,0,0,0,0,0),(155,1,110,'Main : 24',0,1,0,0,0,0,0),(155,1,111,'Main : 25',0,1,0,0,0,0,0),(156,1,35,'Main',0,1,0,0,0,0,0),(156,1,36,'Main',1,1,0,0,0,0,0),(156,1,37,'Main : 1',0,1,0,0,0,0,0),(156,1,38,'Main : 2',0,1,0,0,0,0,0),(156,1,39,'Main : 2',1,1,0,0,0,0,0),(157,1,35,'Main',0,0,0,0,0,0,0),(157,1,36,'Main',1,0,0,0,0,0,0),(157,1,37,'Main : 1',0,0,0,0,0,0,0),(157,1,38,'Main : 2',0,0,0,0,0,0,0),(157,1,39,'Main : 2',1,0,0,0,0,0,0),(157,2,35,'Main',0,0,0,0,0,0,0),(157,2,36,'Main',1,0,0,0,0,0,0),(157,2,37,'Main : 1',0,0,0,0,0,0,0),(157,2,38,'Main : 2',0,0,0,0,0,0,0),(157,2,39,'Main : 2',1,0,0,0,0,0,0),(157,2,231,'Welcome',0,1,0,0,0,0,0),(157,3,35,'Main',0,0,0,0,0,0,0),(157,3,36,'Main',1,0,0,0,0,0,0),(157,3,37,'Main : 1',0,0,0,0,0,0,0),(157,3,38,'Main : 2',0,0,0,0,0,0,0),(157,3,39,'Main : 2',1,0,0,0,0,0,0),(157,3,232,'Welcome',0,1,0,0,0,0,0),(158,1,118,'Main',0,1,0,0,0,0,0),(159,1,119,'Main',0,1,0,0,0,0,0),(159,1,120,'Main',1,1,0,0,0,0,0),(159,1,121,'Main : 26',0,1,0,0,0,0,0),(159,1,122,'Main : 27',0,1,0,0,0,0,0),(159,1,123,'Main',2,1,0,0,0,0,0),(159,1,124,'Main',3,1,0,0,0,0,0),(159,1,125,'Main : 28',0,1,0,0,0,0,0),(159,1,126,'Main : 29',0,1,0,0,0,0,0),(159,1,127,'Main : 30',0,1,0,0,0,0,0),(159,1,128,'Main : 30',1,1,0,0,0,0,0),(160,1,129,'Main',0,1,0,0,0,0,0),(161,1,27,'Page Header',0,1,0,0,0,0,0),(161,1,28,'Page Header',1,1,0,0,0,0,0),(161,1,29,'Sidebar',0,1,0,0,0,0,0),(161,1,30,'Sidebar',1,1,0,0,0,0,0),(161,1,31,'Sidebar',2,1,0,0,0,0,0),(161,1,32,'Main',0,1,0,0,0,0,0),(161,1,33,'Page Footer',0,1,0,0,0,0,0),(161,1,34,'Page Footer',1,1,0,0,0,0,0),(162,1,27,'Page Header',0,0,0,0,0,0,0),(162,1,29,'Sidebar',0,0,0,0,0,0,0),(162,1,30,'Sidebar',1,0,0,0,0,0,0),(162,1,31,'Sidebar',2,0,0,0,0,0,0),(162,1,33,'Page Footer',0,0,0,0,0,0,0),(162,1,34,'Page Footer',1,0,0,0,0,0,0),(162,1,84,'Page Header',1,1,0,0,0,0,0),(162,1,85,'Main',0,1,0,0,0,0,0),(163,1,27,'Page Header',0,0,0,0,0,0,0),(163,1,29,'Sidebar',0,0,0,0,0,0,0),(163,1,30,'Sidebar',1,0,0,0,0,0,0),(163,1,31,'Sidebar',2,0,0,0,0,0,0),(163,1,33,'Page Footer',0,0,0,0,0,0,0),(163,1,34,'Page Footer',1,0,0,0,0,0,0),(163,1,86,'Page Header',1,1,0,0,0,0,0),(163,1,87,'Main',0,1,0,0,0,0,0),(164,1,27,'Page Header',0,0,0,0,0,0,0),(164,1,29,'Sidebar',0,0,0,0,0,0,0),(164,1,30,'Sidebar',1,0,0,0,0,0,0),(164,1,31,'Sidebar',2,0,0,0,0,0,0),(164,1,33,'Page Footer',0,0,0,0,0,0,0),(164,1,34,'Page Footer',1,0,0,0,0,0,0),(164,1,88,'Page Header',1,1,0,0,0,0,0),(164,1,89,'Main',0,1,0,0,0,0,0),(165,1,27,'Page Header',0,0,0,0,0,0,0),(165,1,29,'Sidebar',0,0,0,0,0,0,0),(165,1,30,'Sidebar',1,0,0,0,0,0,0),(165,1,31,'Sidebar',2,0,0,0,0,0,0),(165,1,33,'Page Footer',0,0,0,0,0,0,0),(165,1,34,'Page Footer',1,0,0,0,0,0,0),(165,1,90,'Page Header',1,1,0,0,0,0,0),(165,1,91,'Main',0,1,0,0,0,0,0),(166,1,27,'Page Header',0,0,0,0,0,0,0),(166,1,29,'Sidebar',0,0,0,0,0,0,0),(166,1,30,'Sidebar',1,0,0,0,0,0,0),(166,1,31,'Sidebar',2,0,0,0,0,0,0),(166,1,33,'Page Footer',0,0,0,0,0,0,0),(166,1,34,'Page Footer',1,0,0,0,0,0,0),(166,1,92,'Page Header',1,1,0,0,0,0,0),(166,1,93,'Main',0,1,0,0,0,0,0),(167,1,27,'Page Header',0,0,0,0,0,0,0),(167,1,29,'Sidebar',0,0,0,0,0,0,0),(167,1,30,'Sidebar',1,0,0,0,0,0,0),(167,1,31,'Sidebar',2,0,0,0,0,0,0),(167,1,33,'Page Footer',0,0,0,0,0,0,0),(167,1,34,'Page Footer',1,0,0,0,0,0,0),(167,1,94,'Page Header',1,1,0,0,0,0,0),(167,1,95,'Main',0,1,0,0,0,0,0),(168,1,9,'Main',0,1,0,0,0,0,0),(168,1,10,'Main',1,1,0,0,0,0,0),(168,1,11,'Sidebar',0,1,0,0,0,0,0),(168,1,12,'Sidebar',1,1,0,0,0,0,0),(168,1,13,'Sidebar',2,1,0,0,0,0,0),(168,1,14,'Sidebar',3,1,0,0,0,0,0),(168,1,15,'Page Footer',0,1,0,0,0,0,0),(168,1,16,'Page Footer',1,1,0,0,0,0,0),(169,1,9,'Main',0,0,0,0,0,0,0),(169,1,11,'Sidebar',0,0,0,0,0,0,0),(169,1,12,'Sidebar',1,0,0,0,0,0,0),(169,1,13,'Sidebar',2,0,0,0,0,0,0),(169,1,14,'Sidebar',3,0,0,0,0,0,0),(169,1,15,'Page Footer',0,0,0,0,0,0,0),(169,1,112,'Page Footer',1,1,0,0,0,0,0),(169,1,113,'Main',1,1,0,0,0,0,0),(170,1,9,'Main',0,0,0,0,0,0,0),(170,1,11,'Sidebar',0,0,0,0,0,0,0),(170,1,12,'Sidebar',1,0,0,0,0,0,0),(170,1,13,'Sidebar',2,0,0,0,0,0,0),(170,1,14,'Sidebar',3,0,0,0,0,0,0),(170,1,15,'Page Footer',0,0,0,0,0,0,0),(170,1,114,'Page Footer',1,1,0,0,0,0,0),(170,1,115,'Main',1,1,0,0,0,0,0),(171,1,9,'Main',0,0,0,0,0,0,0),(171,1,11,'Sidebar',0,0,0,0,0,0,0),(171,1,12,'Sidebar',1,0,0,0,0,0,0),(171,1,13,'Sidebar',2,0,0,0,0,0,0),(171,1,14,'Sidebar',3,0,0,0,0,0,0),(171,1,15,'Page Footer',0,0,0,0,0,0,0),(171,1,116,'Page Footer',1,1,0,0,0,0,0),(171,1,117,'Main',1,1,0,0,0,0,0),(172,1,130,'Main',0,1,0,0,0,0,0),(172,1,131,'Main',1,1,0,0,0,0,0),(172,1,132,'Main : 31',0,1,0,0,0,0,0),(172,1,133,'Main : 32',0,1,0,0,0,0,0),(172,1,134,'Main : 32',1,1,0,0,0,0,0),(172,1,135,'Main',2,1,0,0,0,0,0),(172,1,136,'Main',3,1,0,0,0,0,0),(172,1,137,'Main : 33',0,1,0,0,0,0,0),(172,1,138,'Main : 34',0,1,0,0,0,0,0),(172,1,139,'Main : 34',1,1,0,0,0,0,0),(172,1,140,'Main : 34',2,1,0,0,0,0,0),(172,1,141,'Main',4,1,0,0,0,0,0),(172,1,142,'Main',5,1,0,0,0,0,0),(172,1,143,'Main : 35',0,1,0,0,0,0,0),(172,1,144,'Main : 36',0,1,0,0,0,0,0),(173,1,145,'Main',0,1,0,0,0,0,0),(173,1,146,'Main',1,1,0,0,0,0,0),(173,1,147,'Main',2,1,0,0,0,0,0),(173,1,148,'Main',3,1,0,0,0,0,0),(173,1,149,'Main : 37',0,1,0,0,0,0,0),(173,1,150,'Main : 37',1,1,0,0,0,0,0),(173,1,151,'Main : 38',0,1,0,0,0,0,0),(173,1,152,'Main : 38',1,1,0,0,0,0,0),(173,1,153,'Main : 39',0,1,0,0,0,0,0),(173,1,154,'Main : 39',1,1,0,0,0,0,0),(173,1,155,'Main',4,1,0,0,0,0,0),(173,1,156,'Main',5,1,0,0,0,0,0),(173,1,157,'Main : 40',0,1,0,0,0,0,0),(173,1,158,'Main : 41',0,1,0,0,0,0,0),(174,1,161,'Main',0,1,0,0,0,0,0),(174,1,162,'Main',1,1,0,0,0,0,0),(174,2,161,'Main',0,0,0,0,0,0,0),(174,2,162,'Main',1,0,0,0,0,0,0),(174,2,210,'MyArea',0,1,0,0,0,0,0),(174,3,161,'Main',0,0,0,0,0,0,0),(174,3,162,'Main',1,0,0,0,0,0,0),(174,3,210,'MyArea',0,0,0,0,0,0,0),(174,4,161,'Main',0,0,0,0,0,0,0),(174,4,162,'Main',1,0,0,0,0,0,0),(174,4,210,'MyArea',0,0,0,0,0,0,0),(174,5,161,'Main',0,0,0,0,0,0,0),(174,5,162,'Main',1,0,0,0,0,0,0),(174,5,215,'MyArea',1,1,0,0,0,0,0),(175,1,17,'Page Header',0,1,0,0,0,0,0),(175,1,18,'Sidebar',0,1,0,0,0,0,0),(175,1,19,'Main',0,1,0,0,0,0,0),(175,1,20,'Main',1,1,0,0,0,0,0),(175,1,21,'Main',2,1,0,0,0,0,0),(175,1,22,'Main',3,1,0,0,0,0,0),(175,1,23,'Main',4,1,0,0,0,0,0),(175,1,24,'Main',5,1,0,0,0,0,0),(175,1,25,'Main',6,1,0,0,0,0,0),(175,1,26,'Main',7,1,0,0,0,0,0),(176,1,17,'Page Header',0,0,0,0,0,0,0),(176,1,18,'Sidebar',0,0,0,0,0,0,0),(176,1,19,'Main',0,0,0,0,0,0,0),(176,1,20,'Main',1,0,0,0,0,0,0),(176,1,21,'Main',2,0,0,0,0,0,0),(176,1,22,'Main',3,0,0,0,0,0,0),(176,1,23,'Main',4,0,0,0,0,0,0),(176,1,24,'Main',5,0,0,0,0,0,0),(176,1,26,'Main',7,0,0,0,0,0,0),(176,1,159,'Main',6,1,0,0,0,0,0),(177,1,17,'Page Header',0,0,0,0,0,0,0),(177,1,18,'Sidebar',0,0,0,0,0,0,0),(177,1,19,'Main',0,0,0,0,0,0,0),(177,1,20,'Main',1,0,0,0,0,0,0),(177,1,21,'Main',2,0,0,0,0,0,0),(177,1,22,'Main',3,0,0,0,0,0,0),(177,1,23,'Main',4,0,0,0,0,0,0),(177,1,24,'Main',5,0,0,0,0,0,0),(177,1,26,'Main',7,0,0,0,0,0,0),(177,1,160,'Main',6,1,0,0,0,0,0),(181,2,184,'MyArea',0,0,0,0,0,0,0),(181,3,185,'MyArea',0,1,0,0,0,0,0),(181,4,185,'MyArea',0,0,0,0,0,0,0),(181,5,185,'MyArea',0,0,0,0,0,0,0),(181,6,185,'MyArea',0,0,0,0,0,0,0),(181,7,185,'MyArea',0,0,0,0,0,0,0),(181,8,185,'MyArea',1,0,0,0,0,0,0),(181,8,187,'MyArea',0,1,0,0,0,0,0),(181,9,185,'MyArea',2,0,0,0,0,0,0),(181,9,188,'MyArea',0,1,0,0,0,0,0),(181,10,185,'MyArea',1,0,0,0,0,0,0),(181,10,190,'MyArea',0,1,0,0,0,0,0),(182,1,17,'Page Header',0,0,0,0,0,0,0),(182,1,18,'Sidebar',0,0,0,0,0,0,0),(182,1,19,'Main',0,0,0,0,0,0,0),(182,1,20,'Main',1,0,0,0,0,0,0),(182,1,21,'Main',2,0,0,0,0,0,0),(182,1,22,'Main',3,0,0,0,0,0,0),(182,1,23,'Main',4,0,0,0,0,0,0),(182,1,24,'Main',5,0,0,0,0,0,0),(182,1,26,'Main',7,0,0,0,0,0,0),(182,1,206,'Main',6,1,0,0,0,0,0),(183,1,17,'Page Header',0,0,0,0,0,0,0),(183,1,18,'Sidebar',0,0,0,0,0,0,0),(183,1,19,'Main',0,0,0,0,0,0,0),(183,1,20,'Main',1,0,0,0,0,0,0),(183,1,21,'Main',2,0,0,0,0,0,0),(183,1,22,'Main',3,0,0,0,0,0,0),(183,1,23,'Main',4,0,0,0,0,0,0),(183,1,24,'Main',5,0,0,0,0,0,0),(183,1,26,'Main',7,0,0,0,0,0,0),(183,1,208,'Main',6,1,0,0,0,0,0),(183,2,17,'Page Header',0,0,0,0,0,0,0),(183,2,18,'Sidebar',0,0,0,0,0,0,0),(183,2,19,'Main',0,0,0,0,0,0,0),(183,2,20,'Main',1,0,0,0,0,0,0),(183,2,21,'Main',2,0,0,0,0,0,0),(183,2,22,'Main',3,0,0,0,0,0,0),(183,2,23,'Main',4,0,0,0,0,0,0),(183,2,24,'Main',5,0,0,0,0,0,0),(183,2,26,'Main',7,0,0,0,0,0,0),(183,2,208,'Main',6,0,0,0,0,0,0),(184,2,209,'MyArea',0,1,0,0,0,0,0),(184,3,209,'MyArea',0,0,0,0,0,0,0),(184,3,235,'MyArea',1,1,0,0,0,0,0),(186,2,223,'MyArea',0,1,0,0,0,0,0),(186,3,226,'MyArea',0,1,0,0,0,0,0),(186,4,227,'MyArea',0,1,0,0,0,0,0),(186,5,233,'MyArea',0,1,0,0,0,0,0),(186,6,233,'MyArea',0,0,0,0,0,0,0),(186,7,233,'MyArea',0,0,0,0,0,0,0),(195,2,238,'Welcome',0,1,0,0,0,0,0);
/*!40000 ALTER TABLE `CollectionVersionBlocks` ENABLE KEYS */;
UNLOCK TABLES;

--
-- Table structure for table `CollectionVersionBlocksCacheSettings`
--

DROP TABLE IF EXISTS `CollectionVersionBlocksCacheSettings`;
/*!40101 SET @saved_cs_client     = @@character_set_client */;
/*!40101 SET character_set_client = utf8 */;
CREATE TABLE `CollectionVersionBlocksCacheSettings` (
  `cID` int(10) unsigned NOT NULL DEFAULT '0',
  `cvID` int(10) unsigned NOT NULL DEFAULT '1',
  `bID` int(10) unsigned NOT NULL DEFAULT '0',
  `arHandle` varchar(255) COLLATE utf8_unicode_ci NOT NULL,
  `btCacheBlockOutput` tinyint(1) NOT NULL DEFAULT '0',
  `btCacheBlockOutputOnPost` tinyint(1) NOT NULL DEFAULT '0',
  `btCacheBlockOutputForRegisteredUsers` tinyint(1) NOT NULL DEFAULT '0',
  `btCacheBlockOutputLifetime` int(10) unsigned NOT NULL DEFAULT '0',
  PRIMARY KEY (`cID`,`cvID`,`bID`,`arHandle`),
  KEY `bID` (`bID`,`cID`,`cvID`,`arHandle`)
) ENGINE=InnoDB DEFAULT CHARSET=utf8 COLLATE=utf8_unicode_ci;
/*!40101 SET character_set_client = @saved_cs_client */;

--
-- Dumping data for table `CollectionVersionBlocksCacheSettings`
--

LOCK TABLES `CollectionVersionBlocksCacheSettings` WRITE;
/*!40000 ALTER TABLE `CollectionVersionBlocksCacheSettings` DISABLE KEYS */;
INSERT INTO `CollectionVersionBlocksCacheSettings` VALUES (148,1,48,'Main',1,1,1,3600);
/*!40000 ALTER TABLE `CollectionVersionBlocksCacheSettings` ENABLE KEYS */;
UNLOCK TABLES;

--
-- Table structure for table `CollectionVersionBlocksOutputCache`
--

DROP TABLE IF EXISTS `CollectionVersionBlocksOutputCache`;
/*!40101 SET @saved_cs_client     = @@character_set_client */;
/*!40101 SET character_set_client = utf8 */;
CREATE TABLE `CollectionVersionBlocksOutputCache` (
  `cID` int(10) unsigned NOT NULL DEFAULT '0',
  `cvID` int(10) unsigned NOT NULL DEFAULT '1',
  `bID` int(10) unsigned NOT NULL DEFAULT '0',
  `arHandle` varchar(255) COLLATE utf8_unicode_ci NOT NULL,
  `btCachedBlockOutput` longtext COLLATE utf8_unicode_ci,
  `btCachedBlockOutputExpires` int(10) unsigned NOT NULL DEFAULT '0',
  PRIMARY KEY (`cID`,`cvID`,`bID`,`arHandle`),
  KEY `bID` (`bID`,`cID`,`cvID`,`arHandle`)
) ENGINE=InnoDB DEFAULT CHARSET=utf8 COLLATE=utf8_unicode_ci;
/*!40101 SET character_set_client = @saved_cs_client */;

--
-- Dumping data for table `CollectionVersionBlocksOutputCache`
--

LOCK TABLES `CollectionVersionBlocksOutputCache` WRITE;
/*!40000 ALTER TABLE `CollectionVersionBlocksOutputCache` DISABLE KEYS */;
/*!40000 ALTER TABLE `CollectionVersionBlocksOutputCache` ENABLE KEYS */;
UNLOCK TABLES;

--
-- Table structure for table `CollectionVersionFeatureAssignments`
--

DROP TABLE IF EXISTS `CollectionVersionFeatureAssignments`;
/*!40101 SET @saved_cs_client     = @@character_set_client */;
/*!40101 SET character_set_client = utf8 */;
CREATE TABLE `CollectionVersionFeatureAssignments` (
  `cID` int(10) unsigned NOT NULL DEFAULT '0',
  `cvID` int(10) unsigned NOT NULL DEFAULT '1',
  `faID` int(10) unsigned NOT NULL DEFAULT '0',
  PRIMARY KEY (`cID`,`cvID`,`faID`),
  KEY `faID` (`faID`)
) ENGINE=InnoDB DEFAULT CHARSET=utf8 COLLATE=utf8_unicode_ci;
/*!40101 SET character_set_client = @saved_cs_client */;

--
-- Dumping data for table `CollectionVersionFeatureAssignments`
--

LOCK TABLES `CollectionVersionFeatureAssignments` WRITE;
/*!40000 ALTER TABLE `CollectionVersionFeatureAssignments` DISABLE KEYS */;
INSERT INTO `CollectionVersionFeatureAssignments` VALUES (168,1,1),(155,1,2),(169,1,3),(170,1,4),(171,1,5),(159,1,6),(172,1,7),(172,1,8),(172,1,9),(173,1,10);
/*!40000 ALTER TABLE `CollectionVersionFeatureAssignments` ENABLE KEYS */;
UNLOCK TABLES;

--
-- Table structure for table `CollectionVersionRelatedEdits`
--

DROP TABLE IF EXISTS `CollectionVersionRelatedEdits`;
/*!40101 SET @saved_cs_client     = @@character_set_client */;
/*!40101 SET character_set_client = utf8 */;
CREATE TABLE `CollectionVersionRelatedEdits` (
  `cID` int(10) unsigned NOT NULL DEFAULT '0',
  `cvID` int(10) unsigned NOT NULL DEFAULT '0',
  `cRelationID` int(10) unsigned NOT NULL DEFAULT '0',
  `cvRelationID` int(10) unsigned NOT NULL DEFAULT '0',
  PRIMARY KEY (`cID`,`cvID`,`cRelationID`,`cvRelationID`)
) ENGINE=InnoDB DEFAULT CHARSET=utf8 COLLATE=utf8_unicode_ci;
/*!40101 SET character_set_client = @saved_cs_client */;

--
-- Dumping data for table `CollectionVersionRelatedEdits`
--

LOCK TABLES `CollectionVersionRelatedEdits` WRITE;
/*!40000 ALTER TABLE `CollectionVersionRelatedEdits` DISABLE KEYS */;
/*!40000 ALTER TABLE `CollectionVersionRelatedEdits` ENABLE KEYS */;
UNLOCK TABLES;

--
-- Table structure for table `CollectionVersionThemeCustomStyles`
--

DROP TABLE IF EXISTS `CollectionVersionThemeCustomStyles`;
/*!40101 SET @saved_cs_client     = @@character_set_client */;
/*!40101 SET character_set_client = utf8 */;
CREATE TABLE `CollectionVersionThemeCustomStyles` (
  `cID` int(10) unsigned NOT NULL DEFAULT '0',
  `cvID` int(10) unsigned NOT NULL DEFAULT '1',
  `pThemeID` int(10) unsigned NOT NULL DEFAULT '0',
  `scvlID` int(10) unsigned DEFAULT '0',
  `preset` varchar(255) COLLATE utf8_unicode_ci DEFAULT NULL,
  `sccRecordID` int(10) unsigned DEFAULT '0',
  PRIMARY KEY (`cID`,`cvID`,`pThemeID`),
  KEY `pThemeID` (`pThemeID`),
  KEY `scvlID` (`scvlID`),
  KEY `sccRecordID` (`sccRecordID`)
) ENGINE=InnoDB DEFAULT CHARSET=utf8 COLLATE=utf8_unicode_ci;
/*!40101 SET character_set_client = @saved_cs_client */;

--
-- Dumping data for table `CollectionVersionThemeCustomStyles`
--

LOCK TABLES `CollectionVersionThemeCustomStyles` WRITE;
/*!40000 ALTER TABLE `CollectionVersionThemeCustomStyles` DISABLE KEYS */;
/*!40000 ALTER TABLE `CollectionVersionThemeCustomStyles` ENABLE KEYS */;
UNLOCK TABLES;

--
-- Table structure for table `CollectionVersions`
--

DROP TABLE IF EXISTS `CollectionVersions`;
/*!40101 SET @saved_cs_client     = @@character_set_client */;
/*!40101 SET character_set_client = utf8 */;
CREATE TABLE `CollectionVersions` (
  `cID` int(10) unsigned NOT NULL DEFAULT '0',
  `cvID` int(10) unsigned NOT NULL DEFAULT '1',
  `cvName` text COLLATE utf8_unicode_ci,
  `cvHandle` varchar(255) COLLATE utf8_unicode_ci DEFAULT NULL,
  `cvDescription` text COLLATE utf8_unicode_ci,
  `cvDatePublic` datetime DEFAULT NULL,
  `cvDateCreated` datetime NOT NULL DEFAULT '0000-00-00 00:00:00',
  `cvComments` varchar(255) COLLATE utf8_unicode_ci DEFAULT NULL,
  `cvIsApproved` tinyint(1) NOT NULL DEFAULT '0',
  `cvIsNew` tinyint(1) NOT NULL DEFAULT '0',
  `cvAuthorUID` int(10) unsigned DEFAULT NULL,
  `cvApproverUID` int(10) unsigned DEFAULT NULL,
  `pThemeID` int(10) unsigned NOT NULL DEFAULT '0',
  `pTemplateID` int(10) unsigned NOT NULL DEFAULT '0',
  `cvActivateDatetime` datetime DEFAULT NULL,
  PRIMARY KEY (`cID`,`cvID`),
  KEY `cvIsApproved` (`cvIsApproved`),
  KEY `cvAuthorUID` (`cvAuthorUID`),
  KEY `cvApproverUID` (`cvApproverUID`),
  KEY `pThemeID` (`pThemeID`),
  KEY `pTemplateID` (`pTemplateID`)
) ENGINE=InnoDB DEFAULT CHARSET=utf8 COLLATE=utf8_unicode_ci;
/*!40101 SET character_set_client = @saved_cs_client */;

--
-- Dumping data for table `CollectionVersions`
--

LOCK TABLES `CollectionVersions` WRITE;
/*!40000 ALTER TABLE `CollectionVersions` DISABLE KEYS */;
INSERT INTO `CollectionVersions` VALUES (1,41,'Home','home','','2015-03-02 22:20:00','2015-04-30 18:03:21','Jeanne',0,0,1,1,3,6,NULL),(1,42,'Home','home','','2015-03-02 22:20:00','2015-04-30 18:16:14','Ajout Fd Jeanne',0,0,1,1,3,6,NULL),(1,43,'Home','home','','2015-03-02 22:20:00','2015-04-30 18:45:23','Jeanne encart\n',0,0,1,1,3,6,NULL),(1,44,'Home','home','','2015-03-02 22:20:00','2015-04-30 18:57:44','Version 44',0,0,1,1,3,6,NULL),(1,45,'Home','home','','2015-03-02 22:20:00','2015-04-30 19:38:08','Version 45',0,0,1,1,3,6,NULL),(1,46,'Home','home','','2015-03-02 22:20:00','2015-04-30 20:19:19','faq',0,0,1,1,3,6,NULL),(1,47,'Home','home','','2015-03-02 22:20:00','2015-05-01 14:46:38','ok',0,0,1,1,3,6,NULL),(1,48,'Home','home','','2015-03-02 22:20:00','2015-06-19 12:52:05','Nouvelle version 48',0,0,1,1,3,6,NULL),(1,49,'Home','home','','2015-03-02 22:20:00','2015-06-22 16:07:50','nex ,num aa',0,0,1,1,3,6,NULL),(1,50,'Home','home','','2015-03-02 22:20:00','2015-06-22 16:11:18','New Num Aa',0,0,1,1,3,6,NULL),(1,51,'Home','home','','2015-03-02 22:20:00','2015-08-08 11:15:30','Nouvelle version 51',1,0,1,1,3,6,NULL),(2,1,'Dashboard','dashboard','','2015-03-02 22:21:03','2015-03-02 22:21:03','Initial Version',1,0,1,NULL,3,0,NULL),(3,1,'Sitemap','sitemap','Whole world at a glance.','2015-03-02 22:21:04','2015-03-02 22:21:04','Initial Version',1,0,1,NULL,3,0,NULL),(4,1,'Full Sitemap','full','','2015-03-02 22:21:04','2015-03-02 22:21:04','Initial Version',1,0,1,NULL,3,0,NULL),(5,1,'Flat View','explore','','2015-03-02 22:21:04','2015-03-02 22:21:04','Initial Version',1,0,1,NULL,3,0,NULL),(6,1,'Page Search','search','','2015-03-02 22:21:04','2015-03-02 22:21:04','Initial Version',1,0,1,NULL,3,0,NULL),(7,1,'Files','files','All documents and images.','2015-03-02 22:21:04','2015-03-02 22:21:04','Initial Version',1,0,1,NULL,3,0,NULL),(8,1,'File Manager','search','','2015-03-02 22:21:04','2015-03-02 22:21:04','Initial Version',1,0,1,NULL,3,0,NULL),(9,1,'Attributes','attributes','','2015-03-02 22:21:04','2015-03-02 22:21:04','Initial Version',1,0,1,NULL,3,0,NULL),(10,1,'File Sets','sets','','2015-03-02 22:21:04','2015-03-02 22:21:04','Initial Version',1,0,1,NULL,3,0,NULL),(11,1,'Add File Set','add_set','','2015-03-02 22:21:04','2015-03-02 22:21:04','Initial Version',1,0,1,NULL,3,0,NULL),(12,1,'Members','users','Add and manage the user accounts and groups on your website.','2015-03-02 22:21:04','2015-03-02 22:21:04','Initial Version',1,0,1,NULL,3,0,NULL),(13,1,'Search Users','search','','2015-03-02 22:21:04','2015-03-02 22:21:04','Initial Version',1,0,1,NULL,3,0,NULL),(14,1,'User Groups','groups','','2015-03-02 22:21:04','2015-03-02 22:21:04','Initial Version',1,0,1,NULL,3,0,NULL),(15,1,'Attributes','attributes','','2015-03-02 22:21:04','2015-03-02 22:21:04','Initial Version',1,0,1,NULL,3,0,NULL),(16,1,'Add User','add','','2015-03-02 22:21:04','2015-03-02 22:21:04','Initial Version',1,0,1,NULL,3,0,NULL),(17,1,'Add Group','add_group','','2015-03-02 22:21:05','2015-03-02 22:21:05','Initial Version',1,0,1,NULL,3,0,NULL),(18,1,'Move Multiple Groups','bulkupdate','','2015-03-02 22:21:05','2015-03-02 22:21:05','Initial Version',1,0,1,NULL,3,0,NULL),(19,1,'Group Sets','group_sets','','2015-03-02 22:21:05','2015-03-02 22:21:05','Initial Version',1,0,1,NULL,3,0,NULL),(20,1,'Community Points','points',NULL,'2015-03-02 22:21:05','2015-03-02 22:21:05','Initial Version',1,0,1,NULL,3,0,NULL),(21,1,'Assign Points','assign',NULL,'2015-03-02 22:21:05','2015-03-02 22:21:05','Initial Version',1,0,1,NULL,3,0,NULL),(22,1,'Actions','actions',NULL,'2015-03-02 22:21:05','2015-03-02 22:21:05','Initial Version',1,0,1,NULL,3,0,NULL),(23,1,'Reports','reports','Get data from forms and logs.','2015-03-02 22:21:05','2015-03-02 22:21:05','Initial Version',1,0,1,NULL,3,0,NULL),(24,1,'Form Results','forms','Get submission data.','2015-03-02 22:21:05','2015-03-02 22:21:05','Initial Version',1,0,1,NULL,3,0,NULL),(25,1,'Surveys','surveys','','2015-03-02 22:21:05','2015-03-02 22:21:05','Initial Version',1,0,1,NULL,3,0,NULL),(26,1,'Logs','logs','','2015-03-02 22:21:05','2015-03-02 22:21:05','Initial Version',1,0,1,NULL,3,0,NULL),(27,1,'Pages & Themes','pages','Reskin your site.','2015-03-02 22:21:05','2015-03-02 22:21:05','Initial Version',1,0,1,NULL,3,0,NULL),(28,1,'Themes','themes','Reskin your site.','2015-03-02 22:21:05','2015-03-02 22:21:05','Initial Version',1,0,1,NULL,3,0,NULL),(29,1,'Inspect','inspect','','2015-03-02 22:21:05','2015-03-02 22:21:05','Initial Version',1,0,1,NULL,3,0,NULL),(30,1,'Page Types','types','','2015-03-02 22:21:05','2015-03-02 22:21:05','Initial Version',1,0,1,NULL,3,0,NULL),(31,1,'Organize Page Type Order','organize','','2015-03-02 22:21:05','2015-03-02 22:21:05','Initial Version',1,0,1,NULL,3,0,NULL),(32,1,'Add Page Type','add','','2015-03-02 22:21:06','2015-03-02 22:21:06','Initial Version',1,0,1,NULL,3,0,NULL),(33,1,'Compose Form','form','','2015-03-02 22:21:06','2015-03-02 22:21:06','Initial Version',1,0,1,NULL,3,0,NULL),(34,1,'Defaults and Output','output','','2015-03-02 22:21:06','2015-03-02 22:21:06','Initial Version',1,0,1,NULL,3,0,NULL),(35,1,'Page Type Attributes','attributes','','2015-03-02 22:21:06','2015-03-02 22:21:06','Initial Version',1,0,1,NULL,3,0,NULL),(36,1,'Page Type Permissions','permissions','','2015-03-02 22:21:06','2015-03-02 22:21:06','Initial Version',1,0,1,NULL,3,0,NULL),(37,1,'Page Templates','templates','Form factors for pages in your site.','2015-03-02 22:21:06','2015-03-02 22:21:06','Initial Version',1,0,1,NULL,3,0,NULL),(38,1,'Add Page Template','add','Add page templates to your site.','2015-03-02 22:21:06','2015-03-02 22:21:06','Initial Version',1,0,1,NULL,3,0,NULL),(39,1,'Attributes','attributes','','2015-03-02 22:21:06','2015-03-02 22:21:06','Initial Version',1,0,1,NULL,3,0,NULL),(40,1,'Single Pages','single','','2015-03-02 22:21:06','2015-03-02 22:21:06','Initial Version',1,0,1,NULL,3,0,NULL),(41,1,'RSS Feeds','feeds','','2015-03-02 22:21:06','2015-03-02 22:21:06','Initial Version',1,0,1,NULL,3,0,NULL),(42,1,'Conversations','conversations','','2015-03-02 22:21:06','2015-03-02 22:21:06','Initial Version',1,0,1,NULL,3,0,NULL),(43,1,'Messages','messages','','2015-03-02 22:21:06','2015-03-02 22:21:06','Initial Version',1,0,1,NULL,3,0,NULL),(44,1,'Workflow','workflow','','2015-03-02 22:21:06','2015-03-02 22:21:06','Initial Version',1,0,1,NULL,3,0,NULL),(45,1,'Workflow List','workflows','','2015-03-02 22:21:07','2015-03-02 22:21:07','Initial Version',1,0,1,NULL,3,0,NULL),(46,1,'Waiting for Me','me','','2015-03-02 22:21:07','2015-03-02 22:21:07','Initial Version',1,0,1,NULL,3,0,NULL),(47,1,'Stacks & Blocks','blocks','Manage sitewide content and administer block types.','2015-03-02 22:21:07','2015-03-02 22:21:07','Initial Version',1,0,1,NULL,3,0,NULL),(48,1,'Stacks','stacks','Share content across your site.','2015-03-02 22:21:07','2015-03-02 22:21:07','Initial Version',1,0,1,NULL,3,0,NULL),(49,1,'Block & Stack Permissions','permissions','Control who can add blocks and stacks on your site.','2015-03-02 22:21:07','2015-03-02 22:21:07','Initial Version',1,0,1,NULL,3,0,NULL),(50,1,'Stack List','list','','2015-03-02 22:21:07','2015-03-02 22:21:07','Initial Version',1,0,1,NULL,3,0,NULL),(51,1,'Block Types','types','Manage the installed block types in your site.','2015-03-02 22:21:07','2015-03-02 22:21:07','Initial Version',1,0,1,NULL,3,0,NULL),(52,1,'Extend concrete5','extend','','2015-03-02 22:21:07','2015-03-02 22:21:07','Initial Version',1,0,1,NULL,3,0,NULL),(53,1,'Dashboard','news','','2015-03-02 22:21:07','2015-03-02 22:21:07','Initial Version',1,0,1,NULL,3,0,NULL),(54,1,'Add Functionality','install','Install add-ons & themes.','2015-03-02 22:21:07','2015-03-02 22:21:07','Initial Version',1,0,1,NULL,3,0,NULL),(55,1,'Update Add-Ons','update','Update your installed packages.','2015-03-02 22:21:07','2015-03-02 22:21:07','Initial Version',1,0,1,NULL,3,0,NULL),(56,1,'Connect to the Community','connect','Connect to the concrete5 community.','2015-03-02 22:21:07','2015-03-02 22:21:07','Initial Version',1,0,1,NULL,3,0,NULL),(57,1,'Get More Themes','themes','Download themes from concrete5.org.','2015-03-02 22:21:08','2015-03-02 22:21:08','Initial Version',1,0,1,NULL,3,0,NULL),(58,1,'Get More Add-Ons','addons','Download add-ons from concrete5.org.','2015-03-02 22:21:08','2015-03-02 22:21:08','Initial Version',1,0,1,NULL,3,0,NULL),(59,1,'System & Settings','system','Secure and setup your site.','2015-03-02 22:21:08','2015-03-02 22:21:08','Initial Version',1,0,1,NULL,3,0,NULL),(60,1,'Basics','basics','Basic information about your website.','2015-03-02 22:21:08','2015-03-02 22:21:08','Initial Version',1,0,1,NULL,3,0,NULL),(61,1,'Site Name','name','','2015-03-02 22:21:08','2015-03-02 22:21:08','Initial Version',1,0,1,NULL,3,0,NULL),(62,1,'Accessibility','accessibility','','2015-03-02 22:21:08','2015-03-02 22:21:08','Initial Version',1,0,1,NULL,3,0,NULL),(63,1,'Social Links','social','','2015-03-02 22:21:08','2015-03-02 22:21:08','Initial Version',1,0,1,NULL,3,0,NULL),(64,1,'Bookmark Icons','icons','Bookmark icon and mobile home screen icon setup.','2015-03-02 22:21:08','2015-03-02 22:21:08','Initial Version',1,0,1,NULL,3,0,NULL),(65,1,'Rich Text Editor','editor','','2015-03-02 22:21:08','2015-03-02 22:21:08','Initial Version',1,0,1,NULL,3,0,NULL),(66,1,'Languages','multilingual','','2015-03-02 22:21:08','2015-03-02 22:21:08','Initial Version',1,0,1,NULL,3,0,NULL),(67,1,'Time Zone','timezone','','2015-03-02 22:21:08','2015-03-02 22:21:08','Initial Version',1,0,1,NULL,3,0,NULL),(68,1,'Multilingual','multilingual','Run your site in multiple languages.','2015-03-02 22:21:08','2015-03-02 22:21:08','Initial Version',1,0,1,NULL,3,0,NULL),(69,1,'Multilingual Setup','setup','','2015-03-02 22:21:08','2015-03-02 22:21:08','Initial Version',1,0,1,NULL,3,0,NULL),(70,1,'Page Report','page_report','','2015-03-02 22:21:09','2015-03-02 22:21:09','Initial Version',1,0,1,NULL,3,0,NULL),(71,1,'Translate Site Interface','translate_interface','','2015-03-02 22:21:09','2015-03-02 22:21:09','Initial Version',1,0,1,NULL,3,0,NULL),(72,1,'SEO & Statistics','seo','Enable pretty URLs and tracking codes.','2015-03-02 22:21:09','2015-03-02 22:21:09','Initial Version',1,0,1,NULL,3,0,NULL),(73,1,'URLs and Redirection','urls','','2015-03-02 22:21:09','2015-03-02 22:21:09','Initial Version',1,0,1,NULL,3,0,NULL),(74,1,'Bulk SEO Updater','bulk','','2015-03-02 22:21:09','2015-03-02 22:21:09','Initial Version',1,0,1,NULL,3,0,NULL),(75,1,'Tracking Codes','codes','','2015-03-02 22:21:09','2015-03-02 22:21:09','Initial Version',1,0,1,NULL,3,0,NULL),(76,1,'Excluded URL Word List','excluded','','2015-03-02 22:21:09','2015-03-02 22:21:09','Initial Version',1,0,1,NULL,3,0,NULL),(77,1,'Search Index','searchindex','','2015-03-02 22:21:09','2015-03-02 22:21:09','Initial Version',1,0,1,NULL,3,0,NULL),(78,1,'Files','files','','2015-03-02 22:21:09','2015-03-02 22:21:09','Initial Version',1,0,1,NULL,3,0,NULL),(79,1,'File Manager Permissions','permissions','','2015-03-02 22:21:09','2015-03-02 22:21:09','Initial Version',1,0,1,NULL,3,0,NULL),(80,1,'Allowed File Types','filetypes','','2015-03-02 22:21:09','2015-03-02 22:21:09','Initial Version',1,0,1,NULL,3,0,NULL),(81,1,'Thumbnails','thumbnails','','2015-03-02 22:21:09','2015-03-02 22:21:09','Initial Version',1,0,1,NULL,3,0,NULL),(82,1,'File Storage Locations','storage','','2015-03-02 22:21:10','2015-03-02 22:21:10','Initial Version',1,0,1,NULL,3,0,NULL),(83,1,'Optimization','optimization','Keep your site running well.','2015-03-02 22:21:10','2015-03-02 22:21:10','Initial Version',1,0,1,NULL,3,0,NULL),(84,1,'Cache & Speed Settings','cache','','2015-03-02 22:21:10','2015-03-02 22:21:10','Initial Version',1,0,1,NULL,3,0,NULL),(85,1,'Clear Cache','clearcache','','2015-03-02 22:21:10','2015-03-02 22:21:10','Initial Version',1,0,1,NULL,3,0,NULL),(86,1,'Automated Jobs','jobs','','2015-03-02 22:21:10','2015-03-02 22:21:10','Initial Version',1,0,1,NULL,3,0,NULL),(87,1,'Database Query Log','query_log','','2015-03-02 22:21:10','2015-03-02 22:21:10','Initial Version',1,0,1,NULL,3,0,NULL),(88,1,'Permissions & Access','permissions','Control who sees and edits your site.','2015-03-02 22:21:10','2015-03-02 22:21:10','Initial Version',1,0,1,NULL,3,0,NULL),(89,1,'Site Access','site','','2015-03-02 22:21:10','2015-03-02 22:21:10','Initial Version',1,0,1,NULL,3,0,NULL),(90,1,'Task Permissions','tasks','','2015-03-02 22:21:10','2015-03-02 22:21:10','Initial Version',1,0,1,NULL,3,0,NULL),(91,1,'User Permissions','users','','2015-03-02 22:21:10','2015-03-02 22:21:10','Initial Version',1,0,1,NULL,3,0,NULL),(92,1,'Advanced Permissions','advanced','','2015-03-02 22:21:10','2015-03-02 22:21:10','Initial Version',1,0,1,NULL,3,0,NULL),(93,1,'IP Blacklist','blacklist','','2015-03-02 22:21:10','2015-03-02 22:21:10','Initial Version',1,0,1,NULL,3,0,NULL),(94,1,'Captcha Setup','captcha','','2015-03-02 22:21:11','2015-03-02 22:21:11','Initial Version',1,0,1,NULL,3,0,NULL),(95,1,'Spam Control','antispam','','2015-03-02 22:21:11','2015-03-02 22:21:11','Initial Version',1,0,1,NULL,3,0,NULL),(96,1,'Maintenance Mode','maintenance','','2015-03-02 22:21:11','2015-03-02 22:21:11','Initial Version',1,0,1,NULL,3,0,NULL),(97,1,'Login & Registration','registration','Change login behaviors and setup public profiles.','2015-03-02 22:21:11','2015-03-02 22:21:11','Initial Version',1,0,1,NULL,3,0,NULL),(98,1,'Login Destination','postlogin','','2015-03-02 22:21:11','2015-03-02 22:21:11','Initial Version',1,0,1,NULL,3,0,NULL),(99,1,'Public Profiles','profiles','','2015-03-02 22:21:11','2015-03-02 22:21:11','Initial Version',1,0,1,NULL,3,0,NULL),(100,1,'Public Registration','open','','2015-03-02 22:21:11','2015-03-02 22:21:11','Initial Version',1,0,1,NULL,3,0,NULL),(101,1,'Authentication Types','authentication','','2015-03-02 22:21:11','2015-03-02 22:21:11','Initial Version',1,0,1,NULL,3,0,NULL),(102,1,'Email','mail','Control how your site send and processes mail.','2015-03-02 22:21:11','2015-03-02 22:21:11','Initial Version',1,0,1,NULL,3,0,NULL),(103,1,'SMTP Method','method','','2015-03-02 22:21:11','2015-03-02 22:21:11','Initial Version',1,0,1,NULL,3,0,NULL),(104,1,'Test Mail Settings','test','','2015-03-02 22:21:11','2015-03-02 22:21:11','Initial Version',1,0,1,NULL,3,0,NULL),(105,1,'Email Importers','importers','','2015-03-02 22:21:12','2015-03-02 22:21:12','Initial Version',1,0,1,NULL,3,0,NULL),(106,1,'Conversations','conversations','Manage your conversations settings','2015-03-02 22:21:12','2015-03-02 22:21:12','Initial Version',1,0,1,NULL,3,0,NULL),(107,1,'Settings','settings','','2015-03-02 22:21:12','2015-03-02 22:21:12','Initial Version',1,0,1,NULL,3,0,NULL),(108,1,'Community Points','points','','2015-03-02 22:21:12','2015-03-02 22:21:12','Initial Version',1,0,1,NULL,3,0,NULL),(109,1,'Banned Words','bannedwords','','2015-03-02 22:21:12','2015-03-02 22:21:12','Initial Version',1,0,1,NULL,3,0,NULL),(110,1,'Conversation Permissions','permissions','','2015-03-02 22:21:12','2015-03-02 22:21:12','Initial Version',1,0,1,NULL,3,0,NULL),(111,1,'Attributes','attributes','Setup attributes for pages, users, files and more.','2015-03-02 22:21:12','2015-03-02 22:21:12','Initial Version',1,0,1,NULL,3,0,NULL),(112,1,'Sets','sets','Group attributes into sets for easier organization','2015-03-02 22:21:12','2015-03-02 22:21:12','Initial Version',1,0,1,NULL,3,0,NULL),(113,1,'Types','types','Choose which attribute types are available for different items.','2015-03-02 22:21:12','2015-03-02 22:21:12','Initial Version',1,0,1,NULL,3,0,NULL),(114,1,'Topics','topics','','2015-03-02 22:21:12','2015-03-02 22:21:12','Initial Version',1,0,1,NULL,3,0,NULL),(115,1,'Add Topic Tree','add','','2015-03-02 22:21:12','2015-03-02 22:21:12','Initial Version',1,0,1,NULL,3,0,NULL),(116,1,'Environment','environment','Advanced settings for web developers.','2015-03-02 22:21:12','2015-03-02 22:21:12','Initial Version',1,0,1,NULL,3,0,NULL),(117,1,'Environment Information','info','','2015-03-02 22:21:13','2015-03-02 22:21:13','Initial Version',1,0,1,NULL,3,0,NULL),(118,1,'Debug Settings','debug','','2015-03-02 22:21:13','2015-03-02 22:21:13','Initial Version',1,0,1,NULL,3,0,NULL),(119,1,'Logging Settings','logging','','2015-03-02 22:21:13','2015-03-02 22:21:13','Initial Version',1,0,1,NULL,3,0,NULL),(120,1,'Proxy Server','proxy','','2015-03-02 22:21:13','2015-03-02 22:21:13','Initial Version',1,0,1,NULL,3,0,NULL),(121,1,'Database Entities','entities','','2015-03-02 22:21:13','2015-03-02 22:21:13','Initial Version',1,0,1,NULL,3,0,NULL),(122,1,'Backup & Restore','backup','Backup or restore your website.','2015-03-02 22:21:13','2015-03-02 22:21:13','Initial Version',1,0,1,NULL,3,0,NULL),(123,1,'Backup Database','backup','','2015-03-02 22:21:13','2015-03-02 22:21:13','Initial Version',1,0,1,NULL,3,0,NULL),(124,1,'Update concrete5','update','','2015-03-02 22:21:13','2015-03-02 22:21:13','Initial Version',1,0,1,NULL,3,0,NULL),(125,1,'Welcome to concrete5','welcome','Learn about how to use concrete5, how to develop for concrete5, and get general help.','2015-03-02 22:21:14','2015-03-02 22:21:14','Initial Version',1,0,1,NULL,3,4,NULL),(126,1,'Customize Dashboard Home','home','','2015-03-02 22:21:14','2015-03-02 22:21:14','Initial Version',1,0,1,NULL,3,2,NULL),(127,1,'Drafts','!drafts','','2015-03-02 22:21:21','2015-03-02 22:21:21','Initial Version',1,0,1,NULL,3,0,NULL),(128,1,'Trash','!trash','','2015-03-02 22:21:21','2015-03-02 22:21:21','Initial Version',1,0,1,NULL,3,0,NULL),(129,1,'Stacks','!stacks','','2015-03-02 22:21:21','2015-03-02 22:21:21','Initial Version',1,0,1,NULL,3,0,NULL),(130,1,'Login','login','','2015-03-02 22:21:21','2015-03-02 22:21:21','Initial Version',1,0,1,NULL,3,0,NULL),(131,1,'Register','register','','2015-03-02 22:21:21','2015-03-02 22:21:21','Initial Version',1,0,1,NULL,3,0,NULL),(132,1,'My Account','account','','2015-03-02 22:21:21','2015-03-02 22:21:21','Initial Version',1,0,1,NULL,3,0,NULL),(133,1,'Edit Profile','edit_profile','Edit your user profile and change password.','2015-03-02 22:21:21','2015-03-02 22:21:21','Initial Version',1,0,1,NULL,3,0,NULL),(134,1,'Profile Picture','avatar','Specify a new image attached to posts or edits.','2015-03-02 22:21:21','2015-03-02 22:21:21','Initial Version',1,0,1,NULL,3,0,NULL),(135,1,'Messages','messages','Inbox for site-specific messages.','2015-03-02 22:21:21','2015-03-02 22:21:21','Initial Version',1,0,1,NULL,3,0,NULL),(136,1,'Inbox','inbox','','2015-03-02 22:21:21','2015-03-02 22:21:21','Initial Version',1,0,1,NULL,3,0,NULL),(137,1,'Members','members','','2015-03-02 22:21:22','2015-03-02 22:21:22','Initial Version',1,0,1,NULL,3,0,NULL),(138,1,'View Profile','profile','','2015-03-02 22:21:22','2015-03-02 22:21:22','Initial Version',1,0,1,NULL,3,0,NULL),(139,1,'Directory','directory','','2015-03-02 22:21:22','2015-03-02 22:21:22','Initial Version',1,0,1,NULL,3,0,NULL),(140,1,'Page Not Found','page_not_found','','2015-03-02 22:21:22','2015-03-02 22:21:22','Initial Version',1,0,1,NULL,3,0,NULL),(141,1,'Page Forbidden','page_forbidden','','2015-03-02 22:21:22','2015-03-02 22:21:22','Initial Version',1,0,1,NULL,3,0,NULL),(142,1,'Download File','download_file','','2015-03-02 22:21:22','2015-03-02 22:21:22','Initial Version',1,0,1,NULL,3,0,NULL),(143,1,'Footer Contact','footer-contact',NULL,'2015-03-02 22:21:30','2015-03-02 22:21:30','Initial Version',1,0,1,NULL,3,0,NULL),(144,1,'Footer Legal','footer-legal',NULL,'2015-03-02 22:21:30','2015-03-02 22:21:30','Initial Version',1,0,1,NULL,3,0,NULL),(145,1,'Footer Navigation','footer-navigation',NULL,'2015-03-02 22:21:30','2015-03-02 22:21:30','Initial Version',1,0,1,NULL,3,0,NULL),(146,1,'Footer Site Title','footer-site-title',NULL,'2015-03-02 22:21:30','2015-03-02 22:21:30','Initial Version',1,0,1,NULL,3,0,NULL),(147,1,'Footer Social','footer-social',NULL,'2015-03-02 22:21:30','2015-03-02 22:21:30','Initial Version',1,0,1,NULL,3,0,NULL),(148,1,'Header Navigation','header-navigation',NULL,'2015-03-02 22:21:30','2015-03-02 22:21:30','Initial Version',1,0,1,NULL,3,0,NULL),(149,1,'Header Search','header-search',NULL,'2015-03-02 22:21:30','2015-03-02 22:21:30','Initial Version',1,0,1,NULL,3,0,NULL),(150,1,'Header Site Title','header-site-title',NULL,'2015-03-02 22:21:30','2015-03-02 22:21:30','Initial Version',0,0,1,NULL,3,0,NULL),(150,2,'Header Site Title','header-site-title',NULL,'2015-03-02 22:21:30','2015-03-03 00:46:10','Nouvelle version 2',0,0,1,1,3,0,NULL),(150,3,'Header Site Title','header-site-title',NULL,'2015-03-02 22:21:30','2015-03-03 00:46:24','Nouvelle version 3',0,0,1,1,3,0,NULL),(150,4,'Header Site Title','header-site-title',NULL,'2015-03-02 22:21:30','2015-04-28 15:45:36','Nouvelle version 4',1,0,1,1,3,0,NULL),(151,1,'',NULL,NULL,'2015-03-02 22:21:33','2015-03-02 22:21:33','Initial Version',1,0,NULL,NULL,0,6,NULL),(152,1,'Services','services','','2015-03-02 22:21:34','2015-03-02 22:21:34','Initial Version',0,0,1,NULL,3,6,NULL),(152,2,'Services','services','','2015-03-02 22:21:34','2015-03-03 00:46:10','Version 2',0,0,1,1,3,6,NULL),(152,3,'Services','services','','2015-03-02 22:21:34','2015-03-03 00:52:03','Version 3',0,0,1,1,3,6,NULL),(152,4,'Services','services','','2015-03-02 22:21:34','2015-03-03 00:55:23','Version 4',0,0,1,1,3,6,NULL),(152,5,'Services','services','','2015-03-02 22:21:34','2015-03-03 01:00:22','Version 5',1,0,1,1,3,6,NULL),(153,1,'',NULL,NULL,'2015-03-02 22:21:34','2015-03-02 22:21:34','Initial Version',1,0,NULL,NULL,0,6,NULL),(154,1,'Portfolio','portfolio','','2015-03-02 22:21:34','2015-03-02 22:21:34','Initial Version',1,0,1,NULL,3,6,NULL),(155,1,'Team','team','','2015-03-02 22:21:34','2015-03-02 22:21:34','Initial Version',1,0,1,NULL,3,6,NULL),(156,1,'',NULL,NULL,'2015-03-02 22:21:34','2015-03-02 22:21:34','Initial Version',1,0,NULL,NULL,0,6,NULL),(157,1,'Blog','blog','','2015-03-02 22:21:34','2015-03-02 22:21:34','Initial Version',0,0,1,NULL,3,6,NULL),(157,2,'Blog','blog','','2015-03-02 22:21:34','2015-05-01 13:57:45','Version 2',0,0,1,1,3,6,NULL),(157,3,'Blog','blog','','2015-03-02 22:21:34','2015-05-01 14:11:21','Version 3',1,0,1,1,3,6,NULL),(158,1,'Search','search','','2015-03-02 22:21:34','2015-03-02 22:21:34','Initial Version',1,0,1,NULL,3,6,NULL),(159,1,'Contact','contact','','2015-03-02 22:21:34','2015-03-02 22:21:34','Initial Version',1,0,1,NULL,3,6,NULL),(160,1,'Blank Page','blank-page','','2015-03-02 22:21:34','2015-03-02 22:21:34','Initial Version',1,0,1,NULL,3,5,NULL),(161,1,'',NULL,NULL,'2015-03-02 22:21:34','2015-03-02 22:21:34','Initial Version',1,0,NULL,NULL,0,7,NULL),(162,1,'Project Title','project-title','Pellentesque ultricies ligula vel neque dictum, eu mollis tortor adipiscing.','2014-08-06 15:30:00','2015-03-02 22:21:34','Initial Version',1,0,1,NULL,3,7,NULL),(163,1,'Project Title 2','project-title-2','Pellentesque ultricies ligula vel neque dictum, eu mollis tortor adipiscing.','2014-08-06 15:20:00','2015-03-02 22:21:34','Initial Version',1,0,1,NULL,3,7,NULL),(164,1,'Project Title 3','project-title-3','Pellentesque ultricies ligula vel neque dictum, eu mollis tortor adipiscing.','2014-08-06 15:10:00','2015-03-02 22:21:34','Initial Version',1,0,1,NULL,3,7,NULL),(165,1,'Project Title 4','project-title-4','Pellentesque ultricies ligula vel neque dictum, eu mollis tortor adipiscing.','2014-08-06 15:00:00','2015-03-02 22:21:34','Initial Version',1,0,1,NULL,3,7,NULL),(166,1,'Project Title 5','project-title-5','Pellentesque ultricies ligula vel neque dictum, eu mollis tortor adipiscing.','2014-08-06 14:30:00','2015-03-02 22:21:35','Initial Version',1,0,1,NULL,3,7,NULL),(167,1,'Project Title 6','project-title-6','Pellentesque ultricies ligula vel neque dictum, eu mollis tortor adipiscing.','2014-08-06 14:20:00','2015-03-02 22:21:35','Initial Version',1,0,1,NULL,3,7,NULL),(168,1,'',NULL,NULL,'2015-03-02 22:21:35','2015-03-02 22:21:35','Initial Version',1,0,NULL,NULL,0,8,NULL),(169,1,'Hello World!','hello-world','Pellentesque ultricies ligula vel neque dictum, eu mollis tortor adipiscing. Etiam congue, est vel tincidunt vestibulum, nunc nunc porta nulla, at adipiscing neque tellus quis urna. Quisque dignissim neque a ipsum sodales, mattis aliquam ante dictum.','2014-07-01 12:00:00','2015-03-02 22:21:35','Initial Version',1,0,1,NULL,3,8,NULL),(170,1,'Another Blog Post','another-blog-post','Lorem ipsum dolor sit amet, consectetur adipiscing elit. Nullam sit amet consectetur lacus. Vestibulum neque lectus, egestas non cursus vitae, aliquam at magna.','2014-07-04 15:00:00','2015-03-02 22:21:35','Initial Version',1,0,1,NULL,3,8,NULL),(171,1,'A Beautiful Site Deserves a Beautiful Blog','a-beautiful-blog','Donec blandit lectus nec neque ullamcorper rhoncus. Sed adipiscing tempus sem eu molestie. Aenean laoreet pretium ante vitae ultrices. Aenean eu gravida magna, vel aliquet magna. In auctor convallis gravida. Phasellus est erat.','2014-08-01 16:30:00','2015-03-02 22:21:35','Initial Version',1,0,1,NULL,3,8,NULL),(172,1,'About','about','','2015-03-02 22:21:35','2015-03-02 22:21:35','Initial Version',1,0,1,NULL,3,6,NULL),(173,1,'Careers','careers','','2015-03-02 22:21:35','2015-03-02 22:21:35','Initial Version',1,0,1,NULL,3,6,NULL),(174,1,'Frequently Asked Questions','faq','','2015-03-02 22:21:35','2015-03-02 22:21:35','Initial Version',0,0,1,NULL,3,6,NULL),(174,2,'Frequently Asked Questions','faq','','2015-03-02 22:21:35','2015-03-09 20:29:18','Version 2',0,0,1,1,3,6,NULL),(174,3,'Frequently Asked Questions','faq','','2015-03-02 22:21:35','2015-03-09 20:29:46','Nouvelle version 3',0,0,1,1,3,6,NULL),(174,4,'Questions Frquentes','faq','','2015-03-02 22:21:35','2015-04-26 15:58:08','Nouvelle version 4',0,0,1,1,3,6,NULL),(174,5,'Questions Frquentes','faq','','2015-03-02 22:21:35','2015-04-26 15:59:13','Version 5',1,0,1,1,3,6,NULL),(175,1,'',NULL,NULL,'2015-03-02 22:21:35','2015-03-02 22:21:35','Initial Version',1,0,NULL,NULL,0,7,NULL),(176,1,'Web Developer','web-developer','Curabitur sagittis elementum felis at sodales. Nullam fermentum at urna quis accumsan. Nam bibendum leo nisi, lacinia molestie arcu consequat quis. Morbi at suscipit risus. Sed consequat eleifend metus, vitae malesuada eros elementum sed. Fusce risus felis, viverra et dignissim at, lobortis non est. Lorem ipsum dolor sit amet, consectetur adipiscing elit. Nullam sit amet consectetur lacus.','2015-03-02 22:21:35','2015-03-02 22:21:35','Initial Version',1,0,1,NULL,3,7,NULL),(177,1,'Sales Associate','sales-associate','Curabitur sagittis elementum felis at sodales. Nullam fermentum at urna quis accumsan. Nam bibendum leo nisi, lacinia molestie arcu consequat quis. Morbi at suscipit risus. Sed consequat eleifend metus, vitae malesuada eros elementum sed. Fusce risus felis, viverra et dignissim at, lobortis non est. Lorem ipsum dolor sit amet, consectetur adipiscing elit. Nullam sit amet consectetur lacus.','2015-03-02 22:21:35','2015-03-02 22:21:35','Initial Version',1,0,1,NULL,3,7,NULL),(178,1,'',NULL,NULL,'2015-03-02 22:21:35','2015-03-02 22:21:35','Initial Version',1,0,NULL,NULL,0,5,NULL),(179,1,'',NULL,NULL,'2015-03-02 22:21:35','2015-03-02 22:21:35','Initial Version',1,0,NULL,NULL,0,7,NULL),(180,1,'',NULL,NULL,'2015-03-02 22:21:36','2015-03-02 22:21:36','Initial Version',1,0,NULL,NULL,0,8,NULL),(181,2,'laurent','laurent','Page pour avoir un flux pour Laurent','2015-03-07 03:03:47','2015-03-07 03:06:19','Nouvelle version 2',0,0,1,1,3,6,NULL),(181,3,'laurent','laurent','Page pour avoir un flux pour Laurent','2015-03-07 03:03:47','2015-03-07 03:09:07','Version 3',0,0,1,1,3,6,NULL),(181,4,'laurent','laurent','Page pour avoir un flux pour Laurent','2015-03-07 03:03:47','2015-03-07 03:09:25','Version 4',0,0,1,1,3,6,NULL),(181,5,'laurent','laurent','Page pour avoir un flux pour Laurent','2015-03-07 03:03:47','2015-03-07 03:11:42','Nouvelle version 5',0,0,1,1,3,6,NULL),(181,6,'laurent','laurent','Page pour avoir un flux pour Laurent','2015-03-07 03:03:47','2015-03-07 03:12:42','Nouvelle version 6',0,0,1,1,3,6,NULL),(181,7,'laurent','laurent','Page pour avoir un flux pour Laurent','2015-03-07 03:03:47','2015-03-07 03:14:43','Nouvelle version 7',0,0,1,1,3,6,NULL),(181,8,'laurent','laurent','Page pour avoir un flux pour Laurent','2015-03-07 03:03:47','2015-03-07 03:17:44','Version 8',0,0,1,1,3,6,NULL),(181,9,'laurent','laurent','Page pour avoir un flux pour Laurent','2015-03-07 03:03:47','2015-03-07 03:18:24','Avec flux',0,0,1,1,3,6,NULL),(181,10,'laurent','laurent','Page pour avoir un flux pour Laurent','2015-03-07 03:03:47','2015-03-07 03:22:57','Version 10',1,0,1,1,3,6,NULL),(182,1,'Conseillere','conseillere','Coaching de Vie','2015-03-09 20:15:00','2015-03-09 20:16:16','Initial Version',0,1,1,NULL,3,7,NULL),(183,1,'Conseiller(e)','conseillere','','2015-03-09 20:16:00','2015-03-09 20:17:07','Initial Version',0,0,1,1,3,7,NULL),(183,2,'Conseiller(e)','conseillere','','2015-03-09 20:16:00','2015-03-09 20:17:44','Nouvelle version 2',1,0,1,1,3,7,NULL),(184,1,'Devenez Conseiller(e)','devenez-conseillere','Web - Tel','2015-03-09 20:18:26','2015-03-09 20:18:26','Initial Version',0,0,1,1,3,6,NULL),(184,2,'Devenez Conseiller(e)','devenez-conseillere','Web - Tel','2015-03-09 20:18:26','2015-03-09 20:18:52','Version 2',0,0,1,1,3,6,NULL),(184,3,'Devenez Conseiller(e)','devenez-conseillere','Web - Tel','2015-03-09 20:18:26','2015-05-11 10:08:51','Dbut form devenez conseiller',1,0,1,1,3,6,NULL),(185,1,'jeanne','jeanne','Page perso jeanne','2015-04-30 18:20:13','2015-04-30 18:20:13','Initial Version',0,1,1,NULL,3,6,NULL),(186,1,'Jeanne','jeanne','Page complte Jeanne','2015-04-30 18:21:30','2015-04-30 18:21:30','Initial Version',0,0,1,1,3,6,NULL),(186,2,'Jeanne','jeanne','Page complte Jeanne','2015-04-30 18:21:30','2015-04-30 18:24:27','1.0',0,0,1,1,3,6,NULL),(186,3,'Jeanne','jeanne','Page complte Jeanne','2015-04-30 18:21:30','2015-04-30 19:14:14','Version 3',0,0,1,1,3,6,NULL),(186,4,'Jeanne','jeanne','Page complte Jeanne','2015-04-30 18:21:30','2015-04-30 19:27:20','Version 4',0,0,1,1,3,6,NULL),(186,5,'Jeanne','jeanne','Page complte Jeanne','2015-04-30 18:21:30','2015-05-01 14:39:21','ok',0,0,1,1,3,6,NULL),(186,6,'Jeanne','jeanne','Page complte Jeanne','2015-04-30 18:21:30','2015-05-01 15:21:05','full_ori',0,0,1,1,3,9,NULL),(186,7,'Jeanne','jeanne','Page complte Jeanne','2015-04-30 18:21:30','2015-05-01 15:50:36','Nouvelle page',1,0,1,1,3,10,NULL),(187,1,'',NULL,NULL,'2015-05-01 15:01:59','2015-05-01 15:01:59','Initial Version',1,0,NULL,NULL,0,9,NULL),(188,1,'',NULL,NULL,'2015-05-01 15:54:29','2015-05-01 15:54:29','Initial Version',1,0,NULL,NULL,0,10,NULL),(189,1,'','',NULL,'2015-08-02 18:36:09','2015-08-02 18:36:09','Initial Version',0,1,1,NULL,3,6,NULL),(190,1,'','',NULL,'2015-08-02 18:36:16','2015-08-02 18:36:16','Initial Version',0,1,1,NULL,3,6,NULL),(191,1,'','',NULL,'2015-08-02 18:36:38','2015-08-02 18:36:38','Initial Version',0,1,1,NULL,3,6,NULL),(192,1,'','',NULL,'2015-08-02 18:54:51','2015-08-02 18:54:51','Initial Version',0,1,1,NULL,3,6,NULL),(193,1,'','',NULL,'2015-08-03 10:03:13','2015-08-03 10:03:13','Initial Version',0,1,1,NULL,3,6,NULL),(194,1,'','',NULL,'2015-08-06 15:50:47','2015-08-06 15:50:47','Initial Version',0,1,1,NULL,3,6,NULL),(195,1,'op','op','Partie pour les oprateurs/trices','2015-08-06 16:03:23','2015-08-06 16:03:23','Initial Version',0,0,1,1,3,6,NULL),(195,2,'op','op','Partie pour les oprateurs/trices','2015-08-06 16:03:23','2015-08-06 16:33:34','op',1,0,1,1,3,6,NULL),(196,1,'Copy Languages','copy',NULL,'2015-08-31 00:57:41','2015-08-31 00:57:41','Initial Version',1,0,1,NULL,3,0,NULL);
/*!40000 ALTER TABLE `CollectionVersions` ENABLE KEYS */;
UNLOCK TABLES;

--
-- Table structure for table `Collections`
--

DROP TABLE IF EXISTS `Collections`;
/*!40101 SET @saved_cs_client     = @@character_set_client */;
/*!40101 SET character_set_client = utf8 */;
CREATE TABLE `Collections` (
  `cID` int(10) unsigned NOT NULL AUTO_INCREMENT,
  `cDateAdded` datetime NOT NULL DEFAULT '0000-00-00 00:00:00',
  `cDateModified` datetime NOT NULL DEFAULT '0000-00-00 00:00:00',
  `cHandle` varchar(255) COLLATE utf8_unicode_ci DEFAULT NULL,
  PRIMARY KEY (`cID`),
  KEY `cIDDateModified` (`cID`,`cDateModified`),
  KEY `cDateModified` (`cDateModified`),
  KEY `cDateAdded` (`cDateAdded`)
) ENGINE=InnoDB AUTO_INCREMENT=197 DEFAULT CHARSET=utf8 COLLATE=utf8_unicode_ci;
/*!40101 SET character_set_client = @saved_cs_client */;

--
-- Dumping data for table `Collections`
--

LOCK TABLES `Collections` WRITE;
/*!40000 ALTER TABLE `Collections` DISABLE KEYS */;
INSERT INTO `Collections` VALUES (1,'2015-03-02 22:20:57','2015-08-08 11:16:22','home'),(2,'2015-03-02 22:21:03','2015-03-02 22:21:04','dashboard'),(3,'2015-03-02 22:21:04','2015-03-02 22:21:04','sitemap'),(4,'2015-03-02 22:21:04','2015-03-02 22:21:04','full'),(5,'2015-03-02 22:21:04','2015-03-02 22:21:04','explore'),(6,'2015-03-02 22:21:04','2015-03-02 22:21:04','search'),(7,'2015-03-02 22:21:04','2015-03-02 22:21:04','files'),(8,'2015-03-02 22:21:04','2015-03-02 22:21:04','search'),(9,'2015-03-02 22:21:04','2015-03-02 22:21:04','attributes'),(10,'2015-03-02 22:21:04','2015-03-02 22:21:04','sets'),(11,'2015-03-02 22:21:04','2015-03-02 22:21:04','add_set'),(12,'2015-03-02 22:21:04','2015-03-02 22:21:04','users'),(13,'2015-03-02 22:21:04','2015-03-02 22:21:04','search'),(14,'2015-03-02 22:21:04','2015-03-02 22:21:04','groups'),(15,'2015-03-02 22:21:04','2015-03-02 22:21:04','attributes'),(16,'2015-03-02 22:21:04','2015-03-02 22:21:05','add'),(17,'2015-03-02 22:21:05','2015-03-02 22:21:05','add_group'),(18,'2015-03-02 22:21:05','2015-03-02 22:21:05','bulkupdate'),(19,'2015-03-02 22:21:05','2015-03-02 22:21:05','group_sets'),(20,'2015-03-02 22:21:05','2015-03-02 22:21:05','points'),(21,'2015-03-02 22:21:05','2015-03-02 22:21:05','assign'),(22,'2015-03-02 22:21:05','2015-03-02 22:21:05','actions'),(23,'2015-03-02 22:21:05','2015-03-02 22:21:05','reports'),(24,'2015-03-02 22:21:05','2015-03-02 22:21:05','forms'),(25,'2015-03-02 22:21:05','2015-03-02 22:21:05','surveys'),(26,'2015-03-02 22:21:05','2015-03-02 22:21:05','logs'),(27,'2015-03-02 22:21:05','2015-03-02 22:21:05','pages'),(28,'2015-03-02 22:21:05','2015-03-02 22:21:05','themes'),(29,'2015-03-02 22:21:05','2015-03-02 22:21:05','inspect'),(30,'2015-03-02 22:21:05','2015-03-02 22:21:05','types'),(31,'2015-03-02 22:21:05','2015-03-02 22:21:05','organize'),(32,'2015-03-02 22:21:06','2015-03-02 22:21:06','add'),(33,'2015-03-02 22:21:06','2015-03-02 22:21:06','form'),(34,'2015-03-02 22:21:06','2015-03-02 22:21:06','output'),(35,'2015-03-02 22:21:06','2015-03-02 22:21:06','attributes'),(36,'2015-03-02 22:21:06','2015-03-02 22:21:06','permissions'),(37,'2015-03-02 22:21:06','2015-03-02 22:21:06','templates'),(38,'2015-03-02 22:21:06','2015-03-02 22:21:06','add'),(39,'2015-03-02 22:21:06','2015-03-02 22:21:06','attributes'),(40,'2015-03-02 22:21:06','2015-03-02 22:21:06','single'),(41,'2015-03-02 22:21:06','2015-03-02 22:21:06','feeds'),(42,'2015-03-02 22:21:06','2015-03-02 22:21:06','conversations'),(43,'2015-03-02 22:21:06','2015-03-02 22:21:06','messages'),(44,'2015-03-02 22:21:06','2015-03-02 22:21:07','workflow'),(45,'2015-03-02 22:21:07','2015-03-02 22:21:07','workflows'),(46,'2015-03-02 22:21:07','2015-03-02 22:21:07','me'),(47,'2015-03-02 22:21:07','2015-03-02 22:21:07','blocks'),(48,'2015-03-02 22:21:07','2015-03-02 22:21:07','stacks'),(49,'2015-03-02 22:21:07','2015-03-02 22:21:07','permissions'),(50,'2015-03-02 22:21:07','2015-03-02 22:21:07','list'),(51,'2015-03-02 22:21:07','2015-03-02 22:21:07','types'),(52,'2015-03-02 22:21:07','2015-03-02 22:21:07','extend'),(53,'2015-03-02 22:21:07','2015-03-02 22:21:07','news'),(54,'2015-03-02 22:21:07','2015-03-02 22:21:07','install'),(55,'2015-03-02 22:21:07','2015-03-02 22:21:07','update'),(56,'2015-03-02 22:21:07','2015-03-02 22:21:07','connect'),(57,'2015-03-02 22:21:08','2015-03-02 22:21:08','themes'),(58,'2015-03-02 22:21:08','2015-03-02 22:21:08','addons'),(59,'2015-03-02 22:21:08','2015-03-02 22:21:08','system'),(60,'2015-03-02 22:21:08','2015-03-02 22:21:08','basics'),(61,'2015-03-02 22:21:08','2015-03-02 22:21:08','name'),(62,'2015-03-02 22:21:08','2015-03-02 22:21:08','accessibility'),(63,'2015-03-02 22:21:08','2015-03-02 22:21:08','social'),(64,'2015-03-02 22:21:08','2015-03-02 22:21:08','icons'),(65,'2015-03-02 22:21:08','2015-03-02 22:21:08','editor'),(66,'2015-03-02 22:21:08','2015-03-02 22:21:08','multilingual'),(67,'2015-03-02 22:21:08','2015-03-02 22:21:08','timezone'),(68,'2015-03-02 22:21:08','2015-03-02 22:21:08','multilingual'),(69,'2015-03-02 22:21:08','2015-03-02 22:21:09','setup'),(70,'2015-03-02 22:21:09','2015-03-02 22:21:09','page_report'),(71,'2015-03-02 22:21:09','2015-03-02 22:21:09','translate_interface'),(72,'2015-03-02 22:21:09','2015-03-02 22:21:09','seo'),(73,'2015-03-02 22:21:09','2015-08-06 15:54:28','urls'),(74,'2015-03-02 22:21:09','2015-03-02 22:21:09','bulk'),(75,'2015-03-02 22:21:09','2015-03-02 22:21:09','codes'),(76,'2015-03-02 22:21:09','2015-03-02 22:21:09','excluded'),(77,'2015-03-02 22:21:09','2015-03-02 22:21:09','searchindex'),(78,'2015-03-02 22:21:09','2015-03-02 22:21:09','files'),(79,'2015-03-02 22:21:09','2015-03-02 22:21:09','permissions'),(80,'2015-03-02 22:21:09','2015-03-02 22:21:09','filetypes'),(81,'2015-03-02 22:21:09','2015-03-02 22:21:10','thumbnails'),(82,'2015-03-02 22:21:10','2015-03-02 22:21:10','storage'),(83,'2015-03-02 22:21:10','2015-03-02 22:21:10','optimization'),(84,'2015-03-02 22:21:10','2015-03-02 22:21:10','cache'),(85,'2015-03-02 22:21:10','2015-03-02 22:21:10','clearcache'),(86,'2015-03-02 22:21:10','2015-03-02 22:21:10','jobs'),(87,'2015-03-02 22:21:10','2015-03-02 22:21:10','query_log'),(88,'2015-03-02 22:21:10','2015-03-02 22:21:10','permissions'),(89,'2015-03-02 22:21:10','2015-03-02 22:21:10','site'),(90,'2015-03-02 22:21:10','2015-03-02 22:21:10','tasks'),(91,'2015-03-02 22:21:10','2015-03-02 22:21:10','users'),(92,'2015-03-02 22:21:10','2015-03-02 22:21:10','advanced'),(93,'2015-03-02 22:21:10','2015-03-02 22:21:11','blacklist'),(94,'2015-03-02 22:21:11','2015-03-02 22:21:11','captcha'),(95,'2015-03-02 22:21:11','2015-03-02 22:21:11','antispam'),(96,'2015-03-02 22:21:11','2015-03-02 22:21:11','maintenance'),(97,'2015-03-02 22:21:11','2015-03-02 22:21:11','registration'),(98,'2015-03-02 22:21:11','2015-03-02 22:21:11','postlogin'),(99,'2015-03-02 22:21:11','2015-03-02 22:21:11','profiles'),(100,'2015-03-02 22:21:11','2015-03-02 22:21:11','open'),(101,'2015-03-02 22:21:11','2015-03-02 22:21:11','authentication'),(102,'2015-03-02 22:21:11','2015-03-02 22:21:11','mail'),(103,'2015-03-02 22:21:11','2015-03-02 22:21:11','method'),(104,'2015-03-02 22:21:11','2015-03-02 22:21:11','test'),(105,'2015-03-02 22:21:12','2015-03-02 22:21:12','importers'),(106,'2015-03-02 22:21:12','2015-03-02 22:21:12','conversations'),(107,'2015-03-02 22:21:12','2015-03-02 22:21:12','settings'),(108,'2015-03-02 22:21:12','2015-03-02 22:21:12','points'),(109,'2015-03-02 22:21:12','2015-03-02 22:21:12','bannedwords'),(110,'2015-03-02 22:21:12','2015-03-02 22:21:12','permissions'),(111,'2015-03-02 22:21:12','2015-03-02 22:21:12','attributes'),(112,'2015-03-02 22:21:12','2015-03-02 22:21:12','sets'),(113,'2015-03-02 22:21:12','2015-03-02 22:21:12','types'),(114,'2015-03-02 22:21:12','2015-03-02 22:21:12','topics'),(115,'2015-03-02 22:21:12','2015-03-02 22:21:12','add'),(116,'2015-03-02 22:21:12','2015-03-02 22:21:13','environment'),(117,'2015-03-02 22:21:13','2015-03-02 22:21:13','info'),(118,'2015-03-02 22:21:13','2015-03-02 22:21:13','debug'),(119,'2015-03-02 22:21:13','2015-03-02 22:21:13','logging'),(120,'2015-03-02 22:21:13','2015-03-02 22:21:13','proxy'),(121,'2015-03-02 22:21:13','2015-03-02 22:21:13','entities'),(122,'2015-03-02 22:21:13','2015-03-02 22:21:13','backup'),(123,'2015-03-02 22:21:13','2015-03-02 22:21:13','backup'),(124,'2015-03-02 22:21:13','2015-03-02 22:21:13','update'),(125,'2015-03-02 22:21:14','2015-03-02 22:21:14','welcome'),(126,'2015-03-02 22:21:14','2015-03-02 22:21:14','home'),(127,'2015-03-02 22:21:21','2015-03-02 22:21:21','!drafts'),(128,'2015-03-02 22:21:21','2015-03-02 22:21:21','!trash'),(129,'2015-03-02 22:21:21','2015-03-02 22:21:21','!stacks'),(130,'2015-03-02 22:21:21','2015-03-02 22:21:21','login'),(131,'2015-03-02 22:21:21','2015-03-02 22:21:21','register'),(132,'2015-03-02 22:21:21','2015-03-02 22:21:21','account'),(133,'2015-03-02 22:21:21','2015-03-02 22:21:21','edit_profile'),(134,'2015-03-02 22:21:21','2015-03-02 22:21:21','avatar'),(135,'2015-03-02 22:21:21','2015-03-02 22:21:21','messages'),(136,'2015-03-02 22:21:21','2015-03-02 22:21:22','inbox'),(137,'2015-03-02 22:21:22','2015-03-02 22:21:22','members'),(138,'2015-03-02 22:21:22','2015-03-02 22:21:22','profile'),(139,'2015-03-02 22:21:22','2015-03-02 22:21:22','directory'),(140,'2015-03-02 22:21:22','2015-03-02 22:21:22','page_not_found'),(141,'2015-03-02 22:21:22','2015-03-02 22:21:22','page_forbidden'),(142,'2015-03-02 22:21:22','2015-03-02 22:21:22','download_file'),(143,'2015-03-02 22:21:30','2015-03-02 22:21:30','footer-contact'),(144,'2015-03-02 22:21:30','2015-03-02 22:21:30','footer-legal'),(145,'2015-03-02 22:21:30','2015-03-02 22:21:30','footer-navigation'),(146,'2015-03-02 22:21:30','2015-03-02 22:21:30','footer-site-title'),(147,'2015-03-02 22:21:30','2015-03-02 22:21:30','footer-social'),(148,'2015-03-02 22:21:30','2015-03-02 22:21:30','header-navigation'),(149,'2015-03-02 22:21:30','2015-03-02 22:21:30','header-search'),(150,'2015-03-02 22:21:30','2015-04-28 15:45:56','header-site-title'),(151,'2015-03-02 22:21:33','2015-03-02 22:21:33',NULL),(152,'2015-03-02 22:21:34','2015-03-03 01:01:52','services'),(153,'2015-03-02 22:21:34','2015-03-02 22:21:34',NULL),(154,'2015-03-02 22:21:34','2015-03-02 22:21:34','portfolio'),(155,'2015-03-02 22:21:34','2015-03-02 22:21:34','team'),(156,'2015-03-02 22:21:34','2015-03-02 22:21:34',NULL),(157,'2015-03-02 22:21:34','2015-05-01 14:11:35','blog'),(158,'2015-03-02 22:21:34','2015-03-02 22:21:34','search'),(159,'2015-03-02 22:21:34','2015-03-02 22:21:34','contact'),(160,'2015-03-02 22:21:34','2015-03-02 22:21:34','blank-page'),(161,'2015-03-02 22:21:34','2015-03-02 22:21:34',NULL),(162,'2015-03-02 22:21:34','2015-03-02 22:21:34','project-title'),(163,'2015-03-02 22:21:34','2015-03-02 22:21:34','project-title-2'),(164,'2015-03-02 22:21:34','2015-03-02 22:21:34','project-title-3'),(165,'2015-03-02 22:21:34','2015-03-02 22:21:34','project-title-4'),(166,'2015-03-02 22:21:35','2015-03-02 22:21:35','project-title-5'),(167,'2015-03-02 22:21:35','2015-03-02 22:21:35','project-title-6'),(168,'2015-03-02 22:21:35','2015-03-02 22:21:35',NULL),(169,'2015-03-02 22:21:35','2015-03-02 22:21:35','hello-world'),(170,'2015-03-02 22:21:35','2015-03-02 22:21:35','another-blog-post'),(171,'2015-03-02 22:21:35','2015-03-02 22:21:35','a-beautiful-blog'),(172,'2015-03-02 22:21:35','2015-03-02 22:21:35','about'),(173,'2015-03-02 22:21:35','2015-03-02 22:21:35','careers'),(174,'2015-03-02 22:21:35','2015-04-26 15:59:28','faq'),(175,'2015-03-02 22:21:35','2015-03-02 22:21:35',NULL),(176,'2015-03-02 22:21:35','2015-03-02 22:21:35','web-developer'),(177,'2015-03-02 22:21:35','2015-03-02 22:21:35','sales-associate'),(178,'2015-03-02 22:21:35','2015-03-02 22:21:35',NULL),(179,'2015-03-02 22:21:35','2015-03-02 22:21:35',NULL),(180,'2015-03-02 22:21:36','2015-03-02 22:21:36',NULL),(181,'2015-03-07 03:03:47','2015-03-07 10:36:36',''),(182,'2015-03-09 20:16:16','2015-03-09 20:16:16',''),(183,'2015-03-09 20:17:07','2015-03-09 20:17:58',''),(184,'2015-03-09 20:18:26','2015-05-11 10:11:03',''),(185,'2015-04-30 18:20:13','2015-04-30 18:20:14',''),(186,'2015-04-30 18:21:30','2015-05-01 15:58:53',''),(187,'2015-05-01 15:01:59','2015-05-01 15:01:59',NULL),(188,'2015-05-01 15:54:29','2015-05-01 15:54:29',NULL),(189,'2015-08-02 18:36:09','2015-08-02 18:36:09',''),(190,'2015-08-02 18:36:16','2015-08-02 18:36:16',''),(191,'2015-08-02 18:36:38','2015-08-02 18:36:38',''),(192,'2015-08-02 18:54:51','2015-08-02 18:54:51',''),(193,'2015-08-03 10:03:13','2015-08-03 10:03:13',''),(194,'2015-08-06 15:50:47','2015-08-06 15:50:47',''),(195,'2015-08-06 16:03:23','2015-08-06 16:35:16',''),(196,'2015-08-31 00:57:41','2015-08-31 00:57:41','copy');
/*!40000 ALTER TABLE `Collections` ENABLE KEYS */;
UNLOCK TABLES;

--
-- Table structure for table `Config`
--

DROP TABLE IF EXISTS `Config`;
/*!40101 SET @saved_cs_client     = @@character_set_client */;
/*!40101 SET character_set_client = utf8 */;
CREATE TABLE `Config` (
  `configNamespace` varchar(255) COLLATE utf8_unicode_ci NOT NULL DEFAULT '',
  `configGroup` varchar(255) COLLATE utf8_unicode_ci NOT NULL,
  `configItem` varchar(255) COLLATE utf8_unicode_ci NOT NULL,
  `configValue` longtext COLLATE utf8_unicode_ci,
  PRIMARY KEY (`configNamespace`,`configGroup`,`configItem`),
  KEY `configGroup` (`configGroup`)
) ENGINE=InnoDB DEFAULT CHARSET=utf8 COLLATE=utf8_unicode_ci;
/*!40101 SET character_set_client = @saved_cs_client */;

--
-- Dumping data for table `Config`
--

LOCK TABLES `Config` WRITE;
/*!40000 ALTER TABLE `Config` DISABLE KEYS */;
INSERT INTO `Config` VALUES ('','concrete','marketplace.token','LVaspDWwwM4osFlPimUB7cMCfPq5arvzs5NQsH2yNxOjKffJPZvUrU9AercL1Bt6'),('','concrete','marketplace.url_token','3gitl0eyz51gybc2x7pzrpsy'),('','concrete','security.token.encryption','IEeu7cz1T50wZGzKsWLwDoM73lq6aqvDjSBbpMxNxI5AVhUXKbezj7YsvJhazkuE'),('','concrete','security.token.jobs','sqJvtNI3UnWj2wEINEgyFDhgJoDJQwHqiALHKoU8Ktm7EYTbL18hNFbTtqzExCTI'),('','concrete','security.token.validation','QKt1EiWXqPIwCbBVRqwpeX0tyge7kx5UDBlnRLuEpEWrZ0zj8ktynOt2Ms6UU9Uy');
/*!40000 ALTER TABLE `Config` ENABLE KEYS */;
UNLOCK TABLES;

--
-- Table structure for table `ConfigStore`
--

DROP TABLE IF EXISTS `ConfigStore`;
/*!40101 SET @saved_cs_client     = @@character_set_client */;
/*!40101 SET character_set_client = utf8 */;
CREATE TABLE `ConfigStore` (
  `cfKey` varchar(64) COLLATE utf8_unicode_ci NOT NULL,
  `timestamp` timestamp NOT NULL DEFAULT CURRENT_TIMESTAMP,
  `cfValue` longtext COLLATE utf8_unicode_ci,
  `uID` int(10) unsigned NOT NULL DEFAULT '0',
  `pkgID` int(10) unsigned NOT NULL DEFAULT '0',
  PRIMARY KEY (`cfKey`,`uID`),
  KEY `uID` (`uID`,`cfKey`),
  KEY `pkgID` (`pkgID`,`cfKey`)
) ENGINE=InnoDB DEFAULT CHARSET=utf8 COLLATE=utf8_unicode_ci;
/*!40101 SET character_set_client = @saved_cs_client */;

--
-- Dumping data for table `ConfigStore`
--

LOCK TABLES `ConfigStore` WRITE;
/*!40000 ALTER TABLE `ConfigStore` DISABLE KEYS */;
INSERT INTO `ConfigStore` VALUES ('DISABLED_HELP_NOTIFICATIONS','2015-03-02 23:45:34','a:2:{s:4:\"page\";a:15:{s:26:\"/dashboard/system/seo/urls\";b:1;s:23:\"/dashboard/pages/themes\";b:1;s:24:\"/dashboard/blocks/stacks\";b:1;s:23:\"/dashboard/blocks/types\";b:1;s:34:\"/dashboard/system/permissions/site\";b:1;s:23:\"/dashboard/files/search\";b:1;s:23:\"/dashboard/sitemap/full\";b:1;s:23:\"/dashboard/users/search\";b:1;s:29:\"/dashboard/system/mail/method\";b:1;s:31:\"/dashboard/system/backup/backup\";b:1;s:29:\"/dashboard/system/basics/name\";b:1;s:36:\"/dashboard/system/optimization/cache\";b:1;s:23:\"/dashboard/users/groups\";b:1;s:26:\"/dashboard/users/add_group\";b:1;s:27:\"/dashboard/system/seo/codes\";b:1;}s:5:\"panel\";a:3:{s:14:\"/page/composer\";b:1;s:16:\"/page/attributes\";b:1;s:14:\"/page/location\";b:1;}}',1,0),('DISABLED_HELP_NOTIFICATIONS','2015-03-09 14:06:38','a:1:{s:4:\"page\";a:1:{s:23:\"/dashboard/users/search\";b:1;}}',2,0),('MAIN_HELP_LAST_VIEWED','2015-04-26 14:12:25','1430057545',1,0),('MAIN_HELP_LAST_VIEWED','2015-08-15 21:10:28','1439673028',2,0),('NEWSFLOW_LAST_VIEWED','2015-03-02 21:22:04','1440944482',1,0),('NEWSFLOW_LAST_VIEWED','2015-03-09 14:06:10','1439673034',2,0);
/*!40000 ALTER TABLE `ConfigStore` ENABLE KEYS */;
UNLOCK TABLES;

--
-- Table structure for table `ConversationDiscussions`
--

DROP TABLE IF EXISTS `ConversationDiscussions`;
/*!40101 SET @saved_cs_client     = @@character_set_client */;
/*!40101 SET character_set_client = utf8 */;
CREATE TABLE `ConversationDiscussions` (
  `cnvDiscussionID` int(10) unsigned NOT NULL AUTO_INCREMENT,
  `cnvDiscussionDateCreated` datetime NOT NULL,
  `cID` int(10) unsigned DEFAULT NULL,
  PRIMARY KEY (`cnvDiscussionID`),
  KEY `cID` (`cID`)
) ENGINE=InnoDB DEFAULT CHARSET=utf8 COLLATE=utf8_unicode_ci;
/*!40101 SET character_set_client = @saved_cs_client */;

--
-- Dumping data for table `ConversationDiscussions`
--

LOCK TABLES `ConversationDiscussions` WRITE;
/*!40000 ALTER TABLE `ConversationDiscussions` DISABLE KEYS */;
/*!40000 ALTER TABLE `ConversationDiscussions` ENABLE KEYS */;
UNLOCK TABLES;

--
-- Table structure for table `ConversationEditors`
--

DROP TABLE IF EXISTS `ConversationEditors`;
/*!40101 SET @saved_cs_client     = @@character_set_client */;
/*!40101 SET character_set_client = utf8 */;
CREATE TABLE `ConversationEditors` (
  `cnvEditorID` int(10) unsigned NOT NULL AUTO_INCREMENT,
  `cnvEditorHandle` varchar(64) COLLATE utf8_unicode_ci DEFAULT NULL,
  `cnvEditorName` varchar(255) COLLATE utf8_unicode_ci DEFAULT NULL,
  `cnvEditorIsActive` tinyint(1) NOT NULL DEFAULT '0',
  `pkgID` int(10) unsigned NOT NULL DEFAULT '0',
  PRIMARY KEY (`cnvEditorID`),
  KEY `pkgID` (`pkgID`,`cnvEditorHandle`)
) ENGINE=InnoDB AUTO_INCREMENT=4 DEFAULT CHARSET=utf8 COLLATE=utf8_unicode_ci;
/*!40101 SET character_set_client = @saved_cs_client */;

--
-- Dumping data for table `ConversationEditors`
--

LOCK TABLES `ConversationEditors` WRITE;
/*!40000 ALTER TABLE `ConversationEditors` DISABLE KEYS */;
INSERT INTO `ConversationEditors` VALUES (1,'plain_text','Plain Text',0,0),(2,'markdown','Markdown',0,0),(3,'redactor','Redactor',1,0);
/*!40000 ALTER TABLE `ConversationEditors` ENABLE KEYS */;
UNLOCK TABLES;

--
-- Table structure for table `ConversationFeatureDetailAssignments`
--

DROP TABLE IF EXISTS `ConversationFeatureDetailAssignments`;
/*!40101 SET @saved_cs_client     = @@character_set_client */;
/*!40101 SET character_set_client = utf8 */;
CREATE TABLE `ConversationFeatureDetailAssignments` (
  `faID` int(10) unsigned NOT NULL DEFAULT '0',
  `cnvID` int(10) unsigned NOT NULL DEFAULT '0',
  PRIMARY KEY (`faID`),
  KEY `cnvID` (`cnvID`)
) ENGINE=InnoDB DEFAULT CHARSET=utf8 COLLATE=utf8_unicode_ci;
/*!40101 SET character_set_client = @saved_cs_client */;

--
-- Dumping data for table `ConversationFeatureDetailAssignments`
--

LOCK TABLES `ConversationFeatureDetailAssignments` WRITE;
/*!40000 ALTER TABLE `ConversationFeatureDetailAssignments` DISABLE KEYS */;
INSERT INTO `ConversationFeatureDetailAssignments` VALUES (1,1),(3,2),(4,3),(5,4);
/*!40000 ALTER TABLE `ConversationFeatureDetailAssignments` ENABLE KEYS */;
UNLOCK TABLES;

--
-- Table structure for table `ConversationFlaggedMessageTypes`
--

DROP TABLE IF EXISTS `ConversationFlaggedMessageTypes`;
/*!40101 SET @saved_cs_client     = @@character_set_client */;
/*!40101 SET character_set_client = utf8 */;
CREATE TABLE `ConversationFlaggedMessageTypes` (
  `cnvMessageFlagTypeID` int(10) unsigned NOT NULL AUTO_INCREMENT,
  `cnvMessageFlagTypeHandle` varchar(64) COLLATE utf8_unicode_ci DEFAULT NULL,
  PRIMARY KEY (`cnvMessageFlagTypeID`),
  UNIQUE KEY `cnvMessageFlagTypeHandle` (`cnvMessageFlagTypeHandle`)
) ENGINE=InnoDB AUTO_INCREMENT=2 DEFAULT CHARSET=utf8 COLLATE=utf8_unicode_ci;
/*!40101 SET character_set_client = @saved_cs_client */;

--
-- Dumping data for table `ConversationFlaggedMessageTypes`
--

LOCK TABLES `ConversationFlaggedMessageTypes` WRITE;
/*!40000 ALTER TABLE `ConversationFlaggedMessageTypes` DISABLE KEYS */;
INSERT INTO `ConversationFlaggedMessageTypes` VALUES (1,'spam');
/*!40000 ALTER TABLE `ConversationFlaggedMessageTypes` ENABLE KEYS */;
UNLOCK TABLES;

--
-- Table structure for table `ConversationFlaggedMessages`
--

DROP TABLE IF EXISTS `ConversationFlaggedMessages`;
/*!40101 SET @saved_cs_client     = @@character_set_client */;
/*!40101 SET character_set_client = utf8 */;
CREATE TABLE `ConversationFlaggedMessages` (
  `cnvMessageID` int(10) unsigned NOT NULL,
  `cnvMessageFlagTypeID` int(11) DEFAULT NULL,
  PRIMARY KEY (`cnvMessageID`),
  KEY `cnvMessageFlagTypeID` (`cnvMessageFlagTypeID`)
) ENGINE=InnoDB DEFAULT CHARSET=utf8 COLLATE=utf8_unicode_ci;
/*!40101 SET character_set_client = @saved_cs_client */;

--
-- Dumping data for table `ConversationFlaggedMessages`
--

LOCK TABLES `ConversationFlaggedMessages` WRITE;
/*!40000 ALTER TABLE `ConversationFlaggedMessages` DISABLE KEYS */;
/*!40000 ALTER TABLE `ConversationFlaggedMessages` ENABLE KEYS */;
UNLOCK TABLES;

--
-- Table structure for table `ConversationMessageAttachments`
--

DROP TABLE IF EXISTS `ConversationMessageAttachments`;
/*!40101 SET @saved_cs_client     = @@character_set_client */;
/*!40101 SET character_set_client = utf8 */;
CREATE TABLE `ConversationMessageAttachments` (
  `cnvMessageAttachmentID` int(10) unsigned NOT NULL AUTO_INCREMENT,
  `cnvMessageID` int(11) DEFAULT NULL,
  `fID` int(11) DEFAULT NULL,
  PRIMARY KEY (`cnvMessageAttachmentID`),
  KEY `cnvMessageID` (`cnvMessageID`),
  KEY `fID` (`fID`)
) ENGINE=InnoDB DEFAULT CHARSET=utf8 COLLATE=utf8_unicode_ci;
/*!40101 SET character_set_client = @saved_cs_client */;

--
-- Dumping data for table `ConversationMessageAttachments`
--

LOCK TABLES `ConversationMessageAttachments` WRITE;
/*!40000 ALTER TABLE `ConversationMessageAttachments` DISABLE KEYS */;
/*!40000 ALTER TABLE `ConversationMessageAttachments` ENABLE KEYS */;
UNLOCK TABLES;

--
-- Table structure for table `ConversationMessageRatings`
--

DROP TABLE IF EXISTS `ConversationMessageRatings`;
/*!40101 SET @saved_cs_client     = @@character_set_client */;
/*!40101 SET character_set_client = utf8 */;
CREATE TABLE `ConversationMessageRatings` (
  `cnvMessageRatingID` int(10) unsigned NOT NULL AUTO_INCREMENT,
  `cnvMessageID` int(10) unsigned DEFAULT NULL,
  `cnvRatingTypeID` int(10) unsigned NOT NULL DEFAULT '0',
  `cnvMessageRatingIP` tinyblob,
  `timestamp` datetime DEFAULT NULL,
  `uID` int(10) unsigned NOT NULL DEFAULT '0',
  PRIMARY KEY (`cnvMessageRatingID`),
  KEY `cnvMessageID` (`cnvMessageID`,`cnvRatingTypeID`),
  KEY `cnvRatingTypeID` (`cnvRatingTypeID`),
  KEY `uID` (`uID`)
) ENGINE=InnoDB DEFAULT CHARSET=utf8 COLLATE=utf8_unicode_ci;
/*!40101 SET character_set_client = @saved_cs_client */;

--
-- Dumping data for table `ConversationMessageRatings`
--

LOCK TABLES `ConversationMessageRatings` WRITE;
/*!40000 ALTER TABLE `ConversationMessageRatings` DISABLE KEYS */;
/*!40000 ALTER TABLE `ConversationMessageRatings` ENABLE KEYS */;
UNLOCK TABLES;

--
-- Table structure for table `ConversationMessages`
--

DROP TABLE IF EXISTS `ConversationMessages`;
/*!40101 SET @saved_cs_client     = @@character_set_client */;
/*!40101 SET character_set_client = utf8 */;
CREATE TABLE `ConversationMessages` (
  `cnvMessageID` int(10) unsigned NOT NULL AUTO_INCREMENT,
  `cnvID` int(10) unsigned NOT NULL DEFAULT '0',
  `uID` int(10) unsigned NOT NULL DEFAULT '0',
  `cnvEditorID` int(10) unsigned NOT NULL DEFAULT '0',
  `cnvMessageAuthorName` varchar(255) COLLATE utf8_unicode_ci DEFAULT NULL,
  `cnvMessageAuthorEmail` varchar(255) COLLATE utf8_unicode_ci DEFAULT NULL,
  `cnvMessageSubmitIP` tinyblob,
  `cnvMessageSubmitUserAgent` longtext COLLATE utf8_unicode_ci,
  `cnvMessageLevel` int(10) unsigned NOT NULL DEFAULT '0',
  `cnvMessageParentID` int(10) unsigned NOT NULL DEFAULT '0',
  `cnvMessageDateCreated` datetime DEFAULT NULL,
  `cnvMessageSubject` text COLLATE utf8_unicode_ci,
  `cnvMessageBody` text COLLATE utf8_unicode_ci,
  `cnvIsMessageDeleted` tinyint(1) NOT NULL DEFAULT '0',
  `cnvIsMessageApproved` tinyint(1) NOT NULL DEFAULT '0',
  `cnvMessageTotalRatingScore` bigint(20) DEFAULT '0',
  `cnvMessageAuthorWebsite` varchar(255) COLLATE utf8_unicode_ci DEFAULT NULL,
  PRIMARY KEY (`cnvMessageID`),
  KEY `cnvID` (`cnvID`),
  KEY `cnvMessageParentID` (`cnvMessageParentID`),
  KEY `uID` (`uID`)
) ENGINE=InnoDB DEFAULT CHARSET=utf8 COLLATE=utf8_unicode_ci;
/*!40101 SET character_set_client = @saved_cs_client */;

--
-- Dumping data for table `ConversationMessages`
--

LOCK TABLES `ConversationMessages` WRITE;
/*!40000 ALTER TABLE `ConversationMessages` DISABLE KEYS */;
/*!40000 ALTER TABLE `ConversationMessages` ENABLE KEYS */;
UNLOCK TABLES;

--
-- Table structure for table `ConversationPermissionAddMessageAccessList`
--

DROP TABLE IF EXISTS `ConversationPermissionAddMessageAccessList`;
/*!40101 SET @saved_cs_client     = @@character_set_client */;
/*!40101 SET character_set_client = utf8 */;
CREATE TABLE `ConversationPermissionAddMessageAccessList` (
  `paID` int(10) unsigned NOT NULL DEFAULT '0',
  `peID` int(10) unsigned NOT NULL DEFAULT '0',
  `permission` varchar(1) COLLATE utf8_unicode_ci NOT NULL DEFAULT 'A',
  PRIMARY KEY (`paID`,`peID`),
  KEY `peID` (`peID`)
) ENGINE=InnoDB DEFAULT CHARSET=utf8 COLLATE=utf8_unicode_ci;
/*!40101 SET character_set_client = @saved_cs_client */;

--
-- Dumping data for table `ConversationPermissionAddMessageAccessList`
--

LOCK TABLES `ConversationPermissionAddMessageAccessList` WRITE;
/*!40000 ALTER TABLE `ConversationPermissionAddMessageAccessList` DISABLE KEYS */;
/*!40000 ALTER TABLE `ConversationPermissionAddMessageAccessList` ENABLE KEYS */;
UNLOCK TABLES;

--
-- Table structure for table `ConversationPermissionAssignments`
--

DROP TABLE IF EXISTS `ConversationPermissionAssignments`;
/*!40101 SET @saved_cs_client     = @@character_set_client */;
/*!40101 SET character_set_client = utf8 */;
CREATE TABLE `ConversationPermissionAssignments` (
  `cnvID` int(10) unsigned NOT NULL DEFAULT '0',
  `pkID` int(10) unsigned NOT NULL DEFAULT '0',
  `paID` int(10) unsigned NOT NULL DEFAULT '0',
  PRIMARY KEY (`cnvID`,`pkID`,`paID`),
  KEY `paID` (`paID`),
  KEY `pkID` (`pkID`)
) ENGINE=InnoDB DEFAULT CHARSET=utf8 COLLATE=utf8_unicode_ci;
/*!40101 SET character_set_client = @saved_cs_client */;

--
-- Dumping data for table `ConversationPermissionAssignments`
--

LOCK TABLES `ConversationPermissionAssignments` WRITE;
/*!40000 ALTER TABLE `ConversationPermissionAssignments` DISABLE KEYS */;
INSERT INTO `ConversationPermissionAssignments` VALUES (0,66,72),(0,67,73),(0,70,74),(0,69,75),(0,71,76),(0,68,77),(0,72,78),(0,73,79);
/*!40000 ALTER TABLE `ConversationPermissionAssignments` ENABLE KEYS */;
UNLOCK TABLES;

--
-- Table structure for table `ConversationRatingTypes`
--

DROP TABLE IF EXISTS `ConversationRatingTypes`;
/*!40101 SET @saved_cs_client     = @@character_set_client */;
/*!40101 SET character_set_client = utf8 */;
CREATE TABLE `ConversationRatingTypes` (
  `cnvRatingTypeID` int(10) unsigned NOT NULL AUTO_INCREMENT,
  `cnvRatingTypeHandle` varchar(255) COLLATE utf8_unicode_ci DEFAULT NULL,
  `cnvRatingTypeName` varchar(10) COLLATE utf8_unicode_ci DEFAULT NULL,
  `cnvRatingTypeCommunityPoints` int(11) DEFAULT NULL,
  `pkgID` int(10) unsigned NOT NULL DEFAULT '0',
  PRIMARY KEY (`cnvRatingTypeID`),
  UNIQUE KEY `cnvRatingTypeHandle` (`cnvRatingTypeHandle`),
  KEY `pkgID` (`pkgID`,`cnvRatingTypeHandle`)
) ENGINE=InnoDB AUTO_INCREMENT=3 DEFAULT CHARSET=utf8 COLLATE=utf8_unicode_ci;
/*!40101 SET character_set_client = @saved_cs_client */;

--
-- Dumping data for table `ConversationRatingTypes`
--

LOCK TABLES `ConversationRatingTypes` WRITE;
/*!40000 ALTER TABLE `ConversationRatingTypes` DISABLE KEYS */;
INSERT INTO `ConversationRatingTypes` VALUES (1,'up_vote','Up Vote',1,0),(2,'down_vote','Down Vote',0,0);
/*!40000 ALTER TABLE `ConversationRatingTypes` ENABLE KEYS */;
UNLOCK TABLES;

--
-- Table structure for table `ConversationSubscriptions`
--

DROP TABLE IF EXISTS `ConversationSubscriptions`;
/*!40101 SET @saved_cs_client     = @@character_set_client */;
/*!40101 SET character_set_client = utf8 */;
CREATE TABLE `ConversationSubscriptions` (
  `cnvID` int(10) unsigned NOT NULL DEFAULT '0',
  `uID` int(10) unsigned NOT NULL DEFAULT '0',
  `type` varchar(1) COLLATE utf8_unicode_ci DEFAULT 'S',
  PRIMARY KEY (`cnvID`,`uID`),
  KEY `cnvID` (`cnvID`),
  KEY `uID` (`uID`)
) ENGINE=InnoDB DEFAULT CHARSET=utf8 COLLATE=utf8_unicode_ci;
/*!40101 SET character_set_client = @saved_cs_client */;

--
-- Dumping data for table `ConversationSubscriptions`
--

LOCK TABLES `ConversationSubscriptions` WRITE;
/*!40000 ALTER TABLE `ConversationSubscriptions` DISABLE KEYS */;
INSERT INTO `ConversationSubscriptions` VALUES (0,1,'S');
/*!40000 ALTER TABLE `ConversationSubscriptions` ENABLE KEYS */;
UNLOCK TABLES;

--
-- Table structure for table `Conversations`
--

DROP TABLE IF EXISTS `Conversations`;
/*!40101 SET @saved_cs_client     = @@character_set_client */;
/*!40101 SET character_set_client = utf8 */;
CREATE TABLE `Conversations` (
  `cnvID` int(10) unsigned NOT NULL AUTO_INCREMENT,
  `cID` int(10) unsigned DEFAULT '0',
  `cnvDateCreated` datetime NOT NULL,
  `cnvDateLastMessage` datetime DEFAULT NULL,
  `cnvParentMessageID` int(10) unsigned DEFAULT '0',
  `cnvAttachmentsEnabled` tinyint(1) NOT NULL DEFAULT '1',
  `cnvMessagesTotal` int(10) unsigned DEFAULT '0',
  `cnvOverrideGlobalPermissions` tinyint(1) DEFAULT '0',
  `cnvAttachmentOverridesEnabled` tinyint(1) NOT NULL DEFAULT '0',
  `cnvMaxFilesGuest` int(11) DEFAULT '0',
  `cnvMaxFilesRegistered` int(11) DEFAULT '0',
  `cnvMaxFileSizeGuest` int(11) DEFAULT '0',
  `cnvMaxFileSizeRegistered` int(11) DEFAULT '0',
  `cnvFileExtensions` text COLLATE utf8_unicode_ci,
  `cnvNotificationOverridesEnabled` tinyint(1) NOT NULL DEFAULT '0',
  `cnvEnableSubscription` tinyint(1) DEFAULT '0',
  PRIMARY KEY (`cnvID`),
  KEY `cID` (`cID`),
  KEY `cnvParentMessageID` (`cnvParentMessageID`)
) ENGINE=InnoDB AUTO_INCREMENT=5 DEFAULT CHARSET=utf8 COLLATE=utf8_unicode_ci;
/*!40101 SET character_set_client = @saved_cs_client */;

--
-- Dumping data for table `Conversations`
--

LOCK TABLES `Conversations` WRITE;
/*!40000 ALTER TABLE `Conversations` DISABLE KEYS */;
INSERT INTO `Conversations` VALUES (1,168,'2015-03-02 22:21:36','2015-03-02 22:21:36',0,1,0,0,0,0,0,0,0,NULL,0,0),(2,169,'2015-03-02 22:21:53','2015-03-02 22:21:53',0,1,0,0,0,0,0,0,0,NULL,0,0),(3,170,'2015-03-02 22:21:55','2015-03-02 22:21:55',0,1,0,0,0,0,0,0,0,NULL,0,0),(4,171,'2015-03-02 22:21:55','2015-03-02 22:21:55',0,1,0,0,0,0,0,0,0,NULL,0,0);
/*!40000 ALTER TABLE `Conversations` ENABLE KEYS */;
UNLOCK TABLES;

--
-- Table structure for table `DownloadStatistics`
--

DROP TABLE IF EXISTS `DownloadStatistics`;
/*!40101 SET @saved_cs_client     = @@character_set_client */;
/*!40101 SET character_set_client = utf8 */;
CREATE TABLE `DownloadStatistics` (
  `dsID` int(10) unsigned NOT NULL AUTO_INCREMENT,
  `fID` int(10) unsigned NOT NULL,
  `fvID` int(10) unsigned NOT NULL,
  `uID` int(10) unsigned NOT NULL,
  `rcID` int(10) unsigned NOT NULL,
  `timestamp` timestamp NOT NULL DEFAULT CURRENT_TIMESTAMP,
  PRIMARY KEY (`dsID`),
  KEY `fID` (`fID`,`timestamp`),
  KEY `fvID` (`fID`,`fvID`),
  KEY `uID` (`uID`),
  KEY `rcID` (`rcID`),
  KEY `timestamp` (`timestamp`)
) ENGINE=InnoDB AUTO_INCREMENT=1796 DEFAULT CHARSET=utf8 COLLATE=utf8_unicode_ci;
/*!40101 SET character_set_client = @saved_cs_client */;

--
-- Dumping data for table `DownloadStatistics`
--

LOCK TABLES `DownloadStatistics` WRITE;
/*!40000 ALTER TABLE `DownloadStatistics` DISABLE KEYS */;
INSERT INTO `DownloadStatistics` VALUES (1,35,1,1,0,'2015-04-30 14:52:34'),(2,34,1,1,0,'2015-04-30 14:53:08'),(3,34,1,1,1,'2015-04-30 14:53:26'),(4,35,1,1,1,'2015-04-30 14:53:26'),(5,35,1,1,1,'2015-04-30 14:54:05'),(6,34,1,1,1,'2015-04-30 14:54:06'),(7,35,1,1,1,'2015-04-30 15:05:39'),(8,34,1,1,1,'2015-04-30 15:05:42'),(9,35,1,1,1,'2015-04-30 15:06:14'),(10,34,1,1,1,'2015-04-30 15:06:19'),(11,35,1,1,1,'2015-04-30 15:33:35'),(12,34,1,1,1,'2015-04-30 15:33:36'),(13,35,1,1,1,'2015-04-30 15:34:12'),(14,34,1,1,1,'2015-04-30 15:34:20'),(15,34,1,1,1,'2015-04-30 15:34:25'),(16,35,1,1,1,'2015-04-30 15:34:29'),(17,34,1,1,1,'2015-04-30 15:34:31'),(18,35,1,1,1,'2015-04-30 15:34:33'),(19,37,1,1,1,'2015-04-30 15:38:51'),(20,36,1,1,1,'2015-04-30 15:38:52'),(21,35,1,1,0,'2015-04-30 15:39:30'),(22,37,1,1,0,'2015-04-30 15:39:31'),(23,36,1,1,0,'2015-04-30 15:39:32'),(24,34,1,1,1,'2015-04-30 15:40:11'),(25,36,1,1,1,'2015-04-30 15:40:13'),(26,35,1,1,1,'2015-04-30 15:40:13'),(27,37,1,1,1,'2015-04-30 15:40:14'),(28,36,1,1,1,'2015-04-30 15:40:25'),(29,34,1,1,1,'2015-04-30 15:40:25'),(30,37,1,1,1,'2015-04-30 15:40:26'),(31,35,1,1,1,'2015-04-30 15:40:27'),(32,35,1,1,1,'2015-04-30 15:41:11'),(33,36,1,1,1,'2015-04-30 15:41:12'),(34,37,1,1,1,'2015-04-30 15:41:13'),(35,34,1,1,1,'2015-04-30 15:41:13'),(36,36,1,1,1,'2015-04-30 15:42:45'),(37,37,1,1,1,'2015-04-30 15:42:46'),(38,35,1,1,1,'2015-04-30 15:42:47'),(39,34,1,1,1,'2015-04-30 15:42:48'),(40,36,1,1,1,'2015-04-30 15:43:31'),(41,34,1,1,1,'2015-04-30 15:43:33'),(42,37,1,1,1,'2015-04-30 15:43:34'),(43,35,1,1,1,'2015-04-30 15:43:34'),(44,34,1,1,1,'2015-04-30 15:48:08'),(45,36,1,1,1,'2015-04-30 15:48:09'),(46,37,1,1,1,'2015-04-30 15:48:10'),(47,35,1,1,1,'2015-04-30 15:48:12'),(48,34,1,1,1,'2015-04-30 15:56:40'),(49,35,1,1,1,'2015-04-30 15:56:40'),(50,37,1,1,1,'2015-04-30 15:56:41'),(51,36,1,1,1,'2015-04-30 15:56:41'),(52,36,1,1,0,'2015-04-30 15:59:24'),(53,35,1,1,0,'2015-04-30 15:59:25'),(54,35,1,1,1,'2015-04-30 16:02:12'),(55,34,1,1,1,'2015-04-30 16:02:13'),(56,36,1,1,1,'2015-04-30 16:02:13'),(57,37,1,1,1,'2015-04-30 16:02:15'),(58,34,1,1,1,'2015-04-30 16:02:25'),(59,35,1,1,1,'2015-04-30 16:02:27'),(60,37,1,1,1,'2015-04-30 16:02:27'),(61,36,1,1,1,'2015-04-30 16:02:28'),(62,34,1,1,0,'2015-04-30 16:02:54'),(63,37,1,1,0,'2015-04-30 16:02:54'),(64,36,1,1,0,'2015-04-30 16:02:55'),(65,34,1,1,1,'2015-04-30 16:11:06'),(66,36,1,1,1,'2015-04-30 16:11:08'),(67,37,1,1,1,'2015-04-30 16:11:09'),(68,35,1,1,1,'2015-04-30 16:11:10'),(69,37,1,1,1,'2015-04-30 16:12:21'),(70,34,1,1,1,'2015-04-30 16:12:21'),(71,36,1,1,1,'2015-04-30 16:12:22'),(72,35,1,1,1,'2015-04-30 16:12:25'),(73,34,1,1,1,'2015-04-30 16:15:33'),(74,37,1,1,1,'2015-04-30 16:15:33'),(75,36,1,1,1,'2015-04-30 16:15:34'),(76,35,1,1,1,'2015-04-30 16:15:34'),(77,34,1,1,1,'2015-04-30 16:15:42'),(78,37,1,1,1,'2015-04-30 16:15:42'),(79,36,1,1,1,'2015-04-30 16:15:43'),(80,35,1,1,1,'2015-04-30 16:15:43'),(81,36,1,1,0,'2015-04-30 16:15:55'),(82,35,1,1,1,'2015-04-30 16:17:05'),(83,37,1,1,1,'2015-04-30 16:17:06'),(84,34,1,1,1,'2015-04-30 16:17:06'),(85,36,1,1,1,'2015-04-30 16:17:07'),(86,34,1,1,1,'2015-04-30 16:18:48'),(87,35,1,1,1,'2015-04-30 16:18:49'),(88,37,1,1,1,'2015-04-30 16:18:50'),(89,36,1,1,1,'2015-04-30 16:18:50'),(90,37,1,1,1,'2015-04-30 16:22:22'),(91,34,1,1,1,'2015-04-30 16:22:22'),(92,36,1,1,1,'2015-04-30 16:22:23'),(93,35,1,1,1,'2015-04-30 16:22:24'),(94,36,1,1,1,'2015-04-30 16:22:36'),(95,37,1,1,1,'2015-04-30 16:22:37'),(96,34,1,1,1,'2015-04-30 16:22:38'),(97,35,1,1,1,'2015-04-30 16:22:38'),(98,36,1,1,186,'2015-04-30 16:24:31'),(99,36,1,1,186,'2015-04-30 16:25:34'),(100,36,1,1,186,'2015-04-30 16:26:53'),(101,36,1,1,0,'2015-04-30 16:27:53'),(102,36,1,1,186,'2015-04-30 16:29:23'),(103,36,1,1,186,'2015-04-30 16:31:27'),(104,37,1,1,1,'2015-04-30 16:32:18'),(105,34,1,1,1,'2015-04-30 16:32:20'),(106,35,1,1,1,'2015-04-30 16:32:20'),(107,36,1,1,1,'2015-04-30 16:32:22'),(108,36,1,1,0,'2015-04-30 16:34:06'),(109,36,1,1,0,'2015-04-30 16:35:22'),(110,36,1,1,0,'2015-04-30 16:35:58'),(111,36,1,1,0,'2015-04-30 16:36:17'),(112,36,1,1,0,'2015-04-30 16:36:49'),(113,36,1,1,0,'2015-04-30 16:38:22'),(114,36,1,1,0,'2015-04-30 16:38:27'),(115,36,1,1,0,'2015-04-30 16:39:10'),(116,36,1,1,0,'2015-04-30 16:39:21'),(117,36,1,1,0,'2015-04-30 16:40:07'),(118,36,1,1,0,'2015-04-30 16:40:45'),(119,36,1,1,0,'2015-04-30 16:40:55'),(120,36,1,1,0,'2015-04-30 16:41:09'),(121,36,1,1,0,'2015-04-30 16:42:12'),(122,36,1,1,0,'2015-04-30 16:42:23'),(123,36,1,1,0,'2015-04-30 16:42:27'),(124,36,1,1,0,'2015-04-30 16:42:31'),(125,36,1,1,0,'2015-04-30 16:42:41'),(126,36,1,1,0,'2015-04-30 16:42:48'),(127,34,1,1,1,'2015-04-30 16:43:27'),(128,36,1,1,1,'2015-04-30 16:43:29'),(129,37,1,1,1,'2015-04-30 16:43:30'),(130,35,1,1,1,'2015-04-30 16:43:31'),(131,36,1,1,1,'2015-04-30 16:44:35'),(132,37,1,1,1,'2015-04-30 16:44:36'),(133,34,1,1,1,'2015-04-30 16:44:37'),(134,35,1,1,1,'2015-04-30 16:44:38'),(135,34,1,1,1,'2015-04-30 16:44:56'),(136,37,1,1,1,'2015-04-30 16:44:57'),(137,36,1,1,1,'2015-04-30 16:44:57'),(138,35,1,1,1,'2015-04-30 16:44:58'),(139,36,1,1,0,'2015-04-30 16:45:10'),(140,37,1,1,1,'2015-04-30 16:46:19'),(141,36,1,1,1,'2015-04-30 16:46:19'),(142,35,1,1,1,'2015-04-30 16:46:20'),(143,34,1,1,1,'2015-04-30 16:46:21'),(144,37,1,1,1,'2015-04-30 16:50:58'),(145,34,1,1,1,'2015-04-30 16:50:59'),(146,35,1,1,1,'2015-04-30 16:50:59'),(147,36,1,1,1,'2015-04-30 16:51:00'),(148,34,1,1,1,'2015-04-30 16:51:45'),(149,37,1,1,1,'2015-04-30 16:51:45'),(150,35,1,1,1,'2015-04-30 16:51:46'),(151,36,1,1,1,'2015-04-30 16:51:47'),(152,36,1,1,0,'2015-04-30 16:53:32'),(153,36,1,1,0,'2015-04-30 16:54:10'),(154,34,1,1,1,'2015-04-30 16:55:15'),(155,37,1,1,1,'2015-04-30 16:55:15'),(156,36,1,1,1,'2015-04-30 16:55:16'),(157,35,1,1,1,'2015-04-30 16:55:17'),(158,34,1,1,1,'2015-04-30 16:57:01'),(159,35,1,1,1,'2015-04-30 16:57:03'),(160,37,1,1,1,'2015-04-30 16:57:04'),(161,36,1,1,1,'2015-04-30 16:57:06'),(162,36,1,1,0,'2015-04-30 16:57:15'),(163,36,1,1,0,'2015-04-30 17:00:29'),(164,36,1,1,186,'2015-04-30 17:00:37'),(165,34,1,1,1,'2015-04-30 17:12:49'),(166,35,1,1,1,'2015-04-30 17:12:50'),(167,36,1,1,1,'2015-04-30 17:12:52'),(168,37,1,1,1,'2015-04-30 17:12:53'),(169,36,1,1,186,'2015-04-30 17:13:12'),(170,36,1,1,186,'2015-04-30 17:13:48'),(171,36,1,1,0,'2015-04-30 17:14:01'),(172,36,1,1,186,'2015-04-30 17:15:08'),(173,37,1,1,1,'2015-04-30 17:15:22'),(174,34,1,1,1,'2015-04-30 17:15:23'),(175,35,1,1,1,'2015-04-30 17:15:24'),(176,36,1,1,1,'2015-04-30 17:15:24'),(177,36,1,1,186,'2015-04-30 17:15:29'),(178,34,1,1,1,'2015-04-30 17:15:44'),(179,37,1,1,1,'2015-04-30 17:15:45'),(180,36,1,1,1,'2015-04-30 17:15:46'),(181,35,1,1,1,'2015-04-30 17:15:47'),(182,36,1,1,0,'2015-04-30 17:15:48'),(183,36,1,1,0,'2015-04-30 17:16:46'),(184,36,1,1,0,'2015-04-30 17:17:04'),(185,36,1,1,0,'2015-04-30 17:18:25'),(186,36,1,1,0,'2015-04-30 17:18:37'),(187,36,1,1,0,'2015-04-30 17:19:33'),(188,36,1,1,0,'2015-04-30 17:19:37'),(189,36,1,1,0,'2015-04-30 17:19:59'),(190,36,1,1,0,'2015-04-30 17:20:32'),(191,36,1,1,0,'2015-04-30 17:20:38'),(192,36,1,1,0,'2015-04-30 17:21:10'),(193,36,1,1,0,'2015-04-30 17:21:42'),(194,36,1,1,0,'2015-04-30 17:22:02'),(195,36,1,1,0,'2015-04-30 17:22:08'),(196,36,1,1,0,'2015-04-30 17:22:20'),(197,36,1,1,0,'2015-04-30 17:22:30'),(198,36,1,1,0,'2015-04-30 17:22:37'),(199,36,1,1,0,'2015-04-30 17:23:04'),(200,36,1,1,0,'2015-04-30 17:23:31'),(201,36,1,1,0,'2015-04-30 17:23:48'),(202,36,1,1,0,'2015-04-30 17:23:57'),(203,36,1,1,0,'2015-04-30 17:24:03'),(204,36,1,1,0,'2015-04-30 17:24:29'),(205,36,1,1,0,'2015-04-30 17:25:05'),(206,36,1,1,0,'2015-04-30 17:25:27'),(207,36,1,1,0,'2015-04-30 17:25:47'),(208,36,1,1,0,'2015-04-30 17:25:53'),(209,36,1,1,0,'2015-04-30 17:26:05'),(210,36,1,1,0,'2015-04-30 17:26:17'),(211,36,1,1,0,'2015-04-30 17:26:23'),(212,36,1,1,0,'2015-04-30 17:26:37'),(213,36,1,1,186,'2015-04-30 17:26:55'),(214,36,1,1,0,'2015-04-30 17:27:09'),(215,36,1,1,186,'2015-04-30 17:27:58'),(216,34,1,1,1,'2015-04-30 17:32:39'),(217,37,1,1,1,'2015-04-30 17:32:40'),(218,36,1,1,1,'2015-04-30 17:32:41'),(219,35,1,1,1,'2015-04-30 17:32:41'),(220,36,1,1,0,'2015-04-30 17:33:11'),(221,36,1,1,1,'2015-04-30 17:33:12'),(222,34,1,1,1,'2015-04-30 17:33:12'),(223,37,1,1,1,'2015-04-30 17:33:14'),(224,35,1,1,1,'2015-04-30 17:33:14'),(225,36,1,1,0,'2015-04-30 17:33:15'),(226,36,1,1,0,'2015-04-30 17:33:22'),(227,36,1,1,0,'2015-04-30 17:33:43'),(228,36,1,1,0,'2015-04-30 17:33:53'),(229,36,1,1,0,'2015-04-30 17:33:57'),(230,37,1,1,1,'2015-04-30 17:34:20'),(231,34,1,1,1,'2015-04-30 17:34:21'),(232,36,1,1,1,'2015-04-30 17:34:21'),(233,35,1,1,1,'2015-04-30 17:34:22'),(234,36,1,1,0,'2015-04-30 17:34:35'),(235,36,1,1,0,'2015-04-30 17:35:13'),(236,36,1,1,0,'2015-04-30 17:35:15'),(237,36,1,1,0,'2015-04-30 17:35:18'),(238,36,1,1,0,'2015-04-30 17:35:22'),(239,36,1,1,0,'2015-04-30 17:35:24'),(240,36,1,1,0,'2015-04-30 17:35:43'),(241,36,1,1,0,'2015-04-30 17:35:46'),(242,36,1,1,0,'2015-04-30 17:35:53'),(243,36,1,1,0,'2015-04-30 17:35:56'),(244,36,1,1,0,'2015-04-30 17:36:02'),(245,36,1,1,0,'2015-04-30 17:36:02'),(246,36,1,1,0,'2015-04-30 17:36:44'),(247,36,1,1,0,'2015-04-30 17:36:49'),(248,36,1,1,0,'2015-04-30 17:36:51'),(249,36,1,1,0,'2015-04-30 17:36:53'),(250,36,1,1,0,'2015-04-30 17:37:04'),(251,36,1,1,0,'2015-04-30 17:37:08'),(252,36,1,1,0,'2015-04-30 17:37:17'),(253,36,1,1,0,'2015-04-30 17:37:18'),(254,36,1,1,186,'2015-04-30 17:37:26'),(255,36,1,1,1,'2015-04-30 17:37:43'),(256,34,1,1,1,'2015-04-30 17:37:44'),(257,37,1,1,1,'2015-04-30 17:37:44'),(258,35,1,1,1,'2015-04-30 17:37:45'),(259,34,1,1,1,'2015-04-30 17:37:51'),(260,35,1,1,1,'2015-04-30 17:37:52'),(261,36,1,1,1,'2015-04-30 17:37:53'),(262,37,1,1,1,'2015-04-30 17:37:53'),(263,36,1,1,0,'2015-04-30 17:37:59'),(264,36,1,1,0,'2015-04-30 17:40:24'),(265,36,1,1,0,'2015-04-30 17:40:42'),(266,36,1,1,0,'2015-04-30 17:40:43'),(267,36,1,1,0,'2015-04-30 17:40:47'),(268,34,1,1,1,'2015-04-30 17:40:50'),(269,37,1,1,1,'2015-04-30 17:40:50'),(270,36,1,1,1,'2015-04-30 17:40:51'),(271,35,1,1,1,'2015-04-30 17:40:51'),(272,36,1,1,0,'2015-04-30 17:41:17'),(273,36,1,1,0,'2015-04-30 17:41:20'),(274,34,1,1,1,'2015-04-30 17:41:22'),(275,37,1,1,1,'2015-04-30 17:41:23'),(276,36,1,1,1,'2015-04-30 17:41:23'),(277,35,1,1,1,'2015-04-30 17:41:24'),(278,37,1,1,1,'2015-04-30 17:43:12'),(279,34,1,1,1,'2015-04-30 17:43:12'),(280,35,1,1,1,'2015-04-30 17:43:13'),(281,36,1,1,1,'2015-04-30 17:43:13'),(282,34,1,1,1,'2015-04-30 17:44:46'),(283,36,1,1,1,'2015-04-30 17:44:49'),(284,37,1,1,1,'2015-04-30 17:44:50'),(285,35,1,1,1,'2015-04-30 17:44:51'),(286,34,1,1,1,'2015-04-30 17:45:28'),(287,37,1,1,1,'2015-04-30 17:45:29'),(288,35,1,1,1,'2015-04-30 17:45:30'),(289,36,1,1,1,'2015-04-30 17:45:31'),(290,34,1,1,1,'2015-04-30 17:47:44'),(291,36,1,1,1,'2015-04-30 17:47:45'),(292,37,1,1,1,'2015-04-30 17:47:46'),(293,35,1,1,1,'2015-04-30 17:47:47'),(294,34,1,1,1,'2015-04-30 17:51:46'),(295,37,1,1,1,'2015-04-30 17:51:47'),(296,36,1,1,1,'2015-04-30 17:51:48'),(297,35,1,1,1,'2015-04-30 17:51:49'),(298,34,1,1,1,'2015-04-30 17:52:33'),(299,37,1,1,1,'2015-04-30 17:52:34'),(300,36,1,1,1,'2015-04-30 17:52:35'),(301,35,1,1,1,'2015-04-30 17:52:35'),(302,34,1,1,1,'2015-04-30 17:52:46'),(303,36,1,1,1,'2015-04-30 17:52:47'),(304,37,1,1,1,'2015-04-30 17:52:48'),(305,35,1,1,1,'2015-04-30 17:52:48'),(306,34,1,1,1,'2015-04-30 17:55:07'),(307,35,1,1,1,'2015-04-30 17:55:08'),(308,37,1,1,1,'2015-04-30 17:55:09'),(309,36,1,1,1,'2015-04-30 17:55:10'),(310,34,1,1,1,'2015-04-30 17:58:31'),(311,35,1,1,1,'2015-04-30 17:58:32'),(312,36,1,1,1,'2015-04-30 17:58:33'),(313,37,1,1,1,'2015-04-30 17:58:34'),(314,34,1,1,1,'2015-04-30 18:02:29'),(315,37,1,1,1,'2015-04-30 18:02:30'),(316,36,1,1,1,'2015-04-30 18:02:31'),(317,35,1,1,1,'2015-04-30 18:02:31'),(318,37,1,1,1,'2015-04-30 18:04:40'),(319,34,1,1,1,'2015-04-30 18:04:40'),(320,36,1,1,1,'2015-04-30 18:04:41'),(321,35,1,1,1,'2015-04-30 18:04:42'),(322,35,1,1,1,'2015-04-30 18:05:23'),(323,34,1,1,1,'2015-04-30 18:05:24'),(324,36,1,1,1,'2015-04-30 18:05:25'),(325,37,1,1,1,'2015-04-30 18:05:25'),(326,37,1,1,1,'2015-04-30 18:07:53'),(327,35,1,1,1,'2015-04-30 18:07:53'),(328,34,1,1,1,'2015-04-30 18:07:54'),(329,36,1,1,1,'2015-04-30 18:07:55'),(330,36,1,1,1,'2015-04-30 18:08:24'),(331,34,1,1,1,'2015-04-30 18:08:24'),(332,37,1,1,1,'2015-04-30 18:08:25'),(333,35,1,1,1,'2015-04-30 18:08:26'),(334,36,1,1,1,'2015-04-30 18:08:54'),(335,37,1,1,1,'2015-04-30 18:08:55'),(336,34,1,1,1,'2015-04-30 18:08:55'),(337,35,1,1,1,'2015-04-30 18:08:56'),(338,36,1,1,0,'2015-04-30 18:09:37'),(339,36,1,1,0,'2015-04-30 18:09:42'),(340,36,1,1,1,'2015-04-30 18:09:54'),(341,34,1,1,1,'2015-04-30 18:09:54'),(342,37,1,1,1,'2015-04-30 18:09:55'),(343,35,1,1,1,'2015-04-30 18:09:56'),(344,36,1,1,0,'2015-04-30 18:10:07'),(345,35,1,1,1,'2015-04-30 18:10:15'),(346,37,1,1,1,'2015-04-30 18:10:16'),(347,36,1,1,1,'2015-04-30 18:10:17'),(348,34,1,1,1,'2015-04-30 18:10:18'),(349,36,1,1,0,'2015-04-30 18:11:19'),(350,36,1,1,0,'2015-04-30 18:11:23'),(351,36,1,1,0,'2015-04-30 18:11:25'),(352,37,1,1,1,'2015-04-30 18:12:02'),(353,36,1,1,1,'2015-04-30 18:12:03'),(354,34,1,1,1,'2015-04-30 18:12:03'),(355,35,1,1,1,'2015-04-30 18:12:04'),(356,36,1,1,0,'2015-04-30 18:13:22'),(357,36,1,1,0,'2015-04-30 18:13:22'),(358,36,1,1,0,'2015-04-30 18:13:27'),(359,36,1,1,0,'2015-04-30 18:13:28'),(360,36,1,1,0,'2015-04-30 18:13:30'),(361,36,1,1,0,'2015-04-30 18:13:34'),(362,36,1,1,0,'2015-04-30 18:13:36'),(363,36,1,1,0,'2015-04-30 18:13:40'),(364,34,1,1,1,'2015-04-30 18:13:51'),(365,37,1,1,1,'2015-04-30 18:13:51'),(366,36,1,1,1,'2015-04-30 18:13:52'),(367,35,1,1,1,'2015-04-30 18:13:52'),(368,36,1,1,0,'2015-04-30 18:14:20'),(369,34,1,1,1,'2015-04-30 18:14:24'),(370,37,1,1,1,'2015-04-30 18:14:25'),(371,36,1,1,1,'2015-04-30 18:14:25'),(372,35,1,1,1,'2015-04-30 18:14:26'),(373,36,1,1,0,'2015-04-30 18:15:55'),(374,37,1,1,1,'2015-04-30 18:15:57'),(375,36,1,1,1,'2015-04-30 18:15:58'),(376,34,1,1,1,'2015-04-30 18:15:59'),(377,35,1,1,1,'2015-04-30 18:16:00'),(378,36,1,1,0,'2015-04-30 18:16:00'),(379,34,1,1,1,'2015-04-30 18:16:04'),(380,36,1,1,1,'2015-04-30 18:16:04'),(381,37,1,1,1,'2015-04-30 18:16:05'),(382,35,1,1,1,'2015-04-30 18:16:06'),(383,36,1,1,0,'2015-04-30 18:17:12'),(384,36,1,1,0,'2015-04-30 18:17:19'),(385,36,1,1,0,'2015-04-30 18:17:21'),(386,36,1,1,0,'2015-04-30 18:17:22'),(387,36,1,1,0,'2015-04-30 18:17:23'),(388,37,1,1,1,'2015-04-30 18:17:27'),(389,35,1,1,1,'2015-04-30 18:17:27'),(390,36,1,1,1,'2015-04-30 18:17:28'),(391,34,1,1,1,'2015-04-30 18:17:28'),(392,36,1,1,0,'2015-04-30 18:17:34'),(393,36,1,1,0,'2015-04-30 18:17:37'),(394,36,1,1,0,'2015-04-30 18:17:39'),(395,36,1,1,0,'2015-04-30 18:17:41'),(396,37,1,1,1,'2015-04-30 18:17:43'),(397,34,1,1,1,'2015-04-30 18:17:44'),(398,36,1,1,1,'2015-04-30 18:17:45'),(399,35,1,1,1,'2015-04-30 18:17:46'),(400,36,1,1,0,'2015-04-30 18:17:47'),(401,36,1,1,0,'2015-04-30 18:17:51'),(402,36,1,1,0,'2015-04-30 18:17:56'),(403,36,1,1,0,'2015-04-30 18:17:57'),(404,36,1,1,0,'2015-04-30 18:17:59'),(405,36,1,1,0,'2015-04-30 18:17:59'),(406,37,1,1,1,'2015-04-30 18:18:03'),(407,34,1,1,1,'2015-04-30 18:18:03'),(408,36,1,1,1,'2015-04-30 18:18:04'),(409,35,1,1,1,'2015-04-30 18:18:04'),(410,34,1,1,1,'2015-04-30 18:18:45'),(411,37,1,1,1,'2015-04-30 18:18:46'),(412,36,1,1,1,'2015-04-30 18:18:46'),(413,35,1,1,1,'2015-04-30 18:18:47'),(414,36,1,1,0,'2015-04-30 18:19:38'),(415,36,1,1,0,'2015-04-30 18:19:41'),(416,37,1,1,1,'2015-04-30 18:19:43'),(417,34,1,1,1,'2015-04-30 18:19:43'),(418,36,1,1,1,'2015-04-30 18:19:44'),(419,35,1,1,1,'2015-04-30 18:19:45'),(420,36,1,1,1,'2015-04-30 18:19:59'),(421,34,1,1,1,'2015-04-30 18:20:00'),(422,37,1,1,1,'2015-04-30 18:20:01'),(423,35,1,1,1,'2015-04-30 18:20:01'),(424,36,1,1,0,'2015-04-30 18:24:38'),(425,34,1,1,1,'2015-04-30 18:24:42'),(426,36,1,1,1,'2015-04-30 18:24:43'),(427,35,1,1,1,'2015-04-30 18:24:43'),(428,37,1,1,1,'2015-04-30 18:24:44'),(429,37,1,1,1,'2015-04-30 18:26:47'),(430,36,1,1,1,'2015-04-30 18:26:47'),(431,34,1,1,1,'2015-04-30 18:26:48'),(432,35,1,1,1,'2015-04-30 18:26:49'),(433,34,1,1,1,'2015-05-01 11:17:39'),(434,37,1,1,1,'2015-05-01 11:17:40'),(435,35,1,1,1,'2015-05-01 11:17:40'),(436,36,1,1,1,'2015-05-01 11:17:41'),(437,36,1,1,1,'2015-05-01 11:21:16'),(438,34,1,1,1,'2015-05-01 11:21:17'),(439,35,1,1,1,'2015-05-01 11:21:17'),(440,37,1,1,1,'2015-05-01 11:21:18'),(441,37,1,1,1,'2015-05-01 11:22:42'),(442,34,1,1,1,'2015-05-01 11:22:43'),(443,36,1,1,1,'2015-05-01 11:22:44'),(444,35,1,1,1,'2015-05-01 11:22:45'),(445,34,1,1,1,'2015-05-01 11:24:59'),(446,35,1,1,1,'2015-05-01 11:24:59'),(447,37,1,1,1,'2015-05-01 11:25:00'),(448,36,1,1,1,'2015-05-01 11:25:01'),(449,34,1,1,1,'2015-05-01 11:26:32'),(450,36,1,1,1,'2015-05-01 11:26:33'),(451,35,1,1,1,'2015-05-01 11:26:34'),(452,37,1,1,1,'2015-05-01 11:26:36'),(453,36,1,1,1,'2015-05-01 11:26:48'),(454,34,1,1,1,'2015-05-01 11:26:48'),(455,35,1,1,1,'2015-05-01 11:26:49'),(456,37,1,1,1,'2015-05-01 11:26:50'),(457,34,1,1,1,'2015-05-01 11:28:35'),(458,37,1,1,1,'2015-05-01 11:28:41'),(459,36,1,1,1,'2015-05-01 11:28:44'),(460,35,1,1,1,'2015-05-01 11:28:45'),(461,37,1,1,1,'2015-05-01 11:28:46'),(462,34,1,1,1,'2015-05-01 11:28:47'),(463,36,1,1,1,'2015-05-01 11:28:48'),(464,35,1,1,1,'2015-05-01 11:28:49'),(465,35,1,1,1,'2015-05-01 11:29:03'),(466,36,1,1,1,'2015-05-01 11:29:04'),(467,34,1,1,1,'2015-05-01 11:29:04'),(468,37,1,1,1,'2015-05-01 11:29:05'),(469,36,1,1,1,'2015-05-01 11:30:14'),(470,34,1,1,1,'2015-05-01 11:30:15'),(471,37,1,1,1,'2015-05-01 11:30:15'),(472,35,1,1,1,'2015-05-01 11:30:16'),(473,34,1,1,1,'2015-05-01 11:31:37'),(474,36,1,1,1,'2015-05-01 11:31:37'),(475,37,1,1,1,'2015-05-01 11:31:39'),(476,35,1,1,1,'2015-05-01 11:31:40'),(477,34,1,1,1,'2015-05-01 11:32:14'),(478,35,1,1,1,'2015-05-01 11:32:14'),(479,37,1,1,1,'2015-05-01 11:32:15'),(480,36,1,1,1,'2015-05-01 11:32:15'),(481,34,1,1,1,'2015-05-01 11:34:16'),(482,36,1,1,1,'2015-05-01 11:34:17'),(483,37,1,1,1,'2015-05-01 11:34:17'),(484,35,1,1,1,'2015-05-01 11:34:18'),(485,34,1,1,1,'2015-05-01 11:34:34'),(486,36,1,1,1,'2015-05-01 11:34:35'),(487,35,1,1,1,'2015-05-01 11:34:36'),(488,37,1,1,1,'2015-05-01 11:34:36'),(489,34,1,1,1,'2015-05-01 11:35:19'),(490,37,1,1,1,'2015-05-01 11:35:19'),(491,36,1,1,1,'2015-05-01 11:35:20'),(492,35,1,1,1,'2015-05-01 11:35:20'),(493,34,1,1,1,'2015-05-01 11:35:56'),(494,37,1,1,1,'2015-05-01 11:35:56'),(495,36,1,1,1,'2015-05-01 11:35:57'),(496,35,1,1,1,'2015-05-01 11:35:58'),(497,34,1,1,1,'2015-05-01 11:36:37'),(498,35,1,1,1,'2015-05-01 11:36:38'),(499,37,1,1,1,'2015-05-01 11:36:39'),(500,36,1,1,1,'2015-05-01 11:36:40'),(501,34,1,1,1,'2015-05-01 11:40:30'),(502,35,1,1,1,'2015-05-01 11:40:31'),(503,36,1,1,1,'2015-05-01 11:40:31'),(504,37,1,1,1,'2015-05-01 11:40:32'),(505,34,1,1,1,'2015-05-01 11:41:41'),(506,36,1,1,1,'2015-05-01 11:41:42'),(507,35,1,1,1,'2015-05-01 11:41:42'),(508,37,1,1,1,'2015-05-01 11:41:43'),(509,34,1,1,1,'2015-05-01 11:44:29'),(510,35,1,1,1,'2015-05-01 11:44:30'),(511,36,1,1,1,'2015-05-01 11:44:30'),(512,37,1,1,1,'2015-05-01 11:44:31'),(513,34,1,1,1,'2015-05-01 11:45:11'),(514,36,1,1,1,'2015-05-01 11:45:12'),(515,37,1,1,1,'2015-05-01 11:45:13'),(516,35,1,1,1,'2015-05-01 11:45:13'),(517,34,1,1,1,'2015-05-01 11:46:33'),(518,35,1,1,1,'2015-05-01 11:46:34'),(519,36,1,1,1,'2015-05-01 11:46:34'),(520,37,1,1,1,'2015-05-01 11:46:35'),(521,34,1,1,1,'2015-05-01 11:46:40'),(522,35,1,1,1,'2015-05-01 11:46:41'),(523,36,1,1,1,'2015-05-01 11:46:41'),(524,37,1,1,1,'2015-05-01 11:46:42'),(525,36,1,1,1,'2015-05-01 11:47:05'),(526,34,1,1,1,'2015-05-01 11:47:06'),(527,37,1,1,1,'2015-05-01 11:47:06'),(528,35,1,1,1,'2015-05-01 11:47:07'),(529,34,1,1,1,'2015-05-01 11:47:14'),(530,37,1,1,1,'2015-05-01 11:47:14'),(531,36,1,1,1,'2015-05-01 11:47:15'),(532,35,1,1,1,'2015-05-01 11:47:15'),(533,34,1,1,1,'2015-05-01 11:47:46'),(534,36,1,1,1,'2015-05-01 11:47:47'),(535,37,1,1,1,'2015-05-01 11:47:48'),(536,35,1,1,1,'2015-05-01 11:47:49'),(537,34,1,1,1,'2015-05-01 11:48:03'),(538,36,1,1,1,'2015-05-01 11:48:04'),(539,37,1,1,1,'2015-05-01 11:48:05'),(540,35,1,1,1,'2015-05-01 11:48:06'),(541,37,1,1,1,'2015-05-01 11:48:13'),(542,36,1,1,1,'2015-05-01 11:48:13'),(543,34,1,1,1,'2015-05-01 11:48:14'),(544,35,1,1,1,'2015-05-01 11:48:14'),(545,34,1,1,1,'2015-05-01 11:48:24'),(546,37,1,1,1,'2015-05-01 11:48:24'),(547,36,1,1,1,'2015-05-01 11:48:25'),(548,35,1,1,1,'2015-05-01 11:48:25'),(549,37,1,1,1,'2015-05-01 11:48:43'),(550,34,1,1,1,'2015-05-01 11:48:44'),(551,35,1,1,1,'2015-05-01 11:48:45'),(552,36,1,1,1,'2015-05-01 11:48:46'),(553,36,1,1,1,'2015-05-01 11:48:56'),(554,34,1,1,1,'2015-05-01 11:48:57'),(555,37,1,1,1,'2015-05-01 11:48:57'),(556,35,1,1,1,'2015-05-01 11:48:58'),(557,34,1,1,1,'2015-05-01 11:49:12'),(558,35,1,1,1,'2015-05-01 11:49:13'),(559,37,1,1,1,'2015-05-01 11:49:13'),(560,36,1,1,1,'2015-05-01 11:49:14'),(561,34,1,1,1,'2015-05-01 11:49:35'),(562,36,1,1,1,'2015-05-01 11:49:36'),(563,37,1,1,1,'2015-05-01 11:49:37'),(564,35,1,1,1,'2015-05-01 11:49:37'),(565,36,1,1,1,'2015-05-01 11:49:44'),(566,35,1,1,1,'2015-05-01 11:49:45'),(567,37,1,1,1,'2015-05-01 11:49:46'),(568,34,1,1,1,'2015-05-01 11:49:46'),(569,34,1,1,1,'2015-05-01 11:49:51'),(570,36,1,1,1,'2015-05-01 11:49:51'),(571,35,1,1,1,'2015-05-01 11:49:52'),(572,37,1,1,1,'2015-05-01 11:49:52'),(573,36,1,1,1,'2015-05-01 11:50:03'),(574,37,1,1,1,'2015-05-01 11:50:04'),(575,35,1,1,1,'2015-05-01 11:50:04'),(576,34,1,1,1,'2015-05-01 11:50:05'),(577,34,1,1,1,'2015-05-01 11:50:19'),(578,36,1,1,1,'2015-05-01 11:50:20'),(579,37,1,1,1,'2015-05-01 11:50:21'),(580,35,1,1,1,'2015-05-01 11:50:21'),(581,34,1,1,1,'2015-05-01 11:50:52'),(582,36,1,1,1,'2015-05-01 11:50:53'),(583,37,1,1,1,'2015-05-01 11:50:54'),(584,35,1,1,1,'2015-05-01 11:50:54'),(585,34,1,1,1,'2015-05-01 11:51:34'),(586,36,1,1,1,'2015-05-01 11:51:35'),(587,37,1,1,1,'2015-05-01 11:51:35'),(588,35,1,1,1,'2015-05-01 11:51:36'),(589,34,1,1,1,'2015-05-01 11:51:42'),(590,37,1,1,1,'2015-05-01 11:51:42'),(591,36,1,1,1,'2015-05-01 11:51:43'),(592,35,1,1,1,'2015-05-01 11:51:43'),(593,34,1,1,1,'2015-05-01 11:51:55'),(594,36,1,1,1,'2015-05-01 11:51:56'),(595,37,1,1,1,'2015-05-01 11:51:56'),(596,35,1,1,1,'2015-05-01 11:51:57'),(597,37,1,1,1,'2015-05-01 11:53:31'),(598,36,1,1,1,'2015-05-01 11:53:32'),(599,34,1,1,1,'2015-05-01 11:53:32'),(600,35,1,1,1,'2015-05-01 11:53:33'),(601,36,1,1,1,'2015-05-01 12:12:30'),(602,34,1,1,1,'2015-05-01 12:12:31'),(603,37,1,1,1,'2015-05-01 12:12:31'),(604,35,1,1,1,'2015-05-01 12:12:32'),(605,34,1,1,1,'2015-05-01 12:15:05'),(606,36,1,1,1,'2015-05-01 12:15:07'),(607,37,1,1,1,'2015-05-01 12:15:08'),(608,34,1,1,1,'2015-05-01 12:15:08'),(609,35,1,1,1,'2015-05-01 12:15:09'),(610,36,1,1,1,'2015-05-01 12:15:09'),(611,37,1,1,1,'2015-05-01 12:15:10'),(612,34,1,1,1,'2015-05-01 12:35:20'),(613,35,1,1,1,'2015-05-01 12:35:21'),(614,36,1,1,1,'2015-05-01 12:35:22'),(615,37,1,1,1,'2015-05-01 12:35:24'),(616,36,1,1,186,'2015-05-01 12:35:40'),(617,34,1,1,1,'2015-05-01 12:36:55'),(618,35,1,1,1,'2015-05-01 12:36:56'),(619,37,1,1,1,'2015-05-01 12:36:58'),(620,36,1,1,1,'2015-05-01 12:36:59'),(621,36,1,1,186,'2015-05-01 12:37:22'),(622,36,1,1,0,'2015-05-01 12:38:10'),(623,36,1,1,186,'2015-05-01 12:38:51'),(624,36,1,1,0,'2015-05-01 12:39:08'),(625,36,1,1,0,'2015-05-01 12:39:57'),(626,36,1,1,0,'2015-05-01 12:40:06'),(627,36,1,1,0,'2015-05-01 12:41:02'),(628,36,1,1,0,'2015-05-01 12:41:07'),(629,36,1,1,0,'2015-05-01 12:41:08'),(630,36,1,1,0,'2015-05-01 12:41:17'),(631,36,1,1,0,'2015-05-01 12:41:47'),(632,36,1,1,0,'2015-05-01 12:42:00'),(633,36,1,1,0,'2015-05-01 12:42:46'),(634,36,1,1,0,'2015-05-01 12:42:53'),(635,36,1,1,0,'2015-05-01 12:42:54'),(636,36,1,1,186,'2015-05-01 12:43:42'),(637,36,1,1,186,'2015-05-01 12:43:58'),(638,36,1,1,186,'2015-05-01 12:44:02'),(639,34,1,1,1,'2015-05-01 12:45:14'),(640,36,1,1,1,'2015-05-01 12:45:16'),(641,37,1,1,1,'2015-05-01 12:45:17'),(642,35,1,1,1,'2015-05-01 12:45:17'),(643,36,1,1,186,'2015-05-01 12:45:26'),(644,37,1,1,1,'2015-05-01 12:45:34'),(645,36,1,1,1,'2015-05-01 12:45:35'),(646,34,1,1,1,'2015-05-01 12:45:36'),(647,35,1,1,1,'2015-05-01 12:45:38'),(648,37,1,1,1,'2015-05-01 12:45:45'),(649,35,1,1,1,'2015-05-01 12:45:46'),(650,36,1,1,1,'2015-05-01 12:45:47'),(651,34,1,1,1,'2015-05-01 12:45:48'),(652,36,1,1,186,'2015-05-01 12:45:58'),(653,34,1,1,1,'2015-05-01 12:46:07'),(654,35,1,1,1,'2015-05-01 12:46:08'),(655,37,1,1,1,'2015-05-01 12:46:09'),(656,36,1,1,1,'2015-05-01 12:46:10'),(657,36,1,1,0,'2015-05-01 12:46:27'),(658,36,1,1,1,'2015-05-01 12:47:18'),(659,34,1,1,1,'2015-05-01 12:47:19'),(660,35,1,1,1,'2015-05-01 12:47:20'),(661,37,1,1,1,'2015-05-01 12:47:21'),(662,36,1,1,186,'2015-05-01 12:51:39'),(663,34,1,1,1,'2015-05-01 12:52:42'),(664,37,1,1,1,'2015-05-01 12:52:43'),(665,36,1,1,1,'2015-05-01 12:52:45'),(666,35,1,1,1,'2015-05-01 12:52:45'),(667,36,1,1,186,'2015-05-01 12:52:49'),(668,36,1,1,186,'2015-05-01 12:53:27'),(669,36,1,1,186,'2015-05-01 12:53:30'),(670,35,1,1,1,'2015-05-01 12:55:12'),(671,37,1,1,1,'2015-05-01 12:55:14'),(672,34,1,1,1,'2015-05-01 12:55:15'),(673,36,1,1,1,'2015-05-01 12:55:15'),(674,35,1,1,1,'2015-05-01 12:56:12'),(675,37,1,1,1,'2015-05-01 12:56:13'),(676,36,1,1,1,'2015-05-01 12:56:14'),(677,34,1,1,1,'2015-05-01 12:56:15'),(678,36,1,1,1,'2015-05-01 12:56:34'),(679,37,1,1,1,'2015-05-01 12:56:34'),(680,34,1,1,1,'2015-05-01 12:56:35'),(681,35,1,1,1,'2015-05-01 12:56:36'),(682,36,1,1,186,'2015-05-01 12:58:55'),(683,36,1,1,186,'2015-05-01 12:59:50'),(684,34,1,1,1,'2015-05-01 13:00:45'),(685,37,1,1,1,'2015-05-01 13:00:46'),(686,35,1,1,1,'2015-05-01 13:00:46'),(687,36,1,1,1,'2015-05-01 13:00:47'),(688,36,1,1,1,'2015-05-01 13:12:21'),(689,35,1,1,1,'2015-05-01 13:12:22'),(690,37,1,1,1,'2015-05-01 13:12:23'),(691,34,1,1,1,'2015-05-01 13:12:23'),(692,37,1,1,1,'2015-05-01 13:12:56'),(693,35,1,1,1,'2015-05-01 13:12:57'),(694,34,1,1,1,'2015-05-01 13:12:57'),(695,36,1,1,186,'2015-05-01 13:13:00'),(696,36,1,1,186,'2015-05-01 13:15:15'),(697,34,1,1,1,'2015-05-01 13:17:29'),(698,37,1,1,1,'2015-05-01 13:17:30'),(699,36,1,1,1,'2015-05-01 13:17:31'),(700,35,1,1,1,'2015-05-01 13:17:31'),(701,36,1,1,186,'2015-05-01 13:20:56'),(702,36,1,1,186,'2015-05-01 13:21:09'),(703,36,1,1,186,'2015-05-01 13:21:29'),(704,36,1,1,186,'2015-05-01 13:22:38'),(705,36,1,1,186,'2015-05-01 13:23:09'),(706,36,1,1,186,'2015-05-01 13:27:14'),(707,36,1,1,186,'2015-05-01 13:38:27'),(708,36,1,1,186,'2015-05-01 13:50:00'),(709,36,1,1,186,'2015-05-01 13:50:01'),(710,37,1,1,1,'2015-05-01 13:52:43'),(711,34,1,1,1,'2015-05-01 13:52:43'),(712,36,1,1,1,'2015-05-01 13:52:44'),(713,35,1,1,1,'2015-05-01 13:52:45'),(714,34,1,1,1,'2015-05-01 13:52:56'),(715,37,1,1,1,'2015-05-01 13:52:57'),(716,36,1,1,1,'2015-05-01 13:52:57'),(717,35,1,1,1,'2015-05-01 13:52:58'),(718,36,1,1,186,'2015-05-01 13:53:04'),(719,35,1,1,1,'2015-05-01 13:54:14'),(720,37,1,1,1,'2015-05-01 13:54:15'),(721,36,1,1,1,'2015-05-01 13:54:15'),(722,34,1,1,1,'2015-05-01 13:54:16'),(723,36,1,1,186,'2015-05-01 13:54:19'),(724,36,1,1,186,'2015-05-01 13:54:31'),(725,36,1,1,186,'2015-05-01 13:55:04'),(726,36,1,1,186,'2015-05-01 13:57:47'),(727,36,1,1,186,'2015-05-01 13:58:35'),(728,36,1,1,186,'2015-05-01 13:59:24'),(729,36,1,1,186,'2015-05-01 14:00:06'),(730,36,1,1,186,'2015-05-01 14:00:11'),(731,36,1,1,186,'2015-05-01 14:00:42'),(732,36,1,1,186,'2015-05-01 14:02:37'),(733,36,1,1,186,'2015-05-01 14:03:09'),(734,36,1,1,186,'2015-05-01 14:17:00'),(735,36,1,1,186,'2015-05-01 14:18:31'),(736,36,1,1,186,'2015-05-01 14:18:52'),(737,36,1,1,186,'2015-05-01 14:19:13'),(738,36,1,1,186,'2015-05-01 14:19:44'),(739,34,1,1,1,'2015-05-01 14:19:58'),(740,37,1,1,1,'2015-05-01 14:19:59'),(741,36,1,1,1,'2015-05-01 14:20:00'),(742,35,1,1,1,'2015-05-01 14:20:00'),(743,34,1,1,1,'2015-05-01 14:21:51'),(744,36,1,1,1,'2015-05-01 14:21:52'),(745,37,1,1,1,'2015-05-01 14:21:52'),(746,35,1,1,1,'2015-05-01 14:21:53'),(747,34,1,1,1,'2015-05-01 14:22:11'),(748,36,1,1,1,'2015-05-01 14:22:12'),(749,35,1,1,1,'2015-05-01 14:22:13'),(750,37,1,1,1,'2015-05-01 14:22:14'),(751,36,1,1,186,'2015-05-01 14:22:17'),(752,36,1,1,186,'2015-05-01 14:22:43'),(753,36,1,1,186,'2015-05-01 14:22:59'),(754,36,1,1,186,'2015-05-01 14:23:12'),(755,36,1,1,186,'2015-05-01 14:23:33'),(756,36,1,1,186,'2015-05-01 14:23:55'),(757,36,1,1,186,'2015-05-01 14:24:01'),(758,36,1,1,186,'2015-05-01 14:24:53'),(759,37,1,1,1,'2015-05-01 14:25:01'),(760,36,1,1,1,'2015-05-01 14:25:01'),(761,34,1,1,1,'2015-05-01 14:25:02'),(762,35,1,1,1,'2015-05-01 14:25:03'),(763,34,1,1,1,'2015-05-01 14:25:42'),(764,37,1,1,1,'2015-05-01 14:25:43'),(765,36,1,1,1,'2015-05-01 14:25:44'),(766,35,1,1,1,'2015-05-01 14:25:44'),(767,36,1,1,1,'2015-05-01 14:25:55'),(768,34,1,1,1,'2015-05-01 14:25:56'),(769,37,1,1,1,'2015-05-01 14:25:57'),(770,35,1,1,1,'2015-05-01 14:25:57'),(771,34,1,1,1,'2015-05-01 14:27:25'),(772,35,1,1,1,'2015-05-01 14:27:26'),(773,37,1,1,1,'2015-05-01 14:27:27'),(774,36,1,1,1,'2015-05-01 14:27:27'),(775,34,1,1,1,'2015-05-01 14:28:02'),(776,35,1,1,1,'2015-05-01 14:28:02'),(777,37,1,1,1,'2015-05-01 14:28:03'),(778,36,1,1,1,'2015-05-01 14:28:04'),(779,36,1,1,1,'2015-05-01 14:28:37'),(780,37,1,1,1,'2015-05-01 14:28:38'),(781,34,1,1,1,'2015-05-01 14:28:38'),(782,35,1,1,1,'2015-05-01 14:28:39'),(783,36,1,1,1,'2015-05-01 14:29:19'),(784,37,1,1,1,'2015-05-01 14:29:20'),(785,34,1,1,1,'2015-05-01 14:29:21'),(786,35,1,1,1,'2015-05-01 14:29:22'),(787,34,1,1,1,'2015-05-01 14:29:52'),(788,36,1,1,1,'2015-05-01 14:29:53'),(789,37,1,1,1,'2015-05-01 14:29:54'),(790,35,1,1,1,'2015-05-01 14:29:55'),(791,34,1,1,1,'2015-05-01 14:30:12'),(792,37,1,1,1,'2015-05-01 14:30:13'),(793,36,1,1,1,'2015-05-01 14:30:14'),(794,35,1,1,1,'2015-05-01 14:30:14'),(795,37,1,1,1,'2015-05-01 14:30:30'),(796,34,1,1,1,'2015-05-01 14:30:31'),(797,36,1,1,1,'2015-05-01 14:30:32'),(798,35,1,1,1,'2015-05-01 14:30:33'),(799,34,1,1,1,'2015-05-01 14:32:01'),(800,37,1,1,1,'2015-05-01 14:32:02'),(801,36,1,1,1,'2015-05-01 14:32:03'),(802,35,1,1,1,'2015-05-01 14:32:04'),(803,34,1,1,1,'2015-05-01 14:32:38'),(804,37,1,1,1,'2015-05-01 14:32:39'),(805,36,1,1,1,'2015-05-01 14:32:39'),(806,35,1,1,1,'2015-05-01 14:32:40'),(807,34,1,1,1,'2015-05-01 14:33:29'),(808,35,1,1,1,'2015-05-01 14:33:30'),(809,37,1,1,1,'2015-05-01 14:33:31'),(810,36,1,1,1,'2015-05-01 14:33:31'),(811,34,1,1,1,'2015-05-01 14:39:49'),(812,37,1,1,1,'2015-05-01 14:39:50'),(813,36,1,1,1,'2015-05-01 14:39:51'),(814,35,1,1,1,'2015-05-01 14:39:52'),(815,34,1,1,1,'2015-05-01 14:41:18'),(816,36,1,1,1,'2015-05-01 14:41:18'),(817,35,1,1,1,'2015-05-01 14:41:19'),(818,37,1,1,1,'2015-05-01 14:41:20'),(819,34,1,1,1,'2015-05-01 14:42:17'),(820,35,1,1,1,'2015-05-01 14:42:18'),(821,37,1,1,1,'2015-05-01 14:42:19'),(822,36,1,1,1,'2015-05-01 14:42:19'),(823,34,1,1,1,'2015-05-01 14:52:42'),(824,35,1,1,1,'2015-05-01 14:52:43'),(825,36,1,1,1,'2015-05-01 14:52:44'),(826,37,1,1,1,'2015-05-01 14:52:45'),(827,34,1,1,1,'2015-05-07 11:10:47'),(828,36,1,1,1,'2015-05-07 11:10:48'),(829,37,1,1,1,'2015-05-07 11:10:49'),(830,35,1,1,1,'2015-05-07 11:10:50'),(831,34,1,0,1,'2015-05-07 13:31:43'),(832,36,1,0,1,'2015-05-07 13:31:44'),(833,37,1,0,1,'2015-05-07 13:31:45'),(834,34,1,0,1,'2015-05-07 13:48:25'),(835,36,1,0,1,'2015-05-07 13:48:25'),(836,37,1,0,1,'2015-05-07 13:48:26'),(837,35,1,0,1,'2015-05-07 13:48:26'),(838,36,1,0,1,'2015-05-07 13:56:10'),(839,34,1,0,1,'2015-05-07 13:56:10'),(840,37,1,0,1,'2015-05-07 13:56:11'),(841,35,1,0,1,'2015-05-07 13:56:12'),(842,36,1,0,1,'2015-05-07 13:56:12'),(843,34,1,0,1,'2015-05-07 13:56:12'),(844,37,1,0,1,'2015-05-07 13:56:13'),(845,37,1,0,1,'2015-05-07 14:12:39'),(846,36,1,0,1,'2015-05-07 14:12:39'),(847,34,1,0,1,'2015-05-07 14:12:40'),(848,35,1,0,1,'2015-05-07 14:12:40'),(849,36,1,0,1,'2015-05-07 14:12:41'),(850,37,1,0,1,'2015-05-07 14:12:41'),(851,34,1,0,1,'2015-05-07 14:12:42'),(852,34,1,0,1,'2015-05-07 16:57:59'),(853,36,1,0,1,'2015-05-07 16:57:59'),(854,37,1,0,1,'2015-05-07 16:58:00'),(855,35,1,0,1,'2015-05-07 16:58:01'),(856,34,1,0,1,'2015-05-08 08:01:58'),(857,36,1,0,1,'2015-05-08 08:01:58'),(858,37,1,0,1,'2015-05-08 08:01:58'),(859,35,1,0,1,'2015-05-08 08:01:59'),(860,37,1,0,1,'2015-05-10 21:14:45'),(861,34,1,0,1,'2015-05-10 21:14:45'),(862,35,1,0,1,'2015-05-10 21:14:45'),(863,36,1,0,1,'2015-05-10 21:14:45'),(864,34,1,0,1,'2015-05-11 06:05:55'),(865,37,1,0,1,'2015-05-11 06:05:56'),(866,36,1,0,1,'2015-05-11 06:05:57'),(867,35,1,0,1,'2015-05-11 06:05:58'),(868,36,1,0,186,'2015-05-11 06:06:01'),(869,34,1,0,1,'2015-05-11 08:02:45'),(870,36,1,0,1,'2015-05-11 08:02:46'),(871,37,1,0,1,'2015-05-11 08:02:46'),(872,35,1,0,1,'2015-05-11 08:02:47'),(873,34,1,0,1,'2015-05-11 08:05:58'),(874,36,1,0,1,'2015-05-11 08:05:59'),(875,37,1,0,1,'2015-05-11 08:05:59'),(876,35,1,0,1,'2015-05-11 08:05:59'),(877,34,1,1,1,'2015-05-11 08:06:18'),(878,36,1,1,1,'2015-05-11 08:06:19'),(879,35,1,1,1,'2015-05-11 08:06:19'),(880,37,1,1,1,'2015-05-11 08:06:20'),(881,36,1,1,1,'2015-05-11 11:42:21'),(882,34,1,1,1,'2015-05-11 11:42:21'),(883,37,1,1,1,'2015-05-11 11:42:22'),(884,35,1,1,1,'2015-05-11 11:42:22'),(885,35,1,1,1,'2015-05-11 11:45:25'),(886,37,1,1,1,'2015-05-11 11:45:26'),(887,34,1,1,1,'2015-05-11 11:45:27'),(888,36,1,1,1,'2015-05-11 11:45:27'),(889,34,1,1,1,'2015-05-12 06:32:39'),(890,36,1,1,1,'2015-05-12 06:32:40'),(891,37,1,1,1,'2015-05-12 06:32:43'),(892,35,1,1,1,'2015-05-12 06:32:45'),(893,34,1,0,1,'2015-05-13 18:45:40'),(894,36,1,0,1,'2015-05-13 18:45:40'),(895,37,1,0,1,'2015-05-13 18:45:40'),(896,35,1,0,1,'2015-05-13 18:45:42'),(897,36,1,0,1,'2015-05-14 19:12:21'),(898,34,1,0,1,'2015-05-14 19:12:27'),(899,37,1,0,1,'2015-05-14 19:12:36'),(900,34,1,1,1,'2015-05-15 14:06:42'),(901,36,1,1,1,'2015-05-15 14:06:43'),(902,37,1,1,1,'2015-05-15 14:06:43'),(903,35,1,1,1,'2015-05-15 14:06:44'),(904,34,1,1,1,'2015-05-16 14:48:19'),(905,36,1,1,1,'2015-05-16 14:48:20'),(906,37,1,1,1,'2015-05-16 14:48:20'),(907,35,1,1,1,'2015-05-16 14:48:21'),(908,34,1,1,1,'2015-05-16 14:49:17'),(909,35,1,1,1,'2015-05-16 14:49:18'),(910,36,1,1,1,'2015-05-16 14:49:18'),(911,37,1,1,1,'2015-05-16 14:49:19'),(912,34,1,1,1,'2015-05-17 08:54:26'),(913,35,1,1,1,'2015-05-17 08:54:27'),(914,36,1,1,1,'2015-05-17 08:54:27'),(915,37,1,1,1,'2015-05-17 08:54:28'),(916,37,1,1,1,'2015-05-18 17:17:25'),(917,36,1,1,1,'2015-05-18 17:17:28'),(918,34,1,1,1,'2015-05-18 17:17:32'),(919,35,1,1,1,'2015-05-18 17:17:34'),(920,34,1,0,1,'2015-05-18 19:49:03'),(921,35,1,0,1,'2015-05-18 19:49:05'),(922,37,1,0,1,'2015-05-18 19:49:06'),(923,36,1,0,1,'2015-05-18 19:49:07'),(924,37,1,0,1,'2015-05-19 11:21:38'),(925,34,1,0,1,'2015-05-19 11:21:39'),(926,36,1,0,1,'2015-05-19 11:21:39'),(927,35,1,0,1,'2015-05-19 11:21:39'),(928,34,1,0,1,'2015-05-19 18:33:00'),(929,35,1,0,1,'2015-05-19 18:33:04'),(930,36,1,0,1,'2015-05-19 18:33:09'),(931,37,1,0,1,'2015-05-19 18:33:18'),(932,36,1,0,1,'2015-05-20 10:00:18'),(933,34,1,0,1,'2015-05-20 10:00:20'),(934,37,1,0,1,'2015-05-20 10:00:21'),(935,35,1,0,1,'2015-05-20 10:00:22'),(936,37,1,0,1,'2015-05-21 18:38:42'),(937,34,1,0,1,'2015-05-21 18:38:43'),(938,36,1,0,1,'2015-05-21 18:38:44'),(939,35,1,0,1,'2015-05-21 18:38:44'),(940,34,1,0,1,'2015-05-21 18:38:56'),(941,36,1,0,1,'2015-05-21 18:38:56'),(942,37,1,0,1,'2015-05-21 18:38:56'),(943,35,1,0,1,'2015-05-21 18:38:57'),(944,34,1,1,1,'2015-05-22 05:48:55'),(945,36,1,1,1,'2015-05-22 05:48:56'),(946,37,1,1,1,'2015-05-22 05:48:57'),(947,35,1,1,1,'2015-05-22 05:48:57'),(948,37,1,1,1,'2015-05-24 16:32:22'),(949,34,1,1,1,'2015-05-24 16:32:22'),(950,36,1,1,1,'2015-05-24 16:32:23'),(951,35,1,1,1,'2015-05-24 16:33:10'),(952,37,1,0,1,'2015-05-26 17:15:02'),(953,36,1,0,1,'2015-05-26 17:15:04'),(954,35,1,0,1,'2015-05-26 17:15:08'),(955,34,1,0,1,'2015-05-26 17:15:11'),(956,36,1,1,1,'2015-05-26 17:15:39'),(957,34,1,1,1,'2015-05-26 17:15:42'),(958,37,1,1,1,'2015-05-26 17:15:43'),(959,35,1,1,1,'2015-05-26 17:15:45'),(960,34,1,0,1,'2015-05-27 07:05:38'),(961,36,1,0,1,'2015-05-27 07:05:40'),(962,37,1,0,1,'2015-05-27 07:05:41'),(963,35,1,0,1,'2015-05-27 07:05:42'),(964,36,1,0,186,'2015-05-27 07:06:00'),(965,34,1,0,1,'2015-05-27 22:04:19'),(966,35,1,0,1,'2015-05-27 22:04:20'),(967,36,1,0,1,'2015-05-27 22:04:20'),(968,37,1,0,1,'2015-05-27 22:04:24'),(969,37,1,0,1,'2015-05-31 11:12:41'),(970,34,1,0,1,'2015-05-31 11:12:41'),(971,36,1,0,1,'2015-05-31 11:12:42'),(972,35,1,0,1,'2015-05-31 11:12:42'),(973,34,1,1,1,'2015-06-02 10:53:49'),(974,36,1,1,1,'2015-06-02 10:53:50'),(975,37,1,1,1,'2015-06-02 10:53:50'),(976,35,1,1,1,'2015-06-02 10:53:51'),(977,34,1,1,1,'2015-06-02 12:35:31'),(978,37,1,1,1,'2015-06-02 12:35:34'),(979,36,1,1,1,'2015-06-02 12:35:35'),(980,34,1,1,1,'2015-06-02 12:35:37'),(981,35,1,1,1,'2015-06-02 12:35:38'),(982,37,1,1,1,'2015-06-02 12:35:40'),(983,36,1,1,1,'2015-06-02 12:35:43'),(984,34,1,1,1,'2015-06-02 13:55:17'),(985,36,1,1,1,'2015-06-02 13:55:18'),(986,35,1,1,1,'2015-06-02 13:55:19'),(987,37,1,1,1,'2015-06-02 13:55:20'),(988,34,1,0,1,'2015-06-02 14:06:50'),(989,36,1,0,1,'2015-06-02 14:06:51'),(990,37,1,0,1,'2015-06-02 14:06:51'),(991,35,1,0,1,'2015-06-02 14:06:51'),(992,34,1,1,1,'2015-06-03 09:46:04'),(993,35,1,1,1,'2015-06-03 09:46:05'),(994,36,1,1,1,'2015-06-03 09:46:05'),(995,37,1,1,1,'2015-06-03 09:46:07'),(996,34,1,1,1,'2015-06-03 09:46:22'),(997,37,1,1,1,'2015-06-03 09:46:23'),(998,35,1,1,1,'2015-06-03 09:46:23'),(999,36,1,1,1,'2015-06-03 09:46:24'),(1000,34,1,1,1,'2015-06-03 13:31:45'),(1001,37,1,1,1,'2015-06-03 13:31:46'),(1002,36,1,1,1,'2015-06-03 13:31:46'),(1003,35,1,1,1,'2015-06-03 13:31:47'),(1004,34,1,1,1,'2015-06-03 13:37:47'),(1005,36,1,1,1,'2015-06-03 13:37:47'),(1006,37,1,1,1,'2015-06-03 13:37:48'),(1007,35,1,1,1,'2015-06-03 13:37:48'),(1008,34,1,1,1,'2015-06-03 13:38:08'),(1009,37,1,1,1,'2015-06-03 13:38:09'),(1010,36,1,1,1,'2015-06-03 13:38:09'),(1011,35,1,1,1,'2015-06-03 13:38:10'),(1012,36,1,1,1,'2015-06-03 13:42:56'),(1013,34,1,1,1,'2015-06-03 13:42:57'),(1014,37,1,1,1,'2015-06-03 13:42:57'),(1015,35,1,1,1,'2015-06-03 13:42:58'),(1016,34,1,1,1,'2015-06-03 13:43:05'),(1017,37,1,1,1,'2015-06-03 13:43:06'),(1018,36,1,1,1,'2015-06-03 13:43:06'),(1019,35,1,1,1,'2015-06-03 13:43:07'),(1020,36,1,1,1,'2015-06-03 13:43:22'),(1021,34,1,1,1,'2015-06-03 13:43:23'),(1022,37,1,1,1,'2015-06-03 13:43:23'),(1023,35,1,1,1,'2015-06-03 13:43:23'),(1024,37,1,1,1,'2015-06-03 13:43:30'),(1025,36,1,1,1,'2015-06-03 13:43:30'),(1026,35,1,1,1,'2015-06-03 13:43:31'),(1027,34,1,1,1,'2015-06-03 13:43:31'),(1028,34,1,0,1,'2015-06-03 13:43:52'),(1029,36,1,0,1,'2015-06-03 13:43:52'),(1030,37,1,0,1,'2015-06-03 13:43:52'),(1031,35,1,0,1,'2015-06-03 13:43:53'),(1032,34,1,1,1,'2015-06-03 13:44:44'),(1033,36,1,1,1,'2015-06-03 13:44:44'),(1034,37,1,1,1,'2015-06-03 13:44:45'),(1035,35,1,1,1,'2015-06-03 13:44:45'),(1036,34,1,1,1,'2015-06-03 13:44:49'),(1037,36,1,1,1,'2015-06-03 13:44:50'),(1038,37,1,1,1,'2015-06-03 13:44:50'),(1039,35,1,1,1,'2015-06-03 13:44:51'),(1040,37,1,1,1,'2015-06-03 13:45:20'),(1041,36,1,1,1,'2015-06-03 13:45:21'),(1042,34,1,1,1,'2015-06-03 13:45:22'),(1043,35,1,1,1,'2015-06-03 13:45:23'),(1044,34,1,0,1,'2015-06-03 13:45:35'),(1045,36,1,0,1,'2015-06-03 13:45:37'),(1046,35,1,0,1,'2015-06-03 13:45:38'),(1047,37,1,0,1,'2015-06-03 13:45:39'),(1048,34,1,0,1,'2015-06-03 13:46:56'),(1049,37,1,0,1,'2015-06-03 13:46:56'),(1050,36,1,0,1,'2015-06-03 13:46:57'),(1051,35,1,0,1,'2015-06-03 13:46:57'),(1052,34,1,0,1,'2015-06-03 13:48:56'),(1053,37,1,0,1,'2015-06-03 13:48:57'),(1054,36,1,0,1,'2015-06-03 13:48:57'),(1055,35,1,0,1,'2015-06-03 13:48:58'),(1056,34,1,0,1,'2015-06-03 18:38:58'),(1057,36,1,0,1,'2015-06-03 18:38:58'),(1058,37,1,0,1,'2015-06-03 18:38:59'),(1059,35,1,0,1,'2015-06-03 18:38:59'),(1060,34,1,0,1,'2015-06-04 09:16:02'),(1061,36,1,0,1,'2015-06-04 09:16:03'),(1062,37,1,0,1,'2015-06-04 09:16:04'),(1063,35,1,0,1,'2015-06-04 09:16:04'),(1064,36,1,1,1,'2015-06-04 12:32:10'),(1065,37,1,1,1,'2015-06-04 12:32:11'),(1066,35,1,1,1,'2015-06-04 12:32:12'),(1067,34,1,1,1,'2015-06-04 12:32:13'),(1068,34,1,1,1,'2015-06-04 12:38:42'),(1069,36,1,1,1,'2015-06-04 12:38:43'),(1070,37,1,1,1,'2015-06-04 12:38:44'),(1071,35,1,1,1,'2015-06-04 12:38:44'),(1072,34,1,0,1,'2015-06-04 14:56:12'),(1073,37,1,0,1,'2015-06-04 14:56:13'),(1074,36,1,0,1,'2015-06-04 14:56:15'),(1075,35,1,0,1,'2015-06-04 14:56:16'),(1076,34,1,0,1,'2015-06-04 14:56:54'),(1077,36,1,0,1,'2015-06-04 14:56:54'),(1078,37,1,0,1,'2015-06-04 14:56:55'),(1079,35,1,0,1,'2015-06-04 14:56:55'),(1080,36,1,0,1,'2015-06-04 20:23:07'),(1081,37,1,0,1,'2015-06-04 20:23:07'),(1082,34,1,0,1,'2015-06-04 20:23:07'),(1083,35,1,0,1,'2015-06-04 20:23:08'),(1084,37,1,0,1,'2015-06-04 21:06:51'),(1085,34,1,0,1,'2015-06-04 21:06:52'),(1086,36,1,0,1,'2015-06-04 21:06:52'),(1087,35,1,0,1,'2015-06-04 21:06:52'),(1088,35,1,0,1,'2015-06-04 22:32:09'),(1089,36,1,0,1,'2015-06-04 22:32:10'),(1090,37,1,0,1,'2015-06-04 22:32:10'),(1091,34,1,0,1,'2015-06-04 22:32:11'),(1092,34,1,0,1,'2015-06-05 07:44:28'),(1093,37,1,0,1,'2015-06-05 07:44:28'),(1094,36,1,0,1,'2015-06-05 07:44:29'),(1095,35,1,0,1,'2015-06-05 07:44:29'),(1096,34,1,0,1,'2015-06-05 09:17:41'),(1097,35,1,0,1,'2015-06-05 09:17:41'),(1098,37,1,0,1,'2015-06-05 09:17:42'),(1099,36,1,0,1,'2015-06-05 09:17:42'),(1100,34,1,1,1,'2015-06-06 12:02:56'),(1101,36,1,1,1,'2015-06-06 12:02:57'),(1102,37,1,1,1,'2015-06-06 12:02:57'),(1103,35,1,1,1,'2015-06-06 12:02:58'),(1104,34,1,0,1,'2015-06-06 14:20:08'),(1105,37,1,0,1,'2015-06-06 14:20:09'),(1106,36,1,0,1,'2015-06-06 14:20:10'),(1107,35,1,0,1,'2015-06-06 14:20:11'),(1108,34,1,0,1,'2015-06-07 10:53:27'),(1109,37,1,0,1,'2015-06-07 10:53:27'),(1110,36,1,0,1,'2015-06-07 10:53:28'),(1111,35,1,0,1,'2015-06-07 10:53:29'),(1112,34,1,0,1,'2015-06-07 12:29:30'),(1113,36,1,0,1,'2015-06-07 12:29:30'),(1114,37,1,0,1,'2015-06-07 12:29:31'),(1115,35,1,0,1,'2015-06-07 12:29:31'),(1116,37,1,0,1,'2015-06-08 07:18:46'),(1117,35,1,0,1,'2015-06-08 07:18:47'),(1118,36,1,0,1,'2015-06-08 07:18:47'),(1119,34,1,0,1,'2015-06-08 07:18:48'),(1120,34,1,1,1,'2015-06-09 09:55:33'),(1121,37,1,1,1,'2015-06-09 09:55:33'),(1122,36,1,1,1,'2015-06-09 09:55:36'),(1123,35,1,1,1,'2015-06-09 09:55:37'),(1124,34,1,0,1,'2015-06-10 04:15:51'),(1125,36,1,0,1,'2015-06-10 04:15:53'),(1126,37,1,0,1,'2015-06-10 04:15:53'),(1127,35,1,0,1,'2015-06-10 04:15:55'),(1128,34,1,0,1,'2015-06-10 06:02:45'),(1129,36,1,0,1,'2015-06-10 06:02:46'),(1130,37,1,0,1,'2015-06-10 06:02:46'),(1131,35,1,0,1,'2015-06-10 06:02:47'),(1132,34,1,0,1,'2015-06-10 07:46:39'),(1133,36,1,0,1,'2015-06-10 07:46:39'),(1134,37,1,0,1,'2015-06-10 07:46:40'),(1135,35,1,0,1,'2015-06-10 07:46:40'),(1136,34,1,0,1,'2015-06-10 16:39:17'),(1137,37,1,0,1,'2015-06-10 16:39:17'),(1138,36,1,0,1,'2015-06-10 16:39:18'),(1139,35,1,0,1,'2015-06-10 16:39:18'),(1140,36,1,0,1,'2015-06-11 11:24:27'),(1141,34,1,0,1,'2015-06-11 11:24:28'),(1142,37,1,0,1,'2015-06-11 11:24:29'),(1143,35,1,0,1,'2015-06-11 11:24:30'),(1144,34,1,1,1,'2015-06-11 11:24:44'),(1145,36,1,1,1,'2015-06-11 11:24:45'),(1146,35,1,1,1,'2015-06-11 11:24:45'),(1147,37,1,1,1,'2015-06-11 11:24:46'),(1148,34,1,1,1,'2015-06-11 11:26:14'),(1149,37,1,1,1,'2015-06-11 11:26:15'),(1150,35,1,1,1,'2015-06-11 11:26:16'),(1151,36,1,1,1,'2015-06-11 11:26:17'),(1152,34,1,1,1,'2015-06-11 11:28:42'),(1153,36,1,1,1,'2015-06-11 11:28:43'),(1154,37,1,1,1,'2015-06-11 11:28:43'),(1155,35,1,1,1,'2015-06-11 11:28:45'),(1156,34,1,1,1,'2015-06-11 11:37:16'),(1157,36,1,1,1,'2015-06-11 11:37:16'),(1158,35,1,1,1,'2015-06-11 11:37:16'),(1159,37,1,1,1,'2015-06-11 11:37:17'),(1160,34,1,1,1,'2015-06-11 11:37:37'),(1161,37,1,1,1,'2015-06-11 11:37:37'),(1162,36,1,1,1,'2015-06-11 11:37:37'),(1163,35,1,1,1,'2015-06-11 11:37:38'),(1164,37,1,1,1,'2015-06-11 11:37:43'),(1165,34,1,1,1,'2015-06-11 11:37:44'),(1166,36,1,1,1,'2015-06-11 11:37:44'),(1167,35,1,1,1,'2015-06-11 11:37:45'),(1168,34,1,1,1,'2015-06-11 11:37:52'),(1169,36,1,1,1,'2015-06-11 11:37:53'),(1170,37,1,1,1,'2015-06-11 11:37:53'),(1171,35,1,1,1,'2015-06-11 11:37:54'),(1172,34,1,1,1,'2015-06-11 11:57:02'),(1173,37,1,1,1,'2015-06-11 11:57:03'),(1174,36,1,1,1,'2015-06-11 11:57:03'),(1175,35,1,1,1,'2015-06-11 11:57:04'),(1176,34,1,1,1,'2015-06-11 11:57:05'),(1177,37,1,1,1,'2015-06-11 11:57:05'),(1178,36,1,1,1,'2015-06-11 11:57:06'),(1179,34,1,1,1,'2015-06-11 11:59:14'),(1180,36,1,1,1,'2015-06-11 11:59:15'),(1181,37,1,1,1,'2015-06-11 11:59:16'),(1182,34,1,1,1,'2015-06-11 11:59:17'),(1183,36,1,1,1,'2015-06-11 11:59:17'),(1184,35,1,1,1,'2015-06-11 11:59:17'),(1185,37,1,1,1,'2015-06-11 11:59:18'),(1186,34,1,1,1,'2015-06-11 12:00:00'),(1187,36,1,1,1,'2015-06-11 12:00:00'),(1188,37,1,1,1,'2015-06-11 12:00:01'),(1189,35,1,1,1,'2015-06-11 12:00:03'),(1190,34,1,1,1,'2015-06-11 12:00:04'),(1191,36,1,1,1,'2015-06-11 12:00:05'),(1192,37,1,1,1,'2015-06-11 12:00:06'),(1193,34,1,1,1,'2015-06-11 12:00:23'),(1194,37,1,1,1,'2015-06-11 12:00:25'),(1195,36,1,1,1,'2015-06-11 12:00:26'),(1196,35,1,1,1,'2015-06-11 12:00:27'),(1197,34,1,1,1,'2015-06-11 12:00:30'),(1198,37,1,1,1,'2015-06-11 12:00:32'),(1199,36,1,1,1,'2015-06-11 12:00:33'),(1200,34,1,0,1,'2015-06-11 12:32:42'),(1201,36,1,0,1,'2015-06-11 12:32:42'),(1202,37,1,0,1,'2015-06-11 12:32:42'),(1203,35,1,0,1,'2015-06-11 12:32:42'),(1204,36,1,0,1,'2015-06-11 16:51:20'),(1205,34,1,0,1,'2015-06-11 16:51:21'),(1206,37,1,0,1,'2015-06-11 16:51:21'),(1207,35,1,0,1,'2015-06-11 16:51:22'),(1208,36,1,0,1,'2015-06-11 19:29:48'),(1209,37,1,0,1,'2015-06-11 19:29:49'),(1210,35,1,0,1,'2015-06-11 19:29:50'),(1211,34,1,0,1,'2015-06-11 19:29:50'),(1212,34,1,0,1,'2015-06-11 19:30:08'),(1213,36,1,0,1,'2015-06-11 19:30:10'),(1214,37,1,0,1,'2015-06-11 19:30:11'),(1215,35,1,0,1,'2015-06-11 19:30:15'),(1216,34,1,1,1,'2015-06-11 19:30:32'),(1217,36,1,1,1,'2015-06-11 19:30:33'),(1218,37,1,1,1,'2015-06-11 19:30:34'),(1219,35,1,1,1,'2015-06-11 19:30:35'),(1220,37,1,0,1,'2015-06-12 10:10:10'),(1221,34,1,0,1,'2015-06-12 10:10:12'),(1222,36,1,0,1,'2015-06-12 10:10:14'),(1223,35,1,0,1,'2015-06-12 10:10:15'),(1224,37,1,0,1,'2015-06-12 10:10:57'),(1225,36,1,0,1,'2015-06-12 10:10:58'),(1226,34,1,0,1,'2015-06-12 10:10:59'),(1227,35,1,0,1,'2015-06-12 10:11:00'),(1228,34,1,0,1,'2015-06-12 20:29:45'),(1229,37,1,0,1,'2015-06-12 20:29:46'),(1230,35,1,0,1,'2015-06-12 20:29:48'),(1231,36,1,0,1,'2015-06-12 20:29:49'),(1232,34,1,0,1,'2015-06-13 10:51:04'),(1233,37,1,0,1,'2015-06-13 10:51:05'),(1234,36,1,0,1,'2015-06-13 10:51:06'),(1235,35,1,0,1,'2015-06-13 10:51:07'),(1236,34,1,0,1,'2015-06-13 11:28:55'),(1237,36,1,0,1,'2015-06-13 11:28:56'),(1238,37,1,0,1,'2015-06-13 11:28:56'),(1239,35,1,0,1,'2015-06-13 11:28:56'),(1240,34,1,0,1,'2015-06-13 12:10:30'),(1241,36,1,0,1,'2015-06-13 12:10:30'),(1242,35,1,0,1,'2015-06-13 12:10:31'),(1243,37,1,0,1,'2015-06-13 12:10:31'),(1244,34,1,0,1,'2015-06-14 07:50:21'),(1245,37,1,0,1,'2015-06-14 07:50:23'),(1246,36,1,0,1,'2015-06-14 07:50:32'),(1247,35,1,0,1,'2015-06-14 07:50:35'),(1248,34,1,0,1,'2015-06-14 18:53:13'),(1249,37,1,0,1,'2015-06-14 18:53:14'),(1250,35,1,0,1,'2015-06-14 18:53:19'),(1251,36,1,0,1,'2015-06-14 18:53:23'),(1252,36,1,0,1,'2015-06-14 19:16:48'),(1253,35,1,0,1,'2015-06-14 19:16:48'),(1254,37,1,0,1,'2015-06-14 19:16:51'),(1255,34,1,0,1,'2015-06-14 19:16:57'),(1256,34,1,0,1,'2015-06-16 12:24:39'),(1257,36,1,0,1,'2015-06-16 12:24:45'),(1258,35,1,0,1,'2015-06-16 12:24:46'),(1259,37,1,0,1,'2015-06-16 12:24:53'),(1260,36,1,0,1,'2015-06-18 07:28:46'),(1261,37,1,0,1,'2015-06-18 07:28:48'),(1262,34,1,0,1,'2015-06-18 07:28:48'),(1263,35,1,0,1,'2015-06-18 07:28:50'),(1264,34,1,0,1,'2015-06-18 07:30:21'),(1265,36,1,0,1,'2015-06-18 07:30:22'),(1266,35,1,0,1,'2015-06-18 07:30:23'),(1267,37,1,0,1,'2015-06-18 07:30:24'),(1268,36,1,0,1,'2015-06-18 07:33:51'),(1269,37,1,0,1,'2015-06-18 07:33:52'),(1270,35,1,0,1,'2015-06-18 07:33:52'),(1271,34,1,0,1,'2015-06-18 07:33:53'),(1272,34,1,1,1,'2015-06-18 07:45:51'),(1273,35,1,1,1,'2015-06-18 07:45:53'),(1274,37,1,1,1,'2015-06-18 07:45:54'),(1275,36,1,1,1,'2015-06-18 07:45:56'),(1276,34,1,0,1,'2015-06-18 10:16:36'),(1277,37,1,0,1,'2015-06-18 10:16:37'),(1278,36,1,0,1,'2015-06-18 10:16:41'),(1279,35,1,0,1,'2015-06-18 10:16:43'),(1280,36,1,1,1,'2015-06-18 12:28:11'),(1281,35,1,1,1,'2015-06-18 12:28:13'),(1282,37,1,1,1,'2015-06-18 12:28:23'),(1283,34,1,1,1,'2015-06-18 12:28:39'),(1284,37,1,1,1,'2015-06-18 14:32:42'),(1285,34,1,1,1,'2015-06-18 14:32:44'),(1286,36,1,1,1,'2015-06-18 14:32:45'),(1287,35,1,1,1,'2015-06-18 14:32:46'),(1288,34,1,1,1,'2015-06-18 14:48:45'),(1289,36,1,1,1,'2015-06-18 14:48:48'),(1290,37,1,1,1,'2015-06-18 14:48:49'),(1291,35,1,1,1,'2015-06-18 14:48:50'),(1292,34,1,1,1,'2015-06-18 14:55:29'),(1293,36,1,1,1,'2015-06-18 14:55:32'),(1294,37,1,1,1,'2015-06-18 14:55:34'),(1295,35,1,1,1,'2015-06-18 14:55:36'),(1296,36,1,1,1,'2015-06-19 10:49:59'),(1297,35,1,1,1,'2015-06-19 10:50:12'),(1298,34,1,1,1,'2015-06-19 10:50:22'),(1299,37,1,1,1,'2015-06-19 10:50:26'),(1300,34,1,1,1,'2015-06-19 10:52:52'),(1301,36,1,1,1,'2015-06-19 10:52:53'),(1302,37,1,1,1,'2015-06-19 10:52:53'),(1303,35,1,1,1,'2015-06-19 10:52:54'),(1304,36,1,1,1,'2015-06-19 10:52:59'),(1305,34,1,1,1,'2015-06-19 10:53:00'),(1306,35,1,1,1,'2015-06-19 10:53:01'),(1307,37,1,1,1,'2015-06-19 10:53:02'),(1308,35,1,0,1,'2015-06-20 19:20:09'),(1309,37,1,0,1,'2015-06-20 19:20:27'),(1310,36,1,0,1,'2015-06-20 19:20:42'),(1311,34,1,0,1,'2015-06-20 19:23:14'),(1312,34,1,0,1,'2015-06-20 20:22:17'),(1313,37,1,0,1,'2015-06-21 18:26:07'),(1314,36,1,0,1,'2015-06-21 18:26:07'),(1315,36,1,0,1,'2015-06-21 18:26:10'),(1316,35,1,0,1,'2015-06-21 18:26:13'),(1317,37,1,0,1,'2015-06-22 03:58:07'),(1318,34,1,0,1,'2015-06-22 03:58:16'),(1319,35,1,0,1,'2015-06-22 03:58:24'),(1320,36,1,0,1,'2015-06-22 03:58:34'),(1321,36,1,0,1,'2015-06-22 03:59:01'),(1322,34,1,0,1,'2015-06-22 03:59:02'),(1323,35,1,0,1,'2015-06-22 03:59:03'),(1324,37,1,0,1,'2015-06-22 03:59:04'),(1325,35,1,0,1,'2015-06-22 10:22:48'),(1326,37,1,0,1,'2015-06-22 10:22:50'),(1327,34,1,0,1,'2015-06-22 10:22:51'),(1328,36,1,0,1,'2015-06-22 10:23:07'),(1329,34,1,0,1,'2015-06-22 10:23:13'),(1330,36,1,0,1,'2015-06-22 10:23:13'),(1331,37,1,0,1,'2015-06-22 10:23:14'),(1332,35,1,0,1,'2015-06-22 10:23:15'),(1333,34,1,0,1,'2015-06-22 13:46:37'),(1334,36,1,0,1,'2015-06-22 13:46:38'),(1335,37,1,0,1,'2015-06-22 13:46:39'),(1336,35,1,0,1,'2015-06-22 13:46:40'),(1337,34,1,1,1,'2015-06-22 13:52:59'),(1338,35,1,1,1,'2015-06-22 13:52:59'),(1339,36,1,1,1,'2015-06-22 13:53:06'),(1340,37,1,1,1,'2015-06-22 13:53:09'),(1341,37,1,1,1,'2015-06-22 13:53:10'),(1342,36,1,1,1,'2015-06-22 13:53:11'),(1343,34,1,1,1,'2015-06-22 13:53:21'),(1344,36,1,1,1,'2015-06-22 13:53:22'),(1345,35,1,1,1,'2015-06-22 13:53:22'),(1346,37,1,1,1,'2015-06-22 13:53:23'),(1347,37,1,1,1,'2015-06-22 13:53:24'),(1348,34,1,1,1,'2015-06-22 13:53:25'),(1349,36,1,1,1,'2015-06-22 13:53:26'),(1350,35,1,1,1,'2015-06-22 13:53:26'),(1351,36,1,1,0,'2015-06-22 13:53:52'),(1352,34,1,1,0,'2015-06-22 13:53:53'),(1353,37,1,1,0,'2015-06-22 13:53:53'),(1354,34,1,1,0,'2015-06-22 13:57:56'),(1355,37,1,1,0,'2015-06-22 13:57:57'),(1356,36,1,1,0,'2015-06-22 13:57:57'),(1357,37,1,1,0,'2015-06-22 13:58:42'),(1358,36,1,1,0,'2015-06-22 13:58:43'),(1359,34,1,1,0,'2015-06-22 13:58:44'),(1360,37,1,1,1,'2015-06-22 14:07:15'),(1361,34,1,1,1,'2015-06-22 14:07:16'),(1362,36,1,1,1,'2015-06-22 14:07:17'),(1363,35,1,1,1,'2015-06-22 14:07:18'),(1364,34,1,1,1,'2015-06-22 14:07:27'),(1365,36,1,1,1,'2015-06-22 14:07:28'),(1366,37,1,1,1,'2015-06-22 14:07:29'),(1367,35,1,1,1,'2015-06-22 14:07:30'),(1368,34,1,1,0,'2015-06-22 14:07:40'),(1369,36,1,1,0,'2015-06-22 14:07:40'),(1370,37,1,1,0,'2015-06-22 14:07:40'),(1371,36,1,1,1,'2015-06-22 14:08:37'),(1372,36,1,1,1,'2015-06-22 14:08:59'),(1373,36,1,0,1,'2015-06-22 14:10:08'),(1374,36,1,0,1,'2015-06-22 14:10:10'),(1375,36,1,1,1,'2015-06-22 14:11:00'),(1376,36,1,1,1,'2015-06-22 14:11:46'),(1377,36,1,0,1,'2015-06-22 14:16:46'),(1378,36,1,1,1,'2015-06-22 16:34:01'),(1379,36,1,1,1,'2015-06-22 16:39:24'),(1380,36,1,1,1,'2015-06-22 16:42:34'),(1381,36,1,1,1,'2015-06-22 16:53:13'),(1382,36,1,0,1,'2015-06-22 18:11:53'),(1383,36,1,1,1,'2015-06-22 20:57:01'),(1384,36,1,1,1,'2015-06-22 20:57:03'),(1385,36,1,1,1,'2015-06-23 06:51:17'),(1386,36,1,0,1,'2015-06-23 06:51:17'),(1387,36,1,0,1,'2015-06-23 06:51:25'),(1388,36,1,0,186,'2015-06-23 06:51:33'),(1389,36,1,1,1,'2015-06-23 06:52:22'),(1390,36,1,1,1,'2015-06-23 06:52:34'),(1391,36,1,0,1,'2015-06-23 13:37:21'),(1392,36,1,0,186,'2015-06-23 13:38:29'),(1393,36,1,1,1,'2015-06-23 14:45:29'),(1394,36,1,0,1,'2015-06-24 06:07:50'),(1395,36,1,0,1,'2015-06-24 08:14:19'),(1396,36,1,0,1,'2015-06-24 11:24:48'),(1397,36,1,0,1,'2015-06-24 11:43:54'),(1398,36,1,0,1,'2015-06-24 13:24:19'),(1399,36,1,0,1,'2015-06-24 16:04:28'),(1400,36,1,0,1,'2015-06-24 16:05:23'),(1401,36,1,0,1,'2015-06-25 12:22:54'),(1402,36,1,0,1,'2015-06-25 12:28:42'),(1403,36,1,0,1,'2015-06-25 12:29:00'),(1404,36,1,0,1,'2015-06-25 15:15:56'),(1405,36,1,0,1,'2015-06-26 10:06:49'),(1406,36,1,0,1,'2015-06-26 11:35:31'),(1407,36,1,0,1,'2015-06-26 15:42:21'),(1408,36,1,1,1,'2015-06-27 11:37:38'),(1409,36,1,1,1,'2015-06-27 12:43:02'),(1410,36,1,1,1,'2015-06-27 13:29:56'),(1411,36,1,0,1,'2015-06-27 13:34:25'),(1412,36,1,1,1,'2015-06-28 08:54:28'),(1413,36,1,1,1,'2015-06-28 18:40:19'),(1414,36,1,0,1,'2015-06-29 11:36:55'),(1415,36,1,0,186,'2015-07-02 10:32:32'),(1416,36,1,1,1,'2015-07-02 16:59:07'),(1417,36,1,0,1,'2015-07-06 09:49:24'),(1418,36,1,0,1,'2015-07-06 17:13:20'),(1419,36,1,0,1,'2015-07-06 17:38:40'),(1420,36,1,0,1,'2015-07-06 22:31:41'),(1421,36,1,0,1,'2015-07-07 17:46:05'),(1422,36,1,0,1,'2015-07-07 18:45:52'),(1423,36,1,0,1,'2015-07-08 12:49:12'),(1424,36,1,0,1,'2015-07-08 16:58:02'),(1425,36,1,0,1,'2015-07-08 19:57:17'),(1426,36,1,0,1,'2015-07-09 07:15:29'),(1427,36,1,0,1,'2015-07-09 07:17:32'),(1428,36,1,0,1,'2015-07-09 15:12:01'),(1429,36,1,0,1,'2015-07-11 14:24:59'),(1430,36,1,0,1,'2015-07-11 21:01:16'),(1431,36,1,0,1,'2015-07-12 07:40:31'),(1432,36,1,0,1,'2015-07-12 07:40:57'),(1433,36,1,0,1,'2015-07-12 07:42:49'),(1434,36,1,0,1,'2015-07-12 10:53:37'),(1435,36,1,0,1,'2015-07-12 12:11:49'),(1436,36,1,0,1,'2015-07-12 14:36:40'),(1437,34,1,0,1,'2015-07-12 18:49:41'),(1438,36,1,0,1,'2015-07-15 10:53:24'),(1439,36,1,0,1,'2015-07-16 12:09:42'),(1440,36,1,0,1,'2015-07-17 00:32:54'),(1441,36,1,0,1,'2015-07-17 00:44:11'),(1442,36,1,0,1,'2015-07-17 00:44:16'),(1443,36,1,0,1,'2015-07-17 00:53:18'),(1444,36,1,0,1,'2015-07-17 07:14:48'),(1445,36,1,0,1,'2015-07-17 14:30:32'),(1446,36,1,0,1,'2015-07-17 14:31:13'),(1447,36,1,0,1,'2015-07-17 14:45:20'),(1448,36,1,0,1,'2015-07-17 14:48:06'),(1449,36,1,0,1,'2015-07-17 14:49:57'),(1450,36,1,0,1,'2015-07-17 14:50:08'),(1451,36,1,0,1,'2015-07-17 14:51:32'),(1452,36,1,0,1,'2015-07-17 14:51:36'),(1453,36,1,0,1,'2015-07-17 14:51:58'),(1454,36,1,0,1,'2015-07-17 14:52:02'),(1455,36,1,0,1,'2015-07-17 14:52:05'),(1456,36,1,0,1,'2015-07-17 14:52:26'),(1457,36,1,0,1,'2015-07-17 14:52:31'),(1458,36,1,0,1,'2015-07-17 14:52:39'),(1459,36,1,0,1,'2015-07-17 14:52:50'),(1460,36,1,0,1,'2015-07-17 14:53:27'),(1461,36,1,0,1,'2015-07-17 14:57:10'),(1462,36,1,0,1,'2015-07-17 14:57:25'),(1463,36,1,0,1,'2015-07-17 14:57:44'),(1464,36,1,0,1,'2015-07-17 14:58:12'),(1465,36,1,0,1,'2015-07-17 14:58:17'),(1466,36,1,0,1,'2015-07-17 14:58:24'),(1467,36,1,0,1,'2015-07-17 14:58:27'),(1468,36,1,0,1,'2015-07-17 14:58:31'),(1469,36,1,0,1,'2015-07-17 14:58:45'),(1470,36,1,0,1,'2015-07-17 14:58:49'),(1471,36,1,0,1,'2015-07-17 14:59:56'),(1472,36,1,0,1,'2015-07-17 15:00:22'),(1473,36,1,0,1,'2015-07-17 15:08:57'),(1474,36,1,0,1,'2015-07-17 15:10:20'),(1475,36,1,0,1,'2015-07-19 16:32:57'),(1476,36,1,0,186,'2015-07-19 16:38:50'),(1477,34,1,0,1,'2015-07-20 11:44:28'),(1478,36,1,0,1,'2015-07-21 08:18:06'),(1479,36,1,0,1,'2015-07-22 08:50:09'),(1480,36,1,0,1,'2015-07-22 11:46:50'),(1481,36,1,0,1,'2015-07-22 11:55:33'),(1482,36,1,0,1,'2015-07-22 16:09:41'),(1483,36,1,0,1,'2015-07-22 17:19:31'),(1484,36,1,0,1,'2015-07-22 17:29:48'),(1485,36,1,0,1,'2015-07-23 00:07:49'),(1486,36,1,0,1,'2015-07-23 00:30:57'),(1487,36,1,0,1,'2015-07-23 00:42:56'),(1488,36,1,0,1,'2015-07-23 01:08:06'),(1489,36,1,0,1,'2015-07-23 01:09:34'),(1490,36,1,0,1,'2015-07-23 09:04:34'),(1491,36,1,0,1,'2015-07-26 10:49:08'),(1492,36,1,0,1,'2015-07-26 13:15:00'),(1493,36,1,1,1,'2015-07-26 13:15:46'),(1494,36,1,1,1,'2015-07-26 21:00:39'),(1495,36,1,1,1,'2015-07-26 21:00:57'),(1496,36,1,1,1,'2015-07-27 07:48:09'),(1497,36,1,1,1,'2015-07-27 08:02:26'),(1498,36,1,1,1,'2015-07-27 08:07:09'),(1499,36,1,1,1,'2015-07-27 08:08:18'),(1500,36,1,1,1,'2015-07-27 08:09:14'),(1501,36,1,1,1,'2015-07-27 08:09:28'),(1502,36,1,1,1,'2015-07-27 09:27:28'),(1503,36,1,0,1,'2015-07-27 10:45:17'),(1504,36,1,1,1,'2015-07-27 11:58:02'),(1505,36,1,1,1,'2015-07-28 10:54:24'),(1506,36,1,0,1,'2015-07-28 13:40:41'),(1507,36,1,0,1,'2015-07-28 13:43:36'),(1508,36,1,0,1,'2015-07-28 13:45:10'),(1509,36,1,0,1,'2015-07-28 14:00:18'),(1510,36,1,0,1,'2015-07-28 14:00:29'),(1511,36,1,1,1,'2015-07-28 18:43:36'),(1512,36,1,0,1,'2015-07-29 16:04:54'),(1513,36,1,0,1,'2015-07-29 16:05:28'),(1514,36,1,0,1,'2015-07-30 14:29:32'),(1515,36,1,0,1,'2015-07-30 16:35:38'),(1516,36,1,0,1,'2015-07-30 16:43:41'),(1517,36,1,0,1,'2015-07-30 16:46:00'),(1518,36,1,0,1,'2015-07-31 15:09:58'),(1519,36,1,1,1,'2015-07-31 16:02:10'),(1520,36,1,1,1,'2015-07-31 21:38:26'),(1521,36,1,0,1,'2015-08-01 23:10:35'),(1522,36,1,1,1,'2015-08-02 12:28:54'),(1523,36,1,1,1,'2015-08-02 14:52:10'),(1524,36,1,1,1,'2015-08-02 15:28:39'),(1525,36,1,1,1,'2015-08-02 15:28:41'),(1526,36,1,1,1,'2015-08-02 15:30:58'),(1527,36,1,1,1,'2015-08-02 15:32:12'),(1528,36,1,1,1,'2015-08-02 16:35:17'),(1529,36,1,1,1,'2015-08-02 16:54:34'),(1530,36,1,1,1,'2015-08-02 17:01:56'),(1531,36,1,1,1,'2015-08-03 08:02:31'),(1532,36,1,1,1,'2015-08-03 08:02:32'),(1533,36,1,1,1,'2015-08-03 08:03:28'),(1534,36,1,1,1,'2015-08-03 09:18:32'),(1535,36,1,1,1,'2015-08-03 10:15:20'),(1536,37,1,1,1,'2015-08-03 10:15:53'),(1537,36,1,1,1,'2015-08-03 10:15:54'),(1538,34,1,1,1,'2015-08-03 10:15:55'),(1539,35,1,1,1,'2015-08-03 10:15:56'),(1540,37,1,1,1,'2015-08-03 10:16:25'),(1541,36,1,1,1,'2015-08-03 10:16:28'),(1542,35,1,1,1,'2015-08-03 10:16:29'),(1543,34,1,1,1,'2015-08-03 10:16:30'),(1544,37,1,1,1,'2015-08-03 10:17:13'),(1545,34,1,1,1,'2015-08-03 10:17:14'),(1546,35,1,1,1,'2015-08-03 10:17:15'),(1547,36,1,1,1,'2015-08-03 10:17:16'),(1548,37,1,1,1,'2015-08-03 10:17:35'),(1549,36,1,1,1,'2015-08-03 10:17:35'),(1550,34,1,1,1,'2015-08-03 10:17:35'),(1551,35,1,1,1,'2015-08-03 10:17:36'),(1552,36,1,1,1,'2015-08-03 10:34:44'),(1553,36,1,1,1,'2015-08-03 10:42:19'),(1554,36,1,0,1,'2015-08-03 13:27:22'),(1555,36,1,0,1,'2015-08-04 15:54:11'),(1556,36,1,0,1,'2015-08-04 18:51:23'),(1557,36,1,1,1,'2015-08-04 18:52:09'),(1558,36,1,1,1,'2015-08-06 02:27:36'),(1559,36,1,1,1,'2015-08-06 13:48:59'),(1560,36,1,1,1,'2015-08-06 13:51:25'),(1561,36,1,1,1,'2015-08-06 13:57:44'),(1562,36,1,1,1,'2015-08-06 14:36:08'),(1563,36,1,1,1,'2015-08-06 14:37:44'),(1564,36,1,1,1,'2015-08-06 14:41:35'),(1565,36,1,1,1,'2015-08-06 21:34:14'),(1566,36,1,1,1,'2015-08-06 21:51:02'),(1567,36,1,0,1,'2015-08-06 21:54:42'),(1568,36,1,0,1,'2015-08-07 12:14:14'),(1569,36,1,0,1,'2015-08-07 13:53:24'),(1570,36,1,0,1,'2015-08-07 14:01:12'),(1571,36,1,0,1,'2015-08-07 14:43:23'),(1572,36,1,0,1,'2015-08-08 08:48:34'),(1573,36,1,1,1,'2015-08-08 09:10:31'),(1574,36,1,1,1,'2015-08-08 09:12:43'),(1575,36,1,1,1,'2015-08-08 09:13:14'),(1576,36,1,1,1,'2015-08-08 09:13:58'),(1577,36,1,1,1,'2015-08-08 09:16:06'),(1578,36,1,1,1,'2015-08-08 09:16:27'),(1579,36,1,1,1,'2015-08-08 09:16:59'),(1580,36,1,0,1,'2015-08-08 11:44:33'),(1581,36,1,1,1,'2015-08-08 12:53:18'),(1582,36,1,1,1,'2015-08-08 12:53:20'),(1583,36,1,0,1,'2015-08-08 12:54:51'),(1584,36,1,0,1,'2015-08-08 13:09:15'),(1585,36,1,1,1,'2015-08-08 14:01:52'),(1586,36,1,1,1,'2015-08-08 14:01:53'),(1587,36,1,0,1,'2015-08-09 11:36:34'),(1588,36,1,1,1,'2015-08-09 11:37:17'),(1589,36,1,0,1,'2015-08-09 17:29:58'),(1590,36,1,0,1,'2015-08-09 18:14:49'),(1591,36,1,0,1,'2015-08-09 18:18:23'),(1592,36,1,0,1,'2015-08-09 19:19:20'),(1593,36,1,0,1,'2015-08-09 19:19:25'),(1594,36,1,0,1,'2015-08-09 19:19:26'),(1595,36,1,0,1,'2015-08-09 19:27:13'),(1596,36,1,0,1,'2015-08-09 19:36:20'),(1597,36,1,0,1,'2015-08-09 19:37:04'),(1598,36,1,0,1,'2015-08-09 21:36:24'),(1599,36,1,0,1,'2015-08-09 22:40:02'),(1600,36,1,0,1,'2015-08-10 00:25:11'),(1601,36,1,0,1,'2015-08-10 05:34:15'),(1602,36,1,0,1,'2015-08-10 08:20:41'),(1603,36,1,0,1,'2015-08-10 11:20:29'),(1604,36,1,1,1,'2015-08-10 11:20:55'),(1605,36,1,1,1,'2015-08-10 11:21:57'),(1606,36,1,1,1,'2015-08-10 11:22:43'),(1607,36,1,1,1,'2015-08-10 11:25:54'),(1608,36,1,1,1,'2015-08-10 12:08:37'),(1609,36,1,0,1,'2015-08-10 12:18:20'),(1610,36,1,1,1,'2015-08-10 12:29:03'),(1611,36,1,1,1,'2015-08-10 12:46:19'),(1612,36,1,1,1,'2015-08-10 12:58:15'),(1613,36,1,1,1,'2015-08-10 12:58:50'),(1614,36,1,1,1,'2015-08-10 14:38:39'),(1615,36,1,1,1,'2015-08-10 14:42:54'),(1616,36,1,0,1,'2015-08-10 14:54:09'),(1617,36,1,0,1,'2015-08-10 14:54:12'),(1618,36,1,1,1,'2015-08-10 14:54:31'),(1619,36,1,0,1,'2015-08-10 15:04:41'),(1620,36,1,0,1,'2015-08-10 15:06:32'),(1621,36,1,1,1,'2015-08-10 17:33:42'),(1622,36,1,1,1,'2015-08-10 17:34:53'),(1623,36,1,1,1,'2015-08-10 18:06:57'),(1624,36,1,1,1,'2015-08-10 18:08:18'),(1625,36,1,1,1,'2015-08-11 14:08:12'),(1626,36,1,1,1,'2015-08-11 14:09:01'),(1627,36,1,1,1,'2015-08-12 11:12:29'),(1628,36,1,0,1,'2015-08-12 22:01:03'),(1629,36,1,0,1,'2015-08-12 22:03:26'),(1630,36,1,0,1,'2015-08-13 01:58:57'),(1631,36,1,0,1,'2015-08-13 05:09:15'),(1632,36,1,1,1,'2015-08-13 13:59:58'),(1633,36,1,1,1,'2015-08-13 14:00:00'),(1634,36,1,0,1,'2015-08-14 09:06:35'),(1635,36,1,0,1,'2015-08-14 09:16:55'),(1636,36,1,1,1,'2015-08-14 10:27:31'),(1637,36,1,1,1,'2015-08-14 10:28:18'),(1638,36,1,1,1,'2015-08-14 10:47:13'),(1639,36,1,1,1,'2015-08-14 10:47:18'),(1640,36,1,1,1,'2015-08-14 10:47:54'),(1641,36,1,1,1,'2015-08-15 09:45:28'),(1642,36,1,1,1,'2015-08-15 09:46:53'),(1643,36,1,1,1,'2015-08-15 10:28:53'),(1644,36,1,0,1,'2015-08-15 10:30:37'),(1645,36,1,0,1,'2015-08-15 10:31:49'),(1646,36,1,1,1,'2015-08-15 10:36:49'),(1647,36,1,0,1,'2015-08-15 20:08:20'),(1648,36,1,0,186,'2015-08-15 20:08:43'),(1649,36,1,0,1,'2015-08-15 20:18:13'),(1650,36,1,1,1,'2015-08-15 20:24:09'),(1651,36,1,0,186,'2015-08-15 21:05:32'),(1652,36,1,2,1,'2015-08-15 21:06:23'),(1653,36,1,2,186,'2015-08-15 21:06:42'),(1654,36,1,1,1,'2015-08-15 21:06:52'),(1655,36,1,1,186,'2015-08-15 21:07:00'),(1656,36,1,2,1,'2015-08-15 21:07:26'),(1657,36,1,1,186,'2015-08-15 21:08:05'),(1658,36,1,1,186,'2015-08-15 21:08:11'),(1659,36,1,1,186,'2015-08-15 21:08:16'),(1660,36,1,1,0,'2015-08-15 21:08:30'),(1661,36,1,1,1,'2015-08-15 21:09:19'),(1662,36,1,1,1,'2015-08-15 21:09:44'),(1663,36,1,2,1,'2015-08-15 21:09:52'),(1664,36,1,2,186,'2015-08-15 21:09:57'),(1665,36,1,2,186,'2015-08-15 21:10:04'),(1666,36,1,0,1,'2015-08-15 21:10:11'),(1667,36,1,2,1,'2015-08-15 21:10:32'),(1668,36,1,2,1,'2015-08-15 21:11:29'),(1669,36,1,2,1,'2015-08-15 21:11:39'),(1670,36,1,2,186,'2015-08-15 21:12:04'),(1671,36,1,0,1,'2015-08-15 21:12:27'),(1672,36,1,2,186,'2015-08-15 21:12:31'),(1673,36,1,2,186,'2015-08-15 21:12:39'),(1674,36,1,2,0,'2015-08-15 21:12:53'),(1675,36,1,2,186,'2015-08-15 21:16:37'),(1676,36,1,2,1,'2015-08-15 21:17:20'),(1677,36,1,0,1,'2015-08-15 21:17:50'),(1678,36,1,0,1,'2015-08-15 21:21:46'),(1679,36,1,0,1,'2015-08-17 12:29:40'),(1680,36,1,0,1,'2015-08-17 12:47:45'),(1681,36,1,0,1,'2015-08-17 13:00:16'),(1682,36,1,0,1,'2015-08-17 13:27:02'),(1683,36,1,0,1,'2015-08-17 14:37:38'),(1684,36,1,0,1,'2015-08-17 14:37:38'),(1685,36,1,0,1,'2015-08-17 15:25:20'),(1686,36,1,0,1,'2015-08-17 19:17:23'),(1687,36,1,0,1,'2015-08-17 19:23:42'),(1688,36,1,0,1,'2015-08-18 07:48:18'),(1689,36,1,0,1,'2015-08-18 07:59:15'),(1690,36,1,0,1,'2015-08-18 08:29:48'),(1691,36,1,0,1,'2015-08-18 08:30:44'),(1692,36,1,0,1,'2015-08-18 08:31:02'),(1693,36,1,0,1,'2015-08-18 08:59:05'),(1694,36,1,0,1,'2015-08-18 08:59:48'),(1695,36,1,0,1,'2015-08-18 09:00:00'),(1696,36,1,1,1,'2015-08-18 09:00:52'),(1697,36,1,1,1,'2015-08-18 09:02:03'),(1698,36,1,1,1,'2015-08-18 09:03:00'),(1699,36,1,1,1,'2015-08-18 09:20:42'),(1700,36,1,1,1,'2015-08-18 09:26:56'),(1701,36,1,1,1,'2015-08-18 09:35:30'),(1702,36,1,1,186,'2015-08-18 09:40:08'),(1703,36,1,1,186,'2015-08-18 09:40:11'),(1704,36,1,1,1,'2015-08-18 09:42:47'),(1705,36,1,0,1,'2015-08-18 09:43:34'),(1706,36,1,1,1,'2015-08-18 10:21:49'),(1707,36,1,1,1,'2015-08-18 10:26:14'),(1708,36,1,1,1,'2015-08-18 10:27:09'),(1709,36,1,0,1,'2015-08-18 10:27:34'),(1710,36,1,0,1,'2015-08-18 10:48:53'),(1711,36,1,0,1,'2015-08-18 11:46:02'),(1712,36,1,1,1,'2015-08-18 11:50:40'),(1713,36,1,0,1,'2015-08-18 11:54:10'),(1714,36,1,1,1,'2015-08-18 11:54:58'),(1715,36,1,0,1,'2015-08-18 11:55:38'),(1716,36,1,1,1,'2015-08-18 12:05:17'),(1717,36,1,1,1,'2015-08-18 12:18:07'),(1718,36,1,1,1,'2015-08-18 12:58:29'),(1719,36,1,0,1,'2015-08-18 13:33:18'),(1720,36,1,1,1,'2015-08-18 13:34:20'),(1721,36,1,1,1,'2015-08-18 13:34:55'),(1722,36,1,1,1,'2015-08-18 13:36:25'),(1723,36,1,0,1,'2015-08-18 13:37:10'),(1724,36,1,1,1,'2015-08-18 13:42:03'),(1725,36,1,1,1,'2015-08-18 13:59:34'),(1726,36,1,1,1,'2015-08-18 14:03:36'),(1727,36,1,0,1,'2015-08-18 14:26:49'),(1728,36,1,0,1,'2015-08-18 17:54:05'),(1729,36,1,0,1,'2015-08-18 19:18:33'),(1730,36,1,1,1,'2015-08-19 13:46:47'),(1731,36,1,1,1,'2015-08-19 14:44:15'),(1732,36,1,0,1,'2015-08-19 14:54:24'),(1733,36,1,1,1,'2015-08-20 07:57:59'),(1734,36,1,1,1,'2015-08-20 09:03:30'),(1735,36,1,1,1,'2015-08-20 12:41:57'),(1736,36,1,1,1,'2015-08-20 15:26:43'),(1737,36,1,1,1,'2015-08-20 15:52:58'),(1738,36,1,0,1,'2015-08-20 15:54:28'),(1739,36,1,0,1,'2015-08-20 15:54:50'),(1740,36,1,1,1,'2015-08-20 15:56:21'),(1741,36,1,1,1,'2015-08-20 18:11:48'),(1742,36,1,1,1,'2015-08-20 18:51:46'),(1743,36,1,0,1,'2015-08-20 20:13:11'),(1744,36,1,1,1,'2015-08-20 20:34:31'),(1745,36,1,1,1,'2015-08-20 20:35:02'),(1746,36,1,1,1,'2015-08-21 00:36:05'),(1747,36,1,0,1,'2015-08-21 10:25:53'),(1748,36,1,1,1,'2015-08-21 11:51:28'),(1749,36,1,0,1,'2015-08-21 14:14:54'),(1750,36,1,1,1,'2015-08-21 15:18:45'),(1751,36,1,1,1,'2015-08-22 01:08:51'),(1752,36,1,1,1,'2015-08-22 11:10:59'),(1753,36,1,1,1,'2015-08-22 14:39:53'),(1754,36,1,1,1,'2015-08-22 14:48:01'),(1755,36,1,1,1,'2015-08-22 15:27:51'),(1756,36,1,0,1,'2015-08-22 21:50:36'),(1757,36,1,0,1,'2015-08-22 21:59:06'),(1758,36,1,1,1,'2015-08-22 22:25:26'),(1759,36,1,1,1,'2015-08-23 10:28:12'),(1760,36,1,0,1,'2015-08-23 18:30:16'),(1761,36,1,0,1,'2015-08-24 04:06:41'),(1762,36,1,0,1,'2015-08-24 07:38:05'),(1763,36,1,1,1,'2015-08-25 08:42:03'),(1764,36,1,1,1,'2015-08-25 09:24:18'),(1765,36,1,1,1,'2015-08-25 10:25:49'),(1766,36,1,0,1,'2015-08-25 12:17:32'),(1767,36,1,1,1,'2015-08-25 17:02:45'),(1768,36,1,0,1,'2015-08-25 23:06:07'),(1769,36,1,0,1,'2015-08-25 23:07:28'),(1770,36,1,0,1,'2015-08-25 23:07:33'),(1771,36,1,0,1,'2015-08-25 23:08:00'),(1772,36,1,1,1,'2015-08-26 09:59:46'),(1773,36,1,0,1,'2015-08-26 19:31:14'),(1774,36,1,1,1,'2015-08-27 10:29:07'),(1775,36,1,1,1,'2015-08-27 15:36:08'),(1776,36,1,0,1,'2015-08-28 13:53:58'),(1777,36,1,1,1,'2015-08-29 10:59:53'),(1778,36,1,0,1,'2015-08-29 17:17:50'),(1779,36,1,0,1,'2015-08-30 03:12:50'),(1780,36,1,1,1,'2015-08-30 14:21:15'),(1781,36,1,1,1,'2015-08-30 22:53:44'),(1782,36,1,1,1,'2015-08-30 22:59:12'),(1783,36,1,1,1,'2015-08-30 23:01:00'),(1784,36,1,1,1,'2015-08-31 11:00:09'),(1785,36,1,1,1,'2015-08-31 11:48:36'),(1786,36,1,0,1,'2015-09-01 13:47:18'),(1787,36,1,0,1,'2015-09-01 14:02:16'),(1788,36,1,0,1,'2015-09-01 20:44:28'),(1789,36,1,0,1,'2015-09-02 15:55:30'),(1790,36,1,0,1,'2015-09-02 16:57:12'),(1791,36,1,0,1,'2015-09-03 06:08:22'),(1792,36,1,0,1,'2015-09-03 07:20:21'),(1793,36,1,0,1,'2015-09-03 08:03:27'),(1794,36,1,0,1,'2015-09-03 15:32:46'),(1795,36,1,0,1,'2015-09-03 16:07:30');
/*!40000 ALTER TABLE `DownloadStatistics` ENABLE KEYS */;
UNLOCK TABLES;

--
-- Table structure for table `FeatureAssignments`
--

DROP TABLE IF EXISTS `FeatureAssignments`;
/*!40101 SET @saved_cs_client     = @@character_set_client */;
/*!40101 SET character_set_client = utf8 */;
CREATE TABLE `FeatureAssignments` (
  `faID` int(10) unsigned NOT NULL AUTO_INCREMENT,
  `feID` int(10) unsigned DEFAULT NULL,
  `fcID` int(10) unsigned DEFAULT NULL,
  `fdObject` longtext COLLATE utf8_unicode_ci,
  PRIMARY KEY (`faID`),
  KEY `feID` (`feID`),
  KEY `fcID` (`fcID`)
) ENGINE=InnoDB AUTO_INCREMENT=11 DEFAULT CHARSET=utf8 COLLATE=utf8_unicode_ci;
/*!40101 SET character_set_client = @saved_cs_client */;

--
-- Dumping data for table `FeatureAssignments`
--

LOCK TABLES `FeatureAssignments` WRITE;
/*!40000 ALTER TABLE `FeatureAssignments` DISABLE KEYS */;
INSERT INTO `FeatureAssignments` VALUES (1,6,1,'O:47:\"Concrete\\Core\\Feature\\Detail\\ConversationDetail\":3:{s:8:\"\0*\0cnvID\";s:1:\"1\";s:7:\"\0*\0item\";N;s:5:\"error\";s:0:\"\";}'),(2,5,1,'O:40:\"Concrete\\Core\\Feature\\Detail\\ImageDetail\":5:{s:6:\"\0*\0src\";s:44:\"/application/files/4714/2533/1286/blank2.png\";s:8:\"\0*\0width\";d:250;s:9:\"\0*\0height\";d:252;s:7:\"\0*\0item\";N;s:5:\"error\";s:0:\"\";}'),(3,6,1,'O:47:\"Concrete\\Core\\Feature\\Detail\\ConversationDetail\":3:{s:8:\"\0*\0cnvID\";s:1:\"2\";s:7:\"\0*\0item\";N;s:5:\"error\";s:0:\"\";}'),(4,6,1,'O:47:\"Concrete\\Core\\Feature\\Detail\\ConversationDetail\":3:{s:8:\"\0*\0cnvID\";s:1:\"3\";s:7:\"\0*\0item\";N;s:5:\"error\";s:0:\"\";}'),(5,6,1,'O:47:\"Concrete\\Core\\Feature\\Detail\\ConversationDetail\":3:{s:8:\"\0*\0cnvID\";s:1:\"4\";s:7:\"\0*\0item\";N;s:5:\"error\";s:0:\"\";}'),(6,5,1,'O:40:\"Concrete\\Core\\Feature\\Detail\\ImageDetail\":5:{s:6:\"\0*\0src\";s:52:\"/application/files/4314/2533/1284/chinese_house2.jpg\";s:8:\"\0*\0width\";d:200;s:9:\"\0*\0height\";d:200;s:7:\"\0*\0item\";N;s:5:\"error\";s:0:\"\";}'),(7,5,1,'O:40:\"Concrete\\Core\\Feature\\Detail\\ImageDetail\":5:{s:6:\"\0*\0src\";s:43:\"/application/files/6114/2533/1283/blank.png\";s:8:\"\0*\0width\";d:592;s:9:\"\0*\0height\";d:397;s:7:\"\0*\0item\";N;s:5:\"error\";s:0:\"\";}'),(8,5,1,'O:40:\"Concrete\\Core\\Feature\\Detail\\ImageDetail\":5:{s:6:\"\0*\0src\";s:43:\"/application/files/6114/2533/1283/blank.png\";s:8:\"\0*\0width\";d:592;s:9:\"\0*\0height\";d:397;s:7:\"\0*\0item\";N;s:5:\"error\";s:0:\"\";}'),(9,5,1,'O:40:\"Concrete\\Core\\Feature\\Detail\\ImageDetail\":5:{s:6:\"\0*\0src\";s:44:\"/application/files/4714/2533/1286/blank2.png\";s:8:\"\0*\0width\";d:250;s:9:\"\0*\0height\";d:252;s:7:\"\0*\0item\";N;s:5:\"error\";s:0:\"\";}'),(10,5,1,'O:40:\"Concrete\\Core\\Feature\\Detail\\ImageDetail\":5:{s:6:\"\0*\0src\";s:46:\"/application/files/4314/2533/1286/masthead.png\";s:8:\"\0*\0width\";d:1100;s:9:\"\0*\0height\";d:263;s:7:\"\0*\0item\";N;s:5:\"error\";s:0:\"\";}');
/*!40000 ALTER TABLE `FeatureAssignments` ENABLE KEYS */;
UNLOCK TABLES;

--
-- Table structure for table `FeatureCategories`
--

DROP TABLE IF EXISTS `FeatureCategories`;
/*!40101 SET @saved_cs_client     = @@character_set_client */;
/*!40101 SET character_set_client = utf8 */;
CREATE TABLE `FeatureCategories` (
  `fcID` int(10) unsigned NOT NULL AUTO_INCREMENT,
  `fcHandle` varchar(255) COLLATE utf8_unicode_ci NOT NULL,
  `pkgID` int(10) unsigned DEFAULT NULL,
  PRIMARY KEY (`fcID`),
  UNIQUE KEY `fcHandle` (`fcHandle`),
  KEY `pkgID` (`pkgID`,`fcID`)
) ENGINE=InnoDB AUTO_INCREMENT=3 DEFAULT CHARSET=utf8 COLLATE=utf8_unicode_ci;
/*!40101 SET character_set_client = @saved_cs_client */;

--
-- Dumping data for table `FeatureCategories`
--

LOCK TABLES `FeatureCategories` WRITE;
/*!40000 ALTER TABLE `FeatureCategories` DISABLE KEYS */;
INSERT INTO `FeatureCategories` VALUES (1,'collection_version',0),(2,'gathering_item',0);
/*!40000 ALTER TABLE `FeatureCategories` ENABLE KEYS */;
UNLOCK TABLES;

--
-- Table structure for table `Features`
--

DROP TABLE IF EXISTS `Features`;
/*!40101 SET @saved_cs_client     = @@character_set_client */;
/*!40101 SET character_set_client = utf8 */;
CREATE TABLE `Features` (
  `feID` int(10) unsigned NOT NULL AUTO_INCREMENT,
  `feHandle` varchar(255) COLLATE utf8_unicode_ci NOT NULL,
  `feScore` int(11) NOT NULL DEFAULT '1',
  `feHasCustomClass` tinyint(1) NOT NULL DEFAULT '0',
  `pkgID` int(10) unsigned DEFAULT NULL,
  PRIMARY KEY (`feID`),
  UNIQUE KEY `feHandle` (`feHandle`),
  KEY `pkgID` (`pkgID`,`feID`)
) ENGINE=InnoDB AUTO_INCREMENT=9 DEFAULT CHARSET=utf8 COLLATE=utf8_unicode_ci;
/*!40101 SET character_set_client = @saved_cs_client */;

--
-- Dumping data for table `Features`
--

LOCK TABLES `Features` WRITE;
/*!40000 ALTER TABLE `Features` DISABLE KEYS */;
INSERT INTO `Features` VALUES (1,'title',1,0,0),(2,'link',1,0,0),(3,'author',1,0,0),(4,'date_time',1,0,0),(5,'image',500,1,0),(6,'conversation',10,1,0),(7,'description',1,0,0),(8,'featured',1000,0,0);
/*!40000 ALTER TABLE `Features` ENABLE KEYS */;
UNLOCK TABLES;

--
-- Table structure for table `FileAttributeValues`
--

DROP TABLE IF EXISTS `FileAttributeValues`;
/*!40101 SET @saved_cs_client     = @@character_set_client */;
/*!40101 SET character_set_client = utf8 */;
CREATE TABLE `FileAttributeValues` (
  `fID` int(10) unsigned NOT NULL DEFAULT '0',
  `fvID` int(10) unsigned NOT NULL DEFAULT '0',
  `akID` int(10) unsigned NOT NULL DEFAULT '0',
  `avID` int(10) unsigned DEFAULT '0',
  PRIMARY KEY (`fID`,`fvID`,`akID`),
  KEY `akID` (`akID`),
  KEY `avID` (`avID`)
) ENGINE=InnoDB DEFAULT CHARSET=utf8 COLLATE=utf8_unicode_ci;
/*!40101 SET character_set_client = @saved_cs_client */;

--
-- Dumping data for table `FileAttributeValues`
--

LOCK TABLES `FileAttributeValues` WRITE;
/*!40000 ALTER TABLE `FileAttributeValues` DISABLE KEYS */;
INSERT INTO `FileAttributeValues` VALUES (1,1,14,113),(1,1,15,114),(2,1,14,115),(2,1,15,116),(3,1,14,117),(3,1,15,118),(4,1,14,119),(4,1,15,120),(5,1,14,121),(5,1,15,122),(6,1,14,123),(6,1,15,124),(7,1,14,125),(7,1,15,126),(8,1,14,127),(8,1,15,128),(9,1,14,129),(9,1,15,130),(10,1,14,131),(10,1,15,132),(11,1,14,133),(11,1,15,134),(12,1,14,135),(12,1,15,136),(13,1,14,137),(13,1,15,138),(14,1,14,139),(14,1,15,140),(15,1,14,141),(15,1,15,142),(16,1,14,143),(16,1,15,144),(34,1,14,243),(34,1,15,244),(35,1,14,245),(35,1,15,246),(36,1,14,247),(36,1,15,248),(37,1,14,249),(37,1,15,250),(38,1,14,251),(38,1,15,252),(39,1,14,253),(39,1,15,254);
/*!40000 ALTER TABLE `FileAttributeValues` ENABLE KEYS */;
UNLOCK TABLES;

--
-- Table structure for table `FileImageThumbnailTypes`
--

DROP TABLE IF EXISTS `FileImageThumbnailTypes`;
/*!40101 SET @saved_cs_client     = @@character_set_client */;
/*!40101 SET character_set_client = utf8 */;
CREATE TABLE `FileImageThumbnailTypes` (
  `ftTypeID` int(10) unsigned NOT NULL AUTO_INCREMENT,
  `ftTypeHandle` varchar(255) COLLATE utf8_unicode_ci NOT NULL DEFAULT '',
  `ftTypeName` varchar(255) COLLATE utf8_unicode_ci NOT NULL DEFAULT '',
  `ftTypeWidth` int(11) NOT NULL DEFAULT '0',
  `ftTypeHeight` int(11) DEFAULT NULL,
  `ftTypeIsRequired` tinyint(1) NOT NULL DEFAULT '0',
  PRIMARY KEY (`ftTypeID`)
) ENGINE=InnoDB AUTO_INCREMENT=6 DEFAULT CHARSET=utf8 COLLATE=utf8_unicode_ci;
/*!40101 SET character_set_client = @saved_cs_client */;

--
-- Dumping data for table `FileImageThumbnailTypes`
--

LOCK TABLES `FileImageThumbnailTypes` WRITE;
/*!40000 ALTER TABLE `FileImageThumbnailTypes` DISABLE KEYS */;
INSERT INTO `FileImageThumbnailTypes` VALUES (1,'small','Small Image',740,NULL,0),(2,'medium','Medium Image',940,NULL,0),(3,'large','Large Image',1140,NULL,0),(4,'file_manager_listing','File Manager Thumbnails',60,60,1),(5,'file_manager_detail','File Manager Detail Thumbnails',400,NULL,1);
/*!40000 ALTER TABLE `FileImageThumbnailTypes` ENABLE KEYS */;
UNLOCK TABLES;

--
-- Table structure for table `FilePermissionAssignments`
--

DROP TABLE IF EXISTS `FilePermissionAssignments`;
/*!40101 SET @saved_cs_client     = @@character_set_client */;
/*!40101 SET character_set_client = utf8 */;
CREATE TABLE `FilePermissionAssignments` (
  `fID` int(10) unsigned NOT NULL DEFAULT '0',
  `pkID` int(10) unsigned NOT NULL DEFAULT '0',
  `paID` int(10) unsigned NOT NULL DEFAULT '0',
  PRIMARY KEY (`fID`,`pkID`,`paID`),
  KEY `pkID` (`pkID`),
  KEY `paID` (`paID`)
) ENGINE=InnoDB DEFAULT CHARSET=utf8 COLLATE=utf8_unicode_ci;
/*!40101 SET character_set_client = @saved_cs_client */;

--
-- Dumping data for table `FilePermissionAssignments`
--

LOCK TABLES `FilePermissionAssignments` WRITE;
/*!40000 ALTER TABLE `FilePermissionAssignments` DISABLE KEYS */;
/*!40000 ALTER TABLE `FilePermissionAssignments` ENABLE KEYS */;
UNLOCK TABLES;

--
-- Table structure for table `FilePermissionFileTypes`
--

DROP TABLE IF EXISTS `FilePermissionFileTypes`;
/*!40101 SET @saved_cs_client     = @@character_set_client */;
/*!40101 SET character_set_client = utf8 */;
CREATE TABLE `FilePermissionFileTypes` (
  `extension` varchar(32) COLLATE utf8_unicode_ci NOT NULL,
  `fsID` int(10) unsigned NOT NULL DEFAULT '0',
  `gID` int(10) unsigned NOT NULL DEFAULT '0',
  `uID` int(10) unsigned NOT NULL DEFAULT '0',
  PRIMARY KEY (`fsID`,`gID`,`uID`,`extension`),
  KEY `gID` (`gID`),
  KEY `uID` (`uID`)
) ENGINE=InnoDB DEFAULT CHARSET=utf8 COLLATE=utf8_unicode_ci;
/*!40101 SET character_set_client = @saved_cs_client */;

--
-- Dumping data for table `FilePermissionFileTypes`
--

LOCK TABLES `FilePermissionFileTypes` WRITE;
/*!40000 ALTER TABLE `FilePermissionFileTypes` DISABLE KEYS */;
/*!40000 ALTER TABLE `FilePermissionFileTypes` ENABLE KEYS */;
UNLOCK TABLES;

--
-- Table structure for table `FileSearchIndexAttributes`
--

DROP TABLE IF EXISTS `FileSearchIndexAttributes`;
/*!40101 SET @saved_cs_client     = @@character_set_client */;
/*!40101 SET character_set_client = utf8 */;
CREATE TABLE `FileSearchIndexAttributes` (
  `fID` int(10) unsigned NOT NULL DEFAULT '0',
  `ak_width` decimal(14,4) DEFAULT '0.0000',
  `ak_height` decimal(14,4) DEFAULT '0.0000',
  `ak_duration` decimal(14,4) DEFAULT '0.0000',
  PRIMARY KEY (`fID`)
) ENGINE=InnoDB DEFAULT CHARSET=utf8 COLLATE=utf8_unicode_ci;
/*!40101 SET character_set_client = @saved_cs_client */;

--
-- Dumping data for table `FileSearchIndexAttributes`
--

LOCK TABLES `FileSearchIndexAttributes` WRITE;
/*!40000 ALTER TABLE `FileSearchIndexAttributes` DISABLE KEYS */;
INSERT INTO `FileSearchIndexAttributes` VALUES (1,592.0000,397.0000,0.0000),(2,1499.0000,1067.0000,0.0000),(3,200.0000,200.0000,0.0000),(4,1600.0000,1066.0000,0.0000),(5,200.0000,200.0000,0.0000),(6,1600.0000,1067.0000,0.0000),(7,250.0000,252.0000,0.0000),(8,460.0000,460.0000,0.0000),(9,1100.0000,368.0000,0.0000),(10,1100.0000,263.0000,0.0000),(11,1100.0000,368.0000,0.0000),(12,1600.0000,1067.0000,0.0000),(13,500.0000,500.0000,0.0000),(14,1600.0000,953.0000,0.0000),(15,1600.0000,1067.0000,0.0000),(16,1600.0000,1067.0000,0.0000),(17,0.0000,0.0000,0.0000),(18,0.0000,0.0000,0.0000),(19,0.0000,0.0000,0.0000),(20,0.0000,0.0000,0.0000),(21,0.0000,0.0000,0.0000),(22,0.0000,0.0000,0.0000),(23,0.0000,0.0000,0.0000),(24,0.0000,0.0000,0.0000),(25,0.0000,0.0000,0.0000),(26,0.0000,0.0000,0.0000),(27,0.0000,0.0000,0.0000),(28,0.0000,0.0000,0.0000),(29,0.0000,0.0000,0.0000),(30,0.0000,0.0000,0.0000),(31,0.0000,0.0000,0.0000),(32,0.0000,0.0000,0.0000),(33,0.0000,0.0000,0.0000),(34,333.0000,500.0000,0.0000),(35,1920.0000,1200.0000,0.0000),(36,60.0000,53.0000,0.0000),(37,60.0000,78.0000,0.0000),(38,389.0000,499.0000,0.0000),(39,1024.0000,731.0000,0.0000),(40,0.0000,0.0000,0.0000);
/*!40000 ALTER TABLE `FileSearchIndexAttributes` ENABLE KEYS */;
UNLOCK TABLES;

--
-- Table structure for table `FileSetFiles`
--

DROP TABLE IF EXISTS `FileSetFiles`;
/*!40101 SET @saved_cs_client     = @@character_set_client */;
/*!40101 SET character_set_client = utf8 */;
CREATE TABLE `FileSetFiles` (
  `fsfID` int(10) unsigned NOT NULL AUTO_INCREMENT,
  `fID` int(10) unsigned NOT NULL,
  `fsID` int(10) unsigned NOT NULL,
  `timestamp` timestamp NOT NULL DEFAULT CURRENT_TIMESTAMP,
  `fsDisplayOrder` int(10) unsigned NOT NULL,
  PRIMARY KEY (`fsfID`),
  KEY `fID` (`fID`),
  KEY `fsID` (`fsID`)
) ENGINE=InnoDB DEFAULT CHARSET=utf8 COLLATE=utf8_unicode_ci;
/*!40101 SET character_set_client = @saved_cs_client */;

--
-- Dumping data for table `FileSetFiles`
--

LOCK TABLES `FileSetFiles` WRITE;
/*!40000 ALTER TABLE `FileSetFiles` DISABLE KEYS */;
/*!40000 ALTER TABLE `FileSetFiles` ENABLE KEYS */;
UNLOCK TABLES;

--
-- Table structure for table `FileSetPermissionAssignments`
--

DROP TABLE IF EXISTS `FileSetPermissionAssignments`;
/*!40101 SET @saved_cs_client     = @@character_set_client */;
/*!40101 SET character_set_client = utf8 */;
CREATE TABLE `FileSetPermissionAssignments` (
  `fsID` int(10) unsigned NOT NULL DEFAULT '0',
  `pkID` int(10) unsigned NOT NULL DEFAULT '0',
  `paID` int(10) unsigned NOT NULL DEFAULT '0',
  PRIMARY KEY (`fsID`,`pkID`,`paID`),
  KEY `paID` (`paID`),
  KEY `pkID` (`pkID`)
) ENGINE=InnoDB DEFAULT CHARSET=utf8 COLLATE=utf8_unicode_ci;
/*!40101 SET character_set_client = @saved_cs_client */;

--
-- Dumping data for table `FileSetPermissionAssignments`
--

LOCK TABLES `FileSetPermissionAssignments` WRITE;
/*!40000 ALTER TABLE `FileSetPermissionAssignments` DISABLE KEYS */;
INSERT INTO `FileSetPermissionAssignments` VALUES (0,39,38),(0,40,39),(0,41,40),(0,42,41),(0,43,42),(0,44,43),(0,46,44),(0,45,45),(0,47,46);
/*!40000 ALTER TABLE `FileSetPermissionAssignments` ENABLE KEYS */;
UNLOCK TABLES;

--
-- Table structure for table `FileSetPermissionFileTypeAccessList`
--

DROP TABLE IF EXISTS `FileSetPermissionFileTypeAccessList`;
/*!40101 SET @saved_cs_client     = @@character_set_client */;
/*!40101 SET character_set_client = utf8 */;
CREATE TABLE `FileSetPermissionFileTypeAccessList` (
  `paID` int(10) unsigned NOT NULL DEFAULT '0',
  `peID` int(10) unsigned NOT NULL DEFAULT '0',
  `permission` varchar(1) COLLATE utf8_unicode_ci NOT NULL DEFAULT '1',
  PRIMARY KEY (`paID`,`peID`),
  KEY `peID` (`peID`)
) ENGINE=InnoDB DEFAULT CHARSET=utf8 COLLATE=utf8_unicode_ci;
/*!40101 SET character_set_client = @saved_cs_client */;

--
-- Dumping data for table `FileSetPermissionFileTypeAccessList`
--

LOCK TABLES `FileSetPermissionFileTypeAccessList` WRITE;
/*!40000 ALTER TABLE `FileSetPermissionFileTypeAccessList` DISABLE KEYS */;
/*!40000 ALTER TABLE `FileSetPermissionFileTypeAccessList` ENABLE KEYS */;
UNLOCK TABLES;

--
-- Table structure for table `FileSetPermissionFileTypeAccessListCustom`
--

DROP TABLE IF EXISTS `FileSetPermissionFileTypeAccessListCustom`;
/*!40101 SET @saved_cs_client     = @@character_set_client */;
/*!40101 SET character_set_client = utf8 */;
CREATE TABLE `FileSetPermissionFileTypeAccessListCustom` (
  `extension` varchar(64) COLLATE utf8_unicode_ci NOT NULL,
  `paID` int(10) unsigned NOT NULL DEFAULT '0',
  `peID` int(10) unsigned NOT NULL DEFAULT '0',
  PRIMARY KEY (`paID`,`peID`,`extension`),
  KEY `peID` (`peID`)
) ENGINE=InnoDB DEFAULT CHARSET=utf8 COLLATE=utf8_unicode_ci;
/*!40101 SET character_set_client = @saved_cs_client */;

--
-- Dumping data for table `FileSetPermissionFileTypeAccessListCustom`
--

LOCK TABLES `FileSetPermissionFileTypeAccessListCustom` WRITE;
/*!40000 ALTER TABLE `FileSetPermissionFileTypeAccessListCustom` DISABLE KEYS */;
/*!40000 ALTER TABLE `FileSetPermissionFileTypeAccessListCustom` ENABLE KEYS */;
UNLOCK TABLES;

--
-- Table structure for table `FileSetSavedSearches`
--

DROP TABLE IF EXISTS `FileSetSavedSearches`;
/*!40101 SET @saved_cs_client     = @@character_set_client */;
/*!40101 SET character_set_client = utf8 */;
CREATE TABLE `FileSetSavedSearches` (
  `fsID` int(10) unsigned NOT NULL DEFAULT '0',
  `fsSearchRequest` text COLLATE utf8_unicode_ci,
  `fsResultColumns` text COLLATE utf8_unicode_ci,
  PRIMARY KEY (`fsID`)
) ENGINE=InnoDB DEFAULT CHARSET=utf8 COLLATE=utf8_unicode_ci;
/*!40101 SET character_set_client = @saved_cs_client */;

--
-- Dumping data for table `FileSetSavedSearches`
--

LOCK TABLES `FileSetSavedSearches` WRITE;
/*!40000 ALTER TABLE `FileSetSavedSearches` DISABLE KEYS */;
/*!40000 ALTER TABLE `FileSetSavedSearches` ENABLE KEYS */;
UNLOCK TABLES;

--
-- Table structure for table `FileSets`
--

DROP TABLE IF EXISTS `FileSets`;
/*!40101 SET @saved_cs_client     = @@character_set_client */;
/*!40101 SET character_set_client = utf8 */;
CREATE TABLE `FileSets` (
  `fsID` int(10) unsigned NOT NULL AUTO_INCREMENT,
  `fsName` varchar(64) COLLATE utf8_unicode_ci NOT NULL,
  `uID` int(10) unsigned NOT NULL DEFAULT '0',
  `fsType` smallint(6) NOT NULL,
  `fsOverrideGlobalPermissions` smallint(6) DEFAULT NULL,
  PRIMARY KEY (`fsID`),
  KEY `uID` (`uID`,`fsType`,`fsName`),
  KEY `fsName` (`fsName`),
  KEY `fsType` (`fsType`)
) ENGINE=InnoDB AUTO_INCREMENT=2 DEFAULT CHARSET=utf8 COLLATE=utf8_unicode_ci;
/*!40101 SET character_set_client = @saved_cs_client */;

--
-- Dumping data for table `FileSets`
--

LOCK TABLES `FileSets` WRITE;
/*!40000 ALTER TABLE `FileSets` DISABLE KEYS */;
INSERT INTO `FileSets` VALUES (1,'MP3 Libres',0,1,0);
/*!40000 ALTER TABLE `FileSets` ENABLE KEYS */;
UNLOCK TABLES;

--
-- Table structure for table `FileStorageLocationTypes`
--

DROP TABLE IF EXISTS `FileStorageLocationTypes`;
/*!40101 SET @saved_cs_client     = @@character_set_client */;
/*!40101 SET character_set_client = utf8 */;
CREATE TABLE `FileStorageLocationTypes` (
  `fslTypeID` int(10) unsigned NOT NULL AUTO_INCREMENT,
  `fslTypeHandle` varchar(255) COLLATE utf8_unicode_ci NOT NULL,
  `fslTypeName` varchar(255) COLLATE utf8_unicode_ci NOT NULL,
  `pkgID` int(10) unsigned NOT NULL DEFAULT '0',
  PRIMARY KEY (`fslTypeID`),
  UNIQUE KEY `fslTypeHandle` (`fslTypeHandle`),
  KEY `pkgID` (`pkgID`)
) ENGINE=InnoDB AUTO_INCREMENT=3 DEFAULT CHARSET=utf8 COLLATE=utf8_unicode_ci;
/*!40101 SET character_set_client = @saved_cs_client */;

--
-- Dumping data for table `FileStorageLocationTypes`
--

LOCK TABLES `FileStorageLocationTypes` WRITE;
/*!40000 ALTER TABLE `FileStorageLocationTypes` DISABLE KEYS */;
INSERT INTO `FileStorageLocationTypes` VALUES (1,'default','Default',0),(2,'local','Local',0);
/*!40000 ALTER TABLE `FileStorageLocationTypes` ENABLE KEYS */;
UNLOCK TABLES;

--
-- Table structure for table `FileStorageLocations`
--

DROP TABLE IF EXISTS `FileStorageLocations`;
/*!40101 SET @saved_cs_client     = @@character_set_client */;
/*!40101 SET character_set_client = utf8 */;
CREATE TABLE `FileStorageLocations` (
  `fslID` int(10) unsigned NOT NULL AUTO_INCREMENT,
  `fslName` varchar(255) COLLATE utf8_unicode_ci NOT NULL,
  `fslConfiguration` longtext COLLATE utf8_unicode_ci NOT NULL,
  `fslIsDefault` tinyint(1) NOT NULL DEFAULT '0',
  PRIMARY KEY (`fslID`)
) ENGINE=InnoDB AUTO_INCREMENT=2 DEFAULT CHARSET=utf8 COLLATE=utf8_unicode_ci;
/*!40101 SET character_set_client = @saved_cs_client */;

--
-- Dumping data for table `FileStorageLocations`
--

LOCK TABLES `FileStorageLocations` WRITE;
/*!40000 ALTER TABLE `FileStorageLocations` DISABLE KEYS */;
INSERT INTO `FileStorageLocations` VALUES (1,'Default','O:69:\"Concrete\\Core\\File\\StorageLocation\\Configuration\\DefaultConfiguration\":1:{s:10:\"\0*\0default\";b:1;}',1);
/*!40000 ALTER TABLE `FileStorageLocations` ENABLE KEYS */;
UNLOCK TABLES;

--
-- Table structure for table `FileVersionLog`
--

DROP TABLE IF EXISTS `FileVersionLog`;
/*!40101 SET @saved_cs_client     = @@character_set_client */;
/*!40101 SET character_set_client = utf8 */;
CREATE TABLE `FileVersionLog` (
  `fvlID` int(10) unsigned NOT NULL AUTO_INCREMENT,
  `fID` int(10) unsigned NOT NULL DEFAULT '0',
  `fvID` int(10) unsigned NOT NULL DEFAULT '0',
  `fvUpdateTypeID` smallint(5) unsigned NOT NULL DEFAULT '0',
  `fvUpdateTypeAttributeID` int(10) unsigned NOT NULL DEFAULT '0',
  PRIMARY KEY (`fvlID`),
  KEY `fvID` (`fID`,`fvID`,`fvlID`)
) ENGINE=InnoDB AUTO_INCREMENT=46 DEFAULT CHARSET=utf8 COLLATE=utf8_unicode_ci;
/*!40101 SET character_set_client = @saved_cs_client */;

--
-- Dumping data for table `FileVersionLog`
--

LOCK TABLES `FileVersionLog` WRITE;
/*!40000 ALTER TABLE `FileVersionLog` DISABLE KEYS */;
INSERT INTO `FileVersionLog` VALUES (1,1,1,5,14),(2,1,1,5,15),(3,2,1,5,14),(4,2,1,5,15),(5,3,1,5,14),(6,3,1,5,15),(7,4,1,5,14),(8,4,1,5,15),(9,5,1,5,14),(10,5,1,5,15),(11,6,1,5,14),(12,6,1,5,15),(13,7,1,5,14),(14,7,1,5,15),(15,8,1,5,14),(16,8,1,5,15),(17,9,1,5,14),(18,9,1,5,15),(19,10,1,5,14),(20,10,1,5,15),(21,11,1,5,14),(22,11,1,5,15),(23,12,1,5,14),(24,12,1,5,15),(25,13,1,5,14),(26,13,1,5,15),(27,14,1,5,14),(28,14,1,5,15),(29,15,1,5,14),(30,15,1,5,15),(31,16,1,5,14),(32,16,1,5,15),(33,19,2,1,0),(34,34,1,5,14),(35,34,1,5,15),(36,35,1,5,14),(37,35,1,5,15),(38,36,1,5,14),(39,36,1,5,15),(40,37,1,5,14),(41,37,1,5,15),(42,38,1,5,14),(43,38,1,5,15),(44,39,1,5,14),(45,39,1,5,15);
/*!40000 ALTER TABLE `FileVersionLog` ENABLE KEYS */;
UNLOCK TABLES;

--
-- Table structure for table `FileVersions`
--

DROP TABLE IF EXISTS `FileVersions`;
/*!40101 SET @saved_cs_client     = @@character_set_client */;
/*!40101 SET character_set_client = utf8 */;
CREATE TABLE `FileVersions` (
  `fID` int(10) unsigned NOT NULL DEFAULT '0',
  `fvID` int(10) unsigned NOT NULL DEFAULT '0',
  `fvFilename` varchar(255) COLLATE utf8_unicode_ci NOT NULL,
  `fvPrefix` varchar(12) COLLATE utf8_unicode_ci DEFAULT NULL,
  `fvGenericType` smallint(5) unsigned NOT NULL DEFAULT '0',
  `fvSize` int(10) unsigned NOT NULL DEFAULT '0',
  `fvTitle` varchar(255) COLLATE utf8_unicode_ci DEFAULT NULL,
  `fvDescription` text COLLATE utf8_unicode_ci,
  `fvTags` varchar(255) COLLATE utf8_unicode_ci DEFAULT NULL,
  `fvIsApproved` int(10) unsigned NOT NULL DEFAULT '1',
  `fvDateAdded` datetime DEFAULT NULL,
  `fvApproverUID` int(10) unsigned NOT NULL DEFAULT '0',
  `fvAuthorUID` int(10) unsigned NOT NULL DEFAULT '0',
  `fvActivateDatetime` datetime DEFAULT NULL,
  `fvHasListingThumbnail` tinyint(1) NOT NULL DEFAULT '0',
  `fvHasDetailThumbnail` tinyint(1) NOT NULL DEFAULT '0',
  `fvExtension` varchar(32) COLLATE utf8_unicode_ci DEFAULT NULL,
  `fvType` int(10) unsigned NOT NULL DEFAULT '0',
  PRIMARY KEY (`fID`,`fvID`),
  KEY `fvExtension` (`fvExtension`),
  KEY `fvType` (`fvType`),
  KEY `fvFilename` (`fvFilename`)
) ENGINE=InnoDB DEFAULT CHARSET=utf8 COLLATE=utf8_unicode_ci;
/*!40101 SET character_set_client = @saved_cs_client */;

--
-- Dumping data for table `FileVersions`
--

LOCK TABLES `FileVersions` WRITE;
/*!40000 ALTER TABLE `FileVersions` DISABLE KEYS */;
INSERT INTO `FileVersions` VALUES (1,1,'blank.png','611425331283',0,1837,'blank.png',NULL,'',1,'2015-03-02 22:21:23',1,1,'2015-03-02 22:21:23',1,1,'png',1),(2,1,'houses.jpg','451425331284',0,293154,'houses.jpg',NULL,'',1,'2015-03-02 22:21:24',1,1,'2015-03-02 22:21:24',1,1,'jpg',1),(3,1,'chinese_house2.jpg','431425331284',0,84383,'chinese_house2.jpg',NULL,'',1,'2015-03-02 22:21:24',1,1,'2015-03-02 22:21:24',1,0,'jpg',1),(4,1,'plants.jpg','221425331284',0,373839,'plants.jpg',NULL,'',1,'2015-03-02 22:21:24',1,1,'2015-03-02 22:21:24',1,1,'jpg',1),(5,1,'avatar_none.png','501425331285',0,12769,'avatar_none.png',NULL,'',1,'2015-03-02 22:21:25',1,1,'2015-03-02 22:21:25',1,0,'png',1),(6,1,'subway.jpg','331425331285',0,305595,'subway.jpg',NULL,'',1,'2015-03-02 22:21:25',1,1,'2015-03-02 22:21:25',1,1,'jpg',1),(7,1,'blank2.png','471425331286',0,1210,'blank2.png',NULL,'',1,'2015-03-02 22:21:26',1,1,'2015-03-02 22:21:26',1,0,'png',1),(8,1,'bio.png','151425331286',0,1353,'bio.png',NULL,'',1,'2015-03-02 22:21:26',1,1,'2015-03-02 22:21:26',1,1,'png',1),(9,1,'slider2.png','651425331286',0,406839,'slider2.png',NULL,'',1,'2015-03-02 22:21:26',1,1,'2015-03-02 22:21:26',1,1,'png',1),(10,1,'masthead.png','431425331286',0,1429,'masthead.png',NULL,'',1,'2015-03-02 22:21:26',1,1,'2015-03-02 22:21:26',1,1,'png',1),(11,1,'slider1.png','701425331287',0,338112,'slider1.png',NULL,'',1,'2015-03-02 22:21:27',1,1,'2015-03-02 22:21:27',1,1,'png',1),(12,1,'mountains.jpg','561425331287',0,330436,'mountains.jpg',NULL,'',1,'2015-03-02 22:21:27',1,1,'2015-03-02 22:21:27',1,1,'jpg',1),(13,1,'balloon.jpg','271425331288',0,49708,'balloon.jpg',NULL,'',1,'2015-03-02 22:21:28',1,1,'2015-03-02 22:21:28',1,1,'jpg',1),(14,1,'sunset.jpg','141425331288',0,458047,'sunset.jpg',NULL,'',1,'2015-03-02 22:21:28',1,1,'2015-03-02 22:21:28',1,1,'jpg',1),(15,1,'bridge.jpg','391425331289',0,211901,'bridge.jpg',NULL,'',1,'2015-03-02 22:21:29',1,1,'2015-03-02 22:21:29',1,1,'jpg',1),(16,1,'shoes.jpg','901425331289',0,170179,'shoes.jpg',NULL,'',1,'2015-03-02 22:21:29',1,1,'2015-03-02 22:21:29',1,1,'jpg',1),(19,1,'Alan_Parsons_Project_-_Eye_in_the_Sky.mp3','761425340328',0,11059286,'Alan Parsons Project - Eye in the Sky.mp3',NULL,'',0,'2015-03-03 00:52:08',1,1,'2015-03-03 00:52:08',0,0,'mp3',4),(19,2,'intouch_-_Heaven_In_Your_Mouth.mp3','711425423897',0,6900096,'Alan Parsons Project - Eye in the Sky.mp3',NULL,'',1,'2015-03-03 00:52:08',1,1,'2015-03-03 00:52:08',0,0,'mp3',4),(20,1,'19._Nino_Ferrer_-_Le_sud.mp3','771425341948',0,8480886,'19. Nino Ferrer - Le sud.mp3',NULL,'',1,'2015-03-03 01:19:08',1,1,'2015-03-03 01:19:08',0,0,'mp3',4),(22,1,'Akon_-_Right_Now_Nanana_-_2008.mp3','721425342175',0,5914624,'Akon - Right Now (Nanana) - 2008.mp3',NULL,'',1,'2015-03-03 01:22:55',1,1,'2015-03-03 01:22:55',0,0,'mp3',4),(23,1,'intouch_-_Heaven_In_Your_Mouth.mp3','451425424611',0,6900096,'intouch_-_Heaven_In_Your_Mouth.mp3',NULL,'',1,'2015-03-04 00:16:53',1,1,'2015-03-04 00:16:53',0,0,'mp3',4),(24,1,'fous.mp3','491425425064',0,4556430,'fous.mp3',NULL,'',1,'2015-03-04 00:24:24',1,1,'2015-03-04 00:24:24',0,0,'mp3',4),(25,1,'Bitters_At_The_Saloon.mp3','451425426449',0,4322960,'Bitters_At_The_Saloon.mp3',NULL,'',1,'2015-03-04 00:47:31',1,1,'2015-03-04 00:47:31',0,0,'mp3',4),(26,1,'Dark_Lotus.mp3','931425426455',0,4201718,'Dark_Lotus.mp3',NULL,'',1,'2015-03-04 00:47:37',1,1,'2015-03-04 00:47:37',0,0,'mp3',4),(27,1,'Twinkle_Twinkle_Little_Star_vocal.mp3','971425426461',0,5519401,'Twinkle_Twinkle_Little_Star_(vocal).mp3',NULL,'',1,'2015-03-04 00:47:47',1,1,'2015-03-04 00:47:47',0,0,'mp3',4),(28,1,'London_Bridge_vocal.mp3','601425426467',0,5359503,'London_Bridge_(vocal).mp3',NULL,'',1,'2015-03-04 00:47:51',1,1,'2015-03-04 00:47:51',0,0,'mp3',4),(29,1,'Cruise.mp3','121425426481',0,6871471,'Cruise.mp3',NULL,'',1,'2015-03-04 00:48:05',1,1,'2015-03-04 00:48:05',0,0,'mp3',4),(30,1,'Soul_Ballad.mp3','611425426490',0,8029228,'Soul_Ballad.mp3',NULL,'',1,'2015-03-04 00:48:15',1,1,'2015-03-04 00:48:15',0,0,'mp3',4),(31,1,'As_We_Go.mp3','511425426506',0,5663543,'As_We_Go.mp3',NULL,'',1,'2015-03-04 00:48:26',1,1,'2015-03-04 00:48:26',0,0,'mp3',4),(32,1,'Third_Time.mp3','771425426570',0,2881664,'Third_Time.mp3',NULL,'',1,'2015-03-04 00:49:30',1,1,'2015-03-04 00:49:30',0,0,'mp3',4),(33,1,'The_Driving_Force.mp3','361425426575',0,3494016,'The Driving Force.mp3',NULL,'',1,'2015-03-04 00:49:36',1,1,'2015-03-04 00:49:36',0,0,'mp3',4),(34,1,'alexandra.jpg','661430405493',0,13922,'alexandra.jpg','','',1,'2015-04-30 16:51:33',1,1,'2015-04-30 16:51:33',1,0,'jpg',1),(35,1,'fond.png','851430405497',0,382729,'fond.png','','',1,'2015-04-30 16:51:37',1,1,'2015-04-30 16:51:37',1,1,'png',1),(36,1,'be.gif','341430405523',0,5044,'be.gif','','',1,'2015-04-30 16:52:03',1,1,'2015-04-30 16:52:03',0,0,'gif',1),(37,1,'lu.gif','991430405533',0,5582,'lu.gif','','',1,'2015-04-30 16:52:13',1,1,'2015-04-30 16:52:13',0,0,'gif',1),(38,1,'arbre_jeanne.png','851430409294',0,363480,'arbre_jeanne.png','','',1,'2015-04-30 17:54:54',1,1,'2015-04-30 17:54:54',1,0,'png',1),(39,1,'fd_jeanne.jpg','931430410370',0,115580,'fd_jeanne.jpg','','',1,'2015-04-30 18:12:50',1,1,'2015-04-30 18:12:50',1,1,'jpg',1);
/*!40000 ALTER TABLE `FileVersions` ENABLE KEYS */;
UNLOCK TABLES;

--
-- Table structure for table `Files`
--

DROP TABLE IF EXISTS `Files`;
/*!40101 SET @saved_cs_client     = @@character_set_client */;
/*!40101 SET character_set_client = utf8 */;
CREATE TABLE `Files` (
  `fID` int(10) unsigned NOT NULL AUTO_INCREMENT,
  `fDateAdded` datetime DEFAULT NULL,
  `uID` int(10) unsigned NOT NULL DEFAULT '0',
  `fslID` int(10) unsigned NOT NULL DEFAULT '0',
  `ocID` int(10) unsigned NOT NULL DEFAULT '0',
  `fOverrideSetPermissions` tinyint(1) NOT NULL DEFAULT '0',
  `fPassword` varchar(255) COLLATE utf8_unicode_ci DEFAULT NULL,
  PRIMARY KEY (`fID`,`uID`,`fslID`),
  KEY `uID` (`uID`),
  KEY `fslID` (`fslID`),
  KEY `ocID` (`ocID`),
  KEY `fOverrideSetPermissions` (`fOverrideSetPermissions`)
) ENGINE=InnoDB AUTO_INCREMENT=40 DEFAULT CHARSET=utf8 COLLATE=utf8_unicode_ci;
/*!40101 SET character_set_client = @saved_cs_client */;

--
-- Dumping data for table `Files`
--

LOCK TABLES `Files` WRITE;
/*!40000 ALTER TABLE `Files` DISABLE KEYS */;
INSERT INTO `Files` VALUES (1,'2015-03-02 22:21:23',1,1,0,0,NULL),(2,'2015-03-02 22:21:24',1,1,0,0,NULL),(3,'2015-03-02 22:21:24',1,1,0,0,NULL),(4,'2015-03-02 22:21:24',1,1,0,0,NULL),(5,'2015-03-02 22:21:25',1,1,0,0,NULL),(6,'2015-03-02 22:21:25',1,1,0,0,NULL),(7,'2015-03-02 22:21:26',1,1,0,0,NULL),(8,'2015-03-02 22:21:26',1,1,0,0,NULL),(9,'2015-03-02 22:21:26',1,1,0,0,NULL),(10,'2015-03-02 22:21:26',1,1,0,0,NULL),(11,'2015-03-02 22:21:27',1,1,0,0,NULL),(12,'2015-03-02 22:21:27',1,1,0,0,NULL),(13,'2015-03-02 22:21:28',1,1,0,0,NULL),(14,'2015-03-02 22:21:28',1,1,0,0,NULL),(15,'2015-03-02 22:21:29',1,1,0,0,NULL),(16,'2015-03-02 22:21:29',1,1,0,0,NULL),(19,'2015-03-03 00:52:08',1,1,0,0,NULL),(20,'2015-03-03 01:19:08',1,1,0,0,NULL),(22,'2015-03-03 01:22:55',1,1,0,0,NULL),(23,'2015-03-04 00:16:53',1,1,0,0,NULL),(24,'2015-03-04 00:24:24',1,1,0,0,NULL),(25,'2015-03-04 00:47:31',1,1,0,0,NULL),(26,'2015-03-04 00:47:37',1,1,0,0,NULL),(27,'2015-03-04 00:47:47',1,1,0,0,NULL),(28,'2015-03-04 00:47:51',1,1,0,0,NULL),(29,'2015-03-04 00:48:05',1,1,0,0,NULL),(30,'2015-03-04 00:48:14',1,1,0,0,NULL),(31,'2015-03-04 00:48:26',1,1,0,0,NULL),(32,'2015-03-04 00:49:30',1,1,0,0,NULL),(33,'2015-03-04 00:49:36',1,1,0,0,NULL),(34,'2015-04-30 16:51:33',1,1,0,0,NULL),(35,'2015-04-30 16:51:37',1,1,0,0,NULL),(36,'2015-04-30 16:52:03',1,1,0,0,NULL),(37,'2015-04-30 16:52:13',1,1,0,0,NULL),(38,'2015-04-30 17:54:54',1,1,0,0,NULL),(39,'2015-04-30 18:12:50',1,1,0,0,NULL);
/*!40000 ALTER TABLE `Files` ENABLE KEYS */;
UNLOCK TABLES;

--
-- Table structure for table `GatheringConfiguredDataSources`
--

DROP TABLE IF EXISTS `GatheringConfiguredDataSources`;
/*!40101 SET @saved_cs_client     = @@character_set_client */;
/*!40101 SET character_set_client = utf8 */;
CREATE TABLE `GatheringConfiguredDataSources` (
  `gcsID` int(10) unsigned NOT NULL AUTO_INCREMENT,
  `gaID` int(10) unsigned DEFAULT NULL,
  `gasID` int(10) unsigned DEFAULT NULL,
  `gcdObject` longtext COLLATE utf8_unicode_ci,
  PRIMARY KEY (`gcsID`),
  KEY `gaID` (`gaID`),
  KEY `gasID` (`gasID`)
) ENGINE=InnoDB DEFAULT CHARSET=utf8 COLLATE=utf8_unicode_ci;
/*!40101 SET character_set_client = @saved_cs_client */;

--
-- Dumping data for table `GatheringConfiguredDataSources`
--

LOCK TABLES `GatheringConfiguredDataSources` WRITE;
/*!40000 ALTER TABLE `GatheringConfiguredDataSources` DISABLE KEYS */;
/*!40000 ALTER TABLE `GatheringConfiguredDataSources` ENABLE KEYS */;
UNLOCK TABLES;

--
-- Table structure for table `GatheringDataSources`
--

DROP TABLE IF EXISTS `GatheringDataSources`;
/*!40101 SET @saved_cs_client     = @@character_set_client */;
/*!40101 SET character_set_client = utf8 */;
CREATE TABLE `GatheringDataSources` (
  `gasID` int(10) unsigned NOT NULL AUTO_INCREMENT,
  `gasName` varchar(255) COLLATE utf8_unicode_ci DEFAULT NULL,
  `gasHandle` varchar(255) COLLATE utf8_unicode_ci NOT NULL,
  `pkgID` int(10) unsigned NOT NULL DEFAULT '0',
  `gasDisplayOrder` int(10) unsigned NOT NULL DEFAULT '0',
  PRIMARY KEY (`gasID`),
  UNIQUE KEY `gasHandle` (`gasHandle`),
  KEY `pkgID` (`pkgID`)
) ENGINE=InnoDB AUTO_INCREMENT=5 DEFAULT CHARSET=utf8 COLLATE=utf8_unicode_ci;
/*!40101 SET character_set_client = @saved_cs_client */;

--
-- Dumping data for table `GatheringDataSources`
--

LOCK TABLES `GatheringDataSources` WRITE;
/*!40000 ALTER TABLE `GatheringDataSources` DISABLE KEYS */;
INSERT INTO `GatheringDataSources` VALUES (1,'Site Page','page',0,0),(2,'RSS Feed','rss_feed',0,1),(3,'Flickr Feed','flickr_feed',0,2),(4,'Twitter','twitter',0,3);
/*!40000 ALTER TABLE `GatheringDataSources` ENABLE KEYS */;
UNLOCK TABLES;

--
-- Table structure for table `GatheringItemFeatureAssignments`
--

DROP TABLE IF EXISTS `GatheringItemFeatureAssignments`;
/*!40101 SET @saved_cs_client     = @@character_set_client */;
/*!40101 SET character_set_client = utf8 */;
CREATE TABLE `GatheringItemFeatureAssignments` (
  `gafaID` int(10) unsigned NOT NULL AUTO_INCREMENT,
  `gaiID` int(10) unsigned DEFAULT NULL,
  `faID` int(10) unsigned DEFAULT NULL,
  PRIMARY KEY (`gafaID`),
  KEY `gaiID` (`gaiID`,`faID`),
  KEY `faID` (`faID`)
) ENGINE=InnoDB DEFAULT CHARSET=utf8 COLLATE=utf8_unicode_ci;
/*!40101 SET character_set_client = @saved_cs_client */;

--
-- Dumping data for table `GatheringItemFeatureAssignments`
--

LOCK TABLES `GatheringItemFeatureAssignments` WRITE;
/*!40000 ALTER TABLE `GatheringItemFeatureAssignments` DISABLE KEYS */;
/*!40000 ALTER TABLE `GatheringItemFeatureAssignments` ENABLE KEYS */;
UNLOCK TABLES;

--
-- Table structure for table `GatheringItemSelectedTemplates`
--

DROP TABLE IF EXISTS `GatheringItemSelectedTemplates`;
/*!40101 SET @saved_cs_client     = @@character_set_client */;
/*!40101 SET character_set_client = utf8 */;
CREATE TABLE `GatheringItemSelectedTemplates` (
  `gaiID` int(10) unsigned NOT NULL DEFAULT '0',
  `gatID` int(10) unsigned NOT NULL DEFAULT '0',
  `gatTypeID` int(10) unsigned DEFAULT '0',
  PRIMARY KEY (`gaiID`,`gatID`),
  UNIQUE KEY `gatUniqueKey` (`gaiID`,`gatTypeID`),
  KEY `gatTypeID` (`gatTypeID`),
  KEY `gatID` (`gatID`)
) ENGINE=InnoDB DEFAULT CHARSET=utf8 COLLATE=utf8_unicode_ci;
/*!40101 SET character_set_client = @saved_cs_client */;

--
-- Dumping data for table `GatheringItemSelectedTemplates`
--

LOCK TABLES `GatheringItemSelectedTemplates` WRITE;
/*!40000 ALTER TABLE `GatheringItemSelectedTemplates` DISABLE KEYS */;
/*!40000 ALTER TABLE `GatheringItemSelectedTemplates` ENABLE KEYS */;
UNLOCK TABLES;

--
-- Table structure for table `GatheringItemTemplateFeatures`
--

DROP TABLE IF EXISTS `GatheringItemTemplateFeatures`;
/*!40101 SET @saved_cs_client     = @@character_set_client */;
/*!40101 SET character_set_client = utf8 */;
CREATE TABLE `GatheringItemTemplateFeatures` (
  `gfeID` int(10) unsigned NOT NULL AUTO_INCREMENT,
  `gatID` int(10) unsigned DEFAULT NULL,
  `feID` int(10) unsigned DEFAULT NULL,
  PRIMARY KEY (`gfeID`),
  KEY `gatID` (`gatID`),
  KEY `feID` (`feID`,`gatID`)
) ENGINE=InnoDB AUTO_INCREMENT=67 DEFAULT CHARSET=utf8 COLLATE=utf8_unicode_ci;
/*!40101 SET character_set_client = @saved_cs_client */;

--
-- Dumping data for table `GatheringItemTemplateFeatures`
--

LOCK TABLES `GatheringItemTemplateFeatures` WRITE;
/*!40000 ALTER TABLE `GatheringItemTemplateFeatures` DISABLE KEYS */;
INSERT INTO `GatheringItemTemplateFeatures` VALUES (4,1,1),(10,2,1),(13,3,1),(16,4,1),(19,5,1),(23,7,1),(29,11,1),(33,12,1),(37,13,1),(42,14,1),(47,15,1),(53,17,1),(56,18,1),(63,21,1),(64,22,1),(3,1,2),(9,2,2),(12,3,2),(15,4,2),(18,5,2),(21,6,2),(25,8,2),(27,9,2),(41,13,3),(46,14,3),(51,16,3),(55,17,3),(62,20,3),(66,22,3),(2,1,4),(8,2,4),(14,4,4),(17,5,4),(31,11,4),(35,12,4),(39,13,4),(44,14,4),(61,20,4),(5,1,5),(22,6,5),(24,8,5),(26,9,5),(28,10,5),(32,11,5),(36,12,5),(40,13,5),(45,14,5),(49,15,5),(50,16,5),(59,19,5),(65,22,5),(20,5,6),(1,1,7),(7,2,7),(11,3,7),(30,11,7),(34,12,7),(38,13,7),(43,14,7),(48,15,7),(52,16,7),(54,17,7),(57,18,7),(58,19,7),(60,20,7),(6,1,8);
/*!40000 ALTER TABLE `GatheringItemTemplateFeatures` ENABLE KEYS */;
UNLOCK TABLES;

--
-- Table structure for table `GatheringItemTemplateTypes`
--

DROP TABLE IF EXISTS `GatheringItemTemplateTypes`;
/*!40101 SET @saved_cs_client     = @@character_set_client */;
/*!40101 SET character_set_client = utf8 */;
CREATE TABLE `GatheringItemTemplateTypes` (
  `gatTypeID` int(10) unsigned NOT NULL AUTO_INCREMENT,
  `gatTypeHandle` varchar(64) COLLATE utf8_unicode_ci NOT NULL,
  `pkgID` int(10) unsigned NOT NULL DEFAULT '0',
  PRIMARY KEY (`gatTypeID`),
  UNIQUE KEY `gatTypeHandle` (`gatTypeHandle`),
  KEY `pkgID` (`pkgID`)
) ENGINE=InnoDB AUTO_INCREMENT=3 DEFAULT CHARSET=utf8 COLLATE=utf8_unicode_ci;
/*!40101 SET character_set_client = @saved_cs_client */;

--
-- Dumping data for table `GatheringItemTemplateTypes`
--

LOCK TABLES `GatheringItemTemplateTypes` WRITE;
/*!40000 ALTER TABLE `GatheringItemTemplateTypes` DISABLE KEYS */;
INSERT INTO `GatheringItemTemplateTypes` VALUES (1,'tile',0),(2,'detail',0);
/*!40000 ALTER TABLE `GatheringItemTemplateTypes` ENABLE KEYS */;
UNLOCK TABLES;

--
-- Table structure for table `GatheringItemTemplates`
--

DROP TABLE IF EXISTS `GatheringItemTemplates`;
/*!40101 SET @saved_cs_client     = @@character_set_client */;
/*!40101 SET character_set_client = utf8 */;
CREATE TABLE `GatheringItemTemplates` (
  `gatID` int(10) unsigned NOT NULL AUTO_INCREMENT,
  `gatHandle` varchar(255) COLLATE utf8_unicode_ci NOT NULL,
  `gatName` text COLLATE utf8_unicode_ci,
  `gatHasCustomClass` tinyint(1) NOT NULL DEFAULT '0',
  `gatFixedSlotWidth` int(10) unsigned DEFAULT '0',
  `gatFixedSlotHeight` int(10) unsigned DEFAULT '0',
  `gatForceDefault` int(10) unsigned DEFAULT '0',
  `pkgID` int(10) unsigned DEFAULT NULL,
  `gatTypeID` int(10) unsigned DEFAULT '0',
  PRIMARY KEY (`gatID`),
  UNIQUE KEY `gatHandle` (`gatHandle`,`gatTypeID`),
  KEY `gatTypeID` (`gatTypeID`),
  KEY `pkgID` (`pkgID`)
) ENGINE=InnoDB AUTO_INCREMENT=23 DEFAULT CHARSET=utf8 COLLATE=utf8_unicode_ci;
/*!40101 SET character_set_client = @saved_cs_client */;

--
-- Dumping data for table `GatheringItemTemplates`
--

LOCK TABLES `GatheringItemTemplates` WRITE;
/*!40000 ALTER TABLE `GatheringItemTemplates` DISABLE KEYS */;
INSERT INTO `GatheringItemTemplates` VALUES (1,'featured','Featured Item',0,6,2,1,0,1),(2,'title_date_description','Title Date & Description',0,0,0,0,0,1),(3,'title_description','Title & Description',0,0,0,0,0,1),(4,'title_date','Title & Date',0,0,0,0,0,1),(5,'title_date_comments','Title, Date & Comments',1,0,0,0,0,1),(6,'thumbnail','Thumbnail',0,0,0,0,0,1),(7,'basic','Basic',0,0,0,0,0,2),(8,'image_sharing_link','Image Sharing Link',0,0,0,0,0,2),(9,'image_conversation','Image Conversation',0,0,0,0,0,2),(10,'image','Large Image',0,0,0,0,0,2),(11,'masthead_image_left','Masthead Image Left',0,0,0,0,0,1),(12,'masthead_image_right','Masthead Image Right',0,0,0,0,0,1),(13,'masthead_image_byline_right','Masthead Image Byline Right',0,0,0,0,0,1),(14,'masthead_image_byline_left','Masthead Image Byline Left',0,0,0,0,0,1),(15,'image_masthead_description_center','Image Masthead Description Center',0,0,0,0,0,1),(16,'image_byline_description_center','Image Byline Description Center',0,0,0,0,0,1),(17,'masthead_byline_description','Masthead Byline Description',0,0,0,0,0,1),(18,'masthead_description','Masthead Description',0,0,0,0,0,1),(19,'thumbnail_description_center','Thumbnail & Description Center',0,0,0,0,0,1),(20,'tweet','Tweet',0,0,0,0,0,1),(21,'vimeo','Vimeo',0,0,0,0,0,1),(22,'image_overlay_headline','Image Overlay Headline',0,0,0,0,0,1);
/*!40000 ALTER TABLE `GatheringItemTemplates` ENABLE KEYS */;
UNLOCK TABLES;

--
-- Table structure for table `GatheringItems`
--

DROP TABLE IF EXISTS `GatheringItems`;
/*!40101 SET @saved_cs_client     = @@character_set_client */;
/*!40101 SET character_set_client = utf8 */;
CREATE TABLE `GatheringItems` (
  `gaiID` int(10) unsigned NOT NULL AUTO_INCREMENT,
  `gaID` int(10) unsigned DEFAULT NULL,
  `gasID` int(10) unsigned DEFAULT NULL,
  `gaiDateTimeCreated` datetime NOT NULL,
  `gaiPublicDateTime` datetime NOT NULL,
  `gaiTitle` text COLLATE utf8_unicode_ci,
  `gaiSlotWidth` int(10) unsigned DEFAULT '1',
  `gaiSlotHeight` int(10) unsigned DEFAULT '1',
  `gaiKey` varchar(255) COLLATE utf8_unicode_ci NOT NULL,
  `gaiBatchDisplayOrder` int(10) unsigned NOT NULL DEFAULT '0',
  `gaiBatchTimestamp` int(10) unsigned NOT NULL DEFAULT '0',
  `gaiIsDeleted` tinyint(1) DEFAULT '0',
  PRIMARY KEY (`gaiID`),
  UNIQUE KEY `gaiUniqueKey` (`gaiKey`,`gasID`,`gaID`),
  KEY `gaID` (`gaID`,`gaiBatchTimestamp`),
  KEY `gasID` (`gasID`)
) ENGINE=InnoDB DEFAULT CHARSET=utf8 COLLATE=utf8_unicode_ci;
/*!40101 SET character_set_client = @saved_cs_client */;

--
-- Dumping data for table `GatheringItems`
--

LOCK TABLES `GatheringItems` WRITE;
/*!40000 ALTER TABLE `GatheringItems` DISABLE KEYS */;
/*!40000 ALTER TABLE `GatheringItems` ENABLE KEYS */;
UNLOCK TABLES;

--
-- Table structure for table `GatheringPermissionAssignments`
--

DROP TABLE IF EXISTS `GatheringPermissionAssignments`;
/*!40101 SET @saved_cs_client     = @@character_set_client */;
/*!40101 SET character_set_client = utf8 */;
CREATE TABLE `GatheringPermissionAssignments` (
  `gaID` int(10) unsigned NOT NULL DEFAULT '0',
  `pkID` int(10) unsigned NOT NULL DEFAULT '0',
  `paID` int(10) unsigned NOT NULL DEFAULT '0',
  PRIMARY KEY (`gaID`,`pkID`,`paID`),
  KEY `pkID` (`pkID`),
  KEY `paID` (`paID`)
) ENGINE=InnoDB DEFAULT CHARSET=utf8 COLLATE=utf8_unicode_ci;
/*!40101 SET character_set_client = @saved_cs_client */;

--
-- Dumping data for table `GatheringPermissionAssignments`
--

LOCK TABLES `GatheringPermissionAssignments` WRITE;
/*!40000 ALTER TABLE `GatheringPermissionAssignments` DISABLE KEYS */;
/*!40000 ALTER TABLE `GatheringPermissionAssignments` ENABLE KEYS */;
UNLOCK TABLES;

--
-- Table structure for table `Gatherings`
--

DROP TABLE IF EXISTS `Gatherings`;
/*!40101 SET @saved_cs_client     = @@character_set_client */;
/*!40101 SET character_set_client = utf8 */;
CREATE TABLE `Gatherings` (
  `gaID` int(10) unsigned NOT NULL AUTO_INCREMENT,
  `gaDateCreated` datetime NOT NULL,
  `gaDateLastUpdated` datetime NOT NULL,
  PRIMARY KEY (`gaID`),
  KEY `gaDateLastUpdated` (`gaDateLastUpdated`)
) ENGINE=InnoDB DEFAULT CHARSET=utf8 COLLATE=utf8_unicode_ci;
/*!40101 SET character_set_client = @saved_cs_client */;

--
-- Dumping data for table `Gatherings`
--

LOCK TABLES `Gatherings` WRITE;
/*!40000 ALTER TABLE `Gatherings` DISABLE KEYS */;
/*!40000 ALTER TABLE `Gatherings` ENABLE KEYS */;
UNLOCK TABLES;

--
-- Table structure for table `GroupSetGroups`
--

DROP TABLE IF EXISTS `GroupSetGroups`;
/*!40101 SET @saved_cs_client     = @@character_set_client */;
/*!40101 SET character_set_client = utf8 */;
CREATE TABLE `GroupSetGroups` (
  `gID` int(10) unsigned NOT NULL DEFAULT '0',
  `gsID` int(10) unsigned NOT NULL DEFAULT '0',
  PRIMARY KEY (`gID`,`gsID`),
  KEY `gsID` (`gsID`)
) ENGINE=InnoDB DEFAULT CHARSET=utf8 COLLATE=utf8_unicode_ci;
/*!40101 SET character_set_client = @saved_cs_client */;

--
-- Dumping data for table `GroupSetGroups`
--

LOCK TABLES `GroupSetGroups` WRITE;
/*!40000 ALTER TABLE `GroupSetGroups` DISABLE KEYS */;
/*!40000 ALTER TABLE `GroupSetGroups` ENABLE KEYS */;
UNLOCK TABLES;

--
-- Table structure for table `GroupSets`
--

DROP TABLE IF EXISTS `GroupSets`;
/*!40101 SET @saved_cs_client     = @@character_set_client */;
/*!40101 SET character_set_client = utf8 */;
CREATE TABLE `GroupSets` (
  `gsID` int(10) unsigned NOT NULL AUTO_INCREMENT,
  `gsName` varchar(255) COLLATE utf8_unicode_ci DEFAULT NULL,
  `pkgID` int(10) unsigned NOT NULL DEFAULT '0',
  PRIMARY KEY (`gsID`),
  KEY `gsName` (`gsName`),
  KEY `pkgID` (`pkgID`,`gsID`)
) ENGINE=InnoDB DEFAULT CHARSET=utf8 COLLATE=utf8_unicode_ci;
/*!40101 SET character_set_client = @saved_cs_client */;

--
-- Dumping data for table `GroupSets`
--

LOCK TABLES `GroupSets` WRITE;
/*!40000 ALTER TABLE `GroupSets` DISABLE KEYS */;
/*!40000 ALTER TABLE `GroupSets` ENABLE KEYS */;
UNLOCK TABLES;

--
-- Table structure for table `Groups`
--

DROP TABLE IF EXISTS `Groups`;
/*!40101 SET @saved_cs_client     = @@character_set_client */;
/*!40101 SET character_set_client = utf8 */;
CREATE TABLE `Groups` (
  `gID` int(10) unsigned NOT NULL AUTO_INCREMENT,
  `gName` varchar(128) COLLATE utf8_unicode_ci NOT NULL,
  `gDescription` varchar(255) COLLATE utf8_unicode_ci NOT NULL,
  `gUserExpirationIsEnabled` tinyint(1) NOT NULL DEFAULT '0',
  `gUserExpirationMethod` varchar(12) COLLATE utf8_unicode_ci DEFAULT NULL,
  `gUserExpirationSetDateTime` datetime DEFAULT NULL,
  `gUserExpirationInterval` int(10) unsigned NOT NULL DEFAULT '0',
  `gUserExpirationAction` varchar(20) COLLATE utf8_unicode_ci DEFAULT NULL,
  `gIsBadge` tinyint(1) NOT NULL DEFAULT '0',
  `gBadgeFID` int(10) unsigned NOT NULL DEFAULT '0',
  `gBadgeDescription` varchar(255) COLLATE utf8_unicode_ci DEFAULT NULL,
  `gBadgeCommunityPointValue` int(11) NOT NULL DEFAULT '0',
  `gIsAutomated` tinyint(1) NOT NULL DEFAULT '0',
  `gCheckAutomationOnRegister` tinyint(1) NOT NULL DEFAULT '0',
  `gCheckAutomationOnLogin` tinyint(1) NOT NULL DEFAULT '0',
  `gCheckAutomationOnJobRun` tinyint(1) NOT NULL DEFAULT '0',
  `gPath` text COLLATE utf8_unicode_ci,
  `pkgID` int(10) unsigned NOT NULL DEFAULT '0',
  PRIMARY KEY (`gID`),
  KEY `gName` (`gName`),
  KEY `gBadgeFID` (`gBadgeFID`),
  KEY `pkgID` (`pkgID`),
  KEY `gPath` (`gPath`(255))
) ENGINE=InnoDB AUTO_INCREMENT=6 DEFAULT CHARSET=utf8 COLLATE=utf8_unicode_ci;
/*!40101 SET character_set_client = @saved_cs_client */;

--
-- Dumping data for table `Groups`
--

LOCK TABLES `Groups` WRITE;
/*!40000 ALTER TABLE `Groups` DISABLE KEYS */;
INSERT INTO `Groups` VALUES (1,'Guest','The guest group represents unregistered visitors to your site.',0,NULL,NULL,0,NULL,0,0,NULL,0,0,0,0,0,'/Guest',0),(2,'Registered Users','The registered users group represents all user accounts.',0,NULL,NULL,0,NULL,0,0,NULL,0,0,0,0,0,'/Registered Users',0),(3,'Administrators','',0,NULL,NULL,0,NULL,0,0,NULL,0,0,0,0,0,'/Administrators',0),(4,'Conseillre','Groupe des opratrices (Op avec autres responsabilits)',0,NULL,NULL,0,NULL,0,0,NULL,0,0,0,0,0,'/Conseillre',0),(5,'Op','Poste de tl-oprateur',0,NULL,NULL,0,NULL,0,0,NULL,0,0,0,0,0,'/Op',0);
/*!40000 ALTER TABLE `Groups` ENABLE KEYS */;
UNLOCK TABLES;

--
-- Table structure for table `JobSetJobs`
--

DROP TABLE IF EXISTS `JobSetJobs`;
/*!40101 SET @saved_cs_client     = @@character_set_client */;
/*!40101 SET character_set_client = utf8 */;
CREATE TABLE `JobSetJobs` (
  `jsID` int(10) unsigned NOT NULL DEFAULT '0',
  `jID` int(10) unsigned NOT NULL DEFAULT '0',
  `jRunOrder` int(10) unsigned NOT NULL DEFAULT '0',
  PRIMARY KEY (`jsID`,`jID`),
  KEY `jID` (`jID`)
) ENGINE=InnoDB DEFAULT CHARSET=utf8 COLLATE=utf8_unicode_ci;
/*!40101 SET character_set_client = @saved_cs_client */;

--
-- Dumping data for table `JobSetJobs`
--

LOCK TABLES `JobSetJobs` WRITE;
/*!40000 ALTER TABLE `JobSetJobs` DISABLE KEYS */;
INSERT INTO `JobSetJobs` VALUES (1,1,0),(1,4,0),(1,5,0),(1,6,0),(1,7,0);
/*!40000 ALTER TABLE `JobSetJobs` ENABLE KEYS */;
UNLOCK TABLES;

--
-- Table structure for table `JobSets`
--

DROP TABLE IF EXISTS `JobSets`;
/*!40101 SET @saved_cs_client     = @@character_set_client */;
/*!40101 SET character_set_client = utf8 */;
CREATE TABLE `JobSets` (
  `jsID` int(10) unsigned NOT NULL AUTO_INCREMENT,
  `jsName` varchar(128) COLLATE utf8_unicode_ci NOT NULL,
  `pkgID` int(10) unsigned NOT NULL DEFAULT '0',
  `jDateLastRun` datetime DEFAULT NULL,
  `isScheduled` smallint(6) NOT NULL DEFAULT '0',
  `scheduledInterval` varchar(255) COLLATE utf8_unicode_ci NOT NULL DEFAULT 'days',
  `scheduledValue` int(11) NOT NULL DEFAULT '0',
  PRIMARY KEY (`jsID`),
  KEY `pkgID` (`pkgID`),
  KEY `jsName` (`jsName`)
) ENGINE=InnoDB AUTO_INCREMENT=2 DEFAULT CHARSET=utf8 COLLATE=utf8_unicode_ci;
/*!40101 SET character_set_client = @saved_cs_client */;

--
-- Dumping data for table `JobSets`
--

LOCK TABLES `JobSets` WRITE;
/*!40000 ALTER TABLE `JobSets` DISABLE KEYS */;
INSERT INTO `JobSets` VALUES (1,'Default',0,NULL,0,'days',0);
/*!40000 ALTER TABLE `JobSets` ENABLE KEYS */;
UNLOCK TABLES;

--
-- Table structure for table `Jobs`
--

DROP TABLE IF EXISTS `Jobs`;
/*!40101 SET @saved_cs_client     = @@character_set_client */;
/*!40101 SET character_set_client = utf8 */;
CREATE TABLE `Jobs` (
  `jID` int(10) unsigned NOT NULL AUTO_INCREMENT,
  `jName` varchar(100) COLLATE utf8_unicode_ci NOT NULL,
  `jDescription` varchar(255) COLLATE utf8_unicode_ci NOT NULL,
  `jDateInstalled` datetime DEFAULT NULL,
  `jDateLastRun` datetime DEFAULT NULL,
  `pkgID` int(10) unsigned NOT NULL DEFAULT '0',
  `jLastStatusText` longtext COLLATE utf8_unicode_ci,
  `jLastStatusCode` smallint(6) NOT NULL DEFAULT '0',
  `jStatus` varchar(14) COLLATE utf8_unicode_ci NOT NULL DEFAULT 'ENABLED',
  `jHandle` varchar(255) COLLATE utf8_unicode_ci NOT NULL,
  `jNotUninstallable` smallint(6) NOT NULL DEFAULT '0',
  `isScheduled` smallint(6) NOT NULL DEFAULT '0',
  `scheduledInterval` varchar(255) COLLATE utf8_unicode_ci NOT NULL DEFAULT 'days',
  `scheduledValue` int(11) NOT NULL DEFAULT '0',
  PRIMARY KEY (`jID`),
  UNIQUE KEY `jHandle` (`jHandle`),
  KEY `pkgID` (`pkgID`),
  KEY `isScheduled` (`isScheduled`,`jDateLastRun`,`jID`),
  KEY `jDateLastRun` (`jDateLastRun`,`jID`)
) ENGINE=InnoDB AUTO_INCREMENT=8 DEFAULT CHARSET=utf8 COLLATE=utf8_unicode_ci;
/*!40101 SET character_set_client = @saved_cs_client */;

--
-- Dumping data for table `Jobs`
--

LOCK TABLES `Jobs` WRITE;
/*!40000 ALTER TABLE `Jobs` DISABLE KEYS */;
INSERT INTO `Jobs` VALUES (1,'Index Search Engine - Updates','Index the site to allow searching to work quickly and accurately. Only reindexes pages that have changed since last indexing.','2015-03-02 22:21:03','2015-08-03 12:36:34',0,'An exception occurred while executing \'select cnvID, cID, cnvDateCreated, cnvDateLastMessage, cnvMessagesTotal, cnvAttachmentsEnabled, cnvAttachmentOverridesEnabled,\n		cnvFileExtensions, cnvMaxFileSizeRegistered, cnvMaxFileSizeGuest, cnvMaxFilesRegistered, cnvMaxFilesGuest, cnvOverrideGlobalPermissions,\n		cnvNotificationOverridesEnabled, cnvEnableSubscription from Conversations where cnvID = ?\' with params [\"2\"]:\n\nSQLSTATE[42S22]: Column not found: 1054 Unknown column \'cnvEnableSubscription\' in \'field list\'',1,'ENABLED','index_search',1,0,'days',0),(2,'Index Search Engine - All','Empties the page search index and reindexes all pages.','2015-03-02 22:21:03','2015-08-03 12:36:49',0,'An exception occurred while executing \'select cnvID, cID, cnvDateCreated, cnvDateLastMessage, cnvMessagesTotal, cnvAttachmentsEnabled, cnvAttachmentOverridesEnabled,\n		cnvFileExtensions, cnvMaxFileSizeRegistered, cnvMaxFileSizeGuest, cnvMaxFilesRegistered, cnvMaxFilesGuest, cnvOverrideGlobalPermissions,\n		cnvNotificationOverridesEnabled, cnvEnableSubscription from Conversations where cnvID = ?\' with params [\"1\"]:\n\nSQLSTATE[42S22]: Column not found: 1054 Unknown column \'cnvEnableSubscription\' in \'field list\'',1,'ENABLED','index_search_all',1,0,'days',0),(3,'Check Automated Groups','Automatically add users to groups and assign badges.','2015-03-02 22:21:03','2015-08-03 12:40:14',0,'Utilisateurs actifs mis  jour.',0,'ENABLED','check_automated_groups',0,0,'days',0),(4,'Generate the sitemap.xml file','Generate the sitemap.xml file that search engines use to crawl your site.','2015-03-02 22:21:03','2015-08-03 12:40:24',0,'<a href=\"http://top.sublime-voyance.be/sitemap.xml\" target=\"_blank\">top.sublime-voyance.be/sitemap.xml</a> fichier sauvegard (25 pages).',0,'ENABLED','generate_sitemap',0,0,'days',0),(5,'Process Email Posts','Polls an email account and grabs private messages/postings that are sent there..','2015-03-02 22:21:03','2015-08-03 12:40:29',0,'La tche s\'est correctement droule.',0,'ENABLED','process_email',0,0,'days',0),(6,'Remove Old Page Versions','Removes all except the 10 most recent page versions for each page.','2015-03-02 22:21:03','2015-08-03 12:40:34',0,'40 versions supprimes sur 3 pages (1,152,154)',0,'ENABLED','remove_old_page_versions',0,0,'days',0),(7,'Update Gatherings','Loads new items into gatherings.','2015-03-02 22:21:03','2015-08-03 12:41:00',0,'La tche s\'est correctement droule.',0,'ENABLED','update_gatherings',0,0,'days',0);
/*!40000 ALTER TABLE `Jobs` ENABLE KEYS */;
UNLOCK TABLES;

--
-- Table structure for table `JobsLog`
--

DROP TABLE IF EXISTS `JobsLog`;
/*!40101 SET @saved_cs_client     = @@character_set_client */;
/*!40101 SET character_set_client = utf8 */;
CREATE TABLE `JobsLog` (
  `jlID` int(10) unsigned NOT NULL AUTO_INCREMENT,
  `jID` int(10) unsigned NOT NULL,
  `jlMessage` longtext COLLATE utf8_unicode_ci NOT NULL,
  `jlTimestamp` timestamp NOT NULL DEFAULT CURRENT_TIMESTAMP,
  `jlError` int(11) NOT NULL DEFAULT '0',
  PRIMARY KEY (`jlID`),
  KEY `jID` (`jID`)
) ENGINE=InnoDB AUTO_INCREMENT=8 DEFAULT CHARSET=utf8 COLLATE=utf8_unicode_ci;
/*!40101 SET character_set_client = @saved_cs_client */;

--
-- Dumping data for table `JobsLog`
--

LOCK TABLES `JobsLog` WRITE;
/*!40000 ALTER TABLE `JobsLog` DISABLE KEYS */;
INSERT INTO `JobsLog` VALUES (1,1,'An exception occurred while executing \'select cnvID, cID, cnvDateCreated, cnvDateLastMessage, cnvMessagesTotal, cnvAttachmentsEnabled, cnvAttachmentOverridesEnabled,\n		cnvFileExtensions, cnvMaxFileSizeRegistered, cnvMaxFileSizeGuest, cnvMaxFilesRegistered, cnvMaxFilesGuest, cnvOverrideGlobalPermissions,\n		cnvNotificationOverridesEnabled, cnvEnableSubscription from Conversations where cnvID = ?\' with params [\"2\"]:\n\nSQLSTATE[42S22]: Column not found: 1054 Unknown column \'cnvEnableSubscription\' in \'field list\'','2015-08-03 10:36:38',1),(2,2,'An exception occurred while executing \'select cnvID, cID, cnvDateCreated, cnvDateLastMessage, cnvMessagesTotal, cnvAttachmentsEnabled, cnvAttachmentOverridesEnabled,\n		cnvFileExtensions, cnvMaxFileSizeRegistered, cnvMaxFileSizeGuest, cnvMaxFilesRegistered, cnvMaxFilesGuest, cnvOverrideGlobalPermissions,\n		cnvNotificationOverridesEnabled, cnvEnableSubscription from Conversations where cnvID = ?\' with params [\"1\"]:\n\nSQLSTATE[42S22]: Column not found: 1054 Unknown column \'cnvEnableSubscription\' in \'field list\'','2015-08-03 10:39:41',1),(3,3,'Utilisateurs actifs mis  jour.','2015-08-03 10:40:19',0),(4,4,'<a href=\"http://top.sublime-voyance.be/sitemap.xml\" target=\"_blank\">top.sublime-voyance.be/sitemap.xml</a> fichier sauvegard (25 pages).','2015-08-03 10:40:25',0),(5,5,'La tche s\'est correctement droule.','2015-08-03 10:40:30',0),(6,6,'40 versions supprimes sur 3 pages (1,152,154)','2015-08-03 10:40:59',0),(7,7,'La tche s\'est correctement droule.','2015-08-03 10:41:00',0);
/*!40000 ALTER TABLE `JobsLog` ENABLE KEYS */;
UNLOCK TABLES;

--
-- Table structure for table `Logs`
--

DROP TABLE IF EXISTS `Logs`;
/*!40101 SET @saved_cs_client     = @@character_set_client */;
/*!40101 SET character_set_client = utf8 */;
CREATE TABLE `Logs` (
  `logID` int(10) unsigned NOT NULL AUTO_INCREMENT,
  `channel` varchar(255) COLLATE utf8_unicode_ci DEFAULT NULL,
  `time` int(10) unsigned NOT NULL,
  `message` longtext COLLATE utf8_unicode_ci,
  `uID` int(10) unsigned DEFAULT NULL,
  `level` int(11) NOT NULL,
  PRIMARY KEY (`logID`),
  KEY `channel` (`channel`),
  KEY `uID` (`uID`)
) ENGINE=InnoDB AUTO_INCREMENT=660 DEFAULT CHARSET=utf8 COLLATE=utf8_unicode_ci;
/*!40101 SET character_set_client = @saved_cs_client */;

--
-- Dumping data for table `Logs`
--

LOCK TABLES `Logs` WRITE;
/*!40000 ALTER TABLE `Logs` DISABLE KEYS */;
INSERT INTO `Logs` VALUES (1,'sent_emails',1425339142,'**LES COURRIELS SONT ACTIVS. CE COURRIEL A T ENVOY  mail()**\nModle utilis: forgot_password\nDtails du courriel: Date: Tue, 03 Mar 2015 00:32:22 +0100\r\nFrom: =?UTF-8?Q?Mot=20de=20passe=20oubli=C3=A9?= <GrCOTE7@Gmail.com>\r\nSubject: =?UTF-8?Q?Mot=20de=20passe=20oubli=C3=A9?=\r\nTo: GrCOTE7@Gmail.com\r\nMIME-Version: 1.0\r\nContent-Type: text/plain;\r\n charset=\"UTF-8\"\r\nContent-Transfer-Encoding: 8bit\r\nSender: \r\n\r\nadmin,\n\nVous avez demand un nouveau mot de passe pour le site C5732 \n\nVotre nom d\'utilisateur est: admin\n\nVous pouvez changer votre mot de passe  l\'adresse suivante:\n\nhttp://d.cote-des-annonces.com/index.php/login/callback/concrete/change_password/3h2j3cAV8Gm6bSH0wKqNn1R0GRiZ4jWMgDb5v12sIcRLQzmCzZqh8FgTFWCB6qqH\n\nMerci de votre visite!',0,200),(2,'exceptions',1425341334,'Une exception est survenue:/var/sentora/hostdata/wwwlcdac/public_html/d_cote-des-annonces_com/application/blocks/audio/view.php:5 Call to undefined function is_oobject() (1)\n',1,600),(3,'exceptions',1425341335,'Une exception est survenue:/var/sentora/hostdata/wwwlcdac/public_html/d_cote-des-annonces_com/application/blocks/audio/view.php:5 Call to undefined function is_oobject() (1)\n',1,600),(4,'exceptions',1425341337,'Une exception est survenue:/var/sentora/hostdata/wwwlcdac/public_html/d_cote-des-annonces_com/application/blocks/audio/view.php:5 Call to undefined function is_oobject() (1)\n',1,600),(5,'exceptions',1425341338,'Une exception est survenue:/var/sentora/hostdata/wwwlcdac/public_html/d_cote-des-annonces_com/application/blocks/audio/view.php:5 Call to undefined function is_oobject() (1)\n',1,600),(6,'exceptions',1425341340,'Une exception est survenue:/var/sentora/hostdata/wwwlcdac/public_html/d_cote-des-annonces_com/application/blocks/audio/view.php:5 Call to undefined function is_oobject() (1)\n',1,600),(7,'exceptions',1425341342,'Une exception est survenue:/var/sentora/hostdata/wwwlcdac/public_html/d_cote-des-annonces_com/application/blocks/audio/view.php:5 Call to undefined function is_oobject() (1)\n',1,600),(8,'exceptions',1425341342,'Une exception est survenue:/var/sentora/hostdata/wwwlcdac/public_html/d_cote-des-annonces_com/application/blocks/audio/view.php:5 Call to undefined function is_oobject() (1)\n',1,600),(9,'exceptions',1425341344,'Une exception est survenue:/var/sentora/hostdata/wwwlcdac/public_html/d_cote-des-annonces_com/application/blocks/audio/view.php:5 Call to undefined function is_oobject() (1)\n',1,600),(10,'exceptions',1425341346,'Une exception est survenue:/var/sentora/hostdata/wwwlcdac/public_html/d_cote-des-annonces_com/application/blocks/audio/view.php:5 Call to undefined function is_oobject() (1)\n',1,600),(11,'exceptions',1425341347,'Une exception est survenue:/var/sentora/hostdata/wwwlcdac/public_html/d_cote-des-annonces_com/application/blocks/audio/view.php:5 Call to undefined function is_oobject() (1)\n',1,600),(12,'exceptions',1425341348,'Une exception est survenue:/var/sentora/hostdata/wwwlcdac/public_html/d_cote-des-annonces_com/application/blocks/audio/view.php:5 Call to undefined function is_oobject() (1)\n',1,600),(13,'exceptions',1425341350,'Une exception est survenue:/var/sentora/hostdata/wwwlcdac/public_html/d_cote-des-annonces_com/application/blocks/audio/view.php:5 Call to undefined function is_oobject() (1)\n',1,600),(14,'exceptions',1425341352,'Une exception est survenue:/var/sentora/hostdata/wwwlcdac/public_html/d_cote-des-annonces_com/application/blocks/audio/view.php:5 Call to undefined function is_oobject() (1)\n',1,600),(15,'exceptions',1425341352,'Une exception est survenue:/var/sentora/hostdata/wwwlcdac/public_html/d_cote-des-annonces_com/application/blocks/audio/view.php:5 Call to undefined function is_oobject() (1)\n',1,600),(16,'exceptions',1425341354,'Une exception est survenue:/var/sentora/hostdata/wwwlcdac/public_html/d_cote-des-annonces_com/application/blocks/audio/view.php:5 Call to undefined function is_oobject() (1)\n',1,600),(17,'exceptions',1425341356,'Une exception est survenue:/var/sentora/hostdata/wwwlcdac/public_html/d_cote-des-annonces_com/application/blocks/audio/view.php:5 Call to undefined function is_oobject() (1)\n',1,600),(18,'exceptions',1425341357,'Une exception est survenue:/var/sentora/hostdata/wwwlcdac/public_html/d_cote-des-annonces_com/application/blocks/audio/view.php:5 Call to undefined function is_oobject() (1)\n',1,600),(19,'exceptions',1425341359,'Une exception est survenue:/var/sentora/hostdata/wwwlcdac/public_html/d_cote-des-annonces_com/application/blocks/audio/view.php:5 Call to undefined function is_oobject() (1)\n',1,600),(20,'exceptions',1425341360,'Une exception est survenue:/var/sentora/hostdata/wwwlcdac/public_html/d_cote-des-annonces_com/application/blocks/audio/view.php:5 Call to undefined function is_oobject() (1)\n',1,600),(21,'exceptions',1425341361,'Une exception est survenue:/var/sentora/hostdata/wwwlcdac/public_html/d_cote-des-annonces_com/application/blocks/audio/view.php:5 Call to undefined function is_oobject() (1)\n',1,600),(22,'exceptions',1425341361,'Une exception est survenue:/var/sentora/hostdata/wwwlcdac/public_html/d_cote-des-annonces_com/application/blocks/audio/view.php:5 Call to undefined function is_oobject() (1)\n',1,600),(23,'exceptions',1425341362,'Une exception est survenue:/var/sentora/hostdata/wwwlcdac/public_html/d_cote-des-annonces_com/application/blocks/audio/view.php:5 Call to undefined function is_oobject() (1)\n',1,600),(24,'exceptions',1425341365,'Une exception est survenue:/var/sentora/hostdata/wwwlcdac/public_html/d_cote-des-annonces_com/application/blocks/audio/view.php:5 Call to undefined function is_oobject() (1)\n',1,600),(25,'exceptions',1425413880,'Une exception est survenue:/var/sentora/hostdata/wwwsubl/public_html/top_sublime-voyance_be/concrete/vendor/concrete5/flysystem/src/Filesystem.php:695 File not found at path: 7614/2534/0328/Alan_Parsons_Project_-_Eye_in_the_Sky.mp3 (0)\n',0,600),(26,'exceptions',1425415189,'Une exception est survenue:/var/sentora/hostdata/wwwsubl/public_html/top_sublime-voyance_be/concrete/vendor/concrete5/flysystem/src/Filesystem.php:695 File not found at path: 7614/2534/0328/Alan_Parsons_Project_-_Eye_in_the_Sky.mp3 (0)\n',0,600),(27,'exceptions',1425421520,'Une exception est survenue:/var/sentora/hostdata/wwwsubl/public_html/top_sublime-voyance_be/concrete/vendor/concrete5/flysystem/src/Filesystem.php:695 File not found at path: 7614/2534/0328/Alan_Parsons_Project_-_Eye_in_the_Sky.mp3 (0)\n',0,600),(28,'exceptions',1425422269,'Une exception est survenue:/var/sentora/hostdata/wwwsubl/public_html/top_sublime-voyance_be/concrete/vendor/concrete5/flysystem/src/Filesystem.php:695 File not found at path: 7614/2534/0328/Alan_Parsons_Project_-_Eye_in_the_Sky.mp3 (0)\n',0,600),(29,'exceptions',1425427286,'Une exception est survenue:/var/sentora/hostdata/wwwlcdac/public_html/d_cote-des-annonces_com/application/blocks/audio/view.php:12 syntax error, unexpected \')\', expecting \',\' or \';\' (4)\n',1,600),(30,'exceptions',1425433262,'Une exception est survenue:/var/sentora/hostdata/wwwsubl/public_html/top_sublime-voyance_be/concrete/vendor/concrete5/flysystem/src/Filesystem.php:695 File not found at path: 6114/2542/6490/Soul_Ballad.mp3 (0)\n',0,600),(31,'exceptions',1425433590,'Une exception est survenue:/var/sentora/hostdata/wwwsubl/public_html/top_sublime-voyance_be/concrete/vendor/concrete5/flysystem/src/Filesystem.php:695 File not found at path: 6114/2542/6490/Soul_Ballad.mp3 (0)\n',0,600),(32,'sent_emails',1425490059,'**LES COURRIELS SONT ACTIVS. CE COURRIEL A T ENVOY  mail()**\nModle utilis: forgot_password\nDtails du courriel: Date: Wed, 04 Mar 2015 18:27:38 +0100\r\nFrom: =?UTF-8?Q?Mot=20de=20passe=20oubli=C3=A9?= <GrCOTE7@Gmail.com>\r\nSubject: =?UTF-8?Q?Mot=20de=20passe=20oubli=C3=A9?=\r\nTo: GrCOTE7@Gmail.com\r\nMIME-Version: 1.0\r\nContent-Type: text/plain;\r\n charset=\"UTF-8\"\r\nContent-Transfer-Encoding: 8bit\r\nSender: \r\n\r\nAadminli,\n\nVous avez demand un nouveau mot de passe pour le site C5732 \n\nVotre nom d\'utilisateur est: Aadminli\n\nVous pouvez changer votre mot de passe  l\'adresse suivante:\n\nhttp://top.sublime-voyance.be/login/callback/concrete/change_password/6Xr1rg1QurbSifTXHZYYnWI0yyKXCEtWSWw1P74enjAfzMcw1Bn28tS2scL9CCRj\n\nMerci de votre visite!',0,200),(33,'sent_emails',1425491219,'**LES COURRIELS SONT ACTIVS. CE COURRIEL A T ENVOY  mail()**\nModle utilis: forgot_password\nDtails du courriel: Date: Wed, 04 Mar 2015 18:46:58 +0100\r\nFrom: =?UTF-8?Q?Mot=20de=20passe=20oubli=C3=A9?= <GrCOTE7@Gmail.com>\r\nSubject: =?UTF-8?Q?Mot=20de=20passe=20oubli=C3=A9?=\r\nTo: GrCOTE7@Gmail.com\r\nMIME-Version: 1.0\r\nContent-Type: text/plain;\r\n charset=\"UTF-8\"\r\nContent-Transfer-Encoding: 8bit\r\nSender: \r\n\r\nAadminli,\n\nVous avez demand un nouveau mot de passe pour le site C5732 \n\nVotre nom d\'utilisateur est: Aadminli\n\nVous pouvez changer votre mot de passe  l\'adresse suivante:\n\nhttp://top.sublime-voyance.be/login/callback/concrete/change_password/RrwnNHHu0SbD7Ssrq79HQROQZyxO7wlPCLcUEJOujexQ28cw4yiVVWoJ3tANOIYX\n\nMerci de votre visite!',0,200),(34,'sent_emails',1425492277,'**LES COURRIELS SONT ACTIVS. CE COURRIEL A T ENVOY  mail()**\nModle utilis: forgot_password\nDtails du courriel: Date: Wed, 04 Mar 2015 19:04:37 +0100\r\nFrom: =?UTF-8?Q?Mot=20de=20passe=20oubli=C3=A9?= <GrCOTE7@Gmail.com>\r\nSubject: =?UTF-8?Q?Mot=20de=20passe=20oubli=C3=A9?=\r\nTo: GrCOTE7@Gmail.com\r\nMIME-Version: 1.0\r\nContent-Type: text/plain;\r\n charset=\"UTF-8\"\r\nContent-Transfer-Encoding: 8bit\r\nSender: \r\n\r\nAadminli,\n\nVous avez demand un nouveau mot de passe pour le site C5732 \n\nVotre nom d\'utilisateur est: Aadminli\n\nVous pouvez changer votre mot de passe  l\'adresse suivante:\n\nhttp://top.sublime-voyance.be/login/callback/concrete/change_password/pVxrg4EMw6LCf5E7qIrqPT8PeFwHqBo3F8jrKv7MRNRaPLh3S7og6BYODYjz6ZZm\n\nMerci de votre visite!',0,200),(35,'sent_emails',1425497080,'**LES COURRIELS SONT ACTIVS. CE COURRIEL A T ENVOY  mail()**\nModle utilis: forgot_password\nDtails du courriel: Date: Wed, 04 Mar 2015 20:24:40 +0100\r\nFrom: =?UTF-8?Q?Mot=20de=20passe=20oubli=C3=A9?= <GrCOTE7@Gmail.com>\r\nSubject: =?UTF-8?Q?Mot=20de=20passe=20oubli=C3=A9?=\r\nTo: GrCOTE7@Gmail.com\r\nMIME-Version: 1.0\r\nContent-Type: text/plain;\r\n charset=\"UTF-8\"\r\nContent-Transfer-Encoding: 8bit\r\nSender: \r\n\r\nAadminli,\n\nVous avez demand un nouveau mot de passe pour le site C5732 \n\nVotre nom d\'utilisateur est: Aadminli\n\nVous pouvez changer votre mot de passe  l\'adresse suivante:\n\nhttp://top.sublime-voyance.be/login/callback/concrete/change_password/u6qC8QI91o1sHDZ6yCMxySPSTXbhp6gH3Joh9B48GtSC9OMhlhBEugCEG4e1Fy9R\n\nMerci de votre visite!',0,200),(36,'exceptions',1425742480,'Une exception est survenue:/opt/lampp/htdocs/w/wwwsubl/public_html/top_sublime-voyance_be/application/themes/urbanic/full.php:3 Wrong parameter count for var_dump() (2)\n',1,600),(37,'exceptions',1425742507,'Une exception est survenue:/opt/lampp/htdocs/w/wwwsubl/public_html/top_sublime-voyance_be/application/themes/urbanic/full.php:3 Call to undefined function x_debug_var_dump() (1)\n',1,600),(38,'exceptions',1425742509,'Une exception est survenue:/opt/lampp/htdocs/w/wwwsubl/public_html/top_sublime-voyance_be/application/themes/urbanic/full.php:3 Call to undefined function x_debug_var_dump() (1)\n',1,600),(39,'exceptions',1425742512,'Une exception est survenue:/opt/lampp/htdocs/w/wwwsubl/public_html/top_sublime-voyance_be/application/themes/urbanic/full.php:3 Call to undefined function x_debug_var_dump() (1)\n',1,600),(40,'exceptions',1425742514,'Une exception est survenue:/opt/lampp/htdocs/w/wwwsubl/public_html/top_sublime-voyance_be/application/themes/urbanic/full.php:3 Call to undefined function x_debug_var_dump() (1)\n',1,600),(41,'exceptions',1425742652,'Une exception est survenue:/opt/lampp/htdocs/w/wwwsubl/public_html/top_sublime-voyance_be/application/themes/urbanic/full.php:23 Class \'Token\' not found (1)\n',1,600),(42,'exceptions',1425742653,'Une exception est survenue:/opt/lampp/htdocs/w/wwwsubl/public_html/top_sublime-voyance_be/application/themes/urbanic/full.php:23 Class \'Token\' not found (1)\n',1,600),(43,'exceptions',1425742657,'Une exception est survenue:/opt/lampp/htdocs/w/wwwsubl/public_html/top_sublime-voyance_be/application/themes/urbanic/full.php:23 Class \'Token\' not found (1)\n',1,600),(44,'exceptions',1425742659,'Une exception est survenue:/opt/lampp/htdocs/w/wwwsubl/public_html/top_sublime-voyance_be/application/themes/urbanic/full.php:23 Class \'Token\' not found (1)\n',1,600),(45,'exceptions',1425742661,'Une exception est survenue:/opt/lampp/htdocs/w/wwwsubl/public_html/top_sublime-voyance_be/application/themes/urbanic/full.php:23 Class \'Token\' not found (1)\n',1,600),(46,'exceptions',1425742663,'Une exception est survenue:/opt/lampp/htdocs/w/wwwsubl/public_html/top_sublime-voyance_be/application/themes/urbanic/full.php:23 Class \'Token\' not found (1)\n',1,600),(47,'exceptions',1425742665,'Une exception est survenue:/opt/lampp/htdocs/w/wwwsubl/public_html/top_sublime-voyance_be/application/themes/urbanic/full.php:23 Class \'Token\' not found (1)\n',1,600),(48,'exceptions',1425742667,'Une exception est survenue:/opt/lampp/htdocs/w/wwwsubl/public_html/top_sublime-voyance_be/application/themes/urbanic/full.php:23 Class \'Token\' not found (1)\n',1,600),(49,'exceptions',1425742669,'Une exception est survenue:/opt/lampp/htdocs/w/wwwsubl/public_html/top_sublime-voyance_be/application/themes/urbanic/full.php:23 Class \'Token\' not found (1)\n',1,600),(50,'exceptions',1425742671,'Une exception est survenue:/opt/lampp/htdocs/w/wwwsubl/public_html/top_sublime-voyance_be/application/themes/urbanic/full.php:23 Class \'Token\' not found (1)\n',1,600),(51,'exceptions',1425742674,'Une exception est survenue:/opt/lampp/htdocs/w/wwwsubl/public_html/top_sublime-voyance_be/application/themes/urbanic/full.php:23 Class \'Token\' not found (1)\n',1,600),(52,'exceptions',1425742676,'Une exception est survenue:/opt/lampp/htdocs/w/wwwsubl/public_html/top_sublime-voyance_be/application/themes/urbanic/full.php:23 Class \'Token\' not found (1)\n',1,600),(53,'exceptions',1425742679,'Une exception est survenue:/opt/lampp/htdocs/w/wwwsubl/public_html/top_sublime-voyance_be/application/themes/urbanic/full.php:22 Class \'Token\' not found (1)\n',1,600),(54,'exceptions',1425742679,'Une exception est survenue:/opt/lampp/htdocs/w/wwwsubl/public_html/top_sublime-voyance_be/application/themes/urbanic/full.php:22 Class \'Token\' not found (1)\n',1,600),(55,'exceptions',1425742680,'Une exception est survenue:/opt/lampp/htdocs/w/wwwsubl/public_html/top_sublime-voyance_be/application/themes/urbanic/full.php:21 Class \'Token\' not found (1)\n',1,600),(56,'exceptions',1425742682,'Une exception est survenue:/opt/lampp/htdocs/w/wwwsubl/public_html/top_sublime-voyance_be/application/themes/urbanic/full.php:21 Class \'Token\' not found (1)\n',1,600),(57,'exceptions',1425742684,'Une exception est survenue:/opt/lampp/htdocs/w/wwwsubl/public_html/top_sublime-voyance_be/application/themes/urbanic/full.php:21 Class \'Token\' not found (1)\n',1,600),(58,'exceptions',1425742686,'Une exception est survenue:/opt/lampp/htdocs/w/wwwsubl/public_html/top_sublime-voyance_be/application/themes/urbanic/full.php:21 Class \'Token\' not found (1)\n',1,600),(59,'exceptions',1425742689,'Une exception est survenue:/opt/lampp/htdocs/w/wwwsubl/public_html/top_sublime-voyance_be/application/themes/urbanic/full.php:21 Class \'Token\' not found (1)\n',1,600),(60,'exceptions',1425742691,'Une exception est survenue:/opt/lampp/htdocs/w/wwwsubl/public_html/top_sublime-voyance_be/application/themes/urbanic/full.php:21 Class \'Token\' not found (1)\n',1,600),(61,'exceptions',1425742693,'Une exception est survenue:/opt/lampp/htdocs/w/wwwsubl/public_html/top_sublime-voyance_be/application/themes/urbanic/full.php:21 Class \'Token\' not found (1)\n',1,600),(62,'exceptions',1425742695,'Une exception est survenue:/opt/lampp/htdocs/w/wwwsubl/public_html/top_sublime-voyance_be/application/themes/urbanic/full.php:21 Class \'Token\' not found (1)\n',1,600),(63,'exceptions',1425742697,'Une exception est survenue:/opt/lampp/htdocs/w/wwwsubl/public_html/top_sublime-voyance_be/application/themes/urbanic/full.php:21 Class \'Token\' not found (1)\n',1,600),(64,'exceptions',1425742699,'Une exception est survenue:/opt/lampp/htdocs/w/wwwsubl/public_html/top_sublime-voyance_be/application/themes/urbanic/full.php:21 Class \'Token\' not found (1)\n',1,600),(65,'exceptions',1425742701,'Une exception est survenue:/opt/lampp/htdocs/w/wwwsubl/public_html/top_sublime-voyance_be/application/themes/urbanic/full.php:21 Class \'Token\' not found (1)\n',1,600),(66,'exceptions',1425742703,'Une exception est survenue:/opt/lampp/htdocs/w/wwwsubl/public_html/top_sublime-voyance_be/application/themes/urbanic/full.php:21 Class \'Token\' not found (1)\n',1,600),(67,'exceptions',1425742705,'Une exception est survenue:/opt/lampp/htdocs/w/wwwsubl/public_html/top_sublime-voyance_be/application/themes/urbanic/full.php:21 Class \'Token\' not found (1)\n',1,600),(68,'exceptions',1425742707,'Une exception est survenue:/opt/lampp/htdocs/w/wwwsubl/public_html/top_sublime-voyance_be/application/themes/urbanic/full.php:21 Class \'Token\' not found (1)\n',1,600),(69,'exceptions',1425742709,'Une exception est survenue:/opt/lampp/htdocs/w/wwwsubl/public_html/top_sublime-voyance_be/application/themes/urbanic/full.php:21 Class \'Token\' not found (1)\n',1,600),(70,'exceptions',1425742711,'Une exception est survenue:/opt/lampp/htdocs/w/wwwsubl/public_html/top_sublime-voyance_be/application/themes/urbanic/full.php:21 Class \'Token\' not found (1)\n',1,600),(71,'exceptions',1425742714,'Une exception est survenue:/opt/lampp/htdocs/w/wwwsubl/public_html/top_sublime-voyance_be/application/themes/urbanic/full.php:21 Class \'Token\' not found (1)\n',1,600),(72,'exceptions',1425742716,'Une exception est survenue:/opt/lampp/htdocs/w/wwwsubl/public_html/top_sublime-voyance_be/application/themes/urbanic/full.php:21 Class \'Token\' not found (1)\n',1,600),(73,'exceptions',1425742718,'Une exception est survenue:/opt/lampp/htdocs/w/wwwsubl/public_html/top_sublime-voyance_be/application/themes/urbanic/full.php:21 Class \'Token\' not found (1)\n',1,600),(74,'exceptions',1425742720,'Une exception est survenue:/opt/lampp/htdocs/w/wwwsubl/public_html/top_sublime-voyance_be/application/themes/urbanic/full.php:21 Class \'Token\' not found (1)\n',1,600),(75,'exceptions',1425742722,'Une exception est survenue:/opt/lampp/htdocs/w/wwwsubl/public_html/top_sublime-voyance_be/application/themes/urbanic/full.php:21 Class \'Token\' not found (1)\n',1,600),(76,'exceptions',1425742724,'Une exception est survenue:/opt/lampp/htdocs/w/wwwsubl/public_html/top_sublime-voyance_be/application/themes/urbanic/full.php:21 Class \'Token\' not found (1)\n',1,600),(77,'exceptions',1425742726,'Une exception est survenue:/opt/lampp/htdocs/w/wwwsubl/public_html/top_sublime-voyance_be/application/themes/urbanic/full.php:21 Class \'Token\' not found (1)\n',1,600),(78,'exceptions',1425742728,'Une exception est survenue:/opt/lampp/htdocs/w/wwwsubl/public_html/top_sublime-voyance_be/application/themes/urbanic/full.php:21 Class \'Token\' not found (1)\n',1,600),(79,'exceptions',1425742730,'Une exception est survenue:/opt/lampp/htdocs/w/wwwsubl/public_html/top_sublime-voyance_be/application/themes/urbanic/full.php:21 Class \'Token\' not found (1)\n',1,600),(80,'exceptions',1425742732,'Une exception est survenue:/opt/lampp/htdocs/w/wwwsubl/public_html/top_sublime-voyance_be/application/themes/urbanic/full.php:21 Class \'Token\' not found (1)\n',1,600),(81,'exceptions',1425742734,'Une exception est survenue:/opt/lampp/htdocs/w/wwwsubl/public_html/top_sublime-voyance_be/application/themes/urbanic/full.php:21 Class \'Token\' not found (1)\n',1,600),(82,'exceptions',1425742736,'Une exception est survenue:/opt/lampp/htdocs/w/wwwsubl/public_html/top_sublime-voyance_be/application/themes/urbanic/full.php:21 Class \'Token\' not found (1)\n',1,600),(83,'exceptions',1425742738,'Une exception est survenue:/opt/lampp/htdocs/w/wwwsubl/public_html/top_sublime-voyance_be/application/themes/urbanic/full.php:21 Class \'Token\' not found (1)\n',1,600),(84,'exceptions',1425742740,'Une exception est survenue:/opt/lampp/htdocs/w/wwwsubl/public_html/top_sublime-voyance_be/application/themes/urbanic/full.php:21 Class \'Token\' not found (1)\n',1,600),(85,'exceptions',1425742742,'Une exception est survenue:/opt/lampp/htdocs/w/wwwsubl/public_html/top_sublime-voyance_be/application/themes/urbanic/full.php:21 Class \'Token\' not found (1)\n',1,600),(86,'exceptions',1425742744,'Une exception est survenue:/opt/lampp/htdocs/w/wwwsubl/public_html/top_sublime-voyance_be/application/themes/urbanic/full.php:21 Class \'Token\' not found (1)\n',1,600),(87,'exceptions',1425742746,'Une exception est survenue:/opt/lampp/htdocs/w/wwwsubl/public_html/top_sublime-voyance_be/application/themes/urbanic/full.php:21 Class \'Token\' not found (1)\n',1,600),(88,'exceptions',1425742748,'Une exception est survenue:/opt/lampp/htdocs/w/wwwsubl/public_html/top_sublime-voyance_be/application/themes/urbanic/full.php:21 Class \'Token\' not found (1)\n',1,600),(89,'exceptions',1425742750,'Une exception est survenue:/opt/lampp/htdocs/w/wwwsubl/public_html/top_sublime-voyance_be/application/themes/urbanic/full.php:21 Class \'Token\' not found (1)\n',1,600),(90,'exceptions',1425742752,'Une exception est survenue:/opt/lampp/htdocs/w/wwwsubl/public_html/top_sublime-voyance_be/application/themes/urbanic/full.php:21 Class \'Token\' not found (1)\n',1,600),(91,'exceptions',1425742754,'Une exception est survenue:/opt/lampp/htdocs/w/wwwsubl/public_html/top_sublime-voyance_be/application/themes/urbanic/full.php:21 Class \'Token\' not found (1)\n',1,600),(92,'exceptions',1425742756,'Une exception est survenue:/opt/lampp/htdocs/w/wwwsubl/public_html/top_sublime-voyance_be/application/themes/urbanic/full.php:21 Class \'Token\' not found (1)\n',1,600),(93,'exceptions',1425742759,'Une exception est survenue:/opt/lampp/htdocs/w/wwwsubl/public_html/top_sublime-voyance_be/application/themes/urbanic/full.php:21 Class \'Token\' not found (1)\n',1,600),(94,'exceptions',1425742761,'Une exception est survenue:/opt/lampp/htdocs/w/wwwsubl/public_html/top_sublime-voyance_be/application/themes/urbanic/full.php:21 Class \'Token\' not found (1)\n',1,600),(95,'exceptions',1425742763,'Une exception est survenue:/opt/lampp/htdocs/w/wwwsubl/public_html/top_sublime-voyance_be/application/themes/urbanic/full.php:21 Class \'Token\' not found (1)\n',1,600),(96,'exceptions',1425742765,'Une exception est survenue:/opt/lampp/htdocs/w/wwwsubl/public_html/top_sublime-voyance_be/application/themes/urbanic/full.php:21 Class \'Token\' not found (1)\n',1,600),(97,'exceptions',1425742767,'Une exception est survenue:/opt/lampp/htdocs/w/wwwsubl/public_html/top_sublime-voyance_be/application/themes/urbanic/full.php:21 Class \'Token\' not found (1)\n',1,600),(98,'exceptions',1425742769,'Une exception est survenue:/opt/lampp/htdocs/w/wwwsubl/public_html/top_sublime-voyance_be/application/themes/urbanic/full.php:21 Class \'Token\' not found (1)\n',1,600),(99,'exceptions',1425742771,'Une exception est survenue:/opt/lampp/htdocs/w/wwwsubl/public_html/top_sublime-voyance_be/application/themes/urbanic/full.php:21 Class \'Token\' not found (1)\n',1,600),(100,'exceptions',1425742773,'Une exception est survenue:/opt/lampp/htdocs/w/wwwsubl/public_html/top_sublime-voyance_be/application/themes/urbanic/full.php:21 Class \'Token\' not found (1)\n',1,600),(101,'exceptions',1425742775,'Une exception est survenue:/opt/lampp/htdocs/w/wwwsubl/public_html/top_sublime-voyance_be/application/themes/urbanic/full.php:21 Class \'Token\' not found (1)\n',1,600),(102,'exceptions',1425742777,'Une exception est survenue:/opt/lampp/htdocs/w/wwwsubl/public_html/top_sublime-voyance_be/application/themes/urbanic/full.php:21 Class \'Token\' not found (1)\n',1,600),(103,'exceptions',1425742779,'Une exception est survenue:/opt/lampp/htdocs/w/wwwsubl/public_html/top_sublime-voyance_be/application/themes/urbanic/full.php:21 Class \'Token\' not found (1)\n',1,600),(104,'exceptions',1425742781,'Une exception est survenue:/opt/lampp/htdocs/w/wwwsubl/public_html/top_sublime-voyance_be/application/themes/urbanic/full.php:21 Class \'Token\' not found (1)\n',1,600),(105,'exceptions',1425742783,'Une exception est survenue:/opt/lampp/htdocs/w/wwwsubl/public_html/top_sublime-voyance_be/application/themes/urbanic/full.php:21 Class \'Token\' not found (1)\n',1,600),(106,'exceptions',1425742786,'Une exception est survenue:/opt/lampp/htdocs/w/wwwsubl/public_html/top_sublime-voyance_be/application/themes/urbanic/full.php:21 Class \'Token\' not found (1)\n',1,600),(107,'exceptions',1425742788,'Une exception est survenue:/opt/lampp/htdocs/w/wwwsubl/public_html/top_sublime-voyance_be/application/themes/urbanic/full.php:21 Class \'Token\' not found (1)\n',1,600),(108,'exceptions',1425742790,'Une exception est survenue:/opt/lampp/htdocs/w/wwwsubl/public_html/top_sublime-voyance_be/application/themes/urbanic/full.php:21 Class \'Token\' not found (1)\n',1,600),(109,'exceptions',1425742792,'Une exception est survenue:/opt/lampp/htdocs/w/wwwsubl/public_html/top_sublime-voyance_be/application/themes/urbanic/full.php:21 Class \'Token\' not found (1)\n',1,600),(110,'exceptions',1425742794,'Une exception est survenue:/opt/lampp/htdocs/w/wwwsubl/public_html/top_sublime-voyance_be/application/themes/urbanic/full.php:21 Class \'Token\' not found (1)\n',1,600),(111,'exceptions',1425742796,'Une exception est survenue:/opt/lampp/htdocs/w/wwwsubl/public_html/top_sublime-voyance_be/application/themes/urbanic/full.php:21 Class \'Token\' not found (1)\n',1,600),(112,'exceptions',1425742798,'Une exception est survenue:/opt/lampp/htdocs/w/wwwsubl/public_html/top_sublime-voyance_be/application/themes/urbanic/full.php:21 Class \'Token\' not found (1)\n',1,600),(113,'exceptions',1425742800,'Une exception est survenue:/opt/lampp/htdocs/w/wwwsubl/public_html/top_sublime-voyance_be/application/themes/urbanic/full.php:21 Class \'Token\' not found (1)\n',1,600),(114,'exceptions',1425742802,'Une exception est survenue:/opt/lampp/htdocs/w/wwwsubl/public_html/top_sublime-voyance_be/application/themes/urbanic/full.php:21 Class \'Token\' not found (1)\n',1,600),(115,'exceptions',1425742804,'Une exception est survenue:/opt/lampp/htdocs/w/wwwsubl/public_html/top_sublime-voyance_be/application/themes/urbanic/full.php:21 Class \'Token\' not found (1)\n',1,600),(116,'exceptions',1425742807,'Une exception est survenue:/opt/lampp/htdocs/w/wwwsubl/public_html/top_sublime-voyance_be/application/themes/urbanic/full.php:21 Class \'Token\' not found (1)\n',1,600),(117,'exceptions',1425742809,'Une exception est survenue:/opt/lampp/htdocs/w/wwwsubl/public_html/top_sublime-voyance_be/application/themes/urbanic/full.php:21 Class \'Token\' not found (1)\n',1,600),(118,'exceptions',1425742811,'Une exception est survenue:/opt/lampp/htdocs/w/wwwsubl/public_html/top_sublime-voyance_be/application/themes/urbanic/full.php:21 Class \'Token\' not found (1)\n',1,600),(119,'exceptions',1425742813,'Une exception est survenue:/opt/lampp/htdocs/w/wwwsubl/public_html/top_sublime-voyance_be/application/themes/urbanic/full.php:21 Class \'Token\' not found (1)\n',1,600),(120,'exceptions',1425742815,'Une exception est survenue:/opt/lampp/htdocs/w/wwwsubl/public_html/top_sublime-voyance_be/application/themes/urbanic/full.php:21 Class \'Token\' not found (1)\n',1,600),(121,'exceptions',1425742817,'Une exception est survenue:/opt/lampp/htdocs/w/wwwsubl/public_html/top_sublime-voyance_be/application/themes/urbanic/full.php:21 Class \'Token\' not found (1)\n',1,600),(122,'exceptions',1425742819,'Une exception est survenue:/opt/lampp/htdocs/w/wwwsubl/public_html/top_sublime-voyance_be/application/themes/urbanic/full.php:21 Class \'Token\' not found (1)\n',1,600),(123,'exceptions',1425742821,'Une exception est survenue:/opt/lampp/htdocs/w/wwwsubl/public_html/top_sublime-voyance_be/application/themes/urbanic/full.php:21 Class \'Token\' not found (1)\n',1,600),(124,'exceptions',1425742823,'Une exception est survenue:/opt/lampp/htdocs/w/wwwsubl/public_html/top_sublime-voyance_be/application/themes/urbanic/full.php:21 Class \'Token\' not found (1)\n',1,600),(125,'exceptions',1425742825,'Une exception est survenue:/opt/lampp/htdocs/w/wwwsubl/public_html/top_sublime-voyance_be/application/themes/urbanic/full.php:21 Class \'Token\' not found (1)\n',1,600),(126,'exceptions',1425742827,'Une exception est survenue:/opt/lampp/htdocs/w/wwwsubl/public_html/top_sublime-voyance_be/application/themes/urbanic/full.php:21 Class \'Token\' not found (1)\n',1,600),(127,'exceptions',1425742829,'Une exception est survenue:/opt/lampp/htdocs/w/wwwsubl/public_html/top_sublime-voyance_be/application/themes/urbanic/full.php:21 Class \'Token\' not found (1)\n',1,600),(128,'exceptions',1425742831,'Une exception est survenue:/opt/lampp/htdocs/w/wwwsubl/public_html/top_sublime-voyance_be/application/themes/urbanic/full.php:21 Class \'Token\' not found (1)\n',1,600),(129,'exceptions',1425742834,'Une exception est survenue:/opt/lampp/htdocs/w/wwwsubl/public_html/top_sublime-voyance_be/application/themes/urbanic/full.php:21 Class \'Token\' not found (1)\n',1,600),(130,'exceptions',1425742836,'Une exception est survenue:/opt/lampp/htdocs/w/wwwsubl/public_html/top_sublime-voyance_be/application/themes/urbanic/full.php:21 Class \'Token\' not found (1)\n',1,600),(131,'exceptions',1425742838,'Une exception est survenue:/opt/lampp/htdocs/w/wwwsubl/public_html/top_sublime-voyance_be/application/themes/urbanic/full.php:21 Class \'Token\' not found (1)\n',1,600),(132,'exceptions',1425742840,'Une exception est survenue:/opt/lampp/htdocs/w/wwwsubl/public_html/top_sublime-voyance_be/application/themes/urbanic/full.php:21 Class \'Token\' not found (1)\n',1,600),(133,'exceptions',1425742842,'Une exception est survenue:/opt/lampp/htdocs/w/wwwsubl/public_html/top_sublime-voyance_be/application/themes/urbanic/full.php:21 Class \'Token\' not found (1)\n',1,600),(134,'exceptions',1425742844,'Une exception est survenue:/opt/lampp/htdocs/w/wwwsubl/public_html/top_sublime-voyance_be/application/themes/urbanic/page_theme.php:68 Cannot redeclare class Application\\Theme\\Tsv\\PageTheme (64)\n',1,600),(135,'exceptions',1425742844,'Une exception est survenue:/opt/lampp/htdocs/w/wwwsubl/public_html/top_sublime-voyance_be/application/themes/urbanic/page_theme.php:68 Cannot redeclare class Application\\Theme\\Tsv\\PageTheme (64)\n',1,600),(136,'exceptions',1425742847,'Une exception est survenue:/opt/lampp/htdocs/w/wwwsubl/public_html/top_sublime-voyance_be/application/themes/urbanic/page_theme.php:68 Cannot redeclare class Application\\Theme\\Tsv\\PageTheme (64)\n',1,600),(137,'exceptions',1425742849,'Une exception est survenue:/opt/lampp/htdocs/w/wwwsubl/public_html/top_sublime-voyance_be/application/themes/urbanic/page_theme.php:68 Cannot redeclare class Application\\Theme\\Tsv\\PageTheme (64)\n',1,600),(138,'exceptions',1425742851,'Une exception est survenue:/opt/lampp/htdocs/w/wwwsubl/public_html/top_sublime-voyance_be/application/themes/urbanic/page_theme.php:68 Cannot redeclare class Application\\Theme\\Tsv\\PageTheme (64)\n',1,600),(139,'exceptions',1425742853,'Une exception est survenue:/opt/lampp/htdocs/w/wwwsubl/public_html/top_sublime-voyance_be/application/themes/urbanic/page_theme.php:68 Cannot redeclare class Application\\Theme\\Tsv\\PageTheme (64)\n',1,600),(140,'exceptions',1425742855,'Une exception est survenue:/opt/lampp/htdocs/w/wwwsubl/public_html/top_sublime-voyance_be/application/themes/urbanic/page_theme.php:68 Cannot redeclare class Application\\Theme\\Tsv\\PageTheme (64)\n',1,600),(141,'exceptions',1425742857,'Une exception est survenue:/opt/lampp/htdocs/w/wwwsubl/public_html/top_sublime-voyance_be/application/themes/urbanic/page_theme.php:68 Cannot redeclare class Application\\Theme\\Tsv\\PageTheme (64)\n',1,600),(142,'exceptions',1425742858,'Une exception est survenue:/opt/lampp/htdocs/w/wwwsubl/public_html/top_sublime-voyance_be/application/themes/urbanic/full.php:21 Class \'Token\' not found (1)\n',1,600),(143,'exceptions',1425742860,'Une exception est survenue:/opt/lampp/htdocs/w/wwwsubl/public_html/top_sublime-voyance_be/application/themes/urbanic/full.php:21 Class \'Token\' not found (1)\n',1,600),(144,'exceptions',1425742862,'Une exception est survenue:/opt/lampp/htdocs/w/wwwsubl/public_html/top_sublime-voyance_be/application/themes/urbanic/full.php:21 Class \'Token\' not found (1)\n',1,600),(145,'exceptions',1425742864,'Une exception est survenue:/opt/lampp/htdocs/w/wwwsubl/public_html/top_sublime-voyance_be/application/themes/urbanic/full.php:21 Class \'Token\' not found (1)\n',1,600),(146,'exceptions',1425742866,'Une exception est survenue:/opt/lampp/htdocs/w/wwwsubl/public_html/top_sublime-voyance_be/application/themes/urbanic/full.php:21 Class \'Token\' not found (1)\n',1,600),(147,'exceptions',1425742868,'Une exception est survenue:/opt/lampp/htdocs/w/wwwsubl/public_html/top_sublime-voyance_be/application/themes/urbanic/full.php:21 Class \'Token\' not found (1)\n',1,600),(148,'exceptions',1425742870,'Une exception est survenue:/opt/lampp/htdocs/w/wwwsubl/public_html/top_sublime-voyance_be/application/themes/urbanic/full.php:21 Class \'Token\' not found (1)\n',1,600),(149,'exceptions',1425742873,'Une exception est survenue:/opt/lampp/htdocs/w/wwwsubl/public_html/top_sublime-voyance_be/application/themes/urbanic/full.php:21 Class \'Token\' not found (1)\n',1,600),(150,'exceptions',1425742875,'Une exception est survenue:/opt/lampp/htdocs/w/wwwsubl/public_html/top_sublime-voyance_be/application/themes/urbanic/full.php:21 Class \'Token\' not found (1)\n',1,600),(151,'exceptions',1425742877,'Une exception est survenue:/opt/lampp/htdocs/w/wwwsubl/public_html/top_sublime-voyance_be/application/themes/urbanic/full.php:21 Class \'Token\' not found (1)\n',1,600),(152,'exceptions',1425742879,'Une exception est survenue:/opt/lampp/htdocs/w/wwwsubl/public_html/top_sublime-voyance_be/application/themes/urbanic/full.php:21 Class \'Token\' not found (1)\n',1,600),(153,'exceptions',1425742881,'Une exception est survenue:/opt/lampp/htdocs/w/wwwsubl/public_html/top_sublime-voyance_be/application/themes/urbanic/full.php:21 Class \'Token\' not found (1)\n',1,600),(154,'exceptions',1425742883,'Une exception est survenue:/opt/lampp/htdocs/w/wwwsubl/public_html/top_sublime-voyance_be/application/themes/urbanic/full.php:21 Class \'Token\' not found (1)\n',1,600),(155,'exceptions',1425742885,'Une exception est survenue:/opt/lampp/htdocs/w/wwwsubl/public_html/top_sublime-voyance_be/application/themes/urbanic/full.php:21 Class \'Token\' not found (1)\n',1,600),(156,'exceptions',1425742887,'Une exception est survenue:/opt/lampp/htdocs/w/wwwsubl/public_html/top_sublime-voyance_be/application/themes/urbanic/full.php:21 Class \'Token\' not found (1)\n',1,600),(157,'exceptions',1425742889,'Une exception est survenue:/opt/lampp/htdocs/w/wwwsubl/public_html/top_sublime-voyance_be/application/themes/urbanic/full.php:21 Class \'Token\' not found (1)\n',1,600),(158,'exceptions',1425742891,'Une exception est survenue:/opt/lampp/htdocs/w/wwwsubl/public_html/top_sublime-voyance_be/application/themes/urbanic/full.php:21 Class \'Token\' not found (1)\n',1,600),(159,'exceptions',1425742893,'Une exception est survenue:/opt/lampp/htdocs/w/wwwsubl/public_html/top_sublime-voyance_be/application/themes/urbanic/full.php:21 Class \'Token\' not found (1)\n',1,600),(160,'exceptions',1425742895,'Une exception est survenue:/opt/lampp/htdocs/w/wwwsubl/public_html/top_sublime-voyance_be/application/themes/urbanic/full.php:21 Class \'Token\' not found (1)\n',1,600),(161,'exceptions',1425742898,'Une exception est survenue:/opt/lampp/htdocs/w/wwwsubl/public_html/top_sublime-voyance_be/application/themes/urbanic/full.php:21 Class \'Token\' not found (1)\n',1,600),(162,'exceptions',1425742900,'Une exception est survenue:/opt/lampp/htdocs/w/wwwsubl/public_html/top_sublime-voyance_be/application/themes/urbanic/full.php:21 Class \'Token\' not found (1)\n',1,600),(163,'exceptions',1425742902,'Une exception est survenue:/opt/lampp/htdocs/w/wwwsubl/public_html/top_sublime-voyance_be/application/themes/urbanic/full.php:21 Class \'Token\' not found (1)\n',1,600),(164,'exceptions',1425742904,'Une exception est survenue:/opt/lampp/htdocs/w/wwwsubl/public_html/top_sublime-voyance_be/application/themes/urbanic/full.php:21 Class \'Token\' not found (1)\n',1,600),(165,'exceptions',1425742907,'Une exception est survenue:/opt/lampp/htdocs/w/wwwsubl/public_html/top_sublime-voyance_be/application/themes/urbanic/full.php:21 Class \'Token\' not found (1)\n',1,600),(166,'exceptions',1425742909,'Une exception est survenue:/opt/lampp/htdocs/w/wwwsubl/public_html/top_sublime-voyance_be/application/themes/urbanic/full.php:21 Class \'Token\' not found (1)\n',1,600),(167,'exceptions',1425742911,'Une exception est survenue:/opt/lampp/htdocs/w/wwwsubl/public_html/top_sublime-voyance_be/application/themes/urbanic/full.php:21 Class \'Token\' not found (1)\n',1,600),(168,'exceptions',1425742913,'Une exception est survenue:/opt/lampp/htdocs/w/wwwsubl/public_html/top_sublime-voyance_be/application/themes/urbanic/full.php:21 Class \'Token\' not found (1)\n',1,600),(169,'exceptions',1425742915,'Une exception est survenue:/opt/lampp/htdocs/w/wwwsubl/public_html/top_sublime-voyance_be/application/themes/urbanic/full.php:21 Class \'Token\' not found (1)\n',1,600),(170,'exceptions',1425742917,'Une exception est survenue:/opt/lampp/htdocs/w/wwwsubl/public_html/top_sublime-voyance_be/application/themes/urbanic/full.php:21 Class \'Token\' not found (1)\n',1,600),(171,'exceptions',1425742919,'Une exception est survenue:/opt/lampp/htdocs/w/wwwsubl/public_html/top_sublime-voyance_be/application/themes/urbanic/full.php:21 Class \'Token\' not found (1)\n',1,600),(172,'exceptions',1425742921,'Une exception est survenue:/opt/lampp/htdocs/w/wwwsubl/public_html/top_sublime-voyance_be/application/themes/urbanic/full.php:21 Class \'Token\' not found (1)\n',1,600),(173,'exceptions',1425742924,'Une exception est survenue:/opt/lampp/htdocs/w/wwwsubl/public_html/top_sublime-voyance_be/application/themes/urbanic/full.php:21 Class \'Token\' not found (1)\n',1,600),(174,'exceptions',1425742926,'Une exception est survenue:/opt/lampp/htdocs/w/wwwsubl/public_html/top_sublime-voyance_be/application/themes/urbanic/full.php:21 Class \'Token\' not found (1)\n',1,600),(175,'exceptions',1425742928,'Une exception est survenue:/opt/lampp/htdocs/w/wwwsubl/public_html/top_sublime-voyance_be/application/themes/urbanic/full.php:21 Class \'Token\' not found (1)\n',1,600),(176,'exceptions',1425742930,'Une exception est survenue:/opt/lampp/htdocs/w/wwwsubl/public_html/top_sublime-voyance_be/application/themes/urbanic/full.php:21 Class \'Token\' not found (1)\n',1,600),(177,'exceptions',1425742932,'Une exception est survenue:/opt/lampp/htdocs/w/wwwsubl/public_html/top_sublime-voyance_be/application/themes/urbanic/full.php:21 Class \'Token\' not found (1)\n',1,600),(178,'exceptions',1425742934,'Une exception est survenue:/opt/lampp/htdocs/w/wwwsubl/public_html/top_sublime-voyance_be/application/themes/urbanic/full.php:21 Class \'Token\' not found (1)\n',1,600),(179,'exceptions',1425742936,'Une exception est survenue:/opt/lampp/htdocs/w/wwwsubl/public_html/top_sublime-voyance_be/application/themes/urbanic/full.php:21 Class \'Token\' not found (1)\n',1,600),(180,'exceptions',1425742938,'Une exception est survenue:/opt/lampp/htdocs/w/wwwsubl/public_html/top_sublime-voyance_be/application/themes/urbanic/full.php:21 Class \'Token\' not found (1)\n',1,600),(181,'exceptions',1425742940,'Une exception est survenue:/opt/lampp/htdocs/w/wwwsubl/public_html/top_sublime-voyance_be/application/themes/urbanic/full.php:21 Class \'Token\' not found (1)\n',1,600),(182,'exceptions',1425742942,'Une exception est survenue:/opt/lampp/htdocs/w/wwwsubl/public_html/top_sublime-voyance_be/application/themes/urbanic/full.php:21 Class \'Token\' not found (1)\n',1,600),(183,'exceptions',1425742945,'Une exception est survenue:/opt/lampp/htdocs/w/wwwsubl/public_html/top_sublime-voyance_be/application/themes/urbanic/full.php:21 Class \'Token\' not found (1)\n',1,600),(184,'exceptions',1425742947,'Une exception est survenue:/opt/lampp/htdocs/w/wwwsubl/public_html/top_sublime-voyance_be/application/themes/urbanic/full.php:21 Class \'Token\' not found (1)\n',1,600),(185,'exceptions',1425742949,'Une exception est survenue:/opt/lampp/htdocs/w/wwwsubl/public_html/top_sublime-voyance_be/application/themes/urbanic/full.php:21 Class \'Token\' not found (1)\n',1,600),(186,'exceptions',1425742951,'Une exception est survenue:/opt/lampp/htdocs/w/wwwsubl/public_html/top_sublime-voyance_be/application/themes/urbanic/full.php:21 Class \'Token\' not found (1)\n',1,600),(187,'exceptions',1425742953,'Une exception est survenue:/opt/lampp/htdocs/w/wwwsubl/public_html/top_sublime-voyance_be/application/themes/urbanic/full.php:21 Class \'Token\' not found (1)\n',1,600),(188,'exceptions',1425742955,'Une exception est survenue:/opt/lampp/htdocs/w/wwwsubl/public_html/top_sublime-voyance_be/application/themes/urbanic/full.php:21 Class \'Token\' not found (1)\n',1,600),(189,'exceptions',1425742957,'Une exception est survenue:/opt/lampp/htdocs/w/wwwsubl/public_html/top_sublime-voyance_be/application/themes/urbanic/full.php:21 Class \'Token\' not found (1)\n',1,600),(190,'exceptions',1425742959,'Une exception est survenue:/opt/lampp/htdocs/w/wwwsubl/public_html/top_sublime-voyance_be/application/themes/urbanic/full.php:21 Class \'Token\' not found (1)\n',1,600),(191,'exceptions',1425742961,'Une exception est survenue:/opt/lampp/htdocs/w/wwwsubl/public_html/top_sublime-voyance_be/application/themes/urbanic/full.php:21 Class \'Token\' not found (1)\n',1,600),(192,'exceptions',1425742963,'Une exception est survenue:/opt/lampp/htdocs/w/wwwsubl/public_html/top_sublime-voyance_be/application/themes/urbanic/full.php:21 Class \'Token\' not found (1)\n',1,600),(193,'exceptions',1425742965,'Une exception est survenue:/opt/lampp/htdocs/w/wwwsubl/public_html/top_sublime-voyance_be/application/themes/urbanic/full.php:21 Class \'Token\' not found (1)\n',1,600),(194,'exceptions',1425742967,'Une exception est survenue:/opt/lampp/htdocs/w/wwwsubl/public_html/top_sublime-voyance_be/application/themes/urbanic/full.php:21 Class \'Token\' not found (1)\n',1,600),(195,'exceptions',1425742969,'Une exception est survenue:/opt/lampp/htdocs/w/wwwsubl/public_html/top_sublime-voyance_be/application/themes/urbanic/full.php:21 Class \'Token\' not found (1)\n',1,600),(196,'exceptions',1425742972,'Une exception est survenue:/opt/lampp/htdocs/w/wwwsubl/public_html/top_sublime-voyance_be/application/themes/urbanic/full.php:21 Class \'Token\' not found (1)\n',1,600),(197,'exceptions',1425742974,'Une exception est survenue:/opt/lampp/htdocs/w/wwwsubl/public_html/top_sublime-voyance_be/application/themes/urbanic/full.php:21 Class \'Token\' not found (1)\n',1,600),(198,'exceptions',1425742976,'Une exception est survenue:/opt/lampp/htdocs/w/wwwsubl/public_html/top_sublime-voyance_be/application/themes/urbanic/full.php:21 Class \'Token\' not found (1)\n',1,600),(199,'exceptions',1425742978,'Une exception est survenue:/opt/lampp/htdocs/w/wwwsubl/public_html/top_sublime-voyance_be/application/themes/urbanic/full.php:21 Class \'Token\' not found (1)\n',1,600),(200,'exceptions',1425742980,'Une exception est survenue:/opt/lampp/htdocs/w/wwwsubl/public_html/top_sublime-voyance_be/application/themes/urbanic/full.php:21 Class \'Token\' not found (1)\n',1,600),(201,'exceptions',1425742982,'Une exception est survenue:/opt/lampp/htdocs/w/wwwsubl/public_html/top_sublime-voyance_be/application/themes/urbanic/full.php:21 Class \'Token\' not found (1)\n',1,600),(202,'exceptions',1425742984,'Une exception est survenue:/opt/lampp/htdocs/w/wwwsubl/public_html/top_sublime-voyance_be/application/themes/urbanic/full.php:21 Class \'Token\' not found (1)\n',1,600),(203,'exceptions',1425742986,'Une exception est survenue:/opt/lampp/htdocs/w/wwwsubl/public_html/top_sublime-voyance_be/application/themes/urbanic/full.php:21 Class \'Token\' not found (1)\n',1,600),(204,'exceptions',1425742988,'Une exception est survenue:/opt/lampp/htdocs/w/wwwsubl/public_html/top_sublime-voyance_be/application/themes/urbanic/full.php:21 Class \'Token\' not found (1)\n',1,600),(205,'exceptions',1425742990,'Une exception est survenue:/opt/lampp/htdocs/w/wwwsubl/public_html/top_sublime-voyance_be/application/themes/urbanic/full.php:21 Class \'Token\' not found (1)\n',1,600),(206,'exceptions',1425742992,'Une exception est survenue:/opt/lampp/htdocs/w/wwwsubl/public_html/top_sublime-voyance_be/application/themes/urbanic/full.php:21 Class \'Token\' not found (1)\n',1,600),(207,'exceptions',1425742994,'Une exception est survenue:/opt/lampp/htdocs/w/wwwsubl/public_html/top_sublime-voyance_be/application/themes/urbanic/full.php:21 Class \'Token\' not found (1)\n',1,600),(208,'exceptions',1425742996,'Une exception est survenue:/opt/lampp/htdocs/w/wwwsubl/public_html/top_sublime-voyance_be/application/themes/urbanic/full.php:21 Class \'Token\' not found (1)\n',1,600),(209,'exceptions',1425742998,'Une exception est survenue:/opt/lampp/htdocs/w/wwwsubl/public_html/top_sublime-voyance_be/application/themes/urbanic/full.php:21 Class \'Token\' not found (1)\n',1,600),(210,'exceptions',1425743001,'Une exception est survenue:/opt/lampp/htdocs/w/wwwsubl/public_html/top_sublime-voyance_be/application/themes/urbanic/full.php:21 Class \'Token\' not found (1)\n',1,600),(211,'exceptions',1425743003,'Une exception est survenue:/opt/lampp/htdocs/w/wwwsubl/public_html/top_sublime-voyance_be/application/themes/urbanic/full.php:21 Class \'Token\' not found (1)\n',1,600),(212,'exceptions',1425743005,'Une exception est survenue:/opt/lampp/htdocs/w/wwwsubl/public_html/top_sublime-voyance_be/application/themes/urbanic/full.php:21 Class \'Token\' not found (1)\n',1,600),(213,'exceptions',1425743007,'Une exception est survenue:/opt/lampp/htdocs/w/wwwsubl/public_html/top_sublime-voyance_be/application/themes/urbanic/full.php:21 Class \'Token\' not found (1)\n',1,600),(214,'exceptions',1425743009,'Une exception est survenue:/opt/lampp/htdocs/w/wwwsubl/public_html/top_sublime-voyance_be/application/themes/urbanic/full.php:21 Class \'Token\' not found (1)\n',1,600),(215,'exceptions',1425743011,'Une exception est survenue:/opt/lampp/htdocs/w/wwwsubl/public_html/top_sublime-voyance_be/application/themes/urbanic/full.php:21 Class \'Token\' not found (1)\n',1,600),(216,'exceptions',1425743013,'Une exception est survenue:/opt/lampp/htdocs/w/wwwsubl/public_html/top_sublime-voyance_be/application/themes/urbanic/full.php:21 Class \'Token\' not found (1)\n',1,600),(217,'exceptions',1425743015,'Une exception est survenue:/opt/lampp/htdocs/w/wwwsubl/public_html/top_sublime-voyance_be/application/themes/urbanic/full.php:21 Class \'Token\' not found (1)\n',1,600),(218,'exceptions',1425743017,'Une exception est survenue:/opt/lampp/htdocs/w/wwwsubl/public_html/top_sublime-voyance_be/application/themes/urbanic/full.php:21 Class \'Token\' not found (1)\n',1,600),(219,'exceptions',1425743020,'Une exception est survenue:/opt/lampp/htdocs/w/wwwsubl/public_html/top_sublime-voyance_be/application/themes/urbanic/full.php:21 Class \'Token\' not found (1)\n',1,600),(220,'exceptions',1425743020,'Une exception est survenue:/opt/lampp/htdocs/w/wwwsubl/public_html/top_sublime-voyance_be/application/themes/urbanic/full.php:21 Class \'Token\' not found (1)\n',1,600),(221,'exceptions',1425743022,'Une exception est survenue:/opt/lampp/htdocs/w/wwwsubl/public_html/top_sublime-voyance_be/application/themes/urbanic/full.php:21 Class \'Token\' not found (1)\n',1,600),(222,'exceptions',1425743025,'Une exception est survenue:/opt/lampp/htdocs/w/wwwsubl/public_html/top_sublime-voyance_be/application/themes/urbanic/full.php:21 Class \'Token\' not found (1)\n',1,600),(223,'exceptions',1425743027,'Une exception est survenue:/opt/lampp/htdocs/w/wwwsubl/public_html/top_sublime-voyance_be/application/themes/urbanic/full.php:21 Class \'Token\' not found (1)\n',1,600),(224,'exceptions',1425743028,'Une exception est survenue:/opt/lampp/htdocs/w/wwwsubl/public_html/top_sublime-voyance_be/application/themes/urbanic/full.php:21 Class \'Token\' not found (1)\n',1,600),(225,'exceptions',1425743030,'Une exception est survenue:/opt/lampp/htdocs/w/wwwsubl/public_html/top_sublime-voyance_be/application/themes/urbanic/full.php:21 Class \'Token\' not found (1)\n',1,600),(226,'exceptions',1425743031,'Une exception est survenue:/opt/lampp/htdocs/w/wwwsubl/public_html/top_sublime-voyance_be/application/themes/urbanic/full.php:21 Class \'Token\' not found (1)\n',1,600),(227,'exceptions',1425743033,'Une exception est survenue:/opt/lampp/htdocs/w/wwwsubl/public_html/top_sublime-voyance_be/application/themes/urbanic/full.php:21 Class \'Token\' not found (1)\n',1,600),(228,'exceptions',1425743036,'Une exception est survenue:/opt/lampp/htdocs/w/wwwsubl/public_html/top_sublime-voyance_be/application/themes/urbanic/full.php:21 Class \'Token\' not found (1)\n',1,600),(229,'exceptions',1425743037,'Une exception est survenue:/opt/lampp/htdocs/w/wwwsubl/public_html/top_sublime-voyance_be/application/themes/urbanic/full.php:21 Class \'Token\' not found (1)\n',1,600),(230,'exceptions',1425743039,'Une exception est survenue:/opt/lampp/htdocs/w/wwwsubl/public_html/top_sublime-voyance_be/application/themes/urbanic/full.php:21 Class \'Token\' not found (1)\n',1,600),(231,'exceptions',1425743040,'Une exception est survenue:/opt/lampp/htdocs/w/wwwsubl/public_html/top_sublime-voyance_be/application/themes/urbanic/full.php:21 Class \'Token\' not found (1)\n',1,600),(232,'exceptions',1425743043,'Une exception est survenue:/opt/lampp/htdocs/w/wwwsubl/public_html/top_sublime-voyance_be/application/themes/urbanic/full.php:21 Class \'Token\' not found (1)\n',1,600),(233,'exceptions',1425743045,'Une exception est survenue:/opt/lampp/htdocs/w/wwwsubl/public_html/top_sublime-voyance_be/application/themes/urbanic/full.php:21 Class \'Token\' not found (1)\n',1,600),(234,'exceptions',1425743047,'Une exception est survenue:/opt/lampp/htdocs/w/wwwsubl/public_html/top_sublime-voyance_be/application/themes/urbanic/full.php:21 Class \'Token\' not found (1)\n',1,600),(235,'exceptions',1425743049,'Une exception est survenue:/opt/lampp/htdocs/w/wwwsubl/public_html/top_sublime-voyance_be/application/themes/urbanic/full.php:21 Class \'Token\' not found (1)\n',1,600),(236,'exceptions',1425743051,'Une exception est survenue:/opt/lampp/htdocs/w/wwwsubl/public_html/top_sublime-voyance_be/application/themes/urbanic/full.php:21 Class \'Token\' not found (1)\n',1,600),(237,'exceptions',1425743053,'Une exception est survenue:/opt/lampp/htdocs/w/wwwsubl/public_html/top_sublime-voyance_be/application/themes/urbanic/full.php:21 Class \'Token\' not found (1)\n',1,600),(238,'exceptions',1425743055,'Une exception est survenue:/opt/lampp/htdocs/w/wwwsubl/public_html/top_sublime-voyance_be/application/themes/urbanic/full.php:21 Class \'Token\' not found (1)\n',1,600),(239,'exceptions',1425743057,'Une exception est survenue:/opt/lampp/htdocs/w/wwwsubl/public_html/top_sublime-voyance_be/application/themes/urbanic/full.php:21 Class \'Token\' not found (1)\n',1,600),(240,'exceptions',1425743059,'Une exception est survenue:/opt/lampp/htdocs/w/wwwsubl/public_html/top_sublime-voyance_be/application/themes/urbanic/full.php:21 Class \'Token\' not found (1)\n',1,600),(241,'exceptions',1425743061,'Une exception est survenue:/opt/lampp/htdocs/w/wwwsubl/public_html/top_sublime-voyance_be/application/themes/urbanic/full.php:21 Class \'Token\' not found (1)\n',1,600),(242,'exceptions',1425743063,'Une exception est survenue:/opt/lampp/htdocs/w/wwwsubl/public_html/top_sublime-voyance_be/application/themes/urbanic/full.php:21 Class \'Token\' not found (1)\n',1,600),(243,'exceptions',1425743065,'Une exception est survenue:/opt/lampp/htdocs/w/wwwsubl/public_html/top_sublime-voyance_be/application/themes/urbanic/full.php:21 Class \'Token\' not found (1)\n',1,600),(244,'exceptions',1425743067,'Une exception est survenue:/opt/lampp/htdocs/w/wwwsubl/public_html/top_sublime-voyance_be/application/themes/urbanic/full.php:21 Class \'Token\' not found (1)\n',1,600),(245,'exceptions',1425743069,'Une exception est survenue:/opt/lampp/htdocs/w/wwwsubl/public_html/top_sublime-voyance_be/application/themes/urbanic/full.php:21 Class \'Token\' not found (1)\n',1,600),(246,'exceptions',1425743072,'Une exception est survenue:/opt/lampp/htdocs/w/wwwsubl/public_html/top_sublime-voyance_be/application/themes/urbanic/full.php:21 Class \'Token\' not found (1)\n',1,600),(247,'exceptions',1425743074,'Une exception est survenue:/opt/lampp/htdocs/w/wwwsubl/public_html/top_sublime-voyance_be/application/themes/urbanic/full.php:21 Class \'Token\' not found (1)\n',1,600),(248,'exceptions',1425743076,'Une exception est survenue:/opt/lampp/htdocs/w/wwwsubl/public_html/top_sublime-voyance_be/application/themes/urbanic/full.php:21 Class \'Token\' not found (1)\n',1,600),(249,'exceptions',1425743078,'Une exception est survenue:/opt/lampp/htdocs/w/wwwsubl/public_html/top_sublime-voyance_be/application/themes/urbanic/full.php:21 Class \'Token\' not found (1)\n',1,600),(250,'exceptions',1425743080,'Une exception est survenue:/opt/lampp/htdocs/w/wwwsubl/public_html/top_sublime-voyance_be/application/themes/urbanic/full.php:21 Class \'Token\' not found (1)\n',1,600),(251,'exceptions',1425743082,'Une exception est survenue:/opt/lampp/htdocs/w/wwwsubl/public_html/top_sublime-voyance_be/application/themes/urbanic/full.php:21 Class \'Token\' not found (1)\n',1,600),(252,'exceptions',1425743084,'Une exception est survenue:/opt/lampp/htdocs/w/wwwsubl/public_html/top_sublime-voyance_be/application/themes/urbanic/full.php:21 Class \'Token\' not found (1)\n',1,600),(253,'exceptions',1425743086,'Une exception est survenue:/opt/lampp/htdocs/w/wwwsubl/public_html/top_sublime-voyance_be/application/themes/urbanic/full.php:21 Class \'Token\' not found (1)\n',1,600),(254,'exceptions',1425743088,'Une exception est survenue:/opt/lampp/htdocs/w/wwwsubl/public_html/top_sublime-voyance_be/application/themes/urbanic/full.php:21 Class \'Token\' not found (1)\n',1,600),(255,'exceptions',1425743090,'Une exception est survenue:/opt/lampp/htdocs/w/wwwsubl/public_html/top_sublime-voyance_be/application/themes/urbanic/full.php:21 Class \'Token\' not found (1)\n',1,600),(256,'exceptions',1425743092,'Une exception est survenue:/opt/lampp/htdocs/w/wwwsubl/public_html/top_sublime-voyance_be/application/themes/urbanic/full.php:21 Class \'Token\' not found (1)\n',1,600),(257,'exceptions',1425743094,'Une exception est survenue:/opt/lampp/htdocs/w/wwwsubl/public_html/top_sublime-voyance_be/application/themes/urbanic/full.php:21 Class \'Token\' not found (1)\n',1,600),(258,'exceptions',1425743096,'Une exception est survenue:/opt/lampp/htdocs/w/wwwsubl/public_html/top_sublime-voyance_be/application/themes/urbanic/full.php:21 Class \'Token\' not found (1)\n',1,600),(259,'exceptions',1425743098,'Une exception est survenue:/opt/lampp/htdocs/w/wwwsubl/public_html/top_sublime-voyance_be/application/themes/urbanic/full.php:21 Class \'Token\' not found (1)\n',1,600),(260,'exceptions',1425743101,'Une exception est survenue:/opt/lampp/htdocs/w/wwwsubl/public_html/top_sublime-voyance_be/application/themes/urbanic/full.php:21 Class \'Token\' not found (1)\n',1,600),(261,'exceptions',1425743103,'Une exception est survenue:/opt/lampp/htdocs/w/wwwsubl/public_html/top_sublime-voyance_be/application/themes/urbanic/full.php:21 Class \'Token\' not found (1)\n',1,600),(262,'exceptions',1425743105,'Une exception est survenue:/opt/lampp/htdocs/w/wwwsubl/public_html/top_sublime-voyance_be/application/themes/urbanic/full.php:21 Class \'Token\' not found (1)\n',1,600),(263,'exceptions',1425743107,'Une exception est survenue:/opt/lampp/htdocs/w/wwwsubl/public_html/top_sublime-voyance_be/application/themes/urbanic/full.php:21 Class \'Token\' not found (1)\n',1,600),(264,'exceptions',1425743109,'Une exception est survenue:/opt/lampp/htdocs/w/wwwsubl/public_html/top_sublime-voyance_be/application/themes/urbanic/full.php:21 Class \'Token\' not found (1)\n',1,600),(265,'exceptions',1425743111,'Une exception est survenue:/opt/lampp/htdocs/w/wwwsubl/public_html/top_sublime-voyance_be/application/themes/urbanic/full.php:21 Class \'Token\' not found (1)\n',1,600),(266,'exceptions',1425743113,'Une exception est survenue:/opt/lampp/htdocs/w/wwwsubl/public_html/top_sublime-voyance_be/application/themes/urbanic/full.php:21 Class \'Token\' not found (1)\n',1,600),(267,'exceptions',1425743115,'Une exception est survenue:/opt/lampp/htdocs/w/wwwsubl/public_html/top_sublime-voyance_be/application/themes/urbanic/full.php:21 Class \'Token\' not found (1)\n',1,600),(268,'exceptions',1425743117,'Une exception est survenue:/opt/lampp/htdocs/w/wwwsubl/public_html/top_sublime-voyance_be/application/themes/urbanic/full.php:21 Class \'Token\' not found (1)\n',1,600),(269,'exceptions',1425743120,'Une exception est survenue:/opt/lampp/htdocs/w/wwwsubl/public_html/top_sublime-voyance_be/application/themes/urbanic/full.php:21 Class \'Token\' not found (1)\n',1,600),(270,'exceptions',1425743122,'Une exception est survenue:/opt/lampp/htdocs/w/wwwsubl/public_html/top_sublime-voyance_be/application/themes/urbanic/full.php:21 Class \'Token\' not found (1)\n',1,600),(271,'exceptions',1425743124,'Une exception est survenue:/opt/lampp/htdocs/w/wwwsubl/public_html/top_sublime-voyance_be/application/themes/urbanic/full.php:21 Class \'Token\' not found (1)\n',1,600),(272,'exceptions',1425743126,'Une exception est survenue:/opt/lampp/htdocs/w/wwwsubl/public_html/top_sublime-voyance_be/application/themes/urbanic/full.php:21 Class \'Token\' not found (1)\n',1,600),(273,'exceptions',1425743127,'Une exception est survenue:/opt/lampp/htdocs/w/wwwsubl/public_html/top_sublime-voyance_be/application/themes/urbanic/full.php:21 Class \'Token\' not found (1)\n',1,600),(274,'exceptions',1425743127,'Une exception est survenue:/opt/lampp/htdocs/w/wwwsubl/public_html/top_sublime-voyance_be/application/themes/urbanic/full.php:21 Class \'Token\' not found (1)\n',1,600),(275,'exceptions',1425743129,'Une exception est survenue:/opt/lampp/htdocs/w/wwwsubl/public_html/top_sublime-voyance_be/application/themes/urbanic/full.php:21 Class \'Token\' not found (1)\n',1,600),(276,'exceptions',1425743131,'Une exception est survenue:/opt/lampp/htdocs/w/wwwsubl/public_html/top_sublime-voyance_be/application/themes/urbanic/full.php:21 Class \'Token\' not found (1)\n',1,600),(277,'exceptions',1425743133,'Une exception est survenue:/opt/lampp/htdocs/w/wwwsubl/public_html/top_sublime-voyance_be/application/themes/urbanic/full.php:21 Class \'Token\' not found (1)\n',1,600),(278,'exceptions',1425743135,'Une exception est survenue:/opt/lampp/htdocs/w/wwwsubl/public_html/top_sublime-voyance_be/application/themes/urbanic/full.php:21 Class \'Token\' not found (1)\n',1,600),(279,'exceptions',1425743137,'Une exception est survenue:/opt/lampp/htdocs/w/wwwsubl/public_html/top_sublime-voyance_be/application/themes/urbanic/full.php:21 Class \'Token\' not found (1)\n',1,600),(280,'exceptions',1425743139,'Une exception est survenue:/opt/lampp/htdocs/w/wwwsubl/public_html/top_sublime-voyance_be/application/themes/urbanic/full.php:21 Class \'Token\' not found (1)\n',1,600),(281,'exceptions',1425743142,'Une exception est survenue:/opt/lampp/htdocs/w/wwwsubl/public_html/top_sublime-voyance_be/application/themes/urbanic/full.php:21 Class \'Token\' not found (1)\n',1,600),(282,'exceptions',1425743144,'Une exception est survenue:/opt/lampp/htdocs/w/wwwsubl/public_html/top_sublime-voyance_be/application/themes/urbanic/full.php:21 Class \'Token\' not found (1)\n',1,600),(283,'exceptions',1425743146,'Une exception est survenue:/opt/lampp/htdocs/w/wwwsubl/public_html/top_sublime-voyance_be/application/themes/urbanic/full.php:21 Class \'Token\' not found (1)\n',1,600),(284,'exceptions',1425743148,'Une exception est survenue:/opt/lampp/htdocs/w/wwwsubl/public_html/top_sublime-voyance_be/application/themes/urbanic/full.php:21 Class \'Token\' not found (1)\n',1,600),(285,'exceptions',1425743150,'Une exception est survenue:/opt/lampp/htdocs/w/wwwsubl/public_html/top_sublime-voyance_be/application/themes/urbanic/full.php:21 Class \'Token\' not found (1)\n',1,600),(286,'exceptions',1425743152,'Une exception est survenue:/opt/lampp/htdocs/w/wwwsubl/public_html/top_sublime-voyance_be/application/themes/urbanic/full.php:21 Class \'Token\' not found (1)\n',1,600),(287,'exceptions',1425743154,'Une exception est survenue:/opt/lampp/htdocs/w/wwwsubl/public_html/top_sublime-voyance_be/application/themes/urbanic/full.php:21 Class \'Token\' not found (1)\n',1,600),(288,'exceptions',1425743156,'Une exception est survenue:/opt/lampp/htdocs/w/wwwsubl/public_html/top_sublime-voyance_be/application/themes/urbanic/full.php:21 Class \'Token\' not found (1)\n',1,600),(289,'exceptions',1425743158,'Une exception est survenue:/opt/lampp/htdocs/w/wwwsubl/public_html/top_sublime-voyance_be/application/themes/urbanic/full.php:21 Class \'Token\' not found (1)\n',1,600),(290,'exceptions',1425743160,'Une exception est survenue:/opt/lampp/htdocs/w/wwwsubl/public_html/top_sublime-voyance_be/application/themes/urbanic/full.php:21 Class \'Token\' not found (1)\n',1,600),(291,'exceptions',1425743162,'Une exception est survenue:/opt/lampp/htdocs/w/wwwsubl/public_html/top_sublime-voyance_be/application/themes/urbanic/full.php:21 Class \'Token\' not found (1)\n',1,600),(292,'exceptions',1425743164,'Une exception est survenue:/opt/lampp/htdocs/w/wwwsubl/public_html/top_sublime-voyance_be/application/themes/urbanic/full.php:21 Class \'Token\' not found (1)\n',1,600),(293,'exceptions',1425743166,'Une exception est survenue:/opt/lampp/htdocs/w/wwwsubl/public_html/top_sublime-voyance_be/application/themes/urbanic/full.php:21 Class \'Token\' not found (1)\n',1,600),(294,'exceptions',1425743168,'Une exception est survenue:/opt/lampp/htdocs/w/wwwsubl/public_html/top_sublime-voyance_be/application/themes/urbanic/full.php:21 Class \'Token\' not found (1)\n',1,600),(295,'exceptions',1425743170,'Une exception est survenue:/opt/lampp/htdocs/w/wwwsubl/public_html/top_sublime-voyance_be/application/themes/urbanic/full.php:21 Class \'Token\' not found (1)\n',1,600),(296,'exceptions',1425743172,'Une exception est survenue:/opt/lampp/htdocs/w/wwwsubl/public_html/top_sublime-voyance_be/application/themes/urbanic/full.php:21 Class \'Token\' not found (1)\n',1,600),(297,'exceptions',1425743174,'Une exception est survenue:/opt/lampp/htdocs/w/wwwsubl/public_html/top_sublime-voyance_be/application/themes/urbanic/full.php:21 Class \'Token\' not found (1)\n',1,600),(298,'exceptions',1425743177,'Une exception est survenue:/opt/lampp/htdocs/w/wwwsubl/public_html/top_sublime-voyance_be/application/themes/urbanic/full.php:21 Class \'Token\' not found (1)\n',1,600),(299,'exceptions',1425743179,'Une exception est survenue:/opt/lampp/htdocs/w/wwwsubl/public_html/top_sublime-voyance_be/application/themes/urbanic/full.php:21 Class \'Token\' not found (1)\n',1,600),(300,'exceptions',1425743181,'Une exception est survenue:/opt/lampp/htdocs/w/wwwsubl/public_html/top_sublime-voyance_be/application/themes/urbanic/full.php:21 Class \'Token\' not found (1)\n',1,600),(301,'exceptions',1425743183,'Une exception est survenue:/opt/lampp/htdocs/w/wwwsubl/public_html/top_sublime-voyance_be/application/themes/urbanic/full.php:21 Class \'Token\' not found (1)\n',1,600),(302,'exceptions',1425743185,'Une exception est survenue:/opt/lampp/htdocs/w/wwwsubl/public_html/top_sublime-voyance_be/application/themes/urbanic/full.php:21 Class \'Token\' not found (1)\n',1,600),(303,'exceptions',1425743187,'Une exception est survenue:/opt/lampp/htdocs/w/wwwsubl/public_html/top_sublime-voyance_be/application/themes/urbanic/full.php:21 Class \'Token\' not found (1)\n',1,600),(304,'exceptions',1425743189,'Une exception est survenue:/opt/lampp/htdocs/w/wwwsubl/public_html/top_sublime-voyance_be/application/themes/urbanic/page_theme.php:29 Call to undefined method Application\\Theme\\Urbanic\\PageTheme::providesprovidesAsset() (1)\n',1,600),(305,'exceptions',1425743190,'Une exception est survenue:/opt/lampp/htdocs/w/wwwsubl/public_html/top_sublime-voyance_be/application/themes/urbanic/page_theme.php:29 Call to undefined method Application\\Theme\\Urbanic\\PageTheme::providesprovidesAsset() (1)\n',1,600),(306,'exceptions',1425743193,'Une exception est survenue:/opt/lampp/htdocs/w/wwwsubl/public_html/top_sublime-voyance_be/application/themes/urbanic/full.php:21 Class \'Token\' not found (1)\n',1,600),(307,'exceptions',1425743196,'Une exception est survenue:/opt/lampp/htdocs/w/wwwsubl/public_html/top_sublime-voyance_be/application/themes/urbanic/full.php:21 Class \'Token\' not found (1)\n',1,600),(308,'exceptions',1425743197,'Une exception est survenue:/opt/lampp/htdocs/w/wwwsubl/public_html/top_sublime-voyance_be/application/themes/urbanic/full.php:21 Class \'Token\' not found (1)\n',1,600),(309,'exceptions',1425743197,'Une exception est survenue:/opt/lampp/htdocs/w/wwwsubl/public_html/top_sublime-voyance_be/application/themes/urbanic/full.php:21 Class \'Token\' not found (1)\n',1,600),(310,'exceptions',1425743198,'Une exception est survenue:/opt/lampp/htdocs/w/wwwsubl/public_html/top_sublime-voyance_be/application/themes/urbanic/full.php:21 Class \'Token\' not found (1)\n',1,600),(311,'exceptions',1425743201,'Une exception est survenue:/opt/lampp/htdocs/w/wwwsubl/public_html/top_sublime-voyance_be/application/themes/urbanic/full.php:21 Class \'Token\' not found (1)\n',1,600),(312,'exceptions',1425743203,'Une exception est survenue:/opt/lampp/htdocs/w/wwwsubl/public_html/top_sublime-voyance_be/application/themes/urbanic/full.php:21 Class \'Token\' not found (1)\n',1,600),(313,'exceptions',1425743204,'Une exception est survenue:/opt/lampp/htdocs/w/wwwsubl/public_html/top_sublime-voyance_be/application/themes/urbanic/full.php:21 Class \'Token\' not found (1)\n',1,600),(314,'exceptions',1425743206,'Une exception est survenue:/opt/lampp/htdocs/w/wwwsubl/public_html/top_sublime-voyance_be/application/themes/urbanic/full.php:21 Class \'Token\' not found (1)\n',1,600),(315,'exceptions',1425743208,'Une exception est survenue:/opt/lampp/htdocs/w/wwwsubl/public_html/top_sublime-voyance_be/application/themes/urbanic/full.php:21 Class \'Token\' not found (1)\n',1,600),(316,'exceptions',1425743210,'Une exception est survenue:/opt/lampp/htdocs/w/wwwsubl/public_html/top_sublime-voyance_be/application/themes/urbanic/full.php:21 Class \'Token\' not found (1)\n',1,600),(317,'exceptions',1425743212,'Une exception est survenue:/opt/lampp/htdocs/w/wwwsubl/public_html/top_sublime-voyance_be/application/themes/urbanic/full.php:21 Class \'Token\' not found (1)\n',1,600),(318,'exceptions',1425743214,'Une exception est survenue:/opt/lampp/htdocs/w/wwwsubl/public_html/top_sublime-voyance_be/application/themes/urbanic/full.php:21 Class \'Token\' not found (1)\n',1,600),(319,'exceptions',1425743216,'Une exception est survenue:/opt/lampp/htdocs/w/wwwsubl/public_html/top_sublime-voyance_be/application/themes/urbanic/full.php:21 Class \'Token\' not found (1)\n',1,600),(320,'exceptions',1425743219,'Une exception est survenue:/opt/lampp/htdocs/w/wwwsubl/public_html/top_sublime-voyance_be/application/themes/urbanic/full.php:21 Class \'Token\' not found (1)\n',1,600),(321,'exceptions',1425743221,'Une exception est survenue:/opt/lampp/htdocs/w/wwwsubl/public_html/top_sublime-voyance_be/application/themes/urbanic/full.php:21 Class \'Token\' not found (1)\n',1,600),(322,'exceptions',1425743223,'Une exception est survenue:/opt/lampp/htdocs/w/wwwsubl/public_html/top_sublime-voyance_be/application/themes/urbanic/full.php:21 Class \'Token\' not found (1)\n',1,600),(323,'exceptions',1425743225,'Une exception est survenue:/opt/lampp/htdocs/w/wwwsubl/public_html/top_sublime-voyance_be/application/themes/urbanic/full.php:21 Class \'Token\' not found (1)\n',1,600),(324,'exceptions',1425743227,'Une exception est survenue:/opt/lampp/htdocs/w/wwwsubl/public_html/top_sublime-voyance_be/application/themes/urbanic/full.php:21 Class \'Token\' not found (1)\n',1,600),(325,'exceptions',1425743230,'Une exception est survenue:/opt/lampp/htdocs/w/wwwsubl/public_html/top_sublime-voyance_be/application/themes/urbanic/full.php:21 Class \'Token\' not found (1)\n',1,600),(326,'exceptions',1425743232,'Une exception est survenue:/opt/lampp/htdocs/w/wwwsubl/public_html/top_sublime-voyance_be/application/themes/urbanic/full.php:21 Class \'Token\' not found (1)\n',1,600),(327,'exceptions',1425743234,'Une exception est survenue:/opt/lampp/htdocs/w/wwwsubl/public_html/top_sublime-voyance_be/application/themes/urbanic/full.php:21 Class \'Token\' not found (1)\n',1,600),(328,'exceptions',1425743236,'Une exception est survenue:/opt/lampp/htdocs/w/wwwsubl/public_html/top_sublime-voyance_be/application/themes/urbanic/full.php:21 Class \'Token\' not found (1)\n',1,600),(329,'exceptions',1425743238,'Une exception est survenue:/opt/lampp/htdocs/w/wwwsubl/public_html/top_sublime-voyance_be/application/themes/urbanic/full.php:21 Class \'Token\' not found (1)\n',1,600),(330,'exceptions',1425743240,'Une exception est survenue:/opt/lampp/htdocs/w/wwwsubl/public_html/top_sublime-voyance_be/application/themes/urbanic/full.php:21 Class \'Token\' not found (1)\n',1,600),(331,'exceptions',1425743242,'Une exception est survenue:/opt/lampp/htdocs/w/wwwsubl/public_html/top_sublime-voyance_be/application/themes/urbanic/full.php:21 Class \'Token\' not found (1)\n',1,600),(332,'exceptions',1425743244,'Une exception est survenue:/opt/lampp/htdocs/w/wwwsubl/public_html/top_sublime-voyance_be/application/themes/urbanic/full.php:21 Class \'Token\' not found (1)\n',1,600),(333,'exceptions',1425743246,'Une exception est survenue:/opt/lampp/htdocs/w/wwwsubl/public_html/top_sublime-voyance_be/application/themes/urbanic/full.php:21 Class \'Token\' not found (1)\n',1,600),(334,'exceptions',1425743248,'Une exception est survenue:/opt/lampp/htdocs/w/wwwsubl/public_html/top_sublime-voyance_be/application/themes/urbanic/full.php:21 Class \'Token\' not found (1)\n',1,600),(335,'exceptions',1425743250,'Une exception est survenue:/opt/lampp/htdocs/w/wwwsubl/public_html/top_sublime-voyance_be/application/themes/urbanic/full.php:21 Class \'Token\' not found (1)\n',1,600),(336,'exceptions',1425743252,'Une exception est survenue:/opt/lampp/htdocs/w/wwwsubl/public_html/top_sublime-voyance_be/application/themes/urbanic/full.php:21 Class \'Token\' not found (1)\n',1,600),(337,'exceptions',1425743254,'Une exception est survenue:/opt/lampp/htdocs/w/wwwsubl/public_html/top_sublime-voyance_be/application/themes/urbanic/full.php:21 Class \'Token\' not found (1)\n',1,600),(338,'exceptions',1425743257,'Une exception est survenue:/opt/lampp/htdocs/w/wwwsubl/public_html/top_sublime-voyance_be/application/themes/urbanic/full.php:21 Class \'Token\' not found (1)\n',1,600),(339,'exceptions',1425743259,'Une exception est survenue:/opt/lampp/htdocs/w/wwwsubl/public_html/top_sublime-voyance_be/application/themes/urbanic/full.php:21 Class \'Token\' not found (1)\n',1,600),(340,'exceptions',1425743261,'Une exception est survenue:/opt/lampp/htdocs/w/wwwsubl/public_html/top_sublime-voyance_be/application/themes/urbanic/full.php:21 Class \'Token\' not found (1)\n',1,600),(341,'exceptions',1425743263,'Une exception est survenue:/opt/lampp/htdocs/w/wwwsubl/public_html/top_sublime-voyance_be/application/themes/urbanic/full.php:21 Class \'Token\' not found (1)\n',1,600),(342,'exceptions',1425743265,'Une exception est survenue:/opt/lampp/htdocs/w/wwwsubl/public_html/top_sublime-voyance_be/application/themes/urbanic/full.php:21 Class \'Token\' not found (1)\n',1,600),(343,'exceptions',1425743267,'Une exception est survenue:/opt/lampp/htdocs/w/wwwsubl/public_html/top_sublime-voyance_be/application/themes/urbanic/full.php:21 Class \'Token\' not found (1)\n',1,600),(344,'exceptions',1425743269,'Une exception est survenue:/opt/lampp/htdocs/w/wwwsubl/public_html/top_sublime-voyance_be/application/themes/urbanic/full.php:21 Class \'Token\' not found (1)\n',1,600),(345,'exceptions',1425743271,'Une exception est survenue:/opt/lampp/htdocs/w/wwwsubl/public_html/top_sublime-voyance_be/application/themes/urbanic/full.php:21 Class \'Token\' not found (1)\n',1,600),(346,'exceptions',1425743273,'Une exception est survenue:/opt/lampp/htdocs/w/wwwsubl/public_html/top_sublime-voyance_be/application/themes/urbanic/full.php:21 Class \'Token\' not found (1)\n',1,600),(347,'exceptions',1425743275,'Une exception est survenue:/opt/lampp/htdocs/w/wwwsubl/public_html/top_sublime-voyance_be/application/themes/urbanic/full.php:21 Class \'Token\' not found (1)\n',1,600),(348,'exceptions',1425743277,'Une exception est survenue:/opt/lampp/htdocs/w/wwwsubl/public_html/top_sublime-voyance_be/application/themes/urbanic/full.php:21 Class \'Token\' not found (1)\n',1,600),(349,'exceptions',1425743279,'Une exception est survenue:/opt/lampp/htdocs/w/wwwsubl/public_html/top_sublime-voyance_be/application/themes/urbanic/full.php:21 Class \'Token\' not found (1)\n',1,600),(350,'exceptions',1425743281,'Une exception est survenue:/opt/lampp/htdocs/w/wwwsubl/public_html/top_sublime-voyance_be/application/themes/urbanic/full.php:21 Class \'Token\' not found (1)\n',1,600),(351,'exceptions',1425743283,'Une exception est survenue:/opt/lampp/htdocs/w/wwwsubl/public_html/top_sublime-voyance_be/application/themes/urbanic/full.php:21 Class \'Token\' not found (1)\n',1,600),(352,'exceptions',1425743285,'Une exception est survenue:/opt/lampp/htdocs/w/wwwsubl/public_html/top_sublime-voyance_be/application/themes/urbanic/full.php:21 Class \'Token\' not found (1)\n',1,600),(353,'exceptions',1425743287,'Une exception est survenue:/opt/lampp/htdocs/w/wwwsubl/public_html/top_sublime-voyance_be/application/themes/urbanic/full.php:21 Class \'Token\' not found (1)\n',1,600),(354,'exceptions',1425743289,'Une exception est survenue:/opt/lampp/htdocs/w/wwwsubl/public_html/top_sublime-voyance_be/application/themes/urbanic/full.php:21 Class \'Token\' not found (1)\n',1,600),(355,'exceptions',1425743291,'Une exception est survenue:/opt/lampp/htdocs/w/wwwsubl/public_html/top_sublime-voyance_be/application/themes/urbanic/full.php:21 Class \'Token\' not found (1)\n',1,600),(356,'exceptions',1425743293,'Une exception est survenue:/opt/lampp/htdocs/w/wwwsubl/public_html/top_sublime-voyance_be/application/themes/urbanic/full.php:21 Class \'Token\' not found (1)\n',1,600),(357,'exceptions',1425743295,'Une exception est survenue:/opt/lampp/htdocs/w/wwwsubl/public_html/top_sublime-voyance_be/application/themes/urbanic/full.php:21 Class \'Token\' not found (1)\n',1,600),(358,'exceptions',1425743298,'Une exception est survenue:/opt/lampp/htdocs/w/wwwsubl/public_html/top_sublime-voyance_be/application/themes/urbanic/full.php:21 Class \'Token\' not found (1)\n',1,600),(359,'exceptions',1425743300,'Une exception est survenue:/opt/lampp/htdocs/w/wwwsubl/public_html/top_sublime-voyance_be/application/themes/urbanic/full.php:21 Class \'Token\' not found (1)\n',1,600),(360,'exceptions',1425743302,'Une exception est survenue:/opt/lampp/htdocs/w/wwwsubl/public_html/top_sublime-voyance_be/application/themes/urbanic/full.php:21 Class \'Token\' not found (1)\n',1,600),(361,'exceptions',1425743304,'Une exception est survenue:/opt/lampp/htdocs/w/wwwsubl/public_html/top_sublime-voyance_be/application/themes/urbanic/full.php:21 Class \'Token\' not found (1)\n',1,600),(362,'exceptions',1425743306,'Une exception est survenue:/opt/lampp/htdocs/w/wwwsubl/public_html/top_sublime-voyance_be/application/themes/urbanic/full.php:21 Class \'Token\' not found (1)\n',1,600),(363,'exceptions',1425743308,'Une exception est survenue:/opt/lampp/htdocs/w/wwwsubl/public_html/top_sublime-voyance_be/application/themes/urbanic/full.php:21 Class \'Token\' not found (1)\n',1,600),(364,'exceptions',1425743310,'Une exception est survenue:/opt/lampp/htdocs/w/wwwsubl/public_html/top_sublime-voyance_be/application/themes/urbanic/full.php:21 Class \'Token\' not found (1)\n',1,600),(365,'exceptions',1425743312,'Une exception est survenue:/opt/lampp/htdocs/w/wwwsubl/public_html/top_sublime-voyance_be/application/themes/urbanic/full.php:21 Class \'Token\' not found (1)\n',1,600),(366,'exceptions',1425743314,'Une exception est survenue:/opt/lampp/htdocs/w/wwwsubl/public_html/top_sublime-voyance_be/application/themes/urbanic/full.php:21 Class \'Token\' not found (1)\n',1,600),(367,'exceptions',1425743316,'Une exception est survenue:/opt/lampp/htdocs/w/wwwsubl/public_html/top_sublime-voyance_be/application/themes/urbanic/full.php:21 Class \'Token\' not found (1)\n',1,600),(368,'exceptions',1425743319,'Une exception est survenue:/opt/lampp/htdocs/w/wwwsubl/public_html/top_sublime-voyance_be/application/themes/urbanic/full.php:21 Class \'Token\' not found (1)\n',1,600),(369,'exceptions',1425743321,'Une exception est survenue:/opt/lampp/htdocs/w/wwwsubl/public_html/top_sublime-voyance_be/application/themes/urbanic/full.php:21 Class \'Token\' not found (1)\n',1,600),(370,'exceptions',1425743323,'Une exception est survenue:/opt/lampp/htdocs/w/wwwsubl/public_html/top_sublime-voyance_be/application/themes/urbanic/full.php:21 Class \'Token\' not found (1)\n',1,600),(371,'exceptions',1425743325,'Une exception est survenue:/opt/lampp/htdocs/w/wwwsubl/public_html/top_sublime-voyance_be/application/themes/urbanic/full.php:21 Class \'Token\' not found (1)\n',1,600),(372,'exceptions',1425743327,'Une exception est survenue:/opt/lampp/htdocs/w/wwwsubl/public_html/top_sublime-voyance_be/application/themes/urbanic/full.php:21 Class \'Token\' not found (1)\n',1,600),(373,'exceptions',1425743329,'Une exception est survenue:/opt/lampp/htdocs/w/wwwsubl/public_html/top_sublime-voyance_be/application/themes/urbanic/full.php:21 Class \'Token\' not found (1)\n',1,600),(374,'exceptions',1425743331,'Une exception est survenue:/opt/lampp/htdocs/w/wwwsubl/public_html/top_sublime-voyance_be/application/themes/urbanic/full.php:21 Class \'Token\' not found (1)\n',1,600),(375,'exceptions',1425743333,'Une exception est survenue:/opt/lampp/htdocs/w/wwwsubl/public_html/top_sublime-voyance_be/application/themes/urbanic/full.php:21 Class \'Token\' not found (1)\n',1,600),(376,'exceptions',1425743335,'Une exception est survenue:/opt/lampp/htdocs/w/wwwsubl/public_html/top_sublime-voyance_be/application/themes/urbanic/full.php:21 Class \'Token\' not found (1)\n',1,600),(377,'exceptions',1425743337,'Une exception est survenue:/opt/lampp/htdocs/w/wwwsubl/public_html/top_sublime-voyance_be/application/themes/urbanic/full.php:21 Class \'Token\' not found (1)\n',1,600),(378,'exceptions',1425743339,'Une exception est survenue:/opt/lampp/htdocs/w/wwwsubl/public_html/top_sublime-voyance_be/application/themes/urbanic/full.php:21 Class \'Token\' not found (1)\n',1,600),(379,'exceptions',1425743341,'Une exception est survenue:/opt/lampp/htdocs/w/wwwsubl/public_html/top_sublime-voyance_be/application/themes/urbanic/full.php:21 Class \'Token\' not found (1)\n',1,600),(380,'exceptions',1425743343,'Une exception est survenue:/opt/lampp/htdocs/w/wwwsubl/public_html/top_sublime-voyance_be/application/themes/urbanic/full.php:21 Class \'Token\' not found (1)\n',1,600),(381,'exceptions',1425743345,'Une exception est survenue:/opt/lampp/htdocs/w/wwwsubl/public_html/top_sublime-voyance_be/application/themes/urbanic/full.php:21 Class \'Token\' not found (1)\n',1,600),(382,'exceptions',1425743347,'Une exception est survenue:/opt/lampp/htdocs/w/wwwsubl/public_html/top_sublime-voyance_be/application/themes/urbanic/full.php:21 Class \'Token\' not found (1)\n',1,600),(383,'exceptions',1425743349,'Une exception est survenue:/opt/lampp/htdocs/w/wwwsubl/public_html/top_sublime-voyance_be/application/themes/urbanic/full.php:21 Class \'Token\' not found (1)\n',1,600),(384,'exceptions',1425743351,'Une exception est survenue:/opt/lampp/htdocs/w/wwwsubl/public_html/top_sublime-voyance_be/application/themes/urbanic/full.php:21 Class \'Token\' not found (1)\n',1,600),(385,'exceptions',1425743353,'Une exception est survenue:/opt/lampp/htdocs/w/wwwsubl/public_html/top_sublime-voyance_be/application/themes/urbanic/full.php:21 Class \'Token\' not found (1)\n',1,600),(386,'exceptions',1425743355,'Une exception est survenue:/opt/lampp/htdocs/w/wwwsubl/public_html/top_sublime-voyance_be/application/themes/urbanic/full.php:21 Class \'Token\' not found (1)\n',1,600),(387,'exceptions',1425743357,'Une exception est survenue:/opt/lampp/htdocs/w/wwwsubl/public_html/top_sublime-voyance_be/application/themes/urbanic/full.php:21 Class \'Token\' not found (1)\n',1,600),(388,'exceptions',1425743359,'Une exception est survenue:/opt/lampp/htdocs/w/wwwsubl/public_html/top_sublime-voyance_be/application/themes/urbanic/full.php:21 Class \'Token\' not found (1)\n',1,600),(389,'exceptions',1425743361,'Une exception est survenue:/opt/lampp/htdocs/w/wwwsubl/public_html/top_sublime-voyance_be/application/themes/urbanic/full.php:21 Class \'Token\' not found (1)\n',1,600),(390,'exceptions',1425743363,'Une exception est survenue:/opt/lampp/htdocs/w/wwwsubl/public_html/top_sublime-voyance_be/application/themes/urbanic/full.php:21 Class \'Token\' not found (1)\n',1,600),(391,'exceptions',1425743366,'Une exception est survenue:/opt/lampp/htdocs/w/wwwsubl/public_html/top_sublime-voyance_be/application/themes/urbanic/full.php:21 Class \'Token\' not found (1)\n',1,600),(392,'exceptions',1425743368,'Une exception est survenue:/opt/lampp/htdocs/w/wwwsubl/public_html/top_sublime-voyance_be/application/themes/urbanic/full.php:21 Class \'Token\' not found (1)\n',1,600),(393,'exceptions',1425743370,'Une exception est survenue:/opt/lampp/htdocs/w/wwwsubl/public_html/top_sublime-voyance_be/application/themes/urbanic/full.php:21 Class \'Token\' not found (1)\n',1,600),(394,'exceptions',1425743372,'Une exception est survenue:/opt/lampp/htdocs/w/wwwsubl/public_html/top_sublime-voyance_be/application/themes/urbanic/full.php:21 Class \'Token\' not found (1)\n',1,600),(395,'exceptions',1425743374,'Une exception est survenue:/opt/lampp/htdocs/w/wwwsubl/public_html/top_sublime-voyance_be/application/themes/urbanic/full.php:21 Class \'Token\' not found (1)\n',1,600),(396,'exceptions',1425743376,'Une exception est survenue:/opt/lampp/htdocs/w/wwwsubl/public_html/top_sublime-voyance_be/application/themes/urbanic/full.php:21 Class \'Token\' not found (1)\n',1,600),(397,'exceptions',1425743378,'Une exception est survenue:/opt/lampp/htdocs/w/wwwsubl/public_html/top_sublime-voyance_be/application/themes/urbanic/full.php:21 Class \'Token\' not found (1)\n',1,600),(398,'exceptions',1425743380,'Une exception est survenue:/opt/lampp/htdocs/w/wwwsubl/public_html/top_sublime-voyance_be/application/themes/urbanic/full.php:21 Class \'Token\' not found (1)\n',1,600),(399,'exceptions',1425743382,'Une exception est survenue:/opt/lampp/htdocs/w/wwwsubl/public_html/top_sublime-voyance_be/application/themes/urbanic/full.php:21 Class \'Token\' not found (1)\n',1,600),(400,'exceptions',1425743384,'Une exception est survenue:/opt/lampp/htdocs/w/wwwsubl/public_html/top_sublime-voyance_be/application/themes/urbanic/full.php:21 Class \'Token\' not found (1)\n',1,600),(401,'exceptions',1425743386,'Une exception est survenue:/opt/lampp/htdocs/w/wwwsubl/public_html/top_sublime-voyance_be/application/themes/urbanic/full.php:21 Class \'Token\' not found (1)\n',1,600),(402,'exceptions',1425743388,'Une exception est survenue:/opt/lampp/htdocs/w/wwwsubl/public_html/top_sublime-voyance_be/application/themes/urbanic/full.php:21 Class \'Token\' not found (1)\n',1,600),(403,'exceptions',1425743390,'Une exception est survenue:/opt/lampp/htdocs/w/wwwsubl/public_html/top_sublime-voyance_be/application/themes/urbanic/full.php:21 Class \'Token\' not found (1)\n',1,600),(404,'exceptions',1425743393,'Une exception est survenue:/opt/lampp/htdocs/w/wwwsubl/public_html/top_sublime-voyance_be/application/themes/urbanic/full.php:21 Class \'Token\' not found (1)\n',1,600),(405,'exceptions',1425743395,'Une exception est survenue:/opt/lampp/htdocs/w/wwwsubl/public_html/top_sublime-voyance_be/application/themes/urbanic/full.php:21 Class \'Token\' not found (1)\n',1,600),(406,'exceptions',1425743397,'Une exception est survenue:/opt/lampp/htdocs/w/wwwsubl/public_html/top_sublime-voyance_be/application/themes/urbanic/full.php:21 Class \'Token\' not found (1)\n',1,600),(407,'exceptions',1425743399,'Une exception est survenue:/opt/lampp/htdocs/w/wwwsubl/public_html/top_sublime-voyance_be/application/themes/urbanic/full.php:21 Class \'Token\' not found (1)\n',1,600),(408,'exceptions',1425743401,'Une exception est survenue:/opt/lampp/htdocs/w/wwwsubl/public_html/top_sublime-voyance_be/application/themes/urbanic/full.php:21 Class \'Token\' not found (1)\n',1,600),(409,'exceptions',1425743403,'Une exception est survenue:/opt/lampp/htdocs/w/wwwsubl/public_html/top_sublime-voyance_be/application/themes/urbanic/full.php:21 Class \'Token\' not found (1)\n',1,600),(410,'exceptions',1425743405,'Une exception est survenue:/opt/lampp/htdocs/w/wwwsubl/public_html/top_sublime-voyance_be/application/themes/urbanic/full.php:21 Class \'Token\' not found (1)\n',1,600),(411,'exceptions',1425743407,'Une exception est survenue:/opt/lampp/htdocs/w/wwwsubl/public_html/top_sublime-voyance_be/application/themes/urbanic/full.php:21 Class \'Token\' not found (1)\n',1,600),(412,'exceptions',1425743409,'Une exception est survenue:/opt/lampp/htdocs/w/wwwsubl/public_html/top_sublime-voyance_be/application/themes/urbanic/full.php:21 Class \'Token\' not found (1)\n',1,600),(413,'exceptions',1425743411,'Une exception est survenue:/opt/lampp/htdocs/w/wwwsubl/public_html/top_sublime-voyance_be/application/themes/urbanic/full.php:21 Class \'Token\' not found (1)\n',1,600),(414,'exceptions',1425743413,'Une exception est survenue:/opt/lampp/htdocs/w/wwwsubl/public_html/top_sublime-voyance_be/application/themes/urbanic/full.php:21 Class \'Token\' not found (1)\n',1,600),(415,'exceptions',1425743415,'Une exception est survenue:/opt/lampp/htdocs/w/wwwsubl/public_html/top_sublime-voyance_be/application/themes/urbanic/full.php:21 Class \'Token\' not found (1)\n',1,600),(416,'exceptions',1425743417,'Une exception est survenue:/opt/lampp/htdocs/w/wwwsubl/public_html/top_sublime-voyance_be/application/themes/urbanic/full.php:21 Class \'Token\' not found (1)\n',1,600),(417,'exceptions',1425743419,'Une exception est survenue:/opt/lampp/htdocs/w/wwwsubl/public_html/top_sublime-voyance_be/application/themes/urbanic/full.php:21 Class \'Token\' not found (1)\n',1,600),(418,'exceptions',1425743421,'Une exception est survenue:/opt/lampp/htdocs/w/wwwsubl/public_html/top_sublime-voyance_be/application/themes/urbanic/full.php:21 Class \'Token\' not found (1)\n',1,600),(419,'exceptions',1425743423,'Une exception est survenue:/opt/lampp/htdocs/w/wwwsubl/public_html/top_sublime-voyance_be/application/themes/urbanic/full.php:21 Class \'Token\' not found (1)\n',1,600),(420,'exceptions',1425743426,'Une exception est survenue:/opt/lampp/htdocs/w/wwwsubl/public_html/top_sublime-voyance_be/application/themes/urbanic/full.php:21 Class \'Token\' not found (1)\n',1,600),(421,'exceptions',1425743428,'Une exception est survenue:/opt/lampp/htdocs/w/wwwsubl/public_html/top_sublime-voyance_be/application/themes/urbanic/full.php:21 Class \'Token\' not found (1)\n',1,600),(422,'exceptions',1425743430,'Une exception est survenue:/opt/lampp/htdocs/w/wwwsubl/public_html/top_sublime-voyance_be/application/themes/urbanic/full.php:21 Class \'Token\' not found (1)\n',1,600),(423,'exceptions',1425743432,'Une exception est survenue:/opt/lampp/htdocs/w/wwwsubl/public_html/top_sublime-voyance_be/application/themes/urbanic/full.php:21 Class \'Token\' not found (1)\n',1,600),(424,'exceptions',1425743434,'Une exception est survenue:/opt/lampp/htdocs/w/wwwsubl/public_html/top_sublime-voyance_be/application/themes/urbanic/full.php:21 Class \'Token\' not found (1)\n',1,600),(425,'exceptions',1425743436,'Une exception est survenue:/opt/lampp/htdocs/w/wwwsubl/public_html/top_sublime-voyance_be/application/themes/urbanic/full.php:21 Class \'Token\' not found (1)\n',1,600),(426,'exceptions',1425743438,'Une exception est survenue:/opt/lampp/htdocs/w/wwwsubl/public_html/top_sublime-voyance_be/application/themes/urbanic/full.php:21 Class \'Token\' not found (1)\n',1,600),(427,'exceptions',1425743440,'Une exception est survenue:/opt/lampp/htdocs/w/wwwsubl/public_html/top_sublime-voyance_be/application/themes/urbanic/full.php:21 Class \'Token\' not found (1)\n',1,600),(428,'exceptions',1425743442,'Une exception est survenue:/opt/lampp/htdocs/w/wwwsubl/public_html/top_sublime-voyance_be/application/themes/urbanic/full.php:21 Class \'Token\' not found (1)\n',1,600),(429,'exceptions',1425743444,'Une exception est survenue:/opt/lampp/htdocs/w/wwwsubl/public_html/top_sublime-voyance_be/application/themes/urbanic/full.php:21 Class \'Token\' not found (1)\n',1,600),(430,'exceptions',1425743446,'Une exception est survenue:/opt/lampp/htdocs/w/wwwsubl/public_html/top_sublime-voyance_be/application/themes/urbanic/full.php:21 Class \'Token\' not found (1)\n',1,600),(431,'exceptions',1425743448,'Une exception est survenue:/opt/lampp/htdocs/w/wwwsubl/public_html/top_sublime-voyance_be/application/themes/urbanic/full.php:21 Class \'Token\' not found (1)\n',1,600),(432,'exceptions',1425743450,'Une exception est survenue:/opt/lampp/htdocs/w/wwwsubl/public_html/top_sublime-voyance_be/application/themes/urbanic/full.php:21 Class \'Token\' not found (1)\n',1,600),(433,'exceptions',1425743452,'Une exception est survenue:/opt/lampp/htdocs/w/wwwsubl/public_html/top_sublime-voyance_be/application/themes/urbanic/full.php:21 Class \'Token\' not found (1)\n',1,600),(434,'exceptions',1425743454,'Une exception est survenue:/opt/lampp/htdocs/w/wwwsubl/public_html/top_sublime-voyance_be/application/themes/urbanic/full.php:21 Class \'Token\' not found (1)\n',1,600),(435,'exceptions',1425743457,'Une exception est survenue:/opt/lampp/htdocs/w/wwwsubl/public_html/top_sublime-voyance_be/application/themes/urbanic/full.php:21 Class \'Token\' not found (1)\n',1,600),(436,'exceptions',1425743459,'Une exception est survenue:/opt/lampp/htdocs/w/wwwsubl/public_html/top_sublime-voyance_be/application/themes/urbanic/full.php:21 Class \'Token\' not found (1)\n',1,600),(437,'exceptions',1425743461,'Une exception est survenue:/opt/lampp/htdocs/w/wwwsubl/public_html/top_sublime-voyance_be/application/themes/urbanic/full.php:21 Class \'Token\' not found (1)\n',1,600),(438,'exceptions',1425743463,'Une exception est survenue:/opt/lampp/htdocs/w/wwwsubl/public_html/top_sublime-voyance_be/application/themes/urbanic/full.php:21 Class \'Token\' not found (1)\n',1,600),(439,'exceptions',1425743465,'Une exception est survenue:/opt/lampp/htdocs/w/wwwsubl/public_html/top_sublime-voyance_be/application/themes/urbanic/full.php:21 Class \'Token\' not found (1)\n',1,600),(440,'exceptions',1425743467,'Une exception est survenue:/opt/lampp/htdocs/w/wwwsubl/public_html/top_sublime-voyance_be/application/themes/urbanic/full.php:21 Class \'Token\' not found (1)\n',1,600),(441,'exceptions',1425743469,'Une exception est survenue:/opt/lampp/htdocs/w/wwwsubl/public_html/top_sublime-voyance_be/application/themes/urbanic/full.php:21 Class \'Token\' not found (1)\n',1,600),(442,'exceptions',1425743471,'Une exception est survenue:/opt/lampp/htdocs/w/wwwsubl/public_html/top_sublime-voyance_be/application/themes/urbanic/full.php:21 Class \'Token\' not found (1)\n',1,600),(443,'exceptions',1425743473,'Une exception est survenue:/opt/lampp/htdocs/w/wwwsubl/public_html/top_sublime-voyance_be/application/themes/urbanic/full.php:21 Class \'Token\' not found (1)\n',1,600),(444,'exceptions',1425743475,'Une exception est survenue:/opt/lampp/htdocs/w/wwwsubl/public_html/top_sublime-voyance_be/application/themes/urbanic/full.php:21 Class \'Token\' not found (1)\n',1,600),(445,'exceptions',1425743477,'Une exception est survenue:/opt/lampp/htdocs/w/wwwsubl/public_html/top_sublime-voyance_be/application/themes/urbanic/full.php:21 Class \'Token\' not found (1)\n',1,600),(446,'exceptions',1425743479,'Une exception est survenue:/opt/lampp/htdocs/w/wwwsubl/public_html/top_sublime-voyance_be/application/themes/urbanic/full.php:21 Class \'Token\' not found (1)\n',1,600),(447,'exceptions',1425743481,'Une exception est survenue:/opt/lampp/htdocs/w/wwwsubl/public_html/top_sublime-voyance_be/application/themes/urbanic/full.php:21 Class \'Token\' not found (1)\n',1,600),(448,'exceptions',1425743483,'Une exception est survenue:/opt/lampp/htdocs/w/wwwsubl/public_html/top_sublime-voyance_be/application/themes/urbanic/full.php:21 Class \'Token\' not found (1)\n',1,600),(449,'exceptions',1425743486,'Une exception est survenue:/opt/lampp/htdocs/w/wwwsubl/public_html/top_sublime-voyance_be/application/themes/urbanic/full.php:21 Class \'Token\' not found (1)\n',1,600),(450,'exceptions',1425743488,'Une exception est survenue:/opt/lampp/htdocs/w/wwwsubl/public_html/top_sublime-voyance_be/application/themes/urbanic/full.php:21 Class \'Token\' not found (1)\n',1,600),(451,'exceptions',1425743490,'Une exception est survenue:/opt/lampp/htdocs/w/wwwsubl/public_html/top_sublime-voyance_be/application/themes/urbanic/full.php:21 Class \'Token\' not found (1)\n',1,600),(452,'exceptions',1425743492,'Une exception est survenue:/opt/lampp/htdocs/w/wwwsubl/public_html/top_sublime-voyance_be/application/themes/urbanic/full.php:21 Class \'Token\' not found (1)\n',1,600),(453,'exceptions',1425743494,'Une exception est survenue:/opt/lampp/htdocs/w/wwwsubl/public_html/top_sublime-voyance_be/application/themes/urbanic/full.php:21 Class \'Token\' not found (1)\n',1,600),(454,'exceptions',1425743496,'Une exception est survenue:/opt/lampp/htdocs/w/wwwsubl/public_html/top_sublime-voyance_be/application/themes/urbanic/full.php:21 Class \'Token\' not found (1)\n',1,600),(455,'exceptions',1425743498,'Une exception est survenue:/opt/lampp/htdocs/w/wwwsubl/public_html/top_sublime-voyance_be/application/themes/urbanic/full.php:21 Class \'Token\' not found (1)\n',1,600),(456,'exceptions',1425743500,'Une exception est survenue:/opt/lampp/htdocs/w/wwwsubl/public_html/top_sublime-voyance_be/application/themes/urbanic/full.php:21 Class \'Token\' not found (1)\n',1,600),(457,'exceptions',1425743503,'Une exception est survenue:/opt/lampp/htdocs/w/wwwsubl/public_html/top_sublime-voyance_be/application/themes/urbanic/full.php:21 Class \'Token\' not found (1)\n',1,600),(458,'exceptions',1425743505,'Une exception est survenue:/opt/lampp/htdocs/w/wwwsubl/public_html/top_sublime-voyance_be/application/themes/urbanic/full.php:21 Class \'Token\' not found (1)\n',1,600),(459,'exceptions',1425743507,'Une exception est survenue:/opt/lampp/htdocs/w/wwwsubl/public_html/top_sublime-voyance_be/application/themes/urbanic/full.php:21 Class \'Token\' not found (1)\n',1,600),(460,'exceptions',1425743509,'Une exception est survenue:/opt/lampp/htdocs/w/wwwsubl/public_html/top_sublime-voyance_be/application/themes/urbanic/full.php:21 Class \'Token\' not found (1)\n',1,600),(461,'exceptions',1425743511,'Une exception est survenue:/opt/lampp/htdocs/w/wwwsubl/public_html/top_sublime-voyance_be/application/themes/urbanic/full.php:21 Class \'Token\' not found (1)\n',1,600),(462,'exceptions',1425743513,'Une exception est survenue:/opt/lampp/htdocs/w/wwwsubl/public_html/top_sublime-voyance_be/application/themes/urbanic/full.php:21 Class \'Token\' not found (1)\n',1,600),(463,'exceptions',1425743515,'Une exception est survenue:/opt/lampp/htdocs/w/wwwsubl/public_html/top_sublime-voyance_be/application/themes/urbanic/full.php:21 Class \'Token\' not found (1)\n',1,600),(464,'exceptions',1425743517,'Une exception est survenue:/opt/lampp/htdocs/w/wwwsubl/public_html/top_sublime-voyance_be/application/themes/urbanic/full.php:21 Class \'Token\' not found (1)\n',1,600),(465,'exceptions',1425743519,'Une exception est survenue:/opt/lampp/htdocs/w/wwwsubl/public_html/top_sublime-voyance_be/application/themes/urbanic/full.php:21 Class \'Token\' not found (1)\n',1,600),(466,'exceptions',1425743521,'Une exception est survenue:/opt/lampp/htdocs/w/wwwsubl/public_html/top_sublime-voyance_be/application/themes/urbanic/full.php:21 Class \'Token\' not found (1)\n',1,600),(467,'exceptions',1425743523,'Une exception est survenue:/opt/lampp/htdocs/w/wwwsubl/public_html/top_sublime-voyance_be/application/themes/urbanic/full.php:21 Class \'Token\' not found (1)\n',1,600),(468,'exceptions',1425829381,'Une exception est survenue:/opt/lampp/htdocs/w/wwwsubl/public_html/top_sublime-voyance_be/concrete/vendor/oyejorge/less.php/lib/Less/Parser.php:475 ParseError: Unexpected input in templatemo_style.less on line 26, column 3\n24|   -webkit-text-size-adjust: 100%;\r\n25| \r\n26|   ba\r\n27| }\r\n28| \r\n29| h1, h2, h3, h4, h5, h6, span, p {\r (0)\n',1,600),(469,'exceptions',1425829390,'Une exception est survenue:/opt/lampp/htdocs/w/wwwsubl/public_html/top_sublime-voyance_be/concrete/vendor/oyejorge/less.php/lib/Less/Tree/Variable.php:48 variable @body-ba is undefined (0)\n',1,600),(470,'exceptions',1425896591,'Une erreur de traitement de courriel est survenue. Impossible d\'envoyer le courriel :Unable to send mail: Unknown error\n#0 [internal function]: Zend\\Mail\\Transport\\Sendmail->mailHandler(\'GrCOTE7@Gmail.c...\', \'=?UTF-8?Q?S-V=2...\', \'This is a messa...\', \'Date: Mon, 09 M...\', \' -f GrCOTE7@Gma...\')\n#1 /opt/lampp/htdocs/w/wwwsubl/public_html/top_sublime-voyance_be/concrete/vendor/zendframework/zend-mail/Zend/Mail/Transport/Sendmail.php(139): call_user_func(Array, \'GrCOTE7@Gmail.c...\', \'=?UTF-8?Q?S-V=2...\', \'This is a messa...\', \'Date: Mon, 09 M...\', \' -f GrCOTE7@Gma...\')\n#2 /opt/lampp/htdocs/w/wwwsubl/public_html/top_sublime-voyance_be/concrete/src/Mail/Service.php(473): Zend\\Mail\\Transport\\Sendmail->send(Object(Zend\\Mail\\Message))\n#3 /opt/lampp/htdocs/w/wwwsubl/public_html/top_sublime-voyance_be/concrete/controllers/single_page/register.php(172): Concrete\\Core\\Mail\\Service->sendMail()\n#4 [internal function]: Concrete\\Controller\\SinglePage\\Register->do_register()\n#5 /opt/lampp/htdocs/w/wwwsubl/public_html/top_sublime-voyance_be/concrete/src/Controller/AbstractController.php(156): call_user_func_array(Array, Array)\n#6 /opt/lampp/htdocs/w/wwwsubl/public_html/top_sublime-voyance_be/concrete/src/Routing/DispatcherRouteCallback.php(187): Concrete\\Core\\Controller\\AbstractController->runAction(\'do_register\', Array)\n#7 /opt/lampp/htdocs/w/wwwsubl/public_html/top_sublime-voyance_be/concrete/src/Application/Application.php(346): Concrete\\Core\\Routing\\DispatcherRouteCallback->execute(Object(Concrete\\Core\\Http\\Request))\n#8 /opt/lampp/htdocs/w/wwwsubl/public_html/top_sublime-voyance_be/concrete/bootstrap/start.php(274): Concrete\\Core\\Application\\Application->dispatch(Object(Concrete\\Core\\Http\\Request))\n#9 /opt/lampp/htdocs/w/wwwsubl/public_html/top_sublime-voyance_be/concrete/dispatcher.php(36): require(\'/opt/lampp/htdo...\')\n#10 /opt/lampp/htdocs/w/wwwsubl/public_html/top_sublime-voyance_be/index.php(10): require(\'/opt/lampp/htdo...\')\n#11 {main}\nModle utilis: user_register\nDans: GrCOTE7@Gmail.com\nDe: \"Notification d\'enregistrement sur le site web\" <GrCOTE7@Gmail.com>\nRpondre : \nSujet: S-V Enregistrement - Un nouvel utilisateur s\'est enregistr\nCorps: Nouvel enregistrement de membre\nUn nouvel utilisateur c\'est enregistr sur votre site internet.\nNom d\'utilisateur: Alexandra\nAdresse lectronique: Alexandra@sublime-voyance.be\n			J\'aimerais recevoir des messages privs.: Oui\n			M\'envoyer une notification par courriel lorsque je reois un message priv.: Oui\n	\n\nhttp://tsv/index.php/dashboard/users/search/view/2',0,500),(471,'sent_emails',1425896591,'**LES COURRIELS SONT ACTIVS. CE COURRIEL A T ENVOY  mail()**\nModle utilis: user_register\nDtails du courriel: Date: Mon, 09 Mar 2015 11:23:11 +0100\r\nFrom: =?UTF-8?Q?Notification=20d\'enregistrement=20sur=20le=20site=20web?= <GrCOTE7@Gmail.com>\r\nSubject: =?UTF-8?Q?S-V=20Enregistrement=20-=20Un=20nouvel=20utilisateur=20s\'est=20enregistr=C3=A9?=\r\nTo: GrCOTE7@Gmail.com\r\nMIME-Version: 1.0\r\nContent-Type: multipart/mixed;\r\n boundary=\"=_37ac8db54412600d59399a5627e21552\"\r\nSender: \r\n\r\nThis is a message in Mime Format.  If you see this, your mail reader does not support this format.\r\n\r\n--=_37ac8db54412600d59399a5627e21552\r\nContent-Type: text/plain; charset=UTF-8\r\nContent-Transfer-Encoding: 8bit\r\n\r\nNouvel enregistrement de membre\nUn nouvel utilisateur c\'est enregistr sur votre site internet.\nNom d\'utilisateur: Alexandra\nAdresse lectronique: Alexandra@sublime-voyance.be\n			J\'aimerais recevoir des messages privs.: Oui\n			M\'envoyer une notification par courriel lorsque je reois un message priv.: Oui\n	\n\nhttp://tsv/index.php/dashboard/users/search/view/2\r\n--=_37ac8db54412600d59399a5627e21552\r\nContent-Type: text/html; charset=UTF-8\r\nContent-Transfer-Encoding: 8bit\r\n\r\n<h2>Nouvel enregistrement de membre</h2>\nUn nouvel utilisateur c\'est enregistr sur votre site internet.<br />\n<br />\nNom d\'utilisateur: <b>Alexandra</b><br />\nAdresse lectronique: <b>Alexandra@sublime-voyance.be</b><br />\n<br />\n	<ul>\n			<li>J\'aimerais recevoir des messages privs.: Oui</li>\n			<li>M\'envoyer une notification par courriel lorsque je reois un message priv.: Oui</li>\n		</ul>\n<br />\n<br />\n<a href=\"http://tsv/index.php/dashboard/users/search/view/2\">http://tsv/index.php/dashboard/users/search/view/2</a>\n\r\n--=_37ac8db54412600d59399a5627e21552--',0,200),(472,'exceptions',1425896591,'Une erreur de traitement de courriel est survenue. Impossible d\'envoyer le courriel :Unable to send mail: Unknown error\n#0 [internal function]: Zend\\Mail\\Transport\\Sendmail->mailHandler(\'Alexandra@subli...\', \'=?UTF-8?Q?S-V=2...\', \'Vous devez cliq...\', \'Date: Mon, 09 M...\', \' -f concrete5-n...\')\n#1 /opt/lampp/htdocs/w/wwwsubl/public_html/top_sublime-voyance_be/concrete/vendor/zendframework/zend-mail/Zend/Mail/Transport/Sendmail.php(139): call_user_func(Array, \'Alexandra@subli...\', \'=?UTF-8?Q?S-V=2...\', \'Vous devez cliq...\', \'Date: Mon, 09 M...\', \' -f concrete5-n...\')\n#2 /opt/lampp/htdocs/w/wwwsubl/public_html/top_sublime-voyance_be/concrete/src/Mail/Service.php(473): Zend\\Mail\\Transport\\Sendmail->send(Object(Zend\\Mail\\Message))\n#3 /opt/lampp/htdocs/w/wwwsubl/public_html/top_sublime-voyance_be/concrete/controllers/single_page/register.php(202): Concrete\\Core\\Mail\\Service->sendMail()\n#4 [internal function]: Concrete\\Controller\\SinglePage\\Register->do_register()\n#5 /opt/lampp/htdocs/w/wwwsubl/public_html/top_sublime-voyance_be/concrete/src/Controller/AbstractController.php(156): call_user_func_array(Array, Array)\n#6 /opt/lampp/htdocs/w/wwwsubl/public_html/top_sublime-voyance_be/concrete/src/Routing/DispatcherRouteCallback.php(187): Concrete\\Core\\Controller\\AbstractController->runAction(\'do_register\', Array)\n#7 /opt/lampp/htdocs/w/wwwsubl/public_html/top_sublime-voyance_be/concrete/src/Application/Application.php(346): Concrete\\Core\\Routing\\DispatcherRouteCallback->execute(Object(Concrete\\Core\\Http\\Request))\n#8 /opt/lampp/htdocs/w/wwwsubl/public_html/top_sublime-voyance_be/concrete/bootstrap/start.php(274): Concrete\\Core\\Application\\Application->dispatch(Object(Concrete\\Core\\Http\\Request))\n#9 /opt/lampp/htdocs/w/wwwsubl/public_html/top_sublime-voyance_be/concrete/dispatcher.php(36): require(\'/opt/lampp/htdo...\')\n#10 /opt/lampp/htdocs/w/wwwsubl/public_html/top_sublime-voyance_be/index.php(10): require(\'/opt/lampp/htdo...\')\n#11 {main}\nModle utilis: validate_user_email\nDans: Alexandra@sublime-voyance.be\nDe: concrete5-noreply@tsv\nRpondre : \nSujet: S-V Enregistrement - Valider l\'adresse de courriel\nCorps: \n\nVous devez cliquer sur l\'URL suivant pour activer votre compte sur S-V: \n\nhttp://tsv/login/callback/concrete/v/QOI3QzP0PPcM \n\nMerci de votre intrt pour S-V\n\n',0,500),(473,'sent_emails',1425896591,'**LES COURRIELS SONT ACTIVS. CE COURRIEL A T ENVOY  mail()**\nModle utilis: validate_user_email\nDtails du courriel: Date: Mon, 09 Mar 2015 11:23:11 +0100\r\nFrom: concrete5-noreply@tsv\r\nSubject: =?UTF-8?Q?S-V=20Enregistrement=20-=20Valider=20l\'adresse=20de=20courriel?=\r\nTo: Alexandra@sublime-voyance.be\r\nMIME-Version: 1.0\r\nContent-Type: text/plain;\r\n charset=\"UTF-8\"\r\nContent-Transfer-Encoding: 8bit\r\nSender: \r\n\r\nVous devez cliquer sur l\'URL suivant pour activer votre compte sur S-V: \n\nhttp://tsv/login/callback/concrete/v/QOI3QzP0PPcM \n\nMerci de votre intrt pour S-V',0,200),(474,'exceptions',1425902855,'Une exception est survenue:/var/sentora/hostdata/wwwsubl/public_html/top_sublime-voyance_be/concrete/vendor/oyejorge/less.php/lib/Less/Parser.php:2527 File `presets/tsv.less` not found. in templatemo_style.less (0)\n',1,600),(475,'exceptions',1425903056,'Une exception est survenue:/var/sentora/hostdata/wwwsubl/public_html/top_sublime-voyance_be/concrete/vendor/oyejorge/less.php/lib/Less/Parser.php:2527 File `presets/tsv.less` not found. in templatemo_style.less (0)\n',1,600),(476,'exceptions',1425903225,'Une exception est survenue:/var/sentora/hostdata/wwwsubl/public_html/top_sublime-voyance_be/concrete/vendor/oyejorge/less.php/lib/Less/Parser.php:2527 File `presets/tsv.less` not found. in templatemo_style.less (0)\n',1,600),(477,'sent_emails',1425903872,'**LES COURRIELS SONT ACTIVS. CE COURRIEL A T ENVOY  mail()**\nModle utilis: user_register\nDtails du courriel: Date: Mon, 09 Mar 2015 13:24:32 +0100\r\nFrom: =?UTF-8?Q?Notification=20d\'enregistrement=20sur=20le=20site=20web?= <GrCOTE7@Gmail.com>\r\nSubject: =?UTF-8?Q?S-V=20Enregistrement=20-=20Un=20nouvel=20utilisateur=20s\'est=20enregistr=C3=A9?=\r\nTo: GrCOTE7@Gmail.com\r\nMIME-Version: 1.0\r\nContent-Type: multipart/mixed;\r\n boundary=\"=_fbaba7b87c1d4e894a75a4bbd38b0c23\"\r\nSender: \r\n\r\nThis is a message in Mime Format.  If you see this, your mail reader does not support this format.\r\n\r\n--=_fbaba7b87c1d4e894a75a4bbd38b0c23\r\nContent-Type: text/plain; charset=UTF-8\r\nContent-Transfer-Encoding: 8bit\r\n\r\nNouvel enregistrement de membre\nUn nouvel utilisateur c\'est enregistr sur votre site internet.\nNom d\'utilisateur: judith\nAdresse lectronique: judith@newnrj.com\n			J\'aimerais recevoir des messages privs.: Oui\n			M\'envoyer une notification par courriel lorsque je reois un message priv.: Oui\n	\n\nhttp://top.sublime-voyance.be/index.php/dashboard/users/search/view/3\r\n--=_fbaba7b87c1d4e894a75a4bbd38b0c23\r\nContent-Type: text/html; charset=UTF-8\r\nContent-Transfer-Encoding: 8bit\r\n\r\n<h2>Nouvel enregistrement de membre</h2>\nUn nouvel utilisateur c\'est enregistr sur votre site internet.<br />\n<br />\nNom d\'utilisateur: <b>judith</b><br />\nAdresse lectronique: <b>judith@newnrj.com</b><br />\n<br />\n	<ul>\n			<li>J\'aimerais recevoir des messages privs.: Oui</li>\n			<li>M\'envoyer une notification par courriel lorsque je reois un message priv.: Oui</li>\n		</ul>\n<br />\n<br />\n<a href=\"http://top.sublime-voyance.be/index.php/dashboard/users/search/view/3\">http://top.sublime-voyance.be/index.php/dashboard/users/search/view/3</a>\n\r\n--=_fbaba7b87c1d4e894a75a4bbd38b0c23--',0,200),(478,'sent_emails',1425903872,'**LES COURRIELS SONT ACTIVS. CE COURRIEL A T ENVOY  mail()**\nModle utilis: validate_user_email\nDtails du courriel: Date: Mon, 09 Mar 2015 13:24:32 +0100\r\nFrom: concrete5-noreply@top.sublime-voyance.be\r\nSubject: =?UTF-8?Q?S-V=20Enregistrement=20-=20Valider=20l\'adresse=20de=20courriel?=\r\nTo: judith@newnrj.com\r\nMIME-Version: 1.0\r\nContent-Type: text/plain;\r\n charset=\"UTF-8\"\r\nContent-Transfer-Encoding: 8bit\r\nSender: \r\n\r\nVous devez cliquer sur l\'URL suivant pour activer votre compte sur S-V: \n\nhttp://top.sublime-voyance.be/login/callback/concrete/v/VLu1ueInROwv \n\nMerci de votre intrt pour S-V',0,200),(479,'sent_emails',1425910988,'**LES COURRIELS SONT ACTIVS. CE COURRIEL A T ENVOY  mail()**\nModle utilis: user_register\nDtails du courriel: Date: Mon, 09 Mar 2015 15:23:08 +0100\r\nFrom: =?UTF-8?Q?Notification=20d\'enregistrement=20sur=20le=20site=20web?= <GrCOTE7@Gmail.com>\r\nSubject: =?UTF-8?Q?S-V=20Enregistrement=20-=20Un=20nouvel=20utilisateur=20s\'est=20enregistr=C3=A9?=\r\nTo: GrCOTE7@Gmail.com\r\nMIME-Version: 1.0\r\nContent-Type: multipart/mixed;\r\n boundary=\"=_200de5f17c725b07fd808370a27c7110\"\r\nSender: \r\n\r\nThis is a message in Mime Format.  If you see this, your mail reader does not support this format.\r\n\r\n--=_200de5f17c725b07fd808370a27c7110\r\nContent-Type: text/plain; charset=UTF-8\r\nContent-Transfer-Encoding: 8bit\r\n\r\nNouvel enregistrement de membre\nUn nouvel utilisateur c\'est enregistr sur votre site internet.\nNom d\'utilisateur: JUdith\nAdresse lectronique: judith@sublime-voyance.be\n			J\'aimerais recevoir des messages privs.: Oui\n			M\'envoyer une notification par courriel lorsque je reois un message priv.: Oui\n	\n\nhttp://top.sublime-voyance.be/index.php/dashboard/users/search/view/4\r\n--=_200de5f17c725b07fd808370a27c7110\r\nContent-Type: text/html; charset=UTF-8\r\nContent-Transfer-Encoding: 8bit\r\n\r\n<h2>Nouvel enregistrement de membre</h2>\nUn nouvel utilisateur c\'est enregistr sur votre site internet.<br />\n<br />\nNom d\'utilisateur: <b>JUdith</b><br />\nAdresse lectronique: <b>judith@sublime-voyance.be</b><br />\n<br />\n	<ul>\n			<li>J\'aimerais recevoir des messages privs.: Oui</li>\n			<li>M\'envoyer une notification par courriel lorsque je reois un message priv.: Oui</li>\n		</ul>\n<br />\n<br />\n<a href=\"http://top.sublime-voyance.be/index.php/dashboard/users/search/view/4\">http://top.sublime-voyance.be/index.php/dashboard/users/search/view/4</a>\n\r\n--=_200de5f17c725b07fd808370a27c7110--',0,200),(480,'sent_emails',1425910988,'**LES COURRIELS SONT ACTIVS. CE COURRIEL A T ENVOY  mail()**\nModle utilis: validate_user_email\nDtails du courriel: Date: Mon, 09 Mar 2015 15:23:08 +0100\r\nFrom: concrete5-noreply@top.sublime-voyance.be\r\nSubject: =?UTF-8?Q?S-V=20Enregistrement=20-=20Valider=20l\'adresse=20de=20courriel?=\r\nTo: judith@sublime-voyance.be\r\nMIME-Version: 1.0\r\nContent-Type: text/plain;\r\n charset=\"UTF-8\"\r\nContent-Transfer-Encoding: 8bit\r\nSender: \r\n\r\nVous devez cliquer sur l\'URL suivant pour activer votre compte sur S-V: \n\nhttp://top.sublime-voyance.be/login/callback/concrete/v/yRCYv7vfGEVA \n\nMerci de votre intrt pour S-V',0,200),(481,'application',1425928678,'Page \"Conseiller(e)\" du chemin \"/team/careers/conseillere\" dplace  la corbeille',1,100),(482,'exceptions',1430056074,'Une exception est survenue:C:\\xampp\\htdocs\\w\\wwwsubl\\public_html\\top_sublime-voyance_be\\application\\blocks\\operators_c7\\controller.php:115 Cannot redeclare class Application\\Block\\FaqC7\\Controller (64)\n',1,600),(483,'exceptions',1430222296,'Exception Occurred: C:\\xampp\\htdocs\\w\\wwwsubl\\public_html\\top_sublime-voyance_be\\concrete\\vendor\\oyejorge\\less.php\\lib\\Less\\Parser.php:475 ParseError: Unexpected input in main.less on line 12, column 1\n10| /* Import our theme fonts */\n11| //@import \"build/fonts.less\";\n12| @import\n13| \n14| ~\n15|  (0)\n',1,600),(484,'exceptions',1430222301,'Exception Occurred: C:\\xampp\\htdocs\\w\\wwwsubl\\public_html\\top_sublime-voyance_be\\concrete\\vendor\\oyejorge\\less.php\\lib\\Less\\Parser.php:475 ParseError: Unexpected input in main.less on line 12, column 1\n10| /* Import our theme fonts */\n11| //@import \"build/fonts.less\";\n12| @import\n13| \n14| ~\n15|  (0)\n',1,600),(485,'exceptions',1430222304,'Exception Occurred: C:\\xampp\\htdocs\\w\\wwwsubl\\public_html\\top_sublime-voyance_be\\concrete\\vendor\\oyejorge\\less.php\\lib\\Less\\Parser.php:475 ParseError: Unexpected input in main.less on line 12, column 1\n10| /* Import our theme fonts */\n11| //@import \"build/fonts.less\";\n12| @import\n13| \n14| ~\n15|  (0)\n',1,600),(486,'exceptions',1430222307,'Exception Occurred: C:\\xampp\\htdocs\\w\\wwwsubl\\public_html\\top_sublime-voyance_be\\concrete\\vendor\\oyejorge\\less.php\\lib\\Less\\Parser.php:475 ParseError: Unexpected input in main.less on line 12, column 1\n10| /* Import our theme fonts */\n11| //@import \"build/fonts.less\";\n12| @import\n13| \n14| ~\n15|  (0)\n',1,600),(487,'exceptions',1430222308,'Exception Occurred: C:\\xampp\\htdocs\\w\\wwwsubl\\public_html\\top_sublime-voyance_be\\concrete\\vendor\\oyejorge\\less.php\\lib\\Less\\Parser.php:475 ParseError: Unexpected input in main.less on line 12, column 1\n10| /* Import our theme fonts */\n11| //@import \"build/fonts.less\";\n12| @import\n13| \n14| ~\n15|  (0)\n',1,600),(488,'exceptions',1430222310,'Exception Occurred: C:\\xampp\\htdocs\\w\\wwwsubl\\public_html\\top_sublime-voyance_be\\concrete\\vendor\\oyejorge\\less.php\\lib\\Less\\Parser.php:475 ParseError: Unexpected input in main.less on line 12, column 1\n10| /* Import our theme fonts */\n11| //@import \"build/fonts.less\";\n12| @import\n13| \n14| ~\n15|  (0)\n',1,600),(489,'exceptions',1430222564,'Exception Occurred: C:\\xampp\\htdocs\\w\\wwwsubl\\public_html\\top_sublime-voyance_be\\concrete\\vendor\\oyejorge\\less.php\\lib\\Less\\Parser.php:475 ParseError: Unexpected input in main.less on line 12, column 1\n10| /* Import our theme fonts */\n11| //@import \"build/fonts.less\";\n12| @import\n13| \n14| ~\n15|  (0)\n',1,600),(490,'exceptions',1430222564,'Exception Occurred: C:\\xampp\\htdocs\\w\\wwwsubl\\public_html\\top_sublime-voyance_be\\concrete\\vendor\\oyejorge\\less.php\\lib\\Less\\Parser.php:475 ParseError: Unexpected input in main.less on line 12, column 1\n10| /* Import our theme fonts */\n11| //@import \"build/fonts.less\";\n12| @import\n13| \n14| ~\n15|  (0)\n',1,600),(491,'exceptions',1430222568,'Exception Occurred: C:\\xampp\\htdocs\\w\\wwwsubl\\public_html\\top_sublime-voyance_be\\concrete\\vendor\\oyejorge\\less.php\\lib\\Less\\Parser.php:475 ParseError: Unexpected input in main.less on line 12, column 1\n10| /* Import our theme fonts */\n11| //@import \"build/fonts.less\";\n12| @import\n13| \n14| ~\n15|  (0)\n',1,600),(492,'exceptions',1430222580,'Exception Occurred: C:\\xampp\\htdocs\\w\\wwwsubl\\public_html\\top_sublime-voyance_be\\concrete\\vendor\\oyejorge\\less.php\\lib\\Less\\Parser.php:475 ParseError: Unexpected input in main.less on line 12, column 1\n10| /* Import our theme fonts */\n11| //@import \"build/fonts.less\";\n12| @import\n13| \n14| ~\n15|  (0)\n',1,600),(493,'exceptions',1430222606,'Exception Occurred: C:\\xampp\\htdocs\\w\\wwwsubl\\public_html\\top_sublime-voyance_be\\concrete\\vendor\\oyejorge\\less.php\\lib\\Less\\Parser.php:475 ParseError: Unexpected input in main.less on line 12, column 1\n10| /* Import our theme fonts */\n11| //@import \"build/fonts.less\";\n12| @import\n13| \n14| ~\n15|  (0)\n',1,600),(494,'exceptions',1430222610,'Exception Occurred: C:\\xampp\\htdocs\\w\\wwwsubl\\public_html\\top_sublime-voyance_be\\concrete\\vendor\\oyejorge\\less.php\\lib\\Less\\Parser.php:475 ParseError: Unexpected input in main.less on line 12, column 1\n10| /* Import our theme fonts */\n11| //@import \"build/fonts.less\";\n12| @import\n13| \n14| ~\n15|  (0)\n',1,600),(495,'exceptions',1430222631,'Exception Occurred: C:\\xampp\\htdocs\\w\\wwwsubl\\public_html\\top_sublime-voyance_be\\concrete\\vendor\\oyejorge\\less.php\\lib\\Less\\Parser.php:475 ParseError: Unexpected input in main.less on line 12, column 1\n10| /* Import our theme fonts */\n11| //@import \"build/fonts.less\";\n12| @import\n13| \n14| ~\n15|  (0)\n',1,600),(496,'exceptions',1430222714,'Exception Occurred: C:\\xampp\\htdocs\\w\\wwwsubl\\public_html\\top_sublime-voyance_be\\concrete\\vendor\\oyejorge\\less.php\\lib\\Less\\Parser.php:475 ParseError: Unexpected input in main.less on line 12, column 1\n10| /* Import our theme fonts */\n11| //@import \"build/fonts.less\";\n12| @import\n13| \n14| ~\n15|  (0)\n',1,600),(497,'exceptions',1430222737,'Exception Occurred: C:\\xampp\\htdocs\\w\\wwwsubl\\public_html\\top_sublime-voyance_be\\concrete\\vendor\\oyejorge\\less.php\\lib\\Less\\Parser.php:475 ParseError: Unexpected input in main.less on line 12, column 1\n10| /* Import our theme fonts */\n11| //@import \"build/fonts.less\";\n12| @import\n13| \n14| ~\n15|  (0)\n',1,600),(498,'exceptions',1430222758,'Exception Occurred: C:\\xampp\\htdocs\\w\\wwwsubl\\public_html\\top_sublime-voyance_be\\concrete\\vendor\\oyejorge\\less.php\\lib\\Less\\Parser.php:475 ParseError: Unexpected input in main.less on line 12, column 1\n10| /* Import our theme fonts */\n11| //@import \"build/fonts.less\";\n12| @import\n13| \n14| ~\n15|  (0)\n',1,600),(499,'exceptions',1430225815,'Exception Occurred: C:\\xampp\\htdocs\\w\\wwwsubl\\public_html\\top_sublime-voyance_be\\concrete\\vendor\\oyejorge\\less.php\\lib\\Less\\Parser.php:2527 File `../../../css/build/core/include/mixins.less` not found. in main.less (0)\n',1,600),(500,'exceptions',1430225874,'Exception Occurred: C:\\xampp\\htdocs\\w\\wwwsubl\\public_html\\top_sublime-voyance_be\\concrete\\vendor\\oyejorge\\less.php\\lib\\Less\\Parser.php:2527 File `../../../css/build/core/include/mixins.less` not found. in main.less (0)\n',1,600),(501,'exceptions',1430229410,'Exception Occurred: C:\\xampp\\htdocs\\w\\wwwsubl\\public_html\\top_sublime-voyance_be\\application\\themes\\urbanic\\pages\\contact.php:28 Call to undefined function t_() (1)\n',1,600),(502,'exceptions',1430247527,'Exception Occurred: C:\\xampp\\htdocs\\w\\wwwsubl\\public_html\\top_sublime-voyance_be\\concrete\\src\\StyleCustomizer\\Stylesheet.php:58 file_put_contents(C:/xampp/htdocs/w/wwwsubl/public_html/top_sublime-voyance_be/application/files/cache/css/urbanic/templatemo_style.css): failed to open stream: Permission denied (2)\n',1,600),(503,'exceptions',1430483858,'Exception Occurred: C:\\xampp\\htdocs\\w\\wwwsubl\\public_html\\top_sublime-voyance_be\\concrete\\vendor\\doctrine\\dbal\\lib\\Doctrine\\DBAL\\Driver\\AbstractMySQLDriver.php:71 An exception occurred while executing \'SELECT t0.cPath AS cPath1, t0.ppID AS ppID2, t0.cID AS cID3, t0.ppIsCanonical AS ppIsCanonical4, t0.ppGeneratedFromURLSlugs AS ppGeneratedFromURLSlugs5 FROM PagePaths t0 WHERE t0.cID = ? AND t0.ppIsCanonical = ?\' with params [\"1\", 0]:\n\nSQLSTATE[42S22]: Column not found: 1054 Unknown column \'t0.ppGeneratedFromURLSlugs\' in \'field list\' (0)\n',1,600),(504,'exceptions',1430483875,'Exception Occurred: C:\\xampp\\htdocs\\w\\wwwsubl\\public_html\\top_sublime-voyance_be\\concrete\\vendor\\doctrine\\dbal\\lib\\Doctrine\\DBAL\\Driver\\AbstractMySQLDriver.php:71 An exception occurred while executing \'SELECT t0.cPath AS cPath1, t0.ppID AS ppID2, t0.cID AS cID3, t0.ppIsCanonical AS ppIsCanonical4, t0.ppGeneratedFromURLSlugs AS ppGeneratedFromURLSlugs5 FROM PagePaths t0 WHERE t0.cID = ? AND t0.ppIsCanonical = ?\' with params [\"1\", 0]:\n\nSQLSTATE[42S22]: Column not found: 1054 Unknown column \'t0.ppGeneratedFromURLSlugs\' in \'field list\' (0)\n',1,600),(505,'exceptions',1431156367,'Exception Occurred: /var/sentora/hostdata/wwwsubl/public_html/top_sublime-voyance_be/concrete/vendor/doctrine/dbal/lib/Doctrine/DBAL/Driver/AbstractMySQLDriver.php:71 An exception occurred while executing \'SELECT t0.cPath AS cPath1, t0.ppID AS ppID2, t0.cID AS cID3, t0.ppIsCanonical AS ppIsCanonical4, t0.ppGeneratedFromURLSlugs AS ppGeneratedFromURLSlugs5 FROM PagePaths t0 WHERE t0.cID = ? AND t0.ppIsCanonical = ?\' with params [\"1\", 0]:\n\nSQLSTATE[42S22]: Column not found: 1054 Unknown column \'t0.ppGeneratedFromURLSlugs\' in \'field list\' (0)\n',0,600),(506,'exceptions',1431159312,'Exception Occurred: /var/sentora/hostdata/wwwsubl/public_html/top_sublime-voyance_be/concrete/vendor/doctrine/dbal/lib/Doctrine/DBAL/Driver/AbstractMySQLDriver.php:71 An exception occurred while executing \'SELECT t0.cPath AS cPath1, t0.ppID AS ppID2, t0.cID AS cID3, t0.ppIsCanonical AS ppIsCanonical4, t0.ppGeneratedFromURLSlugs AS ppGeneratedFromURLSlugs5 FROM PagePaths t0 WHERE t0.cID = ? AND t0.ppIsCanonical = ?\' with params [\"1\", 0]:\n\nSQLSTATE[42S22]: Column not found: 1054 Unknown column \'t0.ppGeneratedFromURLSlugs\' in \'field list\' (0)\n',0,600),(507,'exceptions',1431263803,'Exception Occurred: /var/sentora/hostdata/wwwsubl/public_html/top_sublime-voyance_be/concrete/vendor/doctrine/dbal/lib/Doctrine/DBAL/Driver/AbstractMySQLDriver.php:71 An exception occurred while executing \'SELECT t0.cPath AS cPath1, t0.ppID AS ppID2, t0.cID AS cID3, t0.ppIsCanonical AS ppIsCanonical4, t0.ppGeneratedFromURLSlugs AS ppGeneratedFromURLSlugs5 FROM PagePaths t0 WHERE t0.cID = ? AND t0.ppIsCanonical = ?\' with params [\"1\", 0]:\n\nSQLSTATE[42S22]: Column not found: 1054 Unknown column \'t0.ppGeneratedFromURLSlugs\' in \'field list\' (0)\n',0,600),(508,'exceptions',1431440392,'Exception Occurred: /var/sentora/hostdata/wwwsubl/public_html/top_sublime-voyance_be/concrete/vendor/doctrine/dbal/lib/Doctrine/DBAL/Driver/AbstractMySQLDriver.php:71 An exception occurred while executing \'SELECT t0.cPath AS cPath1, t0.ppID AS ppID2, t0.cID AS cID3, t0.ppIsCanonical AS ppIsCanonical4, t0.ppGeneratedFromURLSlugs AS ppGeneratedFromURLSlugs5 FROM PagePaths t0 WHERE t0.cID = ? AND t0.ppIsCanonical = ?\' with params [\"1\", 0]:\n\nSQLSTATE[42S22]: Column not found: 1054 Unknown column \'t0.ppGeneratedFromURLSlugs\' in \'field list\' (0)\n',0,600),(509,'exceptions',1431454440,'Exception Occurred: /var/sentora/hostdata/wwwsubl/public_html/top_sublime-voyance_be/concrete/vendor/doctrine/dbal/lib/Doctrine/DBAL/Driver/AbstractMySQLDriver.php:71 An exception occurred while executing \'SELECT t0.cPath AS cPath1, t0.ppID AS ppID2, t0.cID AS cID3, t0.ppIsCanonical AS ppIsCanonical4, t0.ppGeneratedFromURLSlugs AS ppGeneratedFromURLSlugs5 FROM PagePaths t0 WHERE t0.cID = ? AND t0.ppIsCanonical = ?\' with params [\"1\", 0]:\n\nSQLSTATE[42S22]: Column not found: 1054 Unknown column \'t0.ppGeneratedFromURLSlugs\' in \'field list\' (0)\n',0,600),(510,'exceptions',1431454441,'Exception Occurred: /var/sentora/hostdata/wwwsubl/public_html/top_sublime-voyance_be/concrete/vendor/doctrine/dbal/lib/Doctrine/DBAL/Driver/AbstractMySQLDriver.php:71 An exception occurred while executing \'SELECT t0.cPath AS cPath1, t0.ppID AS ppID2, t0.cID AS cID3, t0.ppIsCanonical AS ppIsCanonical4, t0.ppGeneratedFromURLSlugs AS ppGeneratedFromURLSlugs5 FROM PagePaths t0 WHERE t0.cID = ? AND t0.ppIsCanonical = ?\' with params [\"1\", 0]:\n\nSQLSTATE[42S22]: Column not found: 1054 Unknown column \'t0.ppGeneratedFromURLSlugs\' in \'field list\' (0)\n',0,600),(511,'exceptions',1431454441,'Exception Occurred: /var/sentora/hostdata/wwwsubl/public_html/top_sublime-voyance_be/concrete/vendor/doctrine/dbal/lib/Doctrine/DBAL/Driver/AbstractMySQLDriver.php:71 An exception occurred while executing \'SELECT t0.cPath AS cPath1, t0.ppID AS ppID2, t0.cID AS cID3, t0.ppIsCanonical AS ppIsCanonical4, t0.ppGeneratedFromURLSlugs AS ppGeneratedFromURLSlugs5 FROM PagePaths t0 WHERE t0.cID = ? AND t0.ppIsCanonical = ?\' with params [\"1\", 0]:\n\nSQLSTATE[42S22]: Column not found: 1054 Unknown column \'t0.ppGeneratedFromURLSlugs\' in \'field list\' (0)\n',0,600),(512,'exceptions',1431454447,'Exception Occurred: /var/sentora/hostdata/wwwsubl/public_html/top_sublime-voyance_be/concrete/vendor/doctrine/dbal/lib/Doctrine/DBAL/Driver/AbstractMySQLDriver.php:71 An exception occurred while executing \'SELECT t0.cPath AS cPath1, t0.ppID AS ppID2, t0.cID AS cID3, t0.ppIsCanonical AS ppIsCanonical4, t0.ppGeneratedFromURLSlugs AS ppGeneratedFromURLSlugs5 FROM PagePaths t0 WHERE t0.cID = ? AND t0.ppIsCanonical = ?\' with params [\"1\", 0]:\n\nSQLSTATE[42S22]: Column not found: 1054 Unknown column \'t0.ppGeneratedFromURLSlugs\' in \'field list\' (0)\n',0,600),(513,'exceptions',1431454453,'Exception Occurred: /var/sentora/hostdata/wwwsubl/public_html/top_sublime-voyance_be/concrete/vendor/doctrine/dbal/lib/Doctrine/DBAL/Driver/AbstractMySQLDriver.php:71 An exception occurred while executing \'SELECT t0.cPath AS cPath1, t0.ppID AS ppID2, t0.cID AS cID3, t0.ppIsCanonical AS ppIsCanonical4, t0.ppGeneratedFromURLSlugs AS ppGeneratedFromURLSlugs5 FROM PagePaths t0 WHERE t0.cID = ? AND t0.ppIsCanonical = ?\' with params [\"1\", 0]:\n\nSQLSTATE[42S22]: Column not found: 1054 Unknown column \'t0.ppGeneratedFromURLSlugs\' in \'field list\' (0)\n',0,600),(514,'exceptions',1431454456,'Exception Occurred: /var/sentora/hostdata/wwwsubl/public_html/top_sublime-voyance_be/concrete/vendor/doctrine/dbal/lib/Doctrine/DBAL/Driver/AbstractMySQLDriver.php:71 An exception occurred while executing \'SELECT t0.cPath AS cPath1, t0.ppID AS ppID2, t0.cID AS cID3, t0.ppIsCanonical AS ppIsCanonical4, t0.ppGeneratedFromURLSlugs AS ppGeneratedFromURLSlugs5 FROM PagePaths t0 WHERE t0.cID = ? AND t0.ppIsCanonical = ?\' with params [\"1\", 0]:\n\nSQLSTATE[42S22]: Column not found: 1054 Unknown column \'t0.ppGeneratedFromURLSlugs\' in \'field list\' (0)\n',0,600),(515,'exceptions',1431454461,'Exception Occurred: /var/sentora/hostdata/wwwsubl/public_html/top_sublime-voyance_be/concrete/vendor/doctrine/dbal/lib/Doctrine/DBAL/Driver/AbstractMySQLDriver.php:71 An exception occurred while executing \'SELECT t0.cPath AS cPath1, t0.ppID AS ppID2, t0.cID AS cID3, t0.ppIsCanonical AS ppIsCanonical4, t0.ppGeneratedFromURLSlugs AS ppGeneratedFromURLSlugs5 FROM PagePaths t0 WHERE t0.cID = ? AND t0.ppIsCanonical = ?\' with params [\"1\", 0]:\n\nSQLSTATE[42S22]: Column not found: 1054 Unknown column \'t0.ppGeneratedFromURLSlugs\' in \'field list\' (0)\n',0,600),(516,'exceptions',1431454465,'Exception Occurred: /var/sentora/hostdata/wwwsubl/public_html/top_sublime-voyance_be/concrete/vendor/doctrine/dbal/lib/Doctrine/DBAL/Driver/AbstractMySQLDriver.php:71 An exception occurred while executing \'SELECT t0.cPath AS cPath1, t0.ppID AS ppID2, t0.cID AS cID3, t0.ppIsCanonical AS ppIsCanonical4, t0.ppGeneratedFromURLSlugs AS ppGeneratedFromURLSlugs5 FROM PagePaths t0 WHERE t0.cID = ? AND t0.ppIsCanonical = ?\' with params [\"1\", 0]:\n\nSQLSTATE[42S22]: Column not found: 1054 Unknown column \'t0.ppGeneratedFromURLSlugs\' in \'field list\' (0)\n',0,600),(517,'exceptions',1431454472,'Exception Occurred: /var/sentora/hostdata/wwwsubl/public_html/top_sublime-voyance_be/concrete/vendor/doctrine/dbal/lib/Doctrine/DBAL/Driver/AbstractMySQLDriver.php:71 An exception occurred while executing \'SELECT t0.cPath AS cPath1, t0.ppID AS ppID2, t0.cID AS cID3, t0.ppIsCanonical AS ppIsCanonical4, t0.ppGeneratedFromURLSlugs AS ppGeneratedFromURLSlugs5 FROM PagePaths t0 WHERE t0.cID = ? AND t0.ppIsCanonical = ?\' with params [\"1\", 0]:\n\nSQLSTATE[42S22]: Column not found: 1054 Unknown column \'t0.ppGeneratedFromURLSlugs\' in \'field list\' (0)\n',0,600),(518,'exceptions',1431462775,'Exception Occurred: /var/sentora/hostdata/wwwsubl/public_html/top_sublime-voyance_be/concrete/vendor/doctrine/dbal/lib/Doctrine/DBAL/Driver/AbstractMySQLDriver.php:71 An exception occurred while executing \'SELECT t0.cPath AS cPath1, t0.ppID AS ppID2, t0.cID AS cID3, t0.ppIsCanonical AS ppIsCanonical4, t0.ppGeneratedFromURLSlugs AS ppGeneratedFromURLSlugs5 FROM PagePaths t0 WHERE t0.cID = ? AND t0.ppIsCanonical = ?\' with params [\"1\", 0]:\n\nSQLSTATE[42S22]: Column not found: 1054 Unknown column \'t0.ppGeneratedFromURLSlugs\' in \'field list\' (0)\n',0,600),(519,'exceptions',1431560745,'Exception Occurred: /var/sentora/hostdata/wwwsubl/public_html/top_sublime-voyance_be/concrete/vendor/doctrine/dbal/lib/Doctrine/DBAL/Driver/AbstractMySQLDriver.php:71 An exception occurred while executing \'SELECT t0.cPath AS cPath1, t0.ppID AS ppID2, t0.cID AS cID3, t0.ppIsCanonical AS ppIsCanonical4, t0.ppGeneratedFromURLSlugs AS ppGeneratedFromURLSlugs5 FROM PagePaths t0 WHERE t0.cID = ? AND t0.ppIsCanonical = ?\' with params [\"1\", 0]:\n\nSQLSTATE[42S22]: Column not found: 1054 Unknown column \'t0.ppGeneratedFromURLSlugs\' in \'field list\' (0)\n',0,600),(520,'exceptions',1431641710,'Exception Occurred: /var/sentora/hostdata/wwwsubl/public_html/top_sublime-voyance_be/concrete/vendor/doctrine/dbal/lib/Doctrine/DBAL/Driver/AbstractMySQLDriver.php:71 An exception occurred while executing \'SELECT t0.cPath AS cPath1, t0.ppID AS ppID2, t0.cID AS cID3, t0.ppIsCanonical AS ppIsCanonical4, t0.ppGeneratedFromURLSlugs AS ppGeneratedFromURLSlugs5 FROM PagePaths t0 WHERE t0.cID = ? AND t0.ppIsCanonical = ?\' with params [\"1\", 0]:\n\nSQLSTATE[42S22]: Column not found: 1054 Unknown column \'t0.ppGeneratedFromURLSlugs\' in \'field list\' (0)\n',0,600),(521,'exceptions',1432024418,'Exception Occurred: /var/sentora/hostdata/wwwsubl/public_html/top_sublime-voyance_be/concrete/vendor/doctrine/dbal/lib/Doctrine/DBAL/Driver/AbstractMySQLDriver.php:71 An exception occurred while executing \'SELECT t0.cPath AS cPath1, t0.ppID AS ppID2, t0.cID AS cID3, t0.ppIsCanonical AS ppIsCanonical4, t0.ppGeneratedFromURLSlugs AS ppGeneratedFromURLSlugs5 FROM PagePaths t0 WHERE t0.cID = ? AND t0.ppIsCanonical = ?\' with params [\"1\", 0]:\n\nSQLSTATE[42S22]: Column not found: 1054 Unknown column \'t0.ppGeneratedFromURLSlugs\' in \'field list\' (0)\n',0,600),(522,'exceptions',1432052246,'Exception Occurred: /var/sentora/hostdata/wwwsubl/public_html/top_sublime-voyance_be/concrete/vendor/doctrine/dbal/lib/Doctrine/DBAL/Driver/AbstractMySQLDriver.php:71 An exception occurred while executing \'SELECT t0.cPath AS cPath1, t0.ppID AS ppID2, t0.cID AS cID3, t0.ppIsCanonical AS ppIsCanonical4, t0.ppGeneratedFromURLSlugs AS ppGeneratedFromURLSlugs5 FROM PagePaths t0 WHERE t0.cID = ? AND t0.ppIsCanonical = ?\' with params [\"1\", 0]:\n\nSQLSTATE[42S22]: Column not found: 1054 Unknown column \'t0.ppGeneratedFromURLSlugs\' in \'field list\' (0)\n',0,600),(523,'exceptions',1432286329,'Exception Occurred: /var/sentora/hostdata/wwwsubl/public_html/top_sublime-voyance_be/concrete/vendor/doctrine/dbal/lib/Doctrine/DBAL/Driver/AbstractMySQLDriver.php:71 An exception occurred while executing \'SELECT t0.cPath AS cPath1, t0.ppID AS ppID2, t0.cID AS cID3, t0.ppIsCanonical AS ppIsCanonical4, t0.ppGeneratedFromURLSlugs AS ppGeneratedFromURLSlugs5 FROM PagePaths t0 WHERE t0.cID = ? AND t0.ppIsCanonical = ?\' with params [\"1\", 0]:\n\nSQLSTATE[42S22]: Column not found: 1054 Unknown column \'t0.ppGeneratedFromURLSlugs\' in \'field list\' (0)\n',0,600),(524,'exceptions',1432550487,'Exception Occurred: /var/sentora/hostdata/wwwsubl/public_html/top_sublime-voyance_be/concrete/vendor/doctrine/dbal/lib/Doctrine/DBAL/Driver/AbstractMySQLDriver.php:71 An exception occurred while executing \'SELECT t0.cPath AS cPath1, t0.ppID AS ppID2, t0.cID AS cID3, t0.ppIsCanonical AS ppIsCanonical4, t0.ppGeneratedFromURLSlugs AS ppGeneratedFromURLSlugs5 FROM PagePaths t0 WHERE t0.cID = ? AND t0.ppIsCanonical = ?\' with params [\"1\", 0]:\n\nSQLSTATE[42S22]: Column not found: 1054 Unknown column \'t0.ppGeneratedFromURLSlugs\' in \'field list\' (0)\n',0,600),(525,'exceptions',1432672820,'Exception Occurred: /var/sentora/hostdata/wwwsubl/public_html/top_sublime-voyance_be/concrete/vendor/doctrine/dbal/lib/Doctrine/DBAL/Driver/AbstractMySQLDriver.php:71 An exception occurred while executing \'SELECT t0.cPath AS cPath1, t0.ppID AS ppID2, t0.cID AS cID3, t0.ppIsCanonical AS ppIsCanonical4, t0.ppGeneratedFromURLSlugs AS ppGeneratedFromURLSlugs5 FROM PagePaths t0 WHERE t0.cID = ? AND t0.ppIsCanonical = ?\' with params [\"1\", 0]:\n\nSQLSTATE[42S22]: Column not found: 1054 Unknown column \'t0.ppGeneratedFromURLSlugs\' in \'field list\' (0)\n',0,600),(526,'exceptions',1432889261,'Exception Occurred: /var/sentora/hostdata/wwwsubl/public_html/top_sublime-voyance_be/concrete/vendor/doctrine/dbal/lib/Doctrine/DBAL/Driver/AbstractMySQLDriver.php:71 An exception occurred while executing \'SELECT t0.cPath AS cPath1, t0.ppID AS ppID2, t0.cID AS cID3, t0.ppIsCanonical AS ppIsCanonical4, t0.ppGeneratedFromURLSlugs AS ppGeneratedFromURLSlugs5 FROM PagePaths t0 WHERE t0.cID = ? AND t0.ppIsCanonical = ?\' with params [\"1\", 0]:\n\nSQLSTATE[42S22]: Column not found: 1054 Unknown column \'t0.ppGeneratedFromURLSlugs\' in \'field list\' (0)\n',0,600),(527,'exceptions',1432894483,'Exception Occurred: /var/sentora/hostdata/wwwsubl/public_html/top_sublime-voyance_be/concrete/vendor/doctrine/dbal/lib/Doctrine/DBAL/Driver/AbstractMySQLDriver.php:71 An exception occurred while executing \'SELECT t0.cPath AS cPath1, t0.ppID AS ppID2, t0.cID AS cID3, t0.ppIsCanonical AS ppIsCanonical4, t0.ppGeneratedFromURLSlugs AS ppGeneratedFromURLSlugs5 FROM PagePaths t0 WHERE t0.cID = ? AND t0.ppIsCanonical = ?\' with params [\"1\", 0]:\n\nSQLSTATE[42S22]: Column not found: 1054 Unknown column \'t0.ppGeneratedFromURLSlugs\' in \'field list\' (0)\n',0,600),(528,'exceptions',1433003046,'Exception Occurred: /var/sentora/hostdata/wwwsubl/public_html/top_sublime-voyance_be/concrete/vendor/doctrine/dbal/lib/Doctrine/DBAL/Driver/AbstractMySQLDriver.php:71 An exception occurred while executing \'SELECT t0.cPath AS cPath1, t0.ppID AS ppID2, t0.cID AS cID3, t0.ppIsCanonical AS ppIsCanonical4, t0.ppGeneratedFromURLSlugs AS ppGeneratedFromURLSlugs5 FROM PagePaths t0 WHERE t0.cID = ? AND t0.ppIsCanonical = ?\' with params [\"1\", 0]:\n\nSQLSTATE[42S22]: Column not found: 1054 Unknown column \'t0.ppGeneratedFromURLSlugs\' in \'field list\' (0)\n',0,600),(529,'exceptions',1433035893,'Exception Occurred: /var/sentora/hostdata/wwwsubl/public_html/top_sublime-voyance_be/concrete/vendor/doctrine/dbal/lib/Doctrine/DBAL/Driver/AbstractMySQLDriver.php:71 An exception occurred while executing \'SELECT t0.cPath AS cPath1, t0.ppID AS ppID2, t0.cID AS cID3, t0.ppIsCanonical AS ppIsCanonical4, t0.ppGeneratedFromURLSlugs AS ppGeneratedFromURLSlugs5 FROM PagePaths t0 WHERE t0.cID = ? AND t0.ppIsCanonical = ?\' with params [\"1\", 0]:\n\nSQLSTATE[42S22]: Column not found: 1054 Unknown column \'t0.ppGeneratedFromURLSlugs\' in \'field list\' (0)\n',0,600),(530,'exceptions',1433211277,'Exception Occurred: /var/sentora/hostdata/wwwsubl/public_html/top_sublime-voyance_be/concrete/vendor/doctrine/dbal/lib/Doctrine/DBAL/Driver/AbstractMySQLDriver.php:71 An exception occurred while executing \'SELECT t0.cPath AS cPath1, t0.ppID AS ppID2, t0.cID AS cID3, t0.ppIsCanonical AS ppIsCanonical4, t0.ppGeneratedFromURLSlugs AS ppGeneratedFromURLSlugs5 FROM PagePaths t0 WHERE t0.cID = ? AND t0.ppIsCanonical = ?\' with params [\"1\", 0]:\n\nSQLSTATE[42S22]: Column not found: 1054 Unknown column \'t0.ppGeneratedFromURLSlugs\' in \'field list\' (0)\n',0,600),(531,'exceptions',1433212197,'Exception Occurred: /var/sentora/hostdata/wwwsubl/public_html/top_sublime-voyance_be/concrete/vendor/doctrine/dbal/lib/Doctrine/DBAL/Driver/AbstractMySQLDriver.php:71 An exception occurred while executing \'SELECT t0.cPath AS cPath1, t0.ppID AS ppID2, t0.cID AS cID3, t0.ppIsCanonical AS ppIsCanonical4, t0.ppGeneratedFromURLSlugs AS ppGeneratedFromURLSlugs5 FROM PagePaths t0 WHERE t0.cID = ? AND t0.ppIsCanonical = ?\' with params [\"1\", 0]:\n\nSQLSTATE[42S22]: Column not found: 1054 Unknown column \'t0.ppGeneratedFromURLSlugs\' in \'field list\' (0)\n',0,600),(532,'exceptions',1433338173,'Exception Occurred: /var/sentora/hostdata/wwwsubl/public_html/top_sublime-voyance_be/concrete/vendor/doctrine/dbal/lib/Doctrine/DBAL/Driver/AbstractMySQLDriver.php:71 An exception occurred while executing \'SELECT t0.cPath AS cPath1, t0.ppID AS ppID2, t0.cID AS cID3, t0.ppIsCanonical AS ppIsCanonical4, t0.ppGeneratedFromURLSlugs AS ppGeneratedFromURLSlugs5 FROM PagePaths t0 WHERE t0.cID = ? AND t0.ppIsCanonical = ?\' with params [\"1\", 0]:\n\nSQLSTATE[42S22]: Column not found: 1054 Unknown column \'t0.ppGeneratedFromURLSlugs\' in \'field list\' (0)\n',0,600),(533,'exceptions',1433422942,'Exception Occurred: /var/sentora/hostdata/wwwsubl/public_html/top_sublime-voyance_be/concrete/vendor/doctrine/dbal/lib/Doctrine/DBAL/Driver/AbstractMySQLDriver.php:71 An exception occurred while executing \'SELECT t0.cPath AS cPath1, t0.ppID AS ppID2, t0.cID AS cID3, t0.ppIsCanonical AS ppIsCanonical4, t0.ppGeneratedFromURLSlugs AS ppGeneratedFromURLSlugs5 FROM PagePaths t0 WHERE t0.cID = ? AND t0.ppIsCanonical = ?\' with params [\"1\", 0]:\n\nSQLSTATE[42S22]: Column not found: 1054 Unknown column \'t0.ppGeneratedFromURLSlugs\' in \'field list\' (0)\n',0,600),(534,'exceptions',1433424766,'Exception Occurred: /var/sentora/hostdata/wwwsubl/public_html/top_sublime-voyance_be/concrete/vendor/doctrine/dbal/lib/Doctrine/DBAL/Driver/AbstractMySQLDriver.php:71 An exception occurred while executing \'SELECT t0.cPath AS cPath1, t0.ppID AS ppID2, t0.cID AS cID3, t0.ppIsCanonical AS ppIsCanonical4, t0.ppGeneratedFromURLSlugs AS ppGeneratedFromURLSlugs5 FROM PagePaths t0 WHERE t0.cID = ? AND t0.ppIsCanonical = ?\' with params [\"1\", 0]:\n\nSQLSTATE[42S22]: Column not found: 1054 Unknown column \'t0.ppGeneratedFromURLSlugs\' in \'field list\' (0)\n',0,600),(535,'exceptions',1433425796,'Exception Occurred: /var/sentora/hostdata/wwwsubl/public_html/top_sublime-voyance_be/concrete/vendor/doctrine/dbal/lib/Doctrine/DBAL/Driver/AbstractMySQLDriver.php:71 An exception occurred while executing \'SELECT t0.cPath AS cPath1, t0.ppID AS ppID2, t0.cID AS cID3, t0.ppIsCanonical AS ppIsCanonical4, t0.ppGeneratedFromURLSlugs AS ppGeneratedFromURLSlugs5 FROM PagePaths t0 WHERE t0.cID = ? AND t0.ppIsCanonical = ?\' with params [\"1\", 0]:\n\nSQLSTATE[42S22]: Column not found: 1054 Unknown column \'t0.ppGeneratedFromURLSlugs\' in \'field list\' (0)\n',0,600),(536,'exceptions',1433425797,'Exception Occurred: /var/sentora/hostdata/wwwsubl/public_html/top_sublime-voyance_be/concrete/vendor/doctrine/dbal/lib/Doctrine/DBAL/Driver/AbstractMySQLDriver.php:71 An exception occurred while executing \'SELECT t0.cPath AS cPath1, t0.ppID AS ppID2, t0.cID AS cID3, t0.ppIsCanonical AS ppIsCanonical4, t0.ppGeneratedFromURLSlugs AS ppGeneratedFromURLSlugs5 FROM PagePaths t0 WHERE t0.cID = ? AND t0.ppIsCanonical = ?\' with params [\"1\", 0]:\n\nSQLSTATE[42S22]: Column not found: 1054 Unknown column \'t0.ppGeneratedFromURLSlugs\' in \'field list\' (0)\n',0,600),(537,'exceptions',1433558334,'Exception Occurred: /var/sentora/hostdata/wwwsubl/public_html/top_sublime-voyance_be/concrete/vendor/doctrine/dbal/lib/Doctrine/DBAL/Driver/AbstractMySQLDriver.php:71 An exception occurred while executing \'SELECT t0.cPath AS cPath1, t0.ppID AS ppID2, t0.cID AS cID3, t0.ppIsCanonical AS ppIsCanonical4, t0.ppGeneratedFromURLSlugs AS ppGeneratedFromURLSlugs5 FROM PagePaths t0 WHERE t0.cID = ? AND t0.ppIsCanonical = ?\' with params [\"1\", 0]:\n\nSQLSTATE[42S22]: Column not found: 1054 Unknown column \'t0.ppGeneratedFromURLSlugs\' in \'field list\' (0)\n',0,600),(538,'exceptions',1433832413,'Exception Occurred: /var/sentora/hostdata/wwwsubl/public_html/top_sublime-voyance_be/concrete/vendor/doctrine/dbal/lib/Doctrine/DBAL/Driver/AbstractMySQLDriver.php:71 An exception occurred while executing \'SELECT t0.cPath AS cPath1, t0.ppID AS ppID2, t0.cID AS cID3, t0.ppIsCanonical AS ppIsCanonical4, t0.ppGeneratedFromURLSlugs AS ppGeneratedFromURLSlugs5 FROM PagePaths t0 WHERE t0.cID = ? AND t0.ppIsCanonical = ?\' with params [\"1\", 0]:\n\nSQLSTATE[42S22]: Column not found: 1054 Unknown column \'t0.ppGeneratedFromURLSlugs\' in \'field list\' (0)\n',0,600),(539,'exceptions',1433839506,'Exception Occurred: /var/sentora/hostdata/wwwsubl/public_html/top_sublime-voyance_be/concrete/vendor/doctrine/dbal/lib/Doctrine/DBAL/Driver/AbstractMySQLDriver.php:71 An exception occurred while executing \'SELECT t0.cPath AS cPath1, t0.ppID AS ppID2, t0.cID AS cID3, t0.ppIsCanonical AS ppIsCanonical4, t0.ppGeneratedFromURLSlugs AS ppGeneratedFromURLSlugs5 FROM PagePaths t0 WHERE t0.cID = ? AND t0.ppIsCanonical = ?\' with params [\"1\", 0]:\n\nSQLSTATE[42S22]: Column not found: 1054 Unknown column \'t0.ppGeneratedFromURLSlugs\' in \'field list\' (0)\n',0,600),(540,'exceptions',1433938854,'Exception Occurred: /var/sentora/hostdata/wwwsubl/public_html/top_sublime-voyance_be/concrete/vendor/doctrine/dbal/lib/Doctrine/DBAL/Driver/AbstractMySQLDriver.php:71 An exception occurred while executing \'SELECT t0.cPath AS cPath1, t0.ppID AS ppID2, t0.cID AS cID3, t0.ppIsCanonical AS ppIsCanonical4, t0.ppGeneratedFromURLSlugs AS ppGeneratedFromURLSlugs5 FROM PagePaths t0 WHERE t0.cID = ? AND t0.ppIsCanonical = ?\' with params [\"1\", 0]:\n\nSQLSTATE[42S22]: Column not found: 1054 Unknown column \'t0.ppGeneratedFromURLSlugs\' in \'field list\' (0)\n',0,600),(541,'exceptions',1433938859,'Exception Occurred: /var/sentora/hostdata/wwwsubl/public_html/top_sublime-voyance_be/concrete/vendor/doctrine/dbal/lib/Doctrine/DBAL/Driver/AbstractMySQLDriver.php:71 An exception occurred while executing \'SELECT t0.cPath AS cPath1, t0.ppID AS ppID2, t0.cID AS cID3, t0.ppIsCanonical AS ppIsCanonical4, t0.ppGeneratedFromURLSlugs AS ppGeneratedFromURLSlugs5 FROM PagePaths t0 WHERE t0.cID = ? AND t0.ppIsCanonical = ?\' with params [\"1\", 0]:\n\nSQLSTATE[42S22]: Column not found: 1054 Unknown column \'t0.ppGeneratedFromURLSlugs\' in \'field list\' (0)\n',0,600),(542,'exceptions',1434022658,'Exception Occurred: /var/sentora/hostdata/wwwsubl/public_html/top_sublime-voyance_be/concrete/vendor/doctrine/dbal/lib/Doctrine/DBAL/Driver/AbstractMySQLDriver.php:71 An exception occurred while executing \'SELECT t0.cPath AS cPath1, t0.ppID AS ppID2, t0.cID AS cID3, t0.ppIsCanonical AS ppIsCanonical4, t0.ppGeneratedFromURLSlugs AS ppGeneratedFromURLSlugs5 FROM PagePaths t0 WHERE t0.cID = ? AND t0.ppIsCanonical = ?\' with params [\"1\", 0]:\n\nSQLSTATE[42S22]: Column not found: 1054 Unknown column \'t0.ppGeneratedFromURLSlugs\' in \'field list\' (0)\n',1,600),(543,'exceptions',1434022665,'Exception Occurred: /var/sentora/hostdata/wwwsubl/public_html/top_sublime-voyance_be/concrete/vendor/doctrine/dbal/lib/Doctrine/DBAL/Driver/AbstractMySQLDriver.php:71 An exception occurred while executing \'SELECT t0.cPath AS cPath1, t0.ppID AS ppID2, t0.cID AS cID3, t0.ppIsCanonical AS ppIsCanonical4, t0.ppGeneratedFromURLSlugs AS ppGeneratedFromURLSlugs5 FROM PagePaths t0 WHERE t0.cID = ? AND t0.ppIsCanonical = ?\' with params [\"1\", 0]:\n\nSQLSTATE[42S22]: Column not found: 1054 Unknown column \'t0.ppGeneratedFromURLSlugs\' in \'field list\' (0)\n',1,600),(544,'exceptions',1434022674,'Exception Occurred: /var/sentora/hostdata/wwwsubl/public_html/top_sublime-voyance_be/concrete/vendor/doctrine/dbal/lib/Doctrine/DBAL/Driver/AbstractMySQLDriver.php:71 An exception occurred while executing \'SELECT t0.cPath AS cPath1, t0.ppID AS ppID2, t0.cID AS cID3, t0.ppIsCanonical AS ppIsCanonical4, t0.ppGeneratedFromURLSlugs AS ppGeneratedFromURLSlugs5 FROM PagePaths t0 WHERE t0.cID = ? AND t0.ppIsCanonical = ?\' with params [\"1\", 0]:\n\nSQLSTATE[42S22]: Column not found: 1054 Unknown column \'t0.ppGeneratedFromURLSlugs\' in \'field list\' (0)\n',1,600),(545,'exceptions',1434294556,'Exception Occurred: /var/sentora/hostdata/wwwsubl/public_html/top_sublime-voyance_be/concrete/vendor/doctrine/dbal/lib/Doctrine/DBAL/Driver/AbstractMySQLDriver.php:71 An exception occurred while executing \'SELECT t0.cPath AS cPath1, t0.ppID AS ppID2, t0.cID AS cID3, t0.ppIsCanonical AS ppIsCanonical4, t0.ppGeneratedFromURLSlugs AS ppGeneratedFromURLSlugs5 FROM PagePaths t0 WHERE t0.cID = ? AND t0.ppIsCanonical = ?\' with params [\"1\", 0]:\n\nSQLSTATE[42S22]: Column not found: 1054 Unknown column \'t0.ppGeneratedFromURLSlugs\' in \'field list\' (0)\n',0,600),(546,'exceptions',1434494192,'Exception Occurred: /var/sentora/hostdata/wwwsubl/public_html/top_sublime-voyance_be/concrete/vendor/doctrine/dbal/lib/Doctrine/DBAL/Driver/AbstractMySQLDriver.php:71 An exception occurred while executing \'SELECT t0.cPath AS cPath1, t0.ppID AS ppID2, t0.cID AS cID3, t0.ppIsCanonical AS ppIsCanonical4, t0.ppGeneratedFromURLSlugs AS ppGeneratedFromURLSlugs5 FROM PagePaths t0 WHERE t0.cID = ? AND t0.ppIsCanonical = ?\' with params [\"1\", 0]:\n\nSQLSTATE[42S22]: Column not found: 1054 Unknown column \'t0.ppGeneratedFromURLSlugs\' in \'field list\' (0)\n',0,600),(547,'exceptions',1434812948,'Exception Occurred: /var/sentora/hostdata/wwwsubl/public_html/top_sublime-voyance_be/concrete/vendor/doctrine/dbal/lib/Doctrine/DBAL/Driver/AbstractMySQLDriver.php:71 An exception occurred while executing \'SELECT t0.cPath AS cPath1, t0.ppID AS ppID2, t0.cID AS cID3, t0.ppIsCanonical AS ppIsCanonical4, t0.ppGeneratedFromURLSlugs AS ppGeneratedFromURLSlugs5 FROM PagePaths t0 WHERE t0.cID = ? AND t0.ppIsCanonical = ?\' with params [\"1\", 0]:\n\nSQLSTATE[42S22]: Column not found: 1054 Unknown column \'t0.ppGeneratedFromURLSlugs\' in \'field list\' (0)\n',0,600),(548,'exceptions',1434981551,'Exception Occurred: /var/sentora/hostdata/wwwsubl/public_html/top_sublime-voyance_be/concrete/vendor/doctrine/dbal/lib/Doctrine/DBAL/Driver/AbstractMySQLDriver.php:71 An exception occurred while executing \'SELECT t0.cPath AS cPath1, t0.ppID AS ppID2, t0.cID AS cID3, t0.ppIsCanonical AS ppIsCanonical4, t0.ppGeneratedFromURLSlugs AS ppGeneratedFromURLSlugs5 FROM PagePaths t0 WHERE t0.cID = ? AND t0.ppIsCanonical = ?\' with params [\"1\", 0]:\n\nSQLSTATE[42S22]: Column not found: 1054 Unknown column \'t0.ppGeneratedFromURLSlugs\' in \'field list\' (0)\n',1,600),(549,'exceptions',1434981552,'Exception Occurred: /var/sentora/hostdata/wwwsubl/public_html/top_sublime-voyance_be/concrete/vendor/doctrine/dbal/lib/Doctrine/DBAL/Driver/AbstractMySQLDriver.php:71 An exception occurred while executing \'SELECT t0.cPath AS cPath1, t0.ppID AS ppID2, t0.cID AS cID3, t0.ppIsCanonical AS ppIsCanonical4, t0.ppGeneratedFromURLSlugs AS ppGeneratedFromURLSlugs5 FROM PagePaths t0 WHERE t0.cID = ? AND t0.ppIsCanonical = ?\' with params [\"1\", 0]:\n\nSQLSTATE[42S22]: Column not found: 1054 Unknown column \'t0.ppGeneratedFromURLSlugs\' in \'field list\' (0)\n',1,600),(550,'exceptions',1434981552,'Exception Occurred: /var/sentora/hostdata/wwwsubl/public_html/top_sublime-voyance_be/concrete/vendor/doctrine/dbal/lib/Doctrine/DBAL/Driver/AbstractMySQLDriver.php:71 An exception occurred while executing \'SELECT t0.cPath AS cPath1, t0.ppID AS ppID2, t0.cID AS cID3, t0.ppIsCanonical AS ppIsCanonical4, t0.ppGeneratedFromURLSlugs AS ppGeneratedFromURLSlugs5 FROM PagePaths t0 WHERE t0.cID = ? AND t0.ppIsCanonical = ?\' with params [\"1\", 0]:\n\nSQLSTATE[42S22]: Column not found: 1054 Unknown column \'t0.ppGeneratedFromURLSlugs\' in \'field list\' (0)\n',1,600),(551,'exceptions',1434981553,'Exception Occurred: /var/sentora/hostdata/wwwsubl/public_html/top_sublime-voyance_be/concrete/vendor/doctrine/dbal/lib/Doctrine/DBAL/Driver/AbstractMySQLDriver.php:71 An exception occurred while executing \'SELECT t0.cPath AS cPath1, t0.ppID AS ppID2, t0.cID AS cID3, t0.ppIsCanonical AS ppIsCanonical4, t0.ppGeneratedFromURLSlugs AS ppGeneratedFromURLSlugs5 FROM PagePaths t0 WHERE t0.cID = ? AND t0.ppIsCanonical = ?\' with params [\"1\", 0]:\n\nSQLSTATE[42S22]: Column not found: 1054 Unknown column \'t0.ppGeneratedFromURLSlugs\' in \'field list\' (0)\n',1,600),(552,'exceptions',1434981558,'Exception Occurred: /var/sentora/hostdata/wwwsubl/public_html/top_sublime-voyance_be/concrete/vendor/doctrine/dbal/lib/Doctrine/DBAL/Driver/AbstractMySQLDriver.php:71 An exception occurred while executing \'SELECT t0.cPath AS cPath1, t0.ppID AS ppID2, t0.cID AS cID3, t0.ppIsCanonical AS ppIsCanonical4, t0.ppGeneratedFromURLSlugs AS ppGeneratedFromURLSlugs5 FROM PagePaths t0 WHERE t0.cID = ? AND t0.ppIsCanonical = ?\' with params [\"1\", 0]:\n\nSQLSTATE[42S22]: Column not found: 1054 Unknown column \'t0.ppGeneratedFromURLSlugs\' in \'field list\' (0)\n',1,600),(553,'exceptions',1434981559,'Exception Occurred: /var/sentora/hostdata/wwwsubl/public_html/top_sublime-voyance_be/concrete/vendor/doctrine/dbal/lib/Doctrine/DBAL/Driver/AbstractMySQLDriver.php:71 An exception occurred while executing \'SELECT t0.cPath AS cPath1, t0.ppID AS ppID2, t0.cID AS cID3, t0.ppIsCanonical AS ppIsCanonical4, t0.ppGeneratedFromURLSlugs AS ppGeneratedFromURLSlugs5 FROM PagePaths t0 WHERE t0.cID = ? AND t0.ppIsCanonical = ?\' with params [\"1\", 0]:\n\nSQLSTATE[42S22]: Column not found: 1054 Unknown column \'t0.ppGeneratedFromURLSlugs\' in \'field list\' (0)\n',1,600),(554,'exceptions',1434981560,'Exception Occurred: /var/sentora/hostdata/wwwsubl/public_html/top_sublime-voyance_be/concrete/vendor/doctrine/dbal/lib/Doctrine/DBAL/Driver/AbstractMySQLDriver.php:71 An exception occurred while executing \'SELECT t0.cPath AS cPath1, t0.ppID AS ppID2, t0.cID AS cID3, t0.ppIsCanonical AS ppIsCanonical4, t0.ppGeneratedFromURLSlugs AS ppGeneratedFromURLSlugs5 FROM PagePaths t0 WHERE t0.cID = ? AND t0.ppIsCanonical = ?\' with params [\"1\", 0]:\n\nSQLSTATE[42S22]: Column not found: 1054 Unknown column \'t0.ppGeneratedFromURLSlugs\' in \'field list\' (0)\n',1,600),(555,'exceptions',1434981561,'Exception Occurred: /var/sentora/hostdata/wwwsubl/public_html/top_sublime-voyance_be/concrete/vendor/doctrine/dbal/lib/Doctrine/DBAL/Driver/AbstractMySQLDriver.php:71 An exception occurred while executing \'SELECT t0.cPath AS cPath1, t0.ppID AS ppID2, t0.cID AS cID3, t0.ppIsCanonical AS ppIsCanonical4, t0.ppGeneratedFromURLSlugs AS ppGeneratedFromURLSlugs5 FROM PagePaths t0 WHERE t0.cID = ? AND t0.ppIsCanonical = ?\' with params [\"1\", 0]:\n\nSQLSTATE[42S22]: Column not found: 1054 Unknown column \'t0.ppGeneratedFromURLSlugs\' in \'field list\' (0)\n',1,600),(556,'exceptions',1434981615,'Exception Occurred: /var/sentora/hostdata/wwwsubl/public_html/top_sublime-voyance_be/concrete/vendor/doctrine/dbal/lib/Doctrine/DBAL/Driver/AbstractMySQLDriver.php:71 An exception occurred while executing \'SELECT t0.cPath AS cPath1, t0.ppID AS ppID2, t0.cID AS cID3, t0.ppIsCanonical AS ppIsCanonical4, t0.ppGeneratedFromURLSlugs AS ppGeneratedFromURLSlugs5 FROM PagePaths t0 WHERE t0.cID = ? AND t0.ppIsCanonical = ?\' with params [\"1\", 0]:\n\nSQLSTATE[42S22]: Column not found: 1054 Unknown column \'t0.ppGeneratedFromURLSlugs\' in \'field list\' (0)\n',1,600),(557,'exceptions',1434981619,'Exception Occurred: /var/sentora/hostdata/wwwsubl/public_html/top_sublime-voyance_be/concrete/vendor/doctrine/dbal/lib/Doctrine/DBAL/Driver/AbstractMySQLDriver.php:71 An exception occurred while executing \'SELECT t0.cPath AS cPath1, t0.ppID AS ppID2, t0.cID AS cID3, t0.ppIsCanonical AS ppIsCanonical4, t0.ppGeneratedFromURLSlugs AS ppGeneratedFromURLSlugs5 FROM PagePaths t0 WHERE t0.cID = ? AND t0.ppIsCanonical = ?\' with params [\"1\", 0]:\n\nSQLSTATE[42S22]: Column not found: 1054 Unknown column \'t0.ppGeneratedFromURLSlugs\' in \'field list\' (0)\n',1,600),(558,'exceptions',1434981621,'Exception Occurred: /var/sentora/hostdata/wwwsubl/public_html/top_sublime-voyance_be/concrete/vendor/doctrine/dbal/lib/Doctrine/DBAL/Driver/AbstractMySQLDriver.php:71 An exception occurred while executing \'SELECT t0.cPath AS cPath1, t0.ppID AS ppID2, t0.cID AS cID3, t0.ppIsCanonical AS ppIsCanonical4, t0.ppGeneratedFromURLSlugs AS ppGeneratedFromURLSlugs5 FROM PagePaths t0 WHERE t0.cID = ? AND t0.ppIsCanonical = ?\' with params [\"1\", 0]:\n\nSQLSTATE[42S22]: Column not found: 1054 Unknown column \'t0.ppGeneratedFromURLSlugs\' in \'field list\' (0)\n',1,600),(559,'exceptions',1434981622,'Exception Occurred: /var/sentora/hostdata/wwwsubl/public_html/top_sublime-voyance_be/concrete/vendor/doctrine/dbal/lib/Doctrine/DBAL/Driver/AbstractMySQLDriver.php:71 An exception occurred while executing \'SELECT t0.cPath AS cPath1, t0.ppID AS ppID2, t0.cID AS cID3, t0.ppIsCanonical AS ppIsCanonical4, t0.ppGeneratedFromURLSlugs AS ppGeneratedFromURLSlugs5 FROM PagePaths t0 WHERE t0.cID = ? AND t0.ppIsCanonical = ?\' with params [\"1\", 0]:\n\nSQLSTATE[42S22]: Column not found: 1054 Unknown column \'t0.ppGeneratedFromURLSlugs\' in \'field list\' (0)\n',1,600),(560,'exceptions',1434981663,'Exception Occurred: /var/sentora/hostdata/wwwsubl/public_html/top_sublime-voyance_be/concrete/vendor/doctrine/dbal/lib/Doctrine/DBAL/Driver/AbstractMySQLDriver.php:71 An exception occurred while executing \'SELECT t0.cPath AS cPath1, t0.ppID AS ppID2, t0.cID AS cID3, t0.ppIsCanonical AS ppIsCanonical4, t0.ppGeneratedFromURLSlugs AS ppGeneratedFromURLSlugs5 FROM PagePaths t0 WHERE t0.cID = ? AND t0.ppIsCanonical = ?\' with params [\"1\", 0]:\n\nSQLSTATE[42S22]: Column not found: 1054 Unknown column \'t0.ppGeneratedFromURLSlugs\' in \'field list\' (0)\n',1,600),(561,'exceptions',1434981664,'Exception Occurred: /var/sentora/hostdata/wwwsubl/public_html/top_sublime-voyance_be/concrete/vendor/doctrine/dbal/lib/Doctrine/DBAL/Driver/AbstractMySQLDriver.php:71 An exception occurred while executing \'SELECT t0.cPath AS cPath1, t0.ppID AS ppID2, t0.cID AS cID3, t0.ppIsCanonical AS ppIsCanonical4, t0.ppGeneratedFromURLSlugs AS ppGeneratedFromURLSlugs5 FROM PagePaths t0 WHERE t0.cID = ? AND t0.ppIsCanonical = ?\' with params [\"1\", 0]:\n\nSQLSTATE[42S22]: Column not found: 1054 Unknown column \'t0.ppGeneratedFromURLSlugs\' in \'field list\' (0)\n',1,600),(562,'exceptions',1434981665,'Exception Occurred: /var/sentora/hostdata/wwwsubl/public_html/top_sublime-voyance_be/concrete/vendor/doctrine/dbal/lib/Doctrine/DBAL/Driver/AbstractMySQLDriver.php:71 An exception occurred while executing \'SELECT t0.cPath AS cPath1, t0.ppID AS ppID2, t0.cID AS cID3, t0.ppIsCanonical AS ppIsCanonical4, t0.ppGeneratedFromURLSlugs AS ppGeneratedFromURLSlugs5 FROM PagePaths t0 WHERE t0.cID = ? AND t0.ppIsCanonical = ?\' with params [\"1\", 0]:\n\nSQLSTATE[42S22]: Column not found: 1054 Unknown column \'t0.ppGeneratedFromURLSlugs\' in \'field list\' (0)\n',1,600),(563,'exceptions',1434981666,'Exception Occurred: /var/sentora/hostdata/wwwsubl/public_html/top_sublime-voyance_be/concrete/vendor/doctrine/dbal/lib/Doctrine/DBAL/Driver/AbstractMySQLDriver.php:71 An exception occurred while executing \'SELECT t0.cPath AS cPath1, t0.ppID AS ppID2, t0.cID AS cID3, t0.ppIsCanonical AS ppIsCanonical4, t0.ppGeneratedFromURLSlugs AS ppGeneratedFromURLSlugs5 FROM PagePaths t0 WHERE t0.cID = ? AND t0.ppIsCanonical = ?\' with params [\"1\", 0]:\n\nSQLSTATE[42S22]: Column not found: 1054 Unknown column \'t0.ppGeneratedFromURLSlugs\' in \'field list\' (0)\n',1,600),(564,'exceptions',1434981834,'Exception Occurred: /var/sentora/hostdata/wwwsubl/public_html/top_sublime-voyance_be/concrete/vendor/doctrine/dbal/lib/Doctrine/DBAL/Driver/AbstractMySQLDriver.php:71 An exception occurred while executing \'SELECT t0.cPath AS cPath1, t0.ppID AS ppID2, t0.cID AS cID3, t0.ppIsCanonical AS ppIsCanonical4, t0.ppGeneratedFromURLSlugs AS ppGeneratedFromURLSlugs5 FROM PagePaths t0 WHERE t0.cID = ? AND t0.ppIsCanonical = ?\' with params [\"1\", 0]:\n\nSQLSTATE[42S22]: Column not found: 1054 Unknown column \'t0.ppGeneratedFromURLSlugs\' in \'field list\' (0)\n',1,600),(565,'exceptions',1434981835,'Exception Occurred: /var/sentora/hostdata/wwwsubl/public_html/top_sublime-voyance_be/concrete/vendor/doctrine/dbal/lib/Doctrine/DBAL/Driver/AbstractMySQLDriver.php:71 An exception occurred while executing \'SELECT t0.cPath AS cPath1, t0.ppID AS ppID2, t0.cID AS cID3, t0.ppIsCanonical AS ppIsCanonical4, t0.ppGeneratedFromURLSlugs AS ppGeneratedFromURLSlugs5 FROM PagePaths t0 WHERE t0.cID = ? AND t0.ppIsCanonical = ?\' with params [\"1\", 0]:\n\nSQLSTATE[42S22]: Column not found: 1054 Unknown column \'t0.ppGeneratedFromURLSlugs\' in \'field list\' (0)\n',1,600),(566,'exceptions',1434981836,'Exception Occurred: /var/sentora/hostdata/wwwsubl/public_html/top_sublime-voyance_be/concrete/vendor/doctrine/dbal/lib/Doctrine/DBAL/Driver/AbstractMySQLDriver.php:71 An exception occurred while executing \'SELECT t0.cPath AS cPath1, t0.ppID AS ppID2, t0.cID AS cID3, t0.ppIsCanonical AS ppIsCanonical4, t0.ppGeneratedFromURLSlugs AS ppGeneratedFromURLSlugs5 FROM PagePaths t0 WHERE t0.cID = ? AND t0.ppIsCanonical = ?\' with params [\"1\", 0]:\n\nSQLSTATE[42S22]: Column not found: 1054 Unknown column \'t0.ppGeneratedFromURLSlugs\' in \'field list\' (0)\n',1,600),(567,'exceptions',1434981837,'Exception Occurred: /var/sentora/hostdata/wwwsubl/public_html/top_sublime-voyance_be/concrete/vendor/doctrine/dbal/lib/Doctrine/DBAL/Driver/AbstractMySQLDriver.php:71 An exception occurred while executing \'SELECT t0.cPath AS cPath1, t0.ppID AS ppID2, t0.cID AS cID3, t0.ppIsCanonical AS ppIsCanonical4, t0.ppGeneratedFromURLSlugs AS ppGeneratedFromURLSlugs5 FROM PagePaths t0 WHERE t0.cID = ? AND t0.ppIsCanonical = ?\' with params [\"1\", 0]:\n\nSQLSTATE[42S22]: Column not found: 1054 Unknown column \'t0.ppGeneratedFromURLSlugs\' in \'field list\' (0)\n',1,600),(568,'exceptions',1434981849,'Exception Occurred: /var/sentora/hostdata/wwwsubl/public_html/top_sublime-voyance_be/concrete/vendor/doctrine/dbal/lib/Doctrine/DBAL/Driver/AbstractMySQLDriver.php:71 An exception occurred while executing \'SELECT t0.cPath AS cPath1, t0.ppID AS ppID2, t0.cID AS cID3, t0.ppIsCanonical AS ppIsCanonical4, t0.ppGeneratedFromURLSlugs AS ppGeneratedFromURLSlugs5 FROM PagePaths t0 WHERE t0.cID = ? AND t0.ppIsCanonical = ?\' with params [\"1\", 0]:\n\nSQLSTATE[42S22]: Column not found: 1054 Unknown column \'t0.ppGeneratedFromURLSlugs\' in \'field list\' (0)\n',1,600),(569,'exceptions',1434981850,'Exception Occurred: /var/sentora/hostdata/wwwsubl/public_html/top_sublime-voyance_be/concrete/vendor/doctrine/dbal/lib/Doctrine/DBAL/Driver/AbstractMySQLDriver.php:71 An exception occurred while executing \'SELECT t0.cPath AS cPath1, t0.ppID AS ppID2, t0.cID AS cID3, t0.ppIsCanonical AS ppIsCanonical4, t0.ppGeneratedFromURLSlugs AS ppGeneratedFromURLSlugs5 FROM PagePaths t0 WHERE t0.cID = ? AND t0.ppIsCanonical = ?\' with params [\"1\", 0]:\n\nSQLSTATE[42S22]: Column not found: 1054 Unknown column \'t0.ppGeneratedFromURLSlugs\' in \'field list\' (0)\n',1,600),(570,'exceptions',1434981850,'Exception Occurred: /var/sentora/hostdata/wwwsubl/public_html/top_sublime-voyance_be/concrete/vendor/doctrine/dbal/lib/Doctrine/DBAL/Driver/AbstractMySQLDriver.php:71 An exception occurred while executing \'SELECT t0.cPath AS cPath1, t0.ppID AS ppID2, t0.cID AS cID3, t0.ppIsCanonical AS ppIsCanonical4, t0.ppGeneratedFromURLSlugs AS ppGeneratedFromURLSlugs5 FROM PagePaths t0 WHERE t0.cID = ? AND t0.ppIsCanonical = ?\' with params [\"1\", 0]:\n\nSQLSTATE[42S22]: Column not found: 1054 Unknown column \'t0.ppGeneratedFromURLSlugs\' in \'field list\' (0)\n',1,600),(571,'exceptions',1434981851,'Exception Occurred: /var/sentora/hostdata/wwwsubl/public_html/top_sublime-voyance_be/concrete/vendor/doctrine/dbal/lib/Doctrine/DBAL/Driver/AbstractMySQLDriver.php:71 An exception occurred while executing \'SELECT t0.cPath AS cPath1, t0.ppID AS ppID2, t0.cID AS cID3, t0.ppIsCanonical AS ppIsCanonical4, t0.ppGeneratedFromURLSlugs AS ppGeneratedFromURLSlugs5 FROM PagePaths t0 WHERE t0.cID = ? AND t0.ppIsCanonical = ?\' with params [\"1\", 0]:\n\nSQLSTATE[42S22]: Column not found: 1054 Unknown column \'t0.ppGeneratedFromURLSlugs\' in \'field list\' (0)\n',1,600),(572,'exceptions',1434981956,'Exception Occurred: /var/sentora/hostdata/wwwsubl/public_html/top_sublime-voyance_be/concrete/vendor/doctrine/dbal/lib/Doctrine/DBAL/Driver/AbstractMySQLDriver.php:71 An exception occurred while executing \'SELECT t0.cPath AS cPath1, t0.ppID AS ppID2, t0.cID AS cID3, t0.ppIsCanonical AS ppIsCanonical4, t0.ppGeneratedFromURLSlugs AS ppGeneratedFromURLSlugs5 FROM PagePaths t0 WHERE t0.cID = ? AND t0.ppIsCanonical = ?\' with params [\"1\", 0]:\n\nSQLSTATE[42S22]: Column not found: 1054 Unknown column \'t0.ppGeneratedFromURLSlugs\' in \'field list\' (0)\n',1,600),(573,'exceptions',1434981958,'Exception Occurred: /var/sentora/hostdata/wwwsubl/public_html/top_sublime-voyance_be/concrete/vendor/doctrine/dbal/lib/Doctrine/DBAL/Driver/AbstractMySQLDriver.php:71 An exception occurred while executing \'SELECT t0.cPath AS cPath1, t0.ppID AS ppID2, t0.cID AS cID3, t0.ppIsCanonical AS ppIsCanonical4, t0.ppGeneratedFromURLSlugs AS ppGeneratedFromURLSlugs5 FROM PagePaths t0 WHERE t0.cID = ? AND t0.ppIsCanonical = ?\' with params [\"1\", 0]:\n\nSQLSTATE[42S22]: Column not found: 1054 Unknown column \'t0.ppGeneratedFromURLSlugs\' in \'field list\' (0)\n',1,600),(574,'exceptions',1434981960,'Exception Occurred: /var/sentora/hostdata/wwwsubl/public_html/top_sublime-voyance_be/concrete/vendor/doctrine/dbal/lib/Doctrine/DBAL/Driver/AbstractMySQLDriver.php:71 An exception occurred while executing \'SELECT t0.cPath AS cPath1, t0.ppID AS ppID2, t0.cID AS cID3, t0.ppIsCanonical AS ppIsCanonical4, t0.ppGeneratedFromURLSlugs AS ppGeneratedFromURLSlugs5 FROM PagePaths t0 WHERE t0.cID = ? AND t0.ppIsCanonical = ?\' with params [\"1\", 0]:\n\nSQLSTATE[42S22]: Column not found: 1054 Unknown column \'t0.ppGeneratedFromURLSlugs\' in \'field list\' (0)\n',1,600),(575,'exceptions',1434981961,'Exception Occurred: /var/sentora/hostdata/wwwsubl/public_html/top_sublime-voyance_be/concrete/vendor/doctrine/dbal/lib/Doctrine/DBAL/Driver/AbstractMySQLDriver.php:71 An exception occurred while executing \'SELECT t0.cPath AS cPath1, t0.ppID AS ppID2, t0.cID AS cID3, t0.ppIsCanonical AS ppIsCanonical4, t0.ppGeneratedFromURLSlugs AS ppGeneratedFromURLSlugs5 FROM PagePaths t0 WHERE t0.cID = ? AND t0.ppIsCanonical = ?\' with params [\"1\", 0]:\n\nSQLSTATE[42S22]: Column not found: 1054 Unknown column \'t0.ppGeneratedFromURLSlugs\' in \'field list\' (0)\n',1,600),(576,'exceptions',1434981964,'Exception Occurred: /var/sentora/hostdata/wwwsubl/public_html/top_sublime-voyance_be/concrete/vendor/doctrine/dbal/lib/Doctrine/DBAL/Driver/AbstractMySQLDriver.php:71 An exception occurred while executing \'SELECT t0.cPath AS cPath1, t0.ppID AS ppID2, t0.cID AS cID3, t0.ppIsCanonical AS ppIsCanonical4, t0.ppGeneratedFromURLSlugs AS ppGeneratedFromURLSlugs5 FROM PagePaths t0 WHERE t0.cID = ? AND t0.ppIsCanonical = ?\' with params [\"1\", 0]:\n\nSQLSTATE[42S22]: Column not found: 1054 Unknown column \'t0.ppGeneratedFromURLSlugs\' in \'field list\' (0)\n',1,600),(577,'exceptions',1434981965,'Exception Occurred: /var/sentora/hostdata/wwwsubl/public_html/top_sublime-voyance_be/concrete/vendor/doctrine/dbal/lib/Doctrine/DBAL/Driver/AbstractMySQLDriver.php:71 An exception occurred while executing \'SELECT t0.cPath AS cPath1, t0.ppID AS ppID2, t0.cID AS cID3, t0.ppIsCanonical AS ppIsCanonical4, t0.ppGeneratedFromURLSlugs AS ppGeneratedFromURLSlugs5 FROM PagePaths t0 WHERE t0.cID = ? AND t0.ppIsCanonical = ?\' with params [\"1\", 0]:\n\nSQLSTATE[42S22]: Column not found: 1054 Unknown column \'t0.ppGeneratedFromURLSlugs\' in \'field list\' (0)\n',1,600),(578,'exceptions',1434981966,'Exception Occurred: /var/sentora/hostdata/wwwsubl/public_html/top_sublime-voyance_be/concrete/vendor/doctrine/dbal/lib/Doctrine/DBAL/Driver/AbstractMySQLDriver.php:71 An exception occurred while executing \'SELECT t0.cPath AS cPath1, t0.ppID AS ppID2, t0.cID AS cID3, t0.ppIsCanonical AS ppIsCanonical4, t0.ppGeneratedFromURLSlugs AS ppGeneratedFromURLSlugs5 FROM PagePaths t0 WHERE t0.cID = ? AND t0.ppIsCanonical = ?\' with params [\"1\", 0]:\n\nSQLSTATE[42S22]: Column not found: 1054 Unknown column \'t0.ppGeneratedFromURLSlugs\' in \'field list\' (0)\n',1,600),(579,'exceptions',1434981967,'Exception Occurred: /var/sentora/hostdata/wwwsubl/public_html/top_sublime-voyance_be/concrete/vendor/doctrine/dbal/lib/Doctrine/DBAL/Driver/AbstractMySQLDriver.php:71 An exception occurred while executing \'SELECT t0.cPath AS cPath1, t0.ppID AS ppID2, t0.cID AS cID3, t0.ppIsCanonical AS ppIsCanonical4, t0.ppGeneratedFromURLSlugs AS ppGeneratedFromURLSlugs5 FROM PagePaths t0 WHERE t0.cID = ? AND t0.ppIsCanonical = ?\' with params [\"1\", 0]:\n\nSQLSTATE[42S22]: Column not found: 1054 Unknown column \'t0.ppGeneratedFromURLSlugs\' in \'field list\' (0)\n',1,600),(580,'exceptions',1434981969,'Exception Occurred: /var/sentora/hostdata/wwwsubl/public_html/top_sublime-voyance_be/concrete/vendor/doctrine/dbal/lib/Doctrine/DBAL/Driver/AbstractMySQLDriver.php:71 An exception occurred while executing \'SELECT t0.cPath AS cPath1, t0.ppID AS ppID2, t0.cID AS cID3, t0.ppIsCanonical AS ppIsCanonical4, t0.ppGeneratedFromURLSlugs AS ppGeneratedFromURLSlugs5 FROM PagePaths t0 WHERE t0.cID = ? AND t0.ppIsCanonical = ?\' with params [\"1\", 0]:\n\nSQLSTATE[42S22]: Column not found: 1054 Unknown column \'t0.ppGeneratedFromURLSlugs\' in \'field list\' (0)\n',1,600),(581,'exceptions',1434981970,'Exception Occurred: /var/sentora/hostdata/wwwsubl/public_html/top_sublime-voyance_be/concrete/vendor/doctrine/dbal/lib/Doctrine/DBAL/Driver/AbstractMySQLDriver.php:71 An exception occurred while executing \'SELECT t0.cPath AS cPath1, t0.ppID AS ppID2, t0.cID AS cID3, t0.ppIsCanonical AS ppIsCanonical4, t0.ppGeneratedFromURLSlugs AS ppGeneratedFromURLSlugs5 FROM PagePaths t0 WHERE t0.cID = ? AND t0.ppIsCanonical = ?\' with params [\"1\", 0]:\n\nSQLSTATE[42S22]: Column not found: 1054 Unknown column \'t0.ppGeneratedFromURLSlugs\' in \'field list\' (0)\n',1,600),(582,'exceptions',1434981970,'Exception Occurred: /var/sentora/hostdata/wwwsubl/public_html/top_sublime-voyance_be/concrete/vendor/doctrine/dbal/lib/Doctrine/DBAL/Driver/AbstractMySQLDriver.php:71 An exception occurred while executing \'SELECT t0.cPath AS cPath1, t0.ppID AS ppID2, t0.cID AS cID3, t0.ppIsCanonical AS ppIsCanonical4, t0.ppGeneratedFromURLSlugs AS ppGeneratedFromURLSlugs5 FROM PagePaths t0 WHERE t0.cID = ? AND t0.ppIsCanonical = ?\' with params [\"1\", 0]:\n\nSQLSTATE[42S22]: Column not found: 1054 Unknown column \'t0.ppGeneratedFromURLSlugs\' in \'field list\' (0)\n',1,600),(583,'exceptions',1434981971,'Exception Occurred: /var/sentora/hostdata/wwwsubl/public_html/top_sublime-voyance_be/concrete/vendor/doctrine/dbal/lib/Doctrine/DBAL/Driver/AbstractMySQLDriver.php:71 An exception occurred while executing \'SELECT t0.cPath AS cPath1, t0.ppID AS ppID2, t0.cID AS cID3, t0.ppIsCanonical AS ppIsCanonical4, t0.ppGeneratedFromURLSlugs AS ppGeneratedFromURLSlugs5 FROM PagePaths t0 WHERE t0.cID = ? AND t0.ppIsCanonical = ?\' with params [\"1\", 0]:\n\nSQLSTATE[42S22]: Column not found: 1054 Unknown column \'t0.ppGeneratedFromURLSlugs\' in \'field list\' (0)\n',1,600),(584,'exceptions',1434981978,'Exception Occurred: /var/sentora/hostdata/wwwsubl/public_html/top_sublime-voyance_be/concrete/vendor/doctrine/dbal/lib/Doctrine/DBAL/Driver/AbstractMySQLDriver.php:71 An exception occurred while executing \'SELECT t0.cPath AS cPath1, t0.ppID AS ppID2, t0.cID AS cID3, t0.ppIsCanonical AS ppIsCanonical4, t0.ppGeneratedFromURLSlugs AS ppGeneratedFromURLSlugs5 FROM PagePaths t0 WHERE t0.cID = ? AND t0.ppIsCanonical = ?\' with params [\"1\", 0]:\n\nSQLSTATE[42S22]: Column not found: 1054 Unknown column \'t0.ppGeneratedFromURLSlugs\' in \'field list\' (0)\n',1,600),(585,'exceptions',1434981982,'Exception Occurred: /var/sentora/hostdata/wwwsubl/public_html/top_sublime-voyance_be/concrete/vendor/doctrine/dbal/lib/Doctrine/DBAL/Driver/AbstractMySQLDriver.php:71 An exception occurred while executing \'SELECT t0.cPath AS cPath1, t0.ppID AS ppID2, t0.cID AS cID3, t0.ppIsCanonical AS ppIsCanonical4, t0.ppGeneratedFromURLSlugs AS ppGeneratedFromURLSlugs5 FROM PagePaths t0 WHERE t0.cID = ? AND t0.ppIsCanonical = ?\' with params [\"1\", 0]:\n\nSQLSTATE[42S22]: Column not found: 1054 Unknown column \'t0.ppGeneratedFromURLSlugs\' in \'field list\' (0)\n',1,600),(586,'exceptions',1434981983,'Exception Occurred: /var/sentora/hostdata/wwwsubl/public_html/top_sublime-voyance_be/concrete/vendor/doctrine/dbal/lib/Doctrine/DBAL/Driver/AbstractMySQLDriver.php:71 An exception occurred while executing \'SELECT t0.cPath AS cPath1, t0.ppID AS ppID2, t0.cID AS cID3, t0.ppIsCanonical AS ppIsCanonical4, t0.ppGeneratedFromURLSlugs AS ppGeneratedFromURLSlugs5 FROM PagePaths t0 WHERE t0.cID = ? AND t0.ppIsCanonical = ?\' with params [\"1\", 0]:\n\nSQLSTATE[42S22]: Column not found: 1054 Unknown column \'t0.ppGeneratedFromURLSlugs\' in \'field list\' (0)\n',1,600),(587,'exceptions',1434981986,'Exception Occurred: /var/sentora/hostdata/wwwsubl/public_html/top_sublime-voyance_be/concrete/vendor/doctrine/dbal/lib/Doctrine/DBAL/Driver/AbstractMySQLDriver.php:71 An exception occurred while executing \'SELECT t0.cPath AS cPath1, t0.ppID AS ppID2, t0.cID AS cID3, t0.ppIsCanonical AS ppIsCanonical4, t0.ppGeneratedFromURLSlugs AS ppGeneratedFromURLSlugs5 FROM PagePaths t0 WHERE t0.cID = ? AND t0.ppIsCanonical = ?\' with params [\"1\", 0]:\n\nSQLSTATE[42S22]: Column not found: 1054 Unknown column \'t0.ppGeneratedFromURLSlugs\' in \'field list\' (0)\n',1,600),(588,'exceptions',1434981992,'Exception Occurred: /var/sentora/hostdata/wwwsubl/public_html/top_sublime-voyance_be/concrete/vendor/doctrine/dbal/lib/Doctrine/DBAL/Driver/AbstractMySQLDriver.php:71 An exception occurred while executing \'SELECT t0.cPath AS cPath1, t0.ppID AS ppID2, t0.cID AS cID3, t0.ppIsCanonical AS ppIsCanonical4, t0.ppGeneratedFromURLSlugs AS ppGeneratedFromURLSlugs5 FROM PagePaths t0 WHERE t0.cID = ? AND t0.ppIsCanonical = ?\' with params [\"1\", 0]:\n\nSQLSTATE[42S22]: Column not found: 1054 Unknown column \'t0.ppGeneratedFromURLSlugs\' in \'field list\' (0)\n',1,600),(589,'exceptions',1434981997,'Exception Occurred: /var/sentora/hostdata/wwwsubl/public_html/top_sublime-voyance_be/concrete/vendor/doctrine/dbal/lib/Doctrine/DBAL/Driver/AbstractMySQLDriver.php:71 An exception occurred while executing \'SELECT t0.cPath AS cPath1, t0.ppID AS ppID2, t0.cID AS cID3, t0.ppIsCanonical AS ppIsCanonical4, t0.ppGeneratedFromURLSlugs AS ppGeneratedFromURLSlugs5 FROM PagePaths t0 WHERE t0.cID = ? AND t0.ppIsCanonical = ?\' with params [\"1\", 0]:\n\nSQLSTATE[42S22]: Column not found: 1054 Unknown column \'t0.ppGeneratedFromURLSlugs\' in \'field list\' (0)\n',1,600),(590,'exceptions',1434981999,'Exception Occurred: /var/sentora/hostdata/wwwsubl/public_html/top_sublime-voyance_be/concrete/vendor/doctrine/dbal/lib/Doctrine/DBAL/Driver/AbstractMySQLDriver.php:71 An exception occurred while executing \'SELECT t0.cPath AS cPath1, t0.ppID AS ppID2, t0.cID AS cID3, t0.ppIsCanonical AS ppIsCanonical4, t0.ppGeneratedFromURLSlugs AS ppGeneratedFromURLSlugs5 FROM PagePaths t0 WHERE t0.cID = ? AND t0.ppIsCanonical = ?\' with params [\"1\", 0]:\n\nSQLSTATE[42S22]: Column not found: 1054 Unknown column \'t0.ppGeneratedFromURLSlugs\' in \'field list\' (0)\n',1,600),(591,'exceptions',1434982000,'Exception Occurred: /var/sentora/hostdata/wwwsubl/public_html/top_sublime-voyance_be/concrete/vendor/doctrine/dbal/lib/Doctrine/DBAL/Driver/AbstractMySQLDriver.php:71 An exception occurred while executing \'SELECT t0.cPath AS cPath1, t0.ppID AS ppID2, t0.cID AS cID3, t0.ppIsCanonical AS ppIsCanonical4, t0.ppGeneratedFromURLSlugs AS ppGeneratedFromURLSlugs5 FROM PagePaths t0 WHERE t0.cID = ? AND t0.ppIsCanonical = ?\' with params [\"1\", 0]:\n\nSQLSTATE[42S22]: Column not found: 1054 Unknown column \'t0.ppGeneratedFromURLSlugs\' in \'field list\' (0)\n',1,600),(592,'exceptions',1434982001,'Exception Occurred: /var/sentora/hostdata/wwwsubl/public_html/top_sublime-voyance_be/concrete/vendor/doctrine/dbal/lib/Doctrine/DBAL/Driver/AbstractMySQLDriver.php:71 An exception occurred while executing \'SELECT t0.cPath AS cPath1, t0.ppID AS ppID2, t0.cID AS cID3, t0.ppIsCanonical AS ppIsCanonical4, t0.ppGeneratedFromURLSlugs AS ppGeneratedFromURLSlugs5 FROM PagePaths t0 WHERE t0.cID = ? AND t0.ppIsCanonical = ?\' with params [\"1\", 0]:\n\nSQLSTATE[42S22]: Column not found: 1054 Unknown column \'t0.ppGeneratedFromURLSlugs\' in \'field list\' (0)\n',1,600),(593,'exceptions',1434982003,'Exception Occurred: /var/sentora/hostdata/wwwsubl/public_html/top_sublime-voyance_be/concrete/vendor/doctrine/dbal/lib/Doctrine/DBAL/Driver/AbstractMySQLDriver.php:71 An exception occurred while executing \'SELECT t0.cPath AS cPath1, t0.ppID AS ppID2, t0.cID AS cID3, t0.ppIsCanonical AS ppIsCanonical4, t0.ppGeneratedFromURLSlugs AS ppGeneratedFromURLSlugs5 FROM PagePaths t0 WHERE t0.cID = ? AND t0.ppIsCanonical = ?\' with params [\"1\", 0]:\n\nSQLSTATE[42S22]: Column not found: 1054 Unknown column \'t0.ppGeneratedFromURLSlugs\' in \'field list\' (0)\n',1,600),(594,'exceptions',1434982005,'Exception Occurred: /var/sentora/hostdata/wwwsubl/public_html/top_sublime-voyance_be/concrete/vendor/doctrine/dbal/lib/Doctrine/DBAL/Driver/AbstractMySQLDriver.php:71 An exception occurred while executing \'SELECT t0.cPath AS cPath1, t0.ppID AS ppID2, t0.cID AS cID3, t0.ppIsCanonical AS ppIsCanonical4, t0.ppGeneratedFromURLSlugs AS ppGeneratedFromURLSlugs5 FROM PagePaths t0 WHERE t0.cID = ? AND t0.ppIsCanonical = ?\' with params [\"1\", 0]:\n\nSQLSTATE[42S22]: Column not found: 1054 Unknown column \'t0.ppGeneratedFromURLSlugs\' in \'field list\' (0)\n',1,600),(595,'exceptions',1434982007,'Exception Occurred: /var/sentora/hostdata/wwwsubl/public_html/top_sublime-voyance_be/concrete/vendor/doctrine/dbal/lib/Doctrine/DBAL/Driver/AbstractMySQLDriver.php:71 An exception occurred while executing \'SELECT t0.cPath AS cPath1, t0.ppID AS ppID2, t0.cID AS cID3, t0.ppIsCanonical AS ppIsCanonical4, t0.ppGeneratedFromURLSlugs AS ppGeneratedFromURLSlugs5 FROM PagePaths t0 WHERE t0.cID = ? AND t0.ppIsCanonical = ?\' with params [\"1\", 0]:\n\nSQLSTATE[42S22]: Column not found: 1054 Unknown column \'t0.ppGeneratedFromURLSlugs\' in \'field list\' (0)\n',1,600),(596,'exceptions',1434982008,'Exception Occurred: /var/sentora/hostdata/wwwsubl/public_html/top_sublime-voyance_be/concrete/vendor/doctrine/dbal/lib/Doctrine/DBAL/Driver/AbstractMySQLDriver.php:71 An exception occurred while executing \'SELECT t0.cPath AS cPath1, t0.ppID AS ppID2, t0.cID AS cID3, t0.ppIsCanonical AS ppIsCanonical4, t0.ppGeneratedFromURLSlugs AS ppGeneratedFromURLSlugs5 FROM PagePaths t0 WHERE t0.cID = ? AND t0.ppIsCanonical = ?\' with params [\"1\", 0]:\n\nSQLSTATE[42S22]: Column not found: 1054 Unknown column \'t0.ppGeneratedFromURLSlugs\' in \'field list\' (0)\n',1,600),(597,'exceptions',1434982009,'Exception Occurred: /var/sentora/hostdata/wwwsubl/public_html/top_sublime-voyance_be/concrete/vendor/doctrine/dbal/lib/Doctrine/DBAL/Driver/AbstractMySQLDriver.php:71 An exception occurred while executing \'SELECT t0.cPath AS cPath1, t0.ppID AS ppID2, t0.cID AS cID3, t0.ppIsCanonical AS ppIsCanonical4, t0.ppGeneratedFromURLSlugs AS ppGeneratedFromURLSlugs5 FROM PagePaths t0 WHERE t0.cID = ? AND t0.ppIsCanonical = ?\' with params [\"1\", 0]:\n\nSQLSTATE[42S22]: Column not found: 1054 Unknown column \'t0.ppGeneratedFromURLSlugs\' in \'field list\' (0)\n',1,600),(598,'exceptions',1434982010,'Exception Occurred: /var/sentora/hostdata/wwwsubl/public_html/top_sublime-voyance_be/concrete/vendor/doctrine/dbal/lib/Doctrine/DBAL/Driver/AbstractMySQLDriver.php:71 An exception occurred while executing \'SELECT t0.cPath AS cPath1, t0.ppID AS ppID2, t0.cID AS cID3, t0.ppIsCanonical AS ppIsCanonical4, t0.ppGeneratedFromURLSlugs AS ppGeneratedFromURLSlugs5 FROM PagePaths t0 WHERE t0.cID = ? AND t0.ppIsCanonical = ?\' with params [\"1\", 0]:\n\nSQLSTATE[42S22]: Column not found: 1054 Unknown column \'t0.ppGeneratedFromURLSlugs\' in \'field list\' (0)\n',1,600),(599,'exceptions',1434982011,'Exception Occurred: /var/sentora/hostdata/wwwsubl/public_html/top_sublime-voyance_be/concrete/vendor/doctrine/dbal/lib/Doctrine/DBAL/Driver/AbstractMySQLDriver.php:71 An exception occurred while executing \'SELECT t0.cPath AS cPath1, t0.ppID AS ppID2, t0.cID AS cID3, t0.ppIsCanonical AS ppIsCanonical4, t0.ppGeneratedFromURLSlugs AS ppGeneratedFromURLSlugs5 FROM PagePaths t0 WHERE t0.cID = ? AND t0.ppIsCanonical = ?\' with params [\"1\", 0]:\n\nSQLSTATE[42S22]: Column not found: 1054 Unknown column \'t0.ppGeneratedFromURLSlugs\' in \'field list\' (0)\n',1,600),(600,'exceptions',1434982012,'Exception Occurred: /var/sentora/hostdata/wwwsubl/public_html/top_sublime-voyance_be/concrete/vendor/doctrine/dbal/lib/Doctrine/DBAL/Driver/AbstractMySQLDriver.php:71 An exception occurred while executing \'SELECT t0.cPath AS cPath1, t0.ppID AS ppID2, t0.cID AS cID3, t0.ppIsCanonical AS ppIsCanonical4, t0.ppGeneratedFromURLSlugs AS ppGeneratedFromURLSlugs5 FROM PagePaths t0 WHERE t0.cID = ? AND t0.ppIsCanonical = ?\' with params [\"1\", 0]:\n\nSQLSTATE[42S22]: Column not found: 1054 Unknown column \'t0.ppGeneratedFromURLSlugs\' in \'field list\' (0)\n',1,600),(601,'exceptions',1434982014,'Exception Occurred: /var/sentora/hostdata/wwwsubl/public_html/top_sublime-voyance_be/concrete/vendor/doctrine/dbal/lib/Doctrine/DBAL/Driver/AbstractMySQLDriver.php:71 An exception occurred while executing \'SELECT t0.cPath AS cPath1, t0.ppID AS ppID2, t0.cID AS cID3, t0.ppIsCanonical AS ppIsCanonical4, t0.ppGeneratedFromURLSlugs AS ppGeneratedFromURLSlugs5 FROM PagePaths t0 WHERE t0.cID = ? AND t0.ppIsCanonical = ?\' with params [\"1\", 0]:\n\nSQLSTATE[42S22]: Column not found: 1054 Unknown column \'t0.ppGeneratedFromURLSlugs\' in \'field list\' (0)\n',1,600),(602,'exceptions',1434982015,'Exception Occurred: /var/sentora/hostdata/wwwsubl/public_html/top_sublime-voyance_be/concrete/vendor/doctrine/dbal/lib/Doctrine/DBAL/Driver/AbstractMySQLDriver.php:71 An exception occurred while executing \'SELECT t0.cPath AS cPath1, t0.ppID AS ppID2, t0.cID AS cID3, t0.ppIsCanonical AS ppIsCanonical4, t0.ppGeneratedFromURLSlugs AS ppGeneratedFromURLSlugs5 FROM PagePaths t0 WHERE t0.cID = ? AND t0.ppIsCanonical = ?\' with params [\"1\", 0]:\n\nSQLSTATE[42S22]: Column not found: 1054 Unknown column \'t0.ppGeneratedFromURLSlugs\' in \'field list\' (0)\n',1,600),(603,'exceptions',1434982016,'Exception Occurred: /var/sentora/hostdata/wwwsubl/public_html/top_sublime-voyance_be/concrete/vendor/doctrine/dbal/lib/Doctrine/DBAL/Driver/AbstractMySQLDriver.php:71 An exception occurred while executing \'SELECT t0.cPath AS cPath1, t0.ppID AS ppID2, t0.cID AS cID3, t0.ppIsCanonical AS ppIsCanonical4, t0.ppGeneratedFromURLSlugs AS ppGeneratedFromURLSlugs5 FROM PagePaths t0 WHERE t0.cID = ? AND t0.ppIsCanonical = ?\' with params [\"1\", 0]:\n\nSQLSTATE[42S22]: Column not found: 1054 Unknown column \'t0.ppGeneratedFromURLSlugs\' in \'field list\' (0)\n',1,600),(604,'exceptions',1434982017,'Exception Occurred: /var/sentora/hostdata/wwwsubl/public_html/top_sublime-voyance_be/concrete/vendor/doctrine/dbal/lib/Doctrine/DBAL/Driver/AbstractMySQLDriver.php:71 An exception occurred while executing \'SELECT t0.cPath AS cPath1, t0.ppID AS ppID2, t0.cID AS cID3, t0.ppIsCanonical AS ppIsCanonical4, t0.ppGeneratedFromURLSlugs AS ppGeneratedFromURLSlugs5 FROM PagePaths t0 WHERE t0.cID = ? AND t0.ppIsCanonical = ?\' with params [\"1\", 0]:\n\nSQLSTATE[42S22]: Column not found: 1054 Unknown column \'t0.ppGeneratedFromURLSlugs\' in \'field list\' (0)\n',1,600),(605,'exceptions',1434982018,'Exception Occurred: /var/sentora/hostdata/wwwsubl/public_html/top_sublime-voyance_be/concrete/vendor/doctrine/dbal/lib/Doctrine/DBAL/Driver/AbstractMySQLDriver.php:71 An exception occurred while executing \'SELECT t0.cPath AS cPath1, t0.ppID AS ppID2, t0.cID AS cID3, t0.ppIsCanonical AS ppIsCanonical4, t0.ppGeneratedFromURLSlugs AS ppGeneratedFromURLSlugs5 FROM PagePaths t0 WHERE t0.cID = ? AND t0.ppIsCanonical = ?\' with params [\"1\", 0]:\n\nSQLSTATE[42S22]: Column not found: 1054 Unknown column \'t0.ppGeneratedFromURLSlugs\' in \'field list\' (0)\n',1,600),(606,'exceptions',1434982019,'Exception Occurred: /var/sentora/hostdata/wwwsubl/public_html/top_sublime-voyance_be/concrete/vendor/doctrine/dbal/lib/Doctrine/DBAL/Driver/AbstractMySQLDriver.php:71 An exception occurred while executing \'SELECT t0.cPath AS cPath1, t0.ppID AS ppID2, t0.cID AS cID3, t0.ppIsCanonical AS ppIsCanonical4, t0.ppGeneratedFromURLSlugs AS ppGeneratedFromURLSlugs5 FROM PagePaths t0 WHERE t0.cID = ? AND t0.ppIsCanonical = ?\' with params [\"1\", 0]:\n\nSQLSTATE[42S22]: Column not found: 1054 Unknown column \'t0.ppGeneratedFromURLSlugs\' in \'field list\' (0)\n',1,600),(607,'exceptions',1434982021,'Exception Occurred: /var/sentora/hostdata/wwwsubl/public_html/top_sublime-voyance_be/concrete/vendor/doctrine/dbal/lib/Doctrine/DBAL/Driver/AbstractMySQLDriver.php:71 An exception occurred while executing \'SELECT t0.cPath AS cPath1, t0.ppID AS ppID2, t0.cID AS cID3, t0.ppIsCanonical AS ppIsCanonical4, t0.ppGeneratedFromURLSlugs AS ppGeneratedFromURLSlugs5 FROM PagePaths t0 WHERE t0.cID = ? AND t0.ppIsCanonical = ?\' with params [\"1\", 0]:\n\nSQLSTATE[42S22]: Column not found: 1054 Unknown column \'t0.ppGeneratedFromURLSlugs\' in \'field list\' (0)\n',1,600),(608,'exceptions',1434982022,'Exception Occurred: /var/sentora/hostdata/wwwsubl/public_html/top_sublime-voyance_be/concrete/vendor/doctrine/dbal/lib/Doctrine/DBAL/Driver/AbstractMySQLDriver.php:71 An exception occurred while executing \'SELECT t0.cPath AS cPath1, t0.ppID AS ppID2, t0.cID AS cID3, t0.ppIsCanonical AS ppIsCanonical4, t0.ppGeneratedFromURLSlugs AS ppGeneratedFromURLSlugs5 FROM PagePaths t0 WHERE t0.cID = ? AND t0.ppIsCanonical = ?\' with params [\"1\", 0]:\n\nSQLSTATE[42S22]: Column not found: 1054 Unknown column \'t0.ppGeneratedFromURLSlugs\' in \'field list\' (0)\n',1,600),(609,'exceptions',1434982023,'Exception Occurred: /var/sentora/hostdata/wwwsubl/public_html/top_sublime-voyance_be/concrete/vendor/doctrine/dbal/lib/Doctrine/DBAL/Driver/AbstractMySQLDriver.php:71 An exception occurred while executing \'SELECT t0.cPath AS cPath1, t0.ppID AS ppID2, t0.cID AS cID3, t0.ppIsCanonical AS ppIsCanonical4, t0.ppGeneratedFromURLSlugs AS ppGeneratedFromURLSlugs5 FROM PagePaths t0 WHERE t0.cID = ? AND t0.ppIsCanonical = ?\' with params [\"1\", 0]:\n\nSQLSTATE[42S22]: Column not found: 1054 Unknown column \'t0.ppGeneratedFromURLSlugs\' in \'field list\' (0)\n',1,600),(610,'exceptions',1434982024,'Exception Occurred: /var/sentora/hostdata/wwwsubl/public_html/top_sublime-voyance_be/concrete/vendor/doctrine/dbal/lib/Doctrine/DBAL/Driver/AbstractMySQLDriver.php:71 An exception occurred while executing \'SELECT t0.cPath AS cPath1, t0.ppID AS ppID2, t0.cID AS cID3, t0.ppIsCanonical AS ppIsCanonical4, t0.ppGeneratedFromURLSlugs AS ppGeneratedFromURLSlugs5 FROM PagePaths t0 WHERE t0.cID = ? AND t0.ppIsCanonical = ?\' with params [\"1\", 0]:\n\nSQLSTATE[42S22]: Column not found: 1054 Unknown column \'t0.ppGeneratedFromURLSlugs\' in \'field list\' (0)\n',1,600),(611,'exceptions',1434982025,'Exception Occurred: /var/sentora/hostdata/wwwsubl/public_html/top_sublime-voyance_be/concrete/vendor/doctrine/dbal/lib/Doctrine/DBAL/Driver/AbstractMySQLDriver.php:71 An exception occurred while executing \'SELECT t0.cPath AS cPath1, t0.ppID AS ppID2, t0.cID AS cID3, t0.ppIsCanonical AS ppIsCanonical4, t0.ppGeneratedFromURLSlugs AS ppGeneratedFromURLSlugs5 FROM PagePaths t0 WHERE t0.cID = ? AND t0.ppIsCanonical = ?\' with params [\"1\", 0]:\n\nSQLSTATE[42S22]: Column not found: 1054 Unknown column \'t0.ppGeneratedFromURLSlugs\' in \'field list\' (0)\n',1,600),(612,'exceptions',1434982027,'Exception Occurred: /var/sentora/hostdata/wwwsubl/public_html/top_sublime-voyance_be/concrete/vendor/doctrine/dbal/lib/Doctrine/DBAL/Driver/AbstractMySQLDriver.php:71 An exception occurred while executing \'SELECT t0.cPath AS cPath1, t0.ppID AS ppID2, t0.cID AS cID3, t0.ppIsCanonical AS ppIsCanonical4, t0.ppGeneratedFromURLSlugs AS ppGeneratedFromURLSlugs5 FROM PagePaths t0 WHERE t0.cID = ? AND t0.ppIsCanonical = ?\' with params [\"1\", 0]:\n\nSQLSTATE[42S22]: Column not found: 1054 Unknown column \'t0.ppGeneratedFromURLSlugs\' in \'field list\' (0)\n',1,600),(613,'exceptions',1434982028,'Exception Occurred: /var/sentora/hostdata/wwwsubl/public_html/top_sublime-voyance_be/concrete/vendor/doctrine/dbal/lib/Doctrine/DBAL/Driver/AbstractMySQLDriver.php:71 An exception occurred while executing \'SELECT t0.cPath AS cPath1, t0.ppID AS ppID2, t0.cID AS cID3, t0.ppIsCanonical AS ppIsCanonical4, t0.ppGeneratedFromURLSlugs AS ppGeneratedFromURLSlugs5 FROM PagePaths t0 WHERE t0.cID = ? AND t0.ppIsCanonical = ?\' with params [\"1\", 0]:\n\nSQLSTATE[42S22]: Column not found: 1054 Unknown column \'t0.ppGeneratedFromURLSlugs\' in \'field list\' (0)\n',1,600),(614,'exceptions',1434982029,'Exception Occurred: /var/sentora/hostdata/wwwsubl/public_html/top_sublime-voyance_be/concrete/vendor/doctrine/dbal/lib/Doctrine/DBAL/Driver/AbstractMySQLDriver.php:71 An exception occurred while executing \'SELECT t0.cPath AS cPath1, t0.ppID AS ppID2, t0.cID AS cID3, t0.ppIsCanonical AS ppIsCanonical4, t0.ppGeneratedFromURLSlugs AS ppGeneratedFromURLSlugs5 FROM PagePaths t0 WHERE t0.cID = ? AND t0.ppIsCanonical = ?\' with params [\"1\", 0]:\n\nSQLSTATE[42S22]: Column not found: 1054 Unknown column \'t0.ppGeneratedFromURLSlugs\' in \'field list\' (0)\n',1,600),(615,'exceptions',1434982035,'Exception Occurred: /var/sentora/hostdata/wwwsubl/public_html/top_sublime-voyance_be/concrete/vendor/doctrine/dbal/lib/Doctrine/DBAL/Driver/AbstractMySQLDriver.php:71 An exception occurred while executing \'SELECT t0.cPath AS cPath1, t0.ppID AS ppID2, t0.cID AS cID3, t0.ppIsCanonical AS ppIsCanonical4, t0.ppGeneratedFromURLSlugs AS ppGeneratedFromURLSlugs5 FROM PagePaths t0 WHERE t0.cID = ? AND t0.ppIsCanonical = ?\' with params [\"1\", 0]:\n\nSQLSTATE[42S22]: Column not found: 1054 Unknown column \'t0.ppGeneratedFromURLSlugs\' in \'field list\' (0)\n',1,600),(616,'exceptions',1434982076,'Exception Occurred: /var/sentora/hostdata/wwwsubl/public_html/top_sublime-voyance_be/concrete/vendor/doctrine/dbal/lib/Doctrine/DBAL/Driver/AbstractMySQLDriver.php:71 An exception occurred while executing \'SELECT t0.cPath AS cPath1, t0.ppID AS ppID2, t0.cID AS cID3, t0.ppIsCanonical AS ppIsCanonical4, t0.ppGeneratedFromURLSlugs AS ppGeneratedFromURLSlugs5 FROM PagePaths t0 WHERE t0.cID = ? AND t0.ppIsCanonical = ?\' with params [\"1\", 0]:\n\nSQLSTATE[42S22]: Column not found: 1054 Unknown column \'t0.ppGeneratedFromURLSlugs\' in \'field list\' (0)\n',1,600),(617,'exceptions',1434982076,'Exception Occurred: /var/sentora/hostdata/wwwsubl/public_html/top_sublime-voyance_be/concrete/vendor/doctrine/dbal/lib/Doctrine/DBAL/Driver/AbstractMySQLDriver.php:71 An exception occurred while executing \'SELECT t0.cPath AS cPath1, t0.ppID AS ppID2, t0.cID AS cID3, t0.ppIsCanonical AS ppIsCanonical4, t0.ppGeneratedFromURLSlugs AS ppGeneratedFromURLSlugs5 FROM PagePaths t0 WHERE t0.cID = ? AND t0.ppIsCanonical = ?\' with params [\"1\", 0]:\n\nSQLSTATE[42S22]: Column not found: 1054 Unknown column \'t0.ppGeneratedFromURLSlugs\' in \'field list\' (0)\n',1,600),(618,'exceptions',1434982077,'Exception Occurred: /var/sentora/hostdata/wwwsubl/public_html/top_sublime-voyance_be/concrete/vendor/doctrine/dbal/lib/Doctrine/DBAL/Driver/AbstractMySQLDriver.php:71 An exception occurred while executing \'SELECT t0.cPath AS cPath1, t0.ppID AS ppID2, t0.cID AS cID3, t0.ppIsCanonical AS ppIsCanonical4, t0.ppGeneratedFromURLSlugs AS ppGeneratedFromURLSlugs5 FROM PagePaths t0 WHERE t0.cID = ? AND t0.ppIsCanonical = ?\' with params [\"1\", 0]:\n\nSQLSTATE[42S22]: Column not found: 1054 Unknown column \'t0.ppGeneratedFromURLSlugs\' in \'field list\' (0)\n',1,600),(619,'exceptions',1435047802,'Exception Occurred: /var/sentora/hostdata/wwwsubl/public_html/top_sublime-voyance_be/concrete/vendor/doctrine/dbal/lib/Doctrine/DBAL/Driver/AbstractMySQLDriver.php:71 An exception occurred while executing \'SELECT t0.cPath AS cPath1, t0.ppID AS ppID2, t0.cID AS cID3, t0.ppIsCanonical AS ppIsCanonical4, t0.ppGeneratedFromURLSlugs AS ppGeneratedFromURLSlugs5 FROM PagePaths t0 WHERE t0.cID = ? AND t0.ppIsCanonical = ?\' with params [\"1\", 0]:\n\nSQLSTATE[42S22]: Column not found: 1054 Unknown column \'t0.ppGeneratedFromURLSlugs\' in \'field list\' (0)\n',0,600),(620,'exceptions',1435070738,'Exception Occurred: /var/sentora/hostdata/wwwsubl/public_html/top_sublime-voyance_be/concrete/vendor/doctrine/dbal/lib/Doctrine/DBAL/Driver/AbstractMySQLDriver.php:71 An exception occurred while executing \'SELECT t0.cPath AS cPath1, t0.ppID AS ppID2, t0.cID AS cID3, t0.ppIsCanonical AS ppIsCanonical4, t0.ppGeneratedFromURLSlugs AS ppGeneratedFromURLSlugs5 FROM PagePaths t0 WHERE t0.cID = ? AND t0.ppIsCanonical = ?\' with params [\"1\", 0]:\n\nSQLSTATE[42S22]: Column not found: 1054 Unknown column \'t0.ppGeneratedFromURLSlugs\' in \'field list\' (0)\n',1,600),(621,'exceptions',1435316440,'Exception Occurred: /var/sentora/hostdata/wwwsubl/public_html/top_sublime-voyance_be/concrete/vendor/doctrine/dbal/lib/Doctrine/DBAL/Driver/AbstractMySQLDriver.php:71 An exception occurred while executing \'SELECT t0.cPath AS cPath1, t0.ppID AS ppID2, t0.cID AS cID3, t0.ppIsCanonical AS ppIsCanonical4, t0.ppGeneratedFromURLSlugs AS ppGeneratedFromURLSlugs5 FROM PagePaths t0 WHERE t0.cID = ? AND t0.ppIsCanonical = ?\' with params [\"1\", 0]:\n\nSQLSTATE[42S22]: Column not found: 1054 Unknown column \'t0.ppGeneratedFromURLSlugs\' in \'field list\' (0)\n',0,600),(622,'exceptions',1435350573,'Exception Occurred: /var/sentora/hostdata/wwwsubl/public_html/top_sublime-voyance_be/concrete/vendor/doctrine/dbal/lib/Doctrine/DBAL/Driver/AbstractMySQLDriver.php:71 An exception occurred while executing \'SELECT t0.cPath AS cPath1, t0.ppID AS ppID2, t0.cID AS cID3, t0.ppIsCanonical AS ppIsCanonical4, t0.ppGeneratedFromURLSlugs AS ppGeneratedFromURLSlugs5 FROM PagePaths t0 WHERE t0.cID = ? AND t0.ppIsCanonical = ?\' with params [\"1\", 0]:\n\nSQLSTATE[42S22]: Column not found: 1054 Unknown column \'t0.ppGeneratedFromURLSlugs\' in \'field list\' (0)\n',0,600),(623,'exceptions',1435350576,'Exception Occurred: /var/sentora/hostdata/wwwsubl/public_html/top_sublime-voyance_be/concrete/vendor/doctrine/dbal/lib/Doctrine/DBAL/Driver/AbstractMySQLDriver.php:71 An exception occurred while executing \'SELECT t0.cPath AS cPath1, t0.ppID AS ppID2, t0.cID AS cID3, t0.ppIsCanonical AS ppIsCanonical4, t0.ppGeneratedFromURLSlugs AS ppGeneratedFromURLSlugs5 FROM PagePaths t0 WHERE t0.cID = ? AND t0.ppIsCanonical = ?\' with params [\"1\", 0]:\n\nSQLSTATE[42S22]: Column not found: 1054 Unknown column \'t0.ppGeneratedFromURLSlugs\' in \'field list\' (0)\n',0,600),(624,'exceptions',1435350579,'Exception Occurred: /var/sentora/hostdata/wwwsubl/public_html/top_sublime-voyance_be/concrete/vendor/doctrine/dbal/lib/Doctrine/DBAL/Driver/AbstractMySQLDriver.php:71 An exception occurred while executing \'SELECT t0.cPath AS cPath1, t0.ppID AS ppID2, t0.cID AS cID3, t0.ppIsCanonical AS ppIsCanonical4, t0.ppGeneratedFromURLSlugs AS ppGeneratedFromURLSlugs5 FROM PagePaths t0 WHERE t0.cID = ? AND t0.ppIsCanonical = ?\' with params [\"1\", 0]:\n\nSQLSTATE[42S22]: Column not found: 1054 Unknown column \'t0.ppGeneratedFromURLSlugs\' in \'field list\' (0)\n',0,600),(625,'exceptions',1435350581,'Exception Occurred: /var/sentora/hostdata/wwwsubl/public_html/top_sublime-voyance_be/concrete/vendor/doctrine/dbal/lib/Doctrine/DBAL/Driver/AbstractMySQLDriver.php:71 An exception occurred while executing \'SELECT t0.cPath AS cPath1, t0.ppID AS ppID2, t0.cID AS cID3, t0.ppIsCanonical AS ppIsCanonical4, t0.ppGeneratedFromURLSlugs AS ppGeneratedFromURLSlugs5 FROM PagePaths t0 WHERE t0.cID = ? AND t0.ppIsCanonical = ?\' with params [\"1\", 0]:\n\nSQLSTATE[42S22]: Column not found: 1054 Unknown column \'t0.ppGeneratedFromURLSlugs\' in \'field list\' (0)\n',0,600),(626,'exceptions',1435350584,'Exception Occurred: /var/sentora/hostdata/wwwsubl/public_html/top_sublime-voyance_be/concrete/vendor/doctrine/dbal/lib/Doctrine/DBAL/Driver/AbstractMySQLDriver.php:71 An exception occurred while executing \'SELECT t0.cPath AS cPath1, t0.ppID AS ppID2, t0.cID AS cID3, t0.ppIsCanonical AS ppIsCanonical4, t0.ppGeneratedFromURLSlugs AS ppGeneratedFromURLSlugs5 FROM PagePaths t0 WHERE t0.cID = ? AND t0.ppIsCanonical = ?\' with params [\"1\", 0]:\n\nSQLSTATE[42S22]: Column not found: 1054 Unknown column \'t0.ppGeneratedFromURLSlugs\' in \'field list\' (0)\n',0,600),(627,'exceptions',1435350586,'Exception Occurred: /var/sentora/hostdata/wwwsubl/public_html/top_sublime-voyance_be/concrete/vendor/doctrine/dbal/lib/Doctrine/DBAL/Driver/AbstractMySQLDriver.php:71 An exception occurred while executing \'SELECT t0.cPath AS cPath1, t0.ppID AS ppID2, t0.cID AS cID3, t0.ppIsCanonical AS ppIsCanonical4, t0.ppGeneratedFromURLSlugs AS ppGeneratedFromURLSlugs5 FROM PagePaths t0 WHERE t0.cID = ? AND t0.ppIsCanonical = ?\' with params [\"1\", 0]:\n\nSQLSTATE[42S22]: Column not found: 1054 Unknown column \'t0.ppGeneratedFromURLSlugs\' in \'field list\' (0)\n',0,600),(628,'exceptions',1435517376,'Exception Occurred: /var/sentora/hostdata/wwwsubl/public_html/top_sublime-voyance_be/concrete/vendor/doctrine/dbal/lib/Doctrine/DBAL/Driver/AbstractMySQLDriver.php:71 An exception occurred while executing \'SELECT t0.cPath AS cPath1, t0.ppID AS ppID2, t0.cID AS cID3, t0.ppIsCanonical AS ppIsCanonical4, t0.ppGeneratedFromURLSlugs AS ppGeneratedFromURLSlugs5 FROM PagePaths t0 WHERE t0.cID = ? AND t0.ppIsCanonical = ?\' with params [\"1\", 0]:\n\nSQLSTATE[42S22]: Column not found: 1054 Unknown column \'t0.ppGeneratedFromURLSlugs\' in \'field list\' (0)\n',0,600),(629,'exceptions',1435821358,'Exception Occurred: /var/sentora/hostdata/wwwsubl/public_html/top_sublime-voyance_be/concrete/vendor/doctrine/dbal/lib/Doctrine/DBAL/Driver/AbstractMySQLDriver.php:71 An exception occurred while executing \'SELECT t0.cPath AS cPath1, t0.ppID AS ppID2, t0.cID AS cID3, t0.ppIsCanonical AS ppIsCanonical4, t0.ppGeneratedFromURLSlugs AS ppGeneratedFromURLSlugs5 FROM PagePaths t0 WHERE t0.cID = ? AND t0.ppIsCanonical = ?\' with params [\"1\", 0]:\n\nSQLSTATE[42S22]: Column not found: 1054 Unknown column \'t0.ppGeneratedFromURLSlugs\' in \'field list\' (0)\n',0,600),(630,'exceptions',1435832333,'Exception Occurred: /var/sentora/hostdata/wwwsubl/public_html/top_sublime-voyance_be/concrete/vendor/doctrine/dbal/lib/Doctrine/DBAL/Driver/AbstractMySQLDriver.php:71 An exception occurred while executing \'SELECT t0.cPath AS cPath1, t0.ppID AS ppID2, t0.cID AS cID3, t0.ppIsCanonical AS ppIsCanonical4, t0.ppGeneratedFromURLSlugs AS ppGeneratedFromURLSlugs5 FROM PagePaths t0 WHERE t0.cID = ? AND t0.ppIsCanonical = ?\' with params [\"1\", 0]:\n\nSQLSTATE[42S22]: Column not found: 1054 Unknown column \'t0.ppGeneratedFromURLSlugs\' in \'field list\' (0)\n',0,600),(631,'exceptions',1435868898,'Exception Occurred: /var/sentora/hostdata/wwwsubl/public_html/top_sublime-voyance_be/concrete/vendor/doctrine/dbal/lib/Doctrine/DBAL/Driver/AbstractMySQLDriver.php:71 An exception occurred while executing \'SELECT t0.cPath AS cPath1, t0.ppID AS ppID2, t0.cID AS cID3, t0.ppIsCanonical AS ppIsCanonical4, t0.ppGeneratedFromURLSlugs AS ppGeneratedFromURLSlugs5 FROM PagePaths t0 WHERE t0.cID = ? AND t0.ppIsCanonical = ?\' with params [\"1\", 0]:\n\nSQLSTATE[42S22]: Column not found: 1054 Unknown column \'t0.ppGeneratedFromURLSlugs\' in \'field list\' (0)\n',0,600),(632,'exceptions',1435868898,'Exception Occurred: /var/sentora/hostdata/wwwsubl/public_html/top_sublime-voyance_be/concrete/vendor/doctrine/dbal/lib/Doctrine/DBAL/Driver/AbstractMySQLDriver.php:71 An exception occurred while executing \'SELECT t0.cPath AS cPath1, t0.ppID AS ppID2, t0.cID AS cID3, t0.ppIsCanonical AS ppIsCanonical4, t0.ppGeneratedFromURLSlugs AS ppGeneratedFromURLSlugs5 FROM PagePaths t0 WHERE t0.cID = ? AND t0.ppIsCanonical = ?\' with params [\"1\", 0]:\n\nSQLSTATE[42S22]: Column not found: 1054 Unknown column \'t0.ppGeneratedFromURLSlugs\' in \'field list\' (0)\n',0,600),(633,'exceptions',1436099852,'Exception Occurred: /var/sentora/hostdata/wwwsubl/public_html/top_sublime-voyance_be/concrete/vendor/doctrine/dbal/lib/Doctrine/DBAL/Driver/AbstractMySQLDriver.php:71 An exception occurred while executing \'SELECT t0.cPath AS cPath1, t0.ppID AS ppID2, t0.cID AS cID3, t0.ppIsCanonical AS ppIsCanonical4, t0.ppGeneratedFromURLSlugs AS ppGeneratedFromURLSlugs5 FROM PagePaths t0 WHERE t0.cID = ? AND t0.ppIsCanonical = ?\' with params [\"1\", 0]:\n\nSQLSTATE[42S22]: Column not found: 1054 Unknown column \'t0.ppGeneratedFromURLSlugs\' in \'field list\' (0)\n',0,600),(634,'exceptions',1436144892,'Exception Occurred: /var/sentora/hostdata/wwwsubl/public_html/top_sublime-voyance_be/concrete/vendor/doctrine/dbal/lib/Doctrine/DBAL/Driver/AbstractMySQLDriver.php:71 An exception occurred while executing \'SELECT t0.cPath AS cPath1, t0.ppID AS ppID2, t0.cID AS cID3, t0.ppIsCanonical AS ppIsCanonical4, t0.ppGeneratedFromURLSlugs AS ppGeneratedFromURLSlugs5 FROM PagePaths t0 WHERE t0.cID = ? AND t0.ppIsCanonical = ?\' with params [\"1\", 0]:\n\nSQLSTATE[42S22]: Column not found: 1054 Unknown column \'t0.ppGeneratedFromURLSlugs\' in \'field list\' (0)\n',0,600),(635,'exceptions',1436161697,'Exception Occurred: /var/sentora/hostdata/wwwsubl/public_html/top_sublime-voyance_be/concrete/vendor/doctrine/dbal/lib/Doctrine/DBAL/Driver/AbstractMySQLDriver.php:71 An exception occurred while executing \'SELECT t0.cPath AS cPath1, t0.ppID AS ppID2, t0.cID AS cID3, t0.ppIsCanonical AS ppIsCanonical4, t0.ppGeneratedFromURLSlugs AS ppGeneratedFromURLSlugs5 FROM PagePaths t0 WHERE t0.cID = ? AND t0.ppIsCanonical = ?\' with params [\"1\", 0]:\n\nSQLSTATE[42S22]: Column not found: 1054 Unknown column \'t0.ppGeneratedFromURLSlugs\' in \'field list\' (0)\n',0,600),(636,'exceptions',1436308759,'Exception Occurred: /var/sentora/hostdata/wwwsubl/public_html/top_sublime-voyance_be/concrete/vendor/doctrine/dbal/lib/Doctrine/DBAL/Driver/AbstractMySQLDriver.php:71 An exception occurred while executing \'SELECT t0.cPath AS cPath1, t0.ppID AS ppID2, t0.cID AS cID3, t0.ppIsCanonical AS ppIsCanonical4, t0.ppGeneratedFromURLSlugs AS ppGeneratedFromURLSlugs5 FROM PagePaths t0 WHERE t0.cID = ? AND t0.ppIsCanonical = ?\' with params [\"1\", 0]:\n\nSQLSTATE[42S22]: Column not found: 1054 Unknown column \'t0.ppGeneratedFromURLSlugs\' in \'field list\' (0)\n',0,600),(637,'exceptions',1436308762,'Exception Occurred: /var/sentora/hostdata/wwwsubl/public_html/top_sublime-voyance_be/concrete/vendor/doctrine/dbal/lib/Doctrine/DBAL/Driver/AbstractMySQLDriver.php:71 An exception occurred while executing \'SELECT t0.cPath AS cPath1, t0.ppID AS ppID2, t0.cID AS cID3, t0.ppIsCanonical AS ppIsCanonical4, t0.ppGeneratedFromURLSlugs AS ppGeneratedFromURLSlugs5 FROM PagePaths t0 WHERE t0.cID = ? AND t0.ppIsCanonical = ?\' with params [\"1\", 0]:\n\nSQLSTATE[42S22]: Column not found: 1054 Unknown column \'t0.ppGeneratedFromURLSlugs\' in \'field list\' (0)\n',0,600),(638,'exceptions',1436357071,'Exception Occurred: /var/sentora/hostdata/wwwsubl/public_html/top_sublime-voyance_be/concrete/vendor/doctrine/dbal/lib/Doctrine/DBAL/Driver/AbstractMySQLDriver.php:71 An exception occurred while executing \'SELECT t0.cPath AS cPath1, t0.ppID AS ppID2, t0.cID AS cID3, t0.ppIsCanonical AS ppIsCanonical4, t0.ppGeneratedFromURLSlugs AS ppGeneratedFromURLSlugs5 FROM PagePaths t0 WHERE t0.cID = ? AND t0.ppIsCanonical = ?\' with params [\"1\", 0]:\n\nSQLSTATE[42S22]: Column not found: 1054 Unknown column \'t0.ppGeneratedFromURLSlugs\' in \'field list\' (0)\n',0,600),(639,'exceptions',1436368912,'Exception Occurred: /var/sentora/hostdata/wwwsubl/public_html/top_sublime-voyance_be/concrete/vendor/doctrine/dbal/lib/Doctrine/DBAL/Driver/AbstractMySQLDriver.php:71 An exception occurred while executing \'SELECT t0.cPath AS cPath1, t0.ppID AS ppID2, t0.cID AS cID3, t0.ppIsCanonical AS ppIsCanonical4, t0.ppGeneratedFromURLSlugs AS ppGeneratedFromURLSlugs5 FROM PagePaths t0 WHERE t0.cID = ? AND t0.ppIsCanonical = ?\' with params [\"1\", 0]:\n\nSQLSTATE[42S22]: Column not found: 1054 Unknown column \'t0.ppGeneratedFromURLSlugs\' in \'field list\' (0)\n',0,600),(640,'exceptions',1436378139,'Exception Occurred: /var/sentora/hostdata/wwwsubl/public_html/top_sublime-voyance_be/concrete/vendor/doctrine/dbal/lib/Doctrine/DBAL/Driver/AbstractMySQLDriver.php:71 An exception occurred while executing \'SELECT t0.cPath AS cPath1, t0.ppID AS ppID2, t0.cID AS cID3, t0.ppIsCanonical AS ppIsCanonical4, t0.ppGeneratedFromURLSlugs AS ppGeneratedFromURLSlugs5 FROM PagePaths t0 WHERE t0.cID = ? AND t0.ppIsCanonical = ?\' with params [\"1\", 0]:\n\nSQLSTATE[42S22]: Column not found: 1054 Unknown column \'t0.ppGeneratedFromURLSlugs\' in \'field list\' (0)\n',0,600),(641,'exceptions',1436559601,'Exception Occurred: /var/sentora/hostdata/wwwsubl/public_html/top_sublime-voyance_be/concrete/vendor/doctrine/dbal/lib/Doctrine/DBAL/Driver/AbstractMySQLDriver.php:71 An exception occurred while executing \'SELECT t0.cPath AS cPath1, t0.ppID AS ppID2, t0.cID AS cID3, t0.ppIsCanonical AS ppIsCanonical4, t0.ppGeneratedFromURLSlugs AS ppGeneratedFromURLSlugs5 FROM PagePaths t0 WHERE t0.cID = ? AND t0.ppIsCanonical = ?\' with params [\"1\", 0]:\n\nSQLSTATE[42S22]: Column not found: 1054 Unknown column \'t0.ppGeneratedFromURLSlugs\' in \'field list\' (0)\n',0,600),(642,'exceptions',1436577406,'Exception Occurred: /var/sentora/hostdata/wwwsubl/public_html/top_sublime-voyance_be/concrete/vendor/doctrine/dbal/lib/Doctrine/DBAL/Driver/AbstractMySQLDriver.php:71 An exception occurred while executing \'SELECT t0.cPath AS cPath1, t0.ppID AS ppID2, t0.cID AS cID3, t0.ppIsCanonical AS ppIsCanonical4, t0.ppGeneratedFromURLSlugs AS ppGeneratedFromURLSlugs5 FROM PagePaths t0 WHERE t0.cID = ? AND t0.ppIsCanonical = ?\' with params [\"1\", 0]:\n\nSQLSTATE[42S22]: Column not found: 1054 Unknown column \'t0.ppGeneratedFromURLSlugs\' in \'field list\' (0)\n',0,600),(643,'exceptions',1436597084,'Exception Occurred: /var/sentora/hostdata/wwwsubl/public_html/top_sublime-voyance_be/concrete/vendor/doctrine/dbal/lib/Doctrine/DBAL/Driver/AbstractMySQLDriver.php:71 An exception occurred while executing \'SELECT t0.cPath AS cPath1, t0.ppID AS ppID2, t0.cID AS cID3, t0.ppIsCanonical AS ppIsCanonical4, t0.ppGeneratedFromURLSlugs AS ppGeneratedFromURLSlugs5 FROM PagePaths t0 WHERE t0.cID = ? AND t0.ppIsCanonical = ?\' with params [\"1\", 0]:\n\nSQLSTATE[42S22]: Column not found: 1054 Unknown column \'t0.ppGeneratedFromURLSlugs\' in \'field list\' (0)\n',0,600),(644,'exceptions',1436686837,'Exception Occurred: /var/sentora/hostdata/wwwsubl/public_html/top_sublime-voyance_be/concrete/vendor/doctrine/dbal/lib/Doctrine/DBAL/Driver/AbstractMySQLDriver.php:71 An exception occurred while executing \'SELECT t0.cPath AS cPath1, t0.ppID AS ppID2, t0.cID AS cID3, t0.ppIsCanonical AS ppIsCanonical4, t0.ppGeneratedFromURLSlugs AS ppGeneratedFromURLSlugs5 FROM PagePaths t0 WHERE t0.cID = ? AND t0.ppIsCanonical = ?\' with params [\"1\", 0]:\n\nSQLSTATE[42S22]: Column not found: 1054 Unknown column \'t0.ppGeneratedFromURLSlugs\' in \'field list\' (0)\n',0,600),(645,'exceptions',1436686842,'Exception Occurred: /var/sentora/hostdata/wwwsubl/public_html/top_sublime-voyance_be/concrete/vendor/doctrine/dbal/lib/Doctrine/DBAL/Driver/AbstractMySQLDriver.php:71 An exception occurred while executing \'SELECT t0.cPath AS cPath1, t0.ppID AS ppID2, t0.cID AS cID3, t0.ppIsCanonical AS ppIsCanonical4, t0.ppGeneratedFromURLSlugs AS ppGeneratedFromURLSlugs5 FROM PagePaths t0 WHERE t0.cID = ? AND t0.ppIsCanonical = ?\' with params [\"1\", 0]:\n\nSQLSTATE[42S22]: Column not found: 1054 Unknown column \'t0.ppGeneratedFromURLSlugs\' in \'field list\' (0)\n',0,600),(646,'exceptions',1436819195,'Exception Occurred: /var/sentora/hostdata/wwwsubl/public_html/top_sublime-voyance_be/concrete/vendor/doctrine/dbal/lib/Doctrine/DBAL/Driver/AbstractMySQLDriver.php:71 An exception occurred while executing \'SELECT t0.cPath AS cPath1, t0.ppID AS ppID2, t0.cID AS cID3, t0.ppIsCanonical AS ppIsCanonical4, t0.ppGeneratedFromURLSlugs AS ppGeneratedFromURLSlugs5 FROM PagePaths t0 WHERE t0.cID = ? AND t0.ppIsCanonical = ?\' with params [\"1\", 0]:\n\nSQLSTATE[42S22]: Column not found: 1054 Unknown column \'t0.ppGeneratedFromURLSlugs\' in \'field list\' (0)\n',0,600),(647,'exceptions',1437109087,'Exception Occurred: /var/sentora/hostdata/wwwsubl/public_html/top_sublime-voyance_be/concrete/vendor/doctrine/dbal/lib/Doctrine/DBAL/Driver/AbstractMySQLDriver.php:71 An exception occurred while executing \'SELECT t0.cPath AS cPath1, t0.ppID AS ppID2, t0.cID AS cID3, t0.ppIsCanonical AS ppIsCanonical4, t0.ppGeneratedFromURLSlugs AS ppGeneratedFromURLSlugs5 FROM PagePaths t0 WHERE t0.cID = ? AND t0.ppIsCanonical = ?\' with params [\"1\", 0]:\n\nSQLSTATE[42S22]: Column not found: 1054 Unknown column \'t0.ppGeneratedFromURLSlugs\' in \'field list\' (0)\n',0,600),(648,'exceptions',1437324124,'Exception Occurred: /var/sentora/hostdata/wwwsubl/public_html/top_sublime-voyance_be/concrete/vendor/doctrine/dbal/lib/Doctrine/DBAL/Driver/AbstractMySQLDriver.php:71 An exception occurred while executing \'SELECT t0.cPath AS cPath1, t0.ppID AS ppID2, t0.cID AS cID3, t0.ppIsCanonical AS ppIsCanonical4, t0.ppGeneratedFromURLSlugs AS ppGeneratedFromURLSlugs5 FROM PagePaths t0 WHERE t0.cID = ? AND t0.ppIsCanonical = ?\' with params [\"1\", 0]:\n\nSQLSTATE[42S22]: Column not found: 1054 Unknown column \'t0.ppGeneratedFromURLSlugs\' in \'field list\' (0)\n',0,600),(649,'exceptions',1437511960,'Exception Occurred: /var/sentora/hostdata/wwwsubl/public_html/top_sublime-voyance_be/concrete/vendor/doctrine/dbal/lib/Doctrine/DBAL/Driver/AbstractMySQLDriver.php:71 An exception occurred while executing \'SELECT t0.cPath AS cPath1, t0.ppID AS ppID2, t0.cID AS cID3, t0.ppIsCanonical AS ppIsCanonical4, t0.ppGeneratedFromURLSlugs AS ppGeneratedFromURLSlugs5 FROM PagePaths t0 WHERE t0.cID = ? AND t0.ppIsCanonical = ?\' with params [\"1\", 0]:\n\nSQLSTATE[42S22]: Column not found: 1054 Unknown column \'t0.ppGeneratedFromURLSlugs\' in \'field list\' (0)\n',0,600),(650,'exceptions',1438040337,'Exception Occurred: /var/sentora/hostdata/wwwsubl/public_html/top_sublime-voyance_be/concrete/vendor/doctrine/dbal/lib/Doctrine/DBAL/Driver/AbstractMySQLDriver.php:71 An exception occurred while executing \'SELECT t0.cPath AS cPath1, t0.ppID AS ppID2, t0.cID AS cID3, t0.ppIsCanonical AS ppIsCanonical4, t0.ppGeneratedFromURLSlugs AS ppGeneratedFromURLSlugs5 FROM PagePaths t0 WHERE t0.cID = ? AND t0.ppIsCanonical = ?\' with params [\"1\", 0]:\n\nSQLSTATE[42S22]: Column not found: 1054 Unknown column \'t0.ppGeneratedFromURLSlugs\' in \'field list\' (0)\n',0,600),(651,'exceptions',1438315620,'Exception Occurred: /var/sentora/hostdata/wwwsubl/public_html/top_sublime-voyance_be/concrete/vendor/doctrine/dbal/lib/Doctrine/DBAL/Driver/AbstractMySQLDriver.php:71 An exception occurred while executing \'SELECT t0.cPath AS cPath1, t0.ppID AS ppID2, t0.cID AS cID3, t0.ppIsCanonical AS ppIsCanonical4, t0.ppGeneratedFromURLSlugs AS ppGeneratedFromURLSlugs5 FROM PagePaths t0 WHERE t0.cID = ? AND t0.ppIsCanonical = ?\' with params [\"1\", 0]:\n\nSQLSTATE[42S22]: Column not found: 1054 Unknown column \'t0.ppGeneratedFromURLSlugs\' in \'field list\' (0)\n',0,600),(652,'exceptions',1438362752,'Exception Occurred: /var/sentora/hostdata/wwwsubl/public_html/top_sublime-voyance_be/concrete/vendor/doctrine/dbal/lib/Doctrine/DBAL/Driver/AbstractMySQLDriver.php:71 An exception occurred while executing \'SELECT t0.cPath AS cPath1, t0.ppID AS ppID2, t0.cID AS cID3, t0.ppIsCanonical AS ppIsCanonical4, t0.ppGeneratedFromURLSlugs AS ppGeneratedFromURLSlugs5 FROM PagePaths t0 WHERE t0.cID = ? AND t0.ppIsCanonical = ?\' with params [\"1\", 0]:\n\nSQLSTATE[42S22]: Column not found: 1054 Unknown column \'t0.ppGeneratedFromURLSlugs\' in \'field list\' (0)\n',0,600),(653,'exceptions',1438518543,'Exception Occurred: /var/sentora/hostdata/wwwsubl/public_html/top_sublime-voyance_be/concrete/vendor/doctrine/dbal/lib/Doctrine/DBAL/Driver/AbstractMySQLDriver.php:71 An exception occurred while executing \'SELECT t0.cPath AS cPath1, t0.ppID AS ppID2, t0.cID AS cID3, t0.ppIsCanonical AS ppIsCanonical4, t0.ppGeneratedFromURLSlugs AS ppGeneratedFromURLSlugs5 FROM PagePaths t0 WHERE t0.cID = ? AND t0.ppIsCanonical = ?\' with params [\"1\", 0]:\n\nSQLSTATE[42S22]: Column not found: 1054 Unknown column \'t0.ppGeneratedFromURLSlugs\' in \'field list\' (0)\n',1,600),(654,'exceptions',1438518550,'Exception Occurred: /var/sentora/hostdata/wwwsubl/public_html/top_sublime-voyance_be/concrete/vendor/doctrine/dbal/lib/Doctrine/DBAL/Driver/AbstractMySQLDriver.php:71 An exception occurred while executing \'SELECT t0.cPath AS cPath1, t0.ppID AS ppID2, t0.cID AS cID3, t0.ppIsCanonical AS ppIsCanonical4, t0.ppGeneratedFromURLSlugs AS ppGeneratedFromURLSlugs5 FROM PagePaths t0 WHERE t0.cID = ? AND t0.ppIsCanonical = ?\' with params [\"1\", 0]:\n\nSQLSTATE[42S22]: Column not found: 1054 Unknown column \'t0.ppGeneratedFromURLSlugs\' in \'field list\' (0)\n',1,600),(655,'exceptions',1438596992,'Exception Occurred: /var/sentora/hostdata/wwwsubl/public_html/top_sublime-voyance_be/concrete/vendor/doctrine/dbal/lib/Doctrine/DBAL/Driver/AbstractMySQLDriver.php:71 An exception occurred while executing \'SELECT t0.cPath AS cPath1, t0.ppID AS ppID2, t0.cID AS cID3, t0.ppIsCanonical AS ppIsCanonical4, t0.ppGeneratedFromURLSlugs AS ppGeneratedFromURLSlugs5 FROM PagePaths t0 WHERE t0.cID = ? AND t0.ppIsCanonical = ?\' with params [\"1\", 0]:\n\nSQLSTATE[42S22]: Column not found: 1054 Unknown column \'t0.ppGeneratedFromURLSlugs\' in \'field list\' (0)\n',1,600),(656,'exceptions',1438597057,'Exception Occurred: /var/sentora/hostdata/wwwsubl/public_html/top_sublime-voyance_be/concrete/vendor/doctrine/dbal/lib/Doctrine/DBAL/Driver/AbstractMySQLDriver.php:71 An exception occurred while executing \'SELECT t0.cPath AS cPath1, t0.ppID AS ppID2, t0.cID AS cID3, t0.ppIsCanonical AS ppIsCanonical4, t0.ppGeneratedFromURLSlugs AS ppGeneratedFromURLSlugs5 FROM PagePaths t0 WHERE t0.cID = ? AND t0.ppIsCanonical = ?\' with params [\"1\", 0]:\n\nSQLSTATE[42S22]: Column not found: 1054 Unknown column \'t0.ppGeneratedFromURLSlugs\' in \'field list\' (0)\n',1,600),(657,'exceptions',1438707285,'Exception Occurred: /var/sentora/hostdata/wwwsubl/public_html/top_sublime-voyance_be/concrete/vendor/doctrine/dbal/lib/Doctrine/DBAL/Driver/AbstractMySQLDriver.php:71 An exception occurred while executing \'SELECT t0.cPath AS cPath1, t0.ppID AS ppID2, t0.cID AS cID3, t0.ppIsCanonical AS ppIsCanonical4, t0.ppGeneratedFromURLSlugs AS ppGeneratedFromURLSlugs5 FROM PagePaths t0 WHERE t0.cID = ? AND t0.ppIsCanonical = ?\' with params [\"1\", 0]:\n\nSQLSTATE[42S22]: Column not found: 1054 Unknown column \'t0.ppGeneratedFromURLSlugs\' in \'field list\' (0)\n',0,600),(658,'exceptions',1438778137,'Exception Occurred: /var/sentora/hostdata/wwwsubl/public_html/top_sublime-voyance_be/concrete/vendor/doctrine/dbal/lib/Doctrine/DBAL/Driver/AbstractMySQLDriver.php:71 An exception occurred while executing \'SELECT t0.cPath AS cPath1, t0.ppID AS ppID2, t0.cID AS cID3, t0.ppIsCanonical AS ppIsCanonical4, t0.ppGeneratedFromURLSlugs AS ppGeneratedFromURLSlugs5 FROM PagePaths t0 WHERE t0.cID = ? AND t0.ppIsCanonical = ?\' with params [\"1\", 0]:\n\nSQLSTATE[42S22]: Column not found: 1054 Unknown column \'t0.ppGeneratedFromURLSlugs\' in \'field list\' (0)\n',0,600),(659,'exceptions',1438869099,'Exception Occurred: /var/sentora/hostdata/wwwsubl/public_html/top_sublime-voyance_be/concrete/vendor/doctrine/dbal/lib/Doctrine/DBAL/Driver/AbstractMySQLDriver.php:71 An exception occurred while executing \'SELECT t0.cPath AS cPath1, t0.ppID AS ppID2, t0.cID AS cID3, t0.ppIsCanonical AS ppIsCanonical4, t0.ppGeneratedFromURLSlugs AS ppGeneratedFromURLSlugs5 FROM PagePaths t0 WHERE t0.cID = ? AND t0.ppIsCanonical = ?\' with params [\"1\", 0]:\n\nSQLSTATE[42S22]: Column not found: 1054 Unknown column \'t0.ppGeneratedFromURLSlugs\' in \'field list\' (0)\n',1,600);
/*!40000 ALTER TABLE `Logs` ENABLE KEYS */;
UNLOCK TABLES;

--
-- Table structure for table `MailImporters`
--

DROP TABLE IF EXISTS `MailImporters`;
/*!40101 SET @saved_cs_client     = @@character_set_client */;
/*!40101 SET character_set_client = utf8 */;
CREATE TABLE `MailImporters` (
  `miID` int(10) unsigned NOT NULL AUTO_INCREMENT,
  `miHandle` varchar(64) COLLATE utf8_unicode_ci NOT NULL,
  `miServer` varchar(255) COLLATE utf8_unicode_ci DEFAULT NULL,
  `miUsername` varchar(255) COLLATE utf8_unicode_ci DEFAULT NULL,
  `miPassword` varchar(255) COLLATE utf8_unicode_ci DEFAULT NULL,
  `miEncryption` varchar(32) COLLATE utf8_unicode_ci DEFAULT NULL,
  `miIsEnabled` tinyint(1) NOT NULL DEFAULT '0',
  `miEmail` varchar(255) COLLATE utf8_unicode_ci DEFAULT NULL,
  `miPort` int(10) unsigned NOT NULL DEFAULT '0',
  `pkgID` int(10) unsigned DEFAULT NULL,
  `miConnectionMethod` varchar(8) COLLATE utf8_unicode_ci DEFAULT 'POP',
  PRIMARY KEY (`miID`),
  UNIQUE KEY `miHandle` (`miHandle`),
  KEY `pkgID` (`pkgID`,`miID`)
) ENGINE=InnoDB AUTO_INCREMENT=2 DEFAULT CHARSET=utf8 COLLATE=utf8_unicode_ci;
/*!40101 SET character_set_client = @saved_cs_client */;

--
-- Dumping data for table `MailImporters`
--

LOCK TABLES `MailImporters` WRITE;
/*!40000 ALTER TABLE `MailImporters` DISABLE KEYS */;
INSERT INTO `MailImporters` VALUES (1,'private_message','',NULL,NULL,NULL,0,'',0,0,'POP');
/*!40000 ALTER TABLE `MailImporters` ENABLE KEYS */;
UNLOCK TABLES;

--
-- Table structure for table `MailValidationHashes`
--

DROP TABLE IF EXISTS `MailValidationHashes`;
/*!40101 SET @saved_cs_client     = @@character_set_client */;
/*!40101 SET character_set_client = utf8 */;
CREATE TABLE `MailValidationHashes` (
  `mvhID` int(10) unsigned NOT NULL AUTO_INCREMENT,
  `miID` int(10) unsigned NOT NULL DEFAULT '0',
  `email` varchar(254) COLLATE utf8_unicode_ci NOT NULL,
  `mHash` varchar(128) COLLATE utf8_unicode_ci NOT NULL,
  `mDateGenerated` int(10) unsigned NOT NULL DEFAULT '0',
  `mDateRedeemed` int(10) unsigned NOT NULL DEFAULT '0',
  `data` text COLLATE utf8_unicode_ci,
  PRIMARY KEY (`mvhID`),
  UNIQUE KEY `mHash` (`mHash`),
  KEY `miID` (`miID`)
) ENGINE=InnoDB DEFAULT CHARSET=utf8 COLLATE=utf8_unicode_ci;
/*!40101 SET character_set_client = @saved_cs_client */;

--
-- Dumping data for table `MailValidationHashes`
--

LOCK TABLES `MailValidationHashes` WRITE;
/*!40000 ALTER TABLE `MailValidationHashes` DISABLE KEYS */;
/*!40000 ALTER TABLE `MailValidationHashes` ENABLE KEYS */;
UNLOCK TABLES;

--
-- Table structure for table `MultilingualPageRelations`
--

DROP TABLE IF EXISTS `MultilingualPageRelations`;
/*!40101 SET @saved_cs_client     = @@character_set_client */;
/*!40101 SET character_set_client = utf8 */;
CREATE TABLE `MultilingualPageRelations` (
  `mpRelationID` int(10) unsigned NOT NULL DEFAULT '0',
  `cID` int(10) unsigned NOT NULL DEFAULT '0',
  `mpLanguage` varchar(32) COLLATE utf8_unicode_ci NOT NULL DEFAULT '',
  `mpLocale` varchar(32) COLLATE utf8_unicode_ci NOT NULL,
  PRIMARY KEY (`mpRelationID`,`cID`,`mpLocale`)
) ENGINE=InnoDB DEFAULT CHARSET=utf8 COLLATE=utf8_unicode_ci;
/*!40101 SET character_set_client = @saved_cs_client */;

--
-- Dumping data for table `MultilingualPageRelations`
--

LOCK TABLES `MultilingualPageRelations` WRITE;
/*!40000 ALTER TABLE `MultilingualPageRelations` DISABLE KEYS */;
/*!40000 ALTER TABLE `MultilingualPageRelations` ENABLE KEYS */;
UNLOCK TABLES;

--
-- Table structure for table `MultilingualSections`
--

DROP TABLE IF EXISTS `MultilingualSections`;
/*!40101 SET @saved_cs_client     = @@character_set_client */;
/*!40101 SET character_set_client = utf8 */;
CREATE TABLE `MultilingualSections` (
  `cID` int(10) unsigned NOT NULL DEFAULT '0',
  `msLanguage` varchar(32) COLLATE utf8_unicode_ci NOT NULL DEFAULT '',
  `msCountry` varchar(32) COLLATE utf8_unicode_ci NOT NULL DEFAULT '',
  `msNumPlurals` int(11) NOT NULL DEFAULT '2',
  `msPluralRule` varchar(400) COLLATE utf8_unicode_ci NOT NULL DEFAULT '(n != 1)',
  `msPluralCases` varchar(1000) COLLATE utf8_unicode_ci NOT NULL DEFAULT 'one@1\nother@0, 2~16, 100, 1000, 10000, 100000, 1000000, ',
  PRIMARY KEY (`cID`)
) ENGINE=InnoDB DEFAULT CHARSET=utf8 COLLATE=utf8_unicode_ci;
/*!40101 SET character_set_client = @saved_cs_client */;

--
-- Dumping data for table `MultilingualSections`
--

LOCK TABLES `MultilingualSections` WRITE;
/*!40000 ALTER TABLE `MultilingualSections` DISABLE KEYS */;
/*!40000 ALTER TABLE `MultilingualSections` ENABLE KEYS */;
UNLOCK TABLES;

--
-- Table structure for table `MultilingualTranslations`
--

DROP TABLE IF EXISTS `MultilingualTranslations`;
/*!40101 SET @saved_cs_client     = @@character_set_client */;
/*!40101 SET character_set_client = utf8 */;
CREATE TABLE `MultilingualTranslations` (
  `mtID` int(10) unsigned NOT NULL AUTO_INCREMENT,
  `mtSectionID` int(10) unsigned NOT NULL DEFAULT '0',
  `msgid` text COLLATE utf8_unicode_ci NOT NULL,
  `msgidPlural` text COLLATE utf8_unicode_ci,
  `msgstr` text COLLATE utf8_unicode_ci,
  `msgstrPlurals` text COLLATE utf8_unicode_ci,
  `context` text COLLATE utf8_unicode_ci,
  `comments` text COLLATE utf8_unicode_ci,
  `reference` text COLLATE utf8_unicode_ci,
  `flags` text COLLATE utf8_unicode_ci,
  `updated` datetime DEFAULT NULL,
  PRIMARY KEY (`mtID`)
) ENGINE=InnoDB DEFAULT CHARSET=utf8 COLLATE=utf8_unicode_ci;
/*!40101 SET character_set_client = @saved_cs_client */;

--
-- Dumping data for table `MultilingualTranslations`
--

LOCK TABLES `MultilingualTranslations` WRITE;
/*!40000 ALTER TABLE `MultilingualTranslations` DISABLE KEYS */;
/*!40000 ALTER TABLE `MultilingualTranslations` ENABLE KEYS */;
UNLOCK TABLES;

--
-- Table structure for table `OauthUserMap`
--

DROP TABLE IF EXISTS `OauthUserMap`;
/*!40101 SET @saved_cs_client     = @@character_set_client */;
/*!40101 SET character_set_client = utf8 */;
CREATE TABLE `OauthUserMap` (
  `user_id` int(10) unsigned NOT NULL,
  `namespace` varchar(255) COLLATE utf8_unicode_ci NOT NULL,
  `binding` varchar(255) COLLATE utf8_unicode_ci NOT NULL,
  PRIMARY KEY (`user_id`,`namespace`),
  UNIQUE KEY `oauth_binding` (`binding`,`namespace`)
) ENGINE=InnoDB DEFAULT CHARSET=utf8 COLLATE=utf8_unicode_ci;
/*!40101 SET character_set_client = @saved_cs_client */;

--
-- Dumping data for table `OauthUserMap`
--

LOCK TABLES `OauthUserMap` WRITE;
/*!40000 ALTER TABLE `OauthUserMap` DISABLE KEYS */;
/*!40000 ALTER TABLE `OauthUserMap` ENABLE KEYS */;
UNLOCK TABLES;

--
-- Table structure for table `Packages`
--

DROP TABLE IF EXISTS `Packages`;
/*!40101 SET @saved_cs_client     = @@character_set_client */;
/*!40101 SET character_set_client = utf8 */;
CREATE TABLE `Packages` (
  `pkgID` int(10) unsigned NOT NULL AUTO_INCREMENT,
  `pkgName` varchar(255) COLLATE utf8_unicode_ci NOT NULL,
  `pkgHandle` varchar(64) COLLATE utf8_unicode_ci NOT NULL,
  `pkgDescription` text COLLATE utf8_unicode_ci,
  `pkgDateInstalled` datetime NOT NULL,
  `pkgIsInstalled` tinyint(1) NOT NULL DEFAULT '1',
  `pkgVersion` varchar(32) COLLATE utf8_unicode_ci DEFAULT NULL,
  `pkgAvailableVersion` varchar(32) COLLATE utf8_unicode_ci DEFAULT NULL,
  PRIMARY KEY (`pkgID`),
  UNIQUE KEY `pkgHandle` (`pkgHandle`)
) ENGINE=InnoDB DEFAULT CHARSET=utf8 COLLATE=utf8_unicode_ci;
/*!40101 SET character_set_client = @saved_cs_client */;

--
-- Dumping data for table `Packages`
--

LOCK TABLES `Packages` WRITE;
/*!40000 ALTER TABLE `Packages` DISABLE KEYS */;
/*!40000 ALTER TABLE `Packages` ENABLE KEYS */;
UNLOCK TABLES;

--
-- Table structure for table `PageFeeds`
--

DROP TABLE IF EXISTS `PageFeeds`;
/*!40101 SET @saved_cs_client     = @@character_set_client */;
/*!40101 SET character_set_client = utf8 */;
CREATE TABLE `PageFeeds` (
  `pfID` int(10) unsigned NOT NULL AUTO_INCREMENT,
  `cParentID` int(10) unsigned NOT NULL DEFAULT '1',
  `pfTitle` varchar(255) COLLATE utf8_unicode_ci DEFAULT NULL,
  `pfHandle` varchar(255) COLLATE utf8_unicode_ci NOT NULL,
  `pfDescription` varchar(255) COLLATE utf8_unicode_ci DEFAULT NULL,
  `pfIncludeAllDescendents` tinyint(1) NOT NULL DEFAULT '0',
  `pfContentToDisplay` varchar(1) COLLATE utf8_unicode_ci NOT NULL DEFAULT 'S',
  `pfAreaHandleToDisplay` varchar(255) COLLATE utf8_unicode_ci DEFAULT NULL,
  `pfDisplayAliases` tinyint(1) NOT NULL DEFAULT '0',
  `ptID` smallint(5) unsigned DEFAULT NULL,
  `pfDisplayFeaturedOnly` tinyint(1) DEFAULT '0',
  `customTopicAttributeKeyHandle` varchar(255) COLLATE utf8_unicode_ci DEFAULT NULL,
  `customTopicTreeNodeID` int(10) unsigned NOT NULL DEFAULT '0',
  `iconFID` int(10) unsigned NOT NULL DEFAULT '0',
  PRIMARY KEY (`pfID`),
  UNIQUE KEY `pfHandle` (`pfHandle`)
) ENGINE=InnoDB AUTO_INCREMENT=3 DEFAULT CHARSET=utf8 COLLATE=utf8_unicode_ci;
/*!40101 SET character_set_client = @saved_cs_client */;

--
-- Dumping data for table `PageFeeds`
--

LOCK TABLES `PageFeeds` WRITE;
/*!40000 ALTER TABLE `PageFeeds` DISABLE KEYS */;
INSERT INTO `PageFeeds` VALUES (1,157,'Blog','blog','concrete5 Blog',0,'S',NULL,0,6,0,NULL,0,0),(2,155,'laurent725','laurent','Test de flux RSS',1,'S',NULL,0,0,0,NULL,0,0);
/*!40000 ALTER TABLE `PageFeeds` ENABLE KEYS */;
UNLOCK TABLES;

--
-- Table structure for table `PagePaths`
--

DROP TABLE IF EXISTS `PagePaths`;
/*!40101 SET @saved_cs_client     = @@character_set_client */;
/*!40101 SET character_set_client = utf8 */;
CREATE TABLE `PagePaths` (
  `ppID` int(10) unsigned NOT NULL AUTO_INCREMENT,
  `cID` int(10) unsigned DEFAULT '0',
  `cPath` text COLLATE utf8_unicode_ci NOT NULL,
  `ppIsCanonical` varchar(1) COLLATE utf8_unicode_ci NOT NULL DEFAULT '1',
  `ppGeneratedFromURLSlugs` tinyint(1) unsigned NOT NULL DEFAULT '0',
  PRIMARY KEY (`ppID`),
  KEY `cID` (`cID`),
  KEY `ppIsCanonical` (`ppIsCanonical`),
  KEY `cPath` (`cPath`(255))
) ENGINE=InnoDB AUTO_INCREMENT=179 DEFAULT CHARSET=utf8 COLLATE=utf8_unicode_ci;
/*!40101 SET character_set_client = @saved_cs_client */;

--
-- Dumping data for table `PagePaths`
--

LOCK TABLES `PagePaths` WRITE;
/*!40000 ALTER TABLE `PagePaths` DISABLE KEYS */;
INSERT INTO `PagePaths` VALUES (1,2,'/dashboard','1',0),(2,3,'/dashboard/sitemap','1',0),(3,4,'/dashboard/sitemap/full','1',0),(4,5,'/dashboard/sitemap/explore','1',0),(5,6,'/dashboard/sitemap/search','1',0),(6,7,'/dashboard/files','1',0),(7,8,'/dashboard/files/search','1',0),(8,9,'/dashboard/files/attributes','1',0),(9,10,'/dashboard/files/sets','1',0),(10,11,'/dashboard/files/add_set','1',0),(11,12,'/dashboard/users','1',0),(12,13,'/dashboard/users/search','1',0),(13,14,'/dashboard/users/groups','1',0),(14,15,'/dashboard/users/attributes','1',0),(15,16,'/dashboard/users/add','1',0),(16,17,'/dashboard/users/add_group','1',0),(17,18,'/dashboard/users/groups/bulkupdate','1',0),(18,19,'/dashboard/users/group_sets','1',0),(19,20,'/dashboard/users/points','1',0),(20,21,'/dashboard/users/points/assign','1',0),(21,22,'/dashboard/users/points/actions','1',0),(22,23,'/dashboard/reports','1',0),(23,24,'/dashboard/reports/forms','1',0),(24,25,'/dashboard/reports/surveys','1',0),(25,26,'/dashboard/reports/logs','1',0),(26,27,'/dashboard/pages','1',0),(27,28,'/dashboard/pages/themes','1',0),(28,29,'/dashboard/pages/themes/inspect','1',0),(29,30,'/dashboard/pages/types','1',0),(30,31,'/dashboard/pages/types/organize','1',0),(31,32,'/dashboard/pages/types/add','1',0),(32,33,'/dashboard/pages/types/form','1',0),(33,34,'/dashboard/pages/types/output','1',0),(34,35,'/dashboard/pages/types/attributes','1',0),(35,36,'/dashboard/pages/types/permissions','1',0),(36,37,'/dashboard/pages/templates','1',0),(37,38,'/dashboard/pages/templates/add','1',0),(38,39,'/dashboard/pages/attributes','1',0),(39,40,'/dashboard/pages/single','1',0),(40,41,'/dashboard/pages/feeds','1',0),(41,42,'/dashboard/conversations','1',0),(42,43,'/dashboard/conversations/messages','1',0),(43,44,'/dashboard/workflow','1',0),(44,45,'/dashboard/workflow/workflows','1',0),(45,46,'/dashboard/workflow/me','1',0),(46,47,'/dashboard/blocks','1',0),(47,48,'/dashboard/blocks/stacks','1',0),(48,49,'/dashboard/blocks/permissions','1',0),(49,50,'/dashboard/blocks/stacks/list','1',0),(50,51,'/dashboard/blocks/types','1',0),(51,52,'/dashboard/extend','1',0),(52,53,'/dashboard/news','1',0),(53,54,'/dashboard/extend/install','1',0),(54,55,'/dashboard/extend/update','1',0),(55,56,'/dashboard/extend/connect','1',0),(56,57,'/dashboard/extend/themes','1',0),(57,58,'/dashboard/extend/addons','1',0),(58,59,'/dashboard/system','1',0),(59,60,'/dashboard/system/basics','1',0),(60,61,'/dashboard/system/basics/name','1',0),(61,62,'/dashboard/system/basics/accessibility','1',0),(62,63,'/dashboard/system/basics/social','1',0),(63,64,'/dashboard/system/basics/icons','1',0),(64,65,'/dashboard/system/basics/editor','1',0),(65,66,'/dashboard/system/basics/multilingual','1',0),(66,67,'/dashboard/system/basics/timezone','1',0),(67,68,'/dashboard/system/multilingual','1',0),(68,69,'/dashboard/system/multilingual/setup','1',0),(69,70,'/dashboard/system/multilingual/page_report','1',0),(70,71,'/dashboard/system/multilingual/translate_interface','1',0),(71,72,'/dashboard/system/seo','1',0),(72,73,'/dashboard/system/seo/urls','1',0),(73,74,'/dashboard/system/seo/bulk','1',0),(74,75,'/dashboard/system/seo/codes','1',0),(75,76,'/dashboard/system/seo/excluded','1',0),(76,77,'/dashboard/system/seo/searchindex','1',0),(77,78,'/dashboard/system/files','1',0),(78,79,'/dashboard/system/files/permissions','1',0),(79,80,'/dashboard/system/files/filetypes','1',0),(80,81,'/dashboard/system/files/thumbnails','1',0),(81,82,'/dashboard/system/files/storage','1',0),(82,83,'/dashboard/system/optimization','1',0),(83,84,'/dashboard/system/optimization/cache','1',0),(84,85,'/dashboard/system/optimization/clearcache','1',0),(85,86,'/dashboard/system/optimization/jobs','1',0),(86,87,'/dashboard/system/optimization/query_log','1',0),(87,88,'/dashboard/system/permissions','1',0),(88,89,'/dashboard/system/permissions/site','1',0),(89,90,'/dashboard/system/permissions/tasks','1',0),(90,91,'/dashboard/system/permissions/users','1',0),(91,92,'/dashboard/system/permissions/advanced','1',0),(92,93,'/dashboard/system/permissions/blacklist','1',0),(93,94,'/dashboard/system/permissions/captcha','1',0),(94,95,'/dashboard/system/permissions/antispam','1',0),(95,96,'/dashboard/system/permissions/maintenance','1',0),(96,97,'/dashboard/system/registration','1',0),(97,98,'/dashboard/system/registration/postlogin','1',0),(98,99,'/dashboard/system/registration/profiles','1',0),(99,100,'/dashboard/system/registration/open','1',0),(100,101,'/dashboard/system/registration/authentication','1',0),(101,102,'/dashboard/system/mail','1',0),(102,103,'/dashboard/system/mail/method','1',0),(103,104,'/dashboard/system/mail/method/test','1',0),(104,105,'/dashboard/system/mail/importers','1',0),(105,106,'/dashboard/system/conversations','1',0),(106,107,'/dashboard/system/conversations/settings','1',0),(107,108,'/dashboard/system/conversations/points','1',0),(108,109,'/dashboard/system/conversations/bannedwords','1',0),(109,110,'/dashboard/system/conversations/permissions','1',0),(110,111,'/dashboard/system/attributes','1',0),(111,112,'/dashboard/system/attributes/sets','1',0),(112,113,'/dashboard/system/attributes/types','1',0),(113,114,'/dashboard/system/attributes/topics','1',0),(114,115,'/dashboard/system/attributes/topics/add','1',0),(115,116,'/dashboard/system/environment','1',0),(116,117,'/dashboard/system/environment/info','1',0),(117,118,'/dashboard/system/environment/debug','1',0),(118,119,'/dashboard/system/environment/logging','1',0),(119,120,'/dashboard/system/environment/proxy','1',0),(120,121,'/dashboard/system/environment/entities','1',0),(121,122,'/dashboard/system/backup','1',0),(122,123,'/dashboard/system/backup/backup','1',0),(123,124,'/dashboard/system/backup/update','1',0),(124,125,'/dashboard/welcome','1',0),(125,126,'/dashboard/home','1',0),(126,127,'/!drafts','1',0),(127,128,'/!trash','1',0),(128,129,'/!stacks','1',0),(129,130,'/login','1',0),(130,131,'/register','1',0),(131,132,'/account','1',0),(132,133,'/account/edit_profile','1',0),(133,134,'/account/avatar','1',0),(134,135,'/account/messages','1',0),(135,136,'/account/messages/inbox','1',0),(136,137,'/members','1',0),(137,138,'/members/profile','1',0),(138,139,'/members/directory','1',0),(139,140,'/page_not_found','1',0),(140,141,'/page_forbidden','1',0),(141,142,'/download_file','1',0),(142,143,'/!stacks/footer-contact','1',0),(143,144,'/!stacks/footer-legal','1',0),(144,145,'/!stacks/footer-navigation','1',0),(145,146,'/!stacks/footer-site-title','1',0),(146,147,'/!stacks/footer-social','1',0),(147,148,'/!stacks/header-navigation','1',0),(148,149,'/!stacks/header-search','1',0),(149,150,'/!stacks/header-site-title','1',0),(150,152,'/services','1',0),(151,154,'/portfolio','1',0),(152,155,'/team','1',0),(153,157,'/blog','1',0),(154,158,'/search','1',0),(155,159,'/contact','1',0),(156,160,'/blank-page','1',0),(157,162,'/portfolio/project-title','1',0),(158,163,'/portfolio/project-title-2','1',0),(159,164,'/portfolio/project-title-3','1',0),(160,165,'/portfolio/project-title-4','1',0),(161,166,'/portfolio/project-title-5','1',0),(162,167,'/portfolio/project-title-6','1',0),(163,169,'/blog/hello-world','1',0),(164,170,'/blog/another-blog-post','1',0),(165,171,'/blog/a-beautiful-blog','1',0),(166,172,'/team/about','1',0),(167,173,'/team/careers','1',0),(168,174,'/faq','1',0),(169,176,'/team/careers/web-developer','1',0),(170,177,'/team/careers/sales-associate','1',0),(171,181,'/team/laurent','1',0),(172,182,'/!drafts/182','1',0),(173,183,'/!trash/conseillere','1',0),(174,184,'/team/devenez-conseillere','1',0),(175,185,'/!drafts/185','1',0),(176,186,'/team/jeanne','1',0),(177,195,'/op','1',1),(178,196,'/dashboard/system/multilingual/copy','1',1);
/*!40000 ALTER TABLE `PagePaths` ENABLE KEYS */;
UNLOCK TABLES;

--
-- Table structure for table `PagePermissionAssignments`
--

DROP TABLE IF EXISTS `PagePermissionAssignments`;
/*!40101 SET @saved_cs_client     = @@character_set_client */;
/*!40101 SET character_set_client = utf8 */;
CREATE TABLE `PagePermissionAssignments` (
  `cID` int(10) unsigned NOT NULL DEFAULT '0',
  `pkID` int(10) unsigned NOT NULL DEFAULT '0',
  `paID` int(10) unsigned NOT NULL DEFAULT '0',
  PRIMARY KEY (`cID`,`pkID`,`paID`),
  KEY `paID` (`paID`,`pkID`),
  KEY `pkID` (`pkID`)
) ENGINE=InnoDB DEFAULT CHARSET=utf8 COLLATE=utf8_unicode_ci;
/*!40101 SET character_set_client = @saved_cs_client */;

--
-- Dumping data for table `PagePermissionAssignments`
--

LOCK TABLES `PagePermissionAssignments` WRITE;
/*!40000 ALTER TABLE `PagePermissionAssignments` DISABLE KEYS */;
INSERT INTO `PagePermissionAssignments` VALUES (1,1,47),(2,1,66),(130,1,64),(131,1,65),(152,1,81),(184,1,111),(1,2,48),(152,2,82),(184,2,112),(1,3,49),(152,3,49),(184,3,49),(1,4,50),(152,4,89),(184,4,119),(1,5,51),(152,5,83),(184,5,113),(1,6,52),(152,6,84),(184,6,114),(1,7,53),(152,7,85),(184,7,115),(1,8,55),(152,8,86),(184,8,116),(1,9,56),(152,9,87),(184,9,117),(1,11,57),(152,11,88),(184,11,118),(1,12,58),(152,12,91),(184,12,121),(1,13,59),(152,13,92),(184,13,122),(1,14,60),(152,14,93),(184,14,123),(1,15,61),(152,15,94),(184,15,124),(1,16,62),(152,16,95),(184,16,125),(1,17,63),(152,17,90),(184,17,120),(1,18,54),(152,18,54),(184,18,54);
/*!40000 ALTER TABLE `PagePermissionAssignments` ENABLE KEYS */;
UNLOCK TABLES;

--
-- Table structure for table `PagePermissionPageTypeAccessList`
--

DROP TABLE IF EXISTS `PagePermissionPageTypeAccessList`;
/*!40101 SET @saved_cs_client     = @@character_set_client */;
/*!40101 SET character_set_client = utf8 */;
CREATE TABLE `PagePermissionPageTypeAccessList` (
  `paID` int(10) unsigned NOT NULL DEFAULT '0',
  `peID` int(10) unsigned NOT NULL DEFAULT '0',
  `permission` varchar(1) COLLATE utf8_unicode_ci NOT NULL DEFAULT '1',
  `externalLink` tinyint(1) NOT NULL DEFAULT '0',
  PRIMARY KEY (`paID`,`peID`),
  KEY `peID` (`peID`)
) ENGINE=InnoDB DEFAULT CHARSET=utf8 COLLATE=utf8_unicode_ci;
/*!40101 SET character_set_client = @saved_cs_client */;

--
-- Dumping data for table `PagePermissionPageTypeAccessList`
--

LOCK TABLES `PagePermissionPageTypeAccessList` WRITE;
/*!40000 ALTER TABLE `PagePermissionPageTypeAccessList` DISABLE KEYS */;
/*!40000 ALTER TABLE `PagePermissionPageTypeAccessList` ENABLE KEYS */;
UNLOCK TABLES;

--
-- Table structure for table `PagePermissionPageTypeAccessListCustom`
--

DROP TABLE IF EXISTS `PagePermissionPageTypeAccessListCustom`;
/*!40101 SET @saved_cs_client     = @@character_set_client */;
/*!40101 SET character_set_client = utf8 */;
CREATE TABLE `PagePermissionPageTypeAccessListCustom` (
  `paID` int(10) unsigned NOT NULL DEFAULT '0',
  `peID` int(10) unsigned NOT NULL DEFAULT '0',
  `ptID` int(10) unsigned NOT NULL DEFAULT '0',
  PRIMARY KEY (`paID`,`peID`,`ptID`),
  KEY `peID` (`peID`),
  KEY `ptID` (`ptID`)
) ENGINE=InnoDB DEFAULT CHARSET=utf8 COLLATE=utf8_unicode_ci;
/*!40101 SET character_set_client = @saved_cs_client */;

--
-- Dumping data for table `PagePermissionPageTypeAccessListCustom`
--

LOCK TABLES `PagePermissionPageTypeAccessListCustom` WRITE;
/*!40000 ALTER TABLE `PagePermissionPageTypeAccessListCustom` DISABLE KEYS */;
/*!40000 ALTER TABLE `PagePermissionPageTypeAccessListCustom` ENABLE KEYS */;
UNLOCK TABLES;

--
-- Table structure for table `PagePermissionPropertyAccessList`
--

DROP TABLE IF EXISTS `PagePermissionPropertyAccessList`;
/*!40101 SET @saved_cs_client     = @@character_set_client */;
/*!40101 SET character_set_client = utf8 */;
CREATE TABLE `PagePermissionPropertyAccessList` (
  `paID` int(10) unsigned NOT NULL DEFAULT '0',
  `peID` int(10) unsigned NOT NULL DEFAULT '0',
  `name` tinyint(1) DEFAULT '0',
  `publicDateTime` tinyint(1) DEFAULT '0',
  `uID` tinyint(1) DEFAULT '0',
  `description` tinyint(1) DEFAULT '0',
  `paths` tinyint(1) DEFAULT '0',
  `attributePermission` varchar(1) COLLATE utf8_unicode_ci NOT NULL DEFAULT '1',
  PRIMARY KEY (`paID`,`peID`),
  KEY `peID` (`peID`),
  KEY `uID` (`uID`)
) ENGINE=InnoDB DEFAULT CHARSET=utf8 COLLATE=utf8_unicode_ci;
/*!40101 SET character_set_client = @saved_cs_client */;

--
-- Dumping data for table `PagePermissionPropertyAccessList`
--

LOCK TABLES `PagePermissionPropertyAccessList` WRITE;
/*!40000 ALTER TABLE `PagePermissionPropertyAccessList` DISABLE KEYS */;
/*!40000 ALTER TABLE `PagePermissionPropertyAccessList` ENABLE KEYS */;
UNLOCK TABLES;

--
-- Table structure for table `PagePermissionPropertyAttributeAccessListCustom`
--

DROP TABLE IF EXISTS `PagePermissionPropertyAttributeAccessListCustom`;
/*!40101 SET @saved_cs_client     = @@character_set_client */;
/*!40101 SET character_set_client = utf8 */;
CREATE TABLE `PagePermissionPropertyAttributeAccessListCustom` (
  `paID` int(10) unsigned NOT NULL DEFAULT '0',
  `peID` int(10) unsigned NOT NULL DEFAULT '0',
  `akID` int(10) unsigned NOT NULL DEFAULT '0',
  PRIMARY KEY (`paID`,`peID`,`akID`),
  KEY `peID` (`peID`),
  KEY `akID` (`akID`)
) ENGINE=InnoDB DEFAULT CHARSET=utf8 COLLATE=utf8_unicode_ci;
/*!40101 SET character_set_client = @saved_cs_client */;

--
-- Dumping data for table `PagePermissionPropertyAttributeAccessListCustom`
--

LOCK TABLES `PagePermissionPropertyAttributeAccessListCustom` WRITE;
/*!40000 ALTER TABLE `PagePermissionPropertyAttributeAccessListCustom` DISABLE KEYS */;
/*!40000 ALTER TABLE `PagePermissionPropertyAttributeAccessListCustom` ENABLE KEYS */;
UNLOCK TABLES;

--
-- Table structure for table `PagePermissionThemeAccessList`
--

DROP TABLE IF EXISTS `PagePermissionThemeAccessList`;
/*!40101 SET @saved_cs_client     = @@character_set_client */;
/*!40101 SET character_set_client = utf8 */;
CREATE TABLE `PagePermissionThemeAccessList` (
  `paID` int(10) unsigned NOT NULL DEFAULT '0',
  `peID` int(10) unsigned NOT NULL DEFAULT '0',
  `permission` varchar(1) COLLATE utf8_unicode_ci NOT NULL DEFAULT '1',
  PRIMARY KEY (`paID`,`peID`),
  KEY `peID` (`peID`)
) ENGINE=InnoDB DEFAULT CHARSET=utf8 COLLATE=utf8_unicode_ci;
/*!40101 SET character_set_client = @saved_cs_client */;

--
-- Dumping data for table `PagePermissionThemeAccessList`
--

LOCK TABLES `PagePermissionThemeAccessList` WRITE;
/*!40000 ALTER TABLE `PagePermissionThemeAccessList` DISABLE KEYS */;
/*!40000 ALTER TABLE `PagePermissionThemeAccessList` ENABLE KEYS */;
UNLOCK TABLES;

--
-- Table structure for table `PagePermissionThemeAccessListCustom`
--

DROP TABLE IF EXISTS `PagePermissionThemeAccessListCustom`;
/*!40101 SET @saved_cs_client     = @@character_set_client */;
/*!40101 SET character_set_client = utf8 */;
CREATE TABLE `PagePermissionThemeAccessListCustom` (
  `paID` int(10) unsigned NOT NULL DEFAULT '0',
  `peID` int(10) unsigned NOT NULL DEFAULT '0',
  `pThemeID` int(10) unsigned NOT NULL DEFAULT '0',
  PRIMARY KEY (`paID`,`peID`,`pThemeID`),
  KEY `peID` (`peID`),
  KEY `pThemeID` (`pThemeID`)
) ENGINE=InnoDB DEFAULT CHARSET=utf8 COLLATE=utf8_unicode_ci;
/*!40101 SET character_set_client = @saved_cs_client */;

--
-- Dumping data for table `PagePermissionThemeAccessListCustom`
--

LOCK TABLES `PagePermissionThemeAccessListCustom` WRITE;
/*!40000 ALTER TABLE `PagePermissionThemeAccessListCustom` DISABLE KEYS */;
/*!40000 ALTER TABLE `PagePermissionThemeAccessListCustom` ENABLE KEYS */;
UNLOCK TABLES;

--
-- Table structure for table `PageSearchIndex`
--

DROP TABLE IF EXISTS `PageSearchIndex`;
/*!40101 SET @saved_cs_client     = @@character_set_client */;
/*!40101 SET character_set_client = utf8 */;
CREATE TABLE `PageSearchIndex` (
  `cID` int(10) unsigned NOT NULL DEFAULT '0',
  `content` longtext COLLATE utf8_unicode_ci,
  `cName` varchar(255) COLLATE utf8_unicode_ci DEFAULT NULL,
  `cDescription` text COLLATE utf8_unicode_ci,
  `cPath` text COLLATE utf8_unicode_ci,
  `cDatePublic` datetime DEFAULT NULL,
  `cDateLastIndexed` datetime DEFAULT NULL,
  `cDateLastSitemapped` datetime DEFAULT NULL,
  `cRequiresReindex` tinyint(1) DEFAULT '0',
  PRIMARY KEY (`cID`),
  KEY `cDateLastIndexed` (`cDateLastIndexed`),
  KEY `cDateLastSitemapped` (`cDateLastSitemapped`),
  KEY `cRequiresReindex` (`cRequiresReindex`),
  FULLTEXT KEY `cName` (`cName`),
  FULLTEXT KEY `cDescription` (`cDescription`),
  FULLTEXT KEY `content` (`content`),
  FULLTEXT KEY `content2` (`cName`,`cDescription`,`content`)
) ENGINE=MyISAM DEFAULT CHARSET=utf8 COLLATE=utf8_unicode_ci;
/*!40101 SET character_set_client = @saved_cs_client */;

--
-- Dumping data for table `PageSearchIndex`
--

LOCK TABLES `PageSearchIndex` WRITE;
/*!40000 ALTER TABLE `PageSearchIndex` DISABLE KEYS */;
INSERT INTO `PageSearchIndex` VALUES (1,'Stand Out on the Web                                      Share your business with an impressive, yet minimal presentation. Let your customers understand your web presence through elegance and clarity.  A Simple Image Slider                                      This image slider can have any content that you want in it.   Easy to Edit                                                     Pellentesque ultricies ligula vel neque dictum, eu mollis tortor adipiscing. Etiam congue, est vel tincidunt vestibulum, nunc nunc porta nulla, at adipiscing neque tellus quis urna.  Pixel Perfect                                                     Pellentesque ultricies ligula vel neque dictum, eu mollis tortor adipiscing. Etiam congue, est vel tincidunt vestibulum, nunc nunc porta nulla, at adipiscing neque tellus quis urna.  Media Rich                                                     Pellentesque ultricies ligula vel neque dictum, eu mollis tortor adipiscing. Etiam congue, est vel tincidunt vestibulum, nunc nunc porta nulla, at adipiscing neque tellus quis urna.  Presenting your Business has never been so easy Pellentesque ultricies ligula vel neque dictum, eu mollis tortor adipiscing. Etiam congue, est vel tincidunt vestibulum, nunc nunc porta nulla, at adipiscing neque tellus quis urna.  Latest Blog Post Now Open For Business    We specialize in making your concepts a reality.          Sed cursus facilisis dignissim. Aliquam rhoncus enim et pellentesque varius. Nulla sodales nibh lorem, sit amet imperdiet arcu commodo sit amet. Mauris sed scelerisque nisl. Ut auctor ipsum tellus, vel viverra massa elementum sit amet.          Sed adipiscing tempus sem eu molestie. Aenean laoreet pretium ante vitae ultrices. Aenean eu gravida magna, vel aliquet magna. In auctor convallis gravida.            Contact Us Today    Customizable footer area with accent class.  q1   r1        body {      background-image: url(\"../../../z/ciel.gif\");    }      .presentationJeanne {      display: block;      background-image: url(\"{CCM:BASE_URL}/application/files/thumbnails/file_manager_detail_2x/9314/3041/0370/fd_jeanne.jpg\");      font-family: \"Comic Sans Ms\";      font-size: 16px;      position: relative;      background-color: white;      letter-spacing: 0.1em;      /*line-height: 2;*/      color: black;      margin: 10px auto;      padding: 10px 20px;      opacity: 1;      width: 700px;      height: 450px;      border-radius: 20px;    }      .presentationJeanne a {      text-decoration: none;      color: purple;      text-align: justify;      line-height: 1;    }      p {      margin: 5px 0;    }      .photoJeanne {      float: left;      display: inline-block;      width: 200px;      height: 300px;      margin: 10px 10px 20px 0px;      border: 10px orange groove;      border-radius: 20px;    }      .laius a p {      margin-top: 10px;      padding: 0;      margin-left: 230px;      line-height: 1.4;      font-style: italic;    }      .laius .lettrine a p {      /*border:1px solid red;*/      margin: 10px 0;    }      .laius .lettrine p:first-letter {      display: inline;      margin-top: -10px;      margin-left: 100px;      font-family: trebuchet MS;      font-size: 80px;      color: #0000fe;      width: 55px;      float: left;    }      .laius .lettrine p:first-of-type {      display: inline-block;      color: #42326c;      font-size: 30px;      line-height: 1.2;      margin-top: 10px;      font-style: normal;    }      .numTel {      display: inline-block;      width: 100%;      font-size: 12px;      /*border:1px solid red;*/      line-height: 1;      vertical-align: middle;      text-align: right;      /*margin: 5px 10px;*/      /*margin-top: -20px;*/    }      .boutonTel {      position: relative;      display: inline-block;      background-color: #00f;      border-radius: 20px;      width: 320px;      height: 70px;      vertical-align: middle;      border: 5px groove orange;      background: linear-gradient(#000, #2C2C2C, #777);      margin: 5px 3px;    }      .boutonTel img {      display: inline-block;      position: relative;      border: 1px solid red;      /*float:left;*/      margin: 7px 0 7px 10px;      padding: 0;      border-radius: 7px;      border: 1px solid yellow;    }      .boutonTel p {      position: relative;      display: inline-block;      color: gold;      width: 72%;      /*font-family: arial;*/      letter-spacing: 3px;      font-weight: bold;      margin: 0 auto;      padding: 0;      font-size: 24px;      /*border:1px solid greenyellow;*/      margin-left: 5px;      top: 5px;      text-align: center;      vertical-align: top;      line-height: 1.3;    }      .boutonTel .prix {      position: relative;      display: block;      margin: 0;      padding: 0;      font-style: italic;      top: 5px;      font-size: 12px;      text-align: right;    }      .presentation p {      line-height: 1.2;      color: purple !important;    }                                             Je suis  eanne.                               Depuis plusieurs annes, mon but est l\'aide aux personnes en attente d\'un claircissement.              J\'ai dvelopp beaucoup d\'intuition. Des doutes? Des hsitations???              Ne restez pas dans le flou...              tant  votre coute, je vous rponds avec franchise et honntet.              Je suis medium clairvoyante et passionne par ce besoin d\'aide  autrui.              Profitez d\'une rponse GRATUITE  la question de VOTRE choix ! A bientt                                                                      0907-37-091(Belgique - 1,50/min)                                         	.presentationAlexandra {  		display: block;  		background-image: url(\"img/fond.png\");  		font-family: \"Comic Sans Ms\";  		font-size: 16px;  		position: relative;  		background-color: white;  		letter-spacing: 0.1em;  		color: black;  		margin: 10px auto;  		padding: 10px 20px;  		opacity: 1;  		width: 700px;  		height: 450px;  		border-radius: 20px;  	}    	.presentationAlexandra a {  		text-decoration: none;  		color: purple;  		text-align: justify;  	}    	p {  		margin: 5px 0;  	}    	.photoAlexandra {  		float: left;  		display: inline-block;  		width: 200px;  		height: 300px;  		margin: 10px 10px 20px 0px;  		border: 10px orange groove;  		border-radius: 20px;  	}    	.laius a p {  		margin-top: 10px;  		padding: 0;  		margin-left: 230px;  		line-height: 1.4;  		font-style: italic;  	}    	.laius .lettrine a p {  		/*border:1px solid red;*/  		margin: 10px 0;  	}    	.laius .lettrine p:first-letter {  		display: inline;  		margin-top: -10px;  		margin-left: 100px;  		font-family: trebuchet MS;  		font-size: 80px;  		color: #0000fe;  		width: 55px;  		float: left;  	}    	.laius .lettrine p:first-of-type {  		display: inline-block;  		color: #42326c;  		font-size: 30px;  		line-height: 1.2;  		margin-top: 10px;  		font-style: normal;  	}    	.numTel {  		display: inline-block;  		width: 100%;  		font-size: 12px;  		/*border:1px solid red;*/  		line-height: 1;  		vertical-align: middle;  		/*margin: 5px 10px;*/  	}    	.boutonTel {  		position: relative;  		display: inline-block;  		background-color: #00f;  		border-radius: 20px;  		width: 320px;  		height: 70px;  		vertical-align: middle;  		border: 5px groove orange;  		background: linear-gradient(#000, #2C2C2C, #777);  		margin: 5px 3px;  	}    	.boutonTel img {  		display: inline-block;  		position: relative;  		border: 1px solid red;  		/*float:left;*/  		margin: 7px 0 7px 10px;  		padding: 0;  		border-radius: 7px;  		border: 1px solid yellow;  	}    	.boutonTel p {  		position: relative;  		display: inline-block;  		color: gold;  		width: 72%;  		/*font-family: arial;*/  		letter-spacing: 3px;  		font-weight: bold;  		margin: 0 auto;  		padding: 0;  		font-size: 24px;  		/*border:1px solid greenyellow;*/  		margin-left: 5px;  		top: 5px;  		text-align: center;  		vertical-align: top;  		line-height: 1.3;  	}    	.boutonTel .prix {  		position: relative;  		display: block;  		margin: 0;  		padding: 0;  		font-style: italic;  		top: 5px;  		font-size: 12px;  		text-align: right;  	}            	  		    		  			  				 Alo, je suis lexandra.   			     			  				 Mes grands-mres tant paternelles que maternelles possdaient un don de voyance...     				 Aprs plusieurs annes de rflexion, jai dcid de vous faire bnficier de ce don qu\'ils m\'ont transmis et  					ainsi apporter des rponses claires  vos questions... (En savoir plus...)     				 Profitez d\'une rponse GRATUITE  la question de VOTRE choix !     				  trs bientt   			   		   		    			  				  					    					 0907-37-157(Belgique - 1,50/min)   				   			  			  			  			  			    			    		   	    ','Home','',NULL,'2015-03-02 22:20:00','2015-08-08 11:16:30',NULL,0),(2,'','Dashboard','','/dashboard','2015-03-02 22:21:03','2015-08-03 12:36:53',NULL,0),(3,'','Sitemap','Whole world at a glance.','/dashboard/sitemap','2015-03-02 22:21:04','2015-08-03 12:36:55',NULL,0),(4,'','Full Sitemap','','/dashboard/sitemap/full','2015-03-02 22:21:04','2015-08-03 12:36:56',NULL,0),(5,'','Flat View','','/dashboard/sitemap/explore','2015-03-02 22:21:04','2015-08-03 12:36:57',NULL,0),(6,'','Page Search','','/dashboard/sitemap/search','2015-03-02 22:21:04','2015-08-03 12:36:58',NULL,0),(7,'','Files','All documents and images.','/dashboard/files','2015-03-02 22:21:04','2015-08-03 12:37:00',NULL,0),(8,'','File Manager','','/dashboard/files/search','2015-03-02 22:21:04','2015-08-03 12:37:01',NULL,0),(9,'','Attributes','','/dashboard/files/attributes','2015-03-02 22:21:04','2015-08-03 12:37:02',NULL,0),(10,'','File Sets','','/dashboard/files/sets','2015-03-02 22:21:04','2015-08-03 12:37:04',NULL,0),(11,'','Add File Set','','/dashboard/files/add_set','2015-03-02 22:21:04','2015-08-03 12:37:05',NULL,0),(12,'','Members','Add and manage the user accounts and groups on your website.','/dashboard/users','2015-03-02 22:21:04','2015-08-03 12:37:06',NULL,0),(13,'','Search Users','','/dashboard/users/search','2015-03-02 22:21:04','2015-08-03 12:37:07',NULL,0),(14,'','User Groups','','/dashboard/users/groups','2015-03-02 22:21:04','2015-08-03 12:37:09',NULL,0),(15,'','Attributes','','/dashboard/users/attributes','2015-03-02 22:21:04','2015-08-03 12:37:11',NULL,0),(16,'','Add User','','/dashboard/users/add','2015-03-02 22:21:04','2015-08-03 12:37:12',NULL,0),(17,'','Add Group','','/dashboard/users/add_group','2015-03-02 22:21:05','2015-08-03 12:37:13',NULL,0),(18,'','Move Multiple Groups','','/dashboard/users/groups/bulkupdate','2015-03-02 22:21:05','2015-08-03 12:37:15',NULL,0),(19,'','Group Sets','','/dashboard/users/group_sets','2015-03-02 22:21:05','2015-08-03 12:37:17',NULL,0),(20,'','Community Points',NULL,'/dashboard/users/points','2015-03-02 22:21:05','2015-08-03 12:37:19',NULL,0),(21,'','Assign Points',NULL,'/dashboard/users/points/assign','2015-03-02 22:21:05','2015-08-03 12:37:20',NULL,0),(22,'','Actions',NULL,'/dashboard/users/points/actions','2015-03-02 22:21:05','2015-08-03 12:37:21',NULL,0),(23,'','Reports','Get data from forms and logs.','/dashboard/reports','2015-03-02 22:21:05','2015-08-03 12:37:22',NULL,0),(24,'','Form Results','Get submission data.','/dashboard/reports/forms','2015-03-02 22:21:05','2015-08-03 12:37:23',NULL,0),(25,'','Surveys','','/dashboard/reports/surveys','2015-03-02 22:21:05','2015-08-03 12:37:24',NULL,0),(26,'','Logs','','/dashboard/reports/logs','2015-03-02 22:21:05','2015-08-03 12:37:25',NULL,0),(27,'','Pages & Themes','Reskin your site.','/dashboard/pages','2015-03-02 22:21:05','2015-08-03 12:37:26',NULL,0),(28,'','Themes','Reskin your site.','/dashboard/pages/themes','2015-03-02 22:21:05','2015-08-03 12:37:26',NULL,0),(29,'','Inspect','','/dashboard/pages/themes/inspect','2015-03-02 22:21:05','2015-08-03 12:37:27',NULL,0),(30,'','Page Types','','/dashboard/pages/types','2015-03-02 22:21:05','2015-08-03 12:37:28',NULL,0),(31,'','Organize Page Type Order','','/dashboard/pages/types/organize','2015-03-02 22:21:05','2015-08-03 12:37:29',NULL,0),(32,'','Add Page Type','','/dashboard/pages/types/add','2015-03-02 22:21:06','2015-08-03 12:37:29',NULL,0),(33,'','Compose Form','','/dashboard/pages/types/form','2015-03-02 22:21:06','2015-08-03 12:37:30',NULL,0),(34,'','Defaults and Output','','/dashboard/pages/types/output','2015-03-02 22:21:06','2015-08-03 12:37:31',NULL,0),(35,'','Page Type Attributes','','/dashboard/pages/types/attributes','2015-03-02 22:21:06','2015-08-03 12:37:32',NULL,0),(36,'','Page Type Permissions','','/dashboard/pages/types/permissions','2015-03-02 22:21:06','2015-08-03 12:37:33',NULL,0),(37,'','Page Templates','Form factors for pages in your site.','/dashboard/pages/templates','2015-03-02 22:21:06','2015-08-03 12:37:33',NULL,0),(38,'','Add Page Template','Add page templates to your site.','/dashboard/pages/templates/add','2015-03-02 22:21:06','2015-08-03 12:37:34',NULL,0),(39,'','Attributes','','/dashboard/pages/attributes','2015-03-02 22:21:06','2015-08-03 12:37:35',NULL,0),(40,'','Single Pages','','/dashboard/pages/single','2015-03-02 22:21:06','2015-08-03 12:37:36',NULL,0),(41,'','RSS Feeds','','/dashboard/pages/feeds','2015-03-02 22:21:06','2015-08-03 12:37:37',NULL,0),(42,'','Conversations','','/dashboard/conversations','2015-03-02 22:21:06','2015-08-03 12:37:38',NULL,0),(43,'','Messages','','/dashboard/conversations/messages','2015-03-02 22:21:06','2015-08-03 12:37:39',NULL,0),(44,'','Workflow','','/dashboard/workflow','2015-03-02 22:21:06','2015-08-03 12:37:41',NULL,0),(45,'','Workflow List','','/dashboard/workflow/workflows','2015-03-02 22:21:07','2015-08-03 12:37:42',NULL,0),(46,'','Waiting for Me','','/dashboard/workflow/me','2015-03-02 22:21:07','2015-08-03 12:37:43',NULL,0),(47,'','Stacks & Blocks','Manage sitewide content and administer block types.','/dashboard/blocks','2015-03-02 22:21:07','2015-08-03 12:37:44',NULL,0),(48,'','Stacks','Share content across your site.','/dashboard/blocks/stacks','2015-03-02 22:21:07','2015-08-03 12:37:45',NULL,0),(49,'','Block & Stack Permissions','Control who can add blocks and stacks on your site.','/dashboard/blocks/permissions','2015-03-02 22:21:07','2015-08-03 12:37:46',NULL,0),(51,'','Block Types','Manage the installed block types in your site.','/dashboard/blocks/types','2015-03-02 22:21:07','2015-08-03 12:37:47',NULL,0),(52,'','Extend concrete5','','/dashboard/extend','2015-03-02 22:21:07','2015-08-03 12:37:48',NULL,0),(53,'','Dashboard','','/dashboard/news','2015-03-02 22:21:07','2015-08-03 12:37:49',NULL,0),(54,'','Add Functionality','Install add-ons & themes.','/dashboard/extend/install','2015-03-02 22:21:07','2015-08-03 12:37:50',NULL,0),(55,'','Update Add-Ons','Update your installed packages.','/dashboard/extend/update','2015-03-02 22:21:07','2015-08-03 12:37:51',NULL,0),(56,'','Connect to the Community','Connect to the concrete5 community.','/dashboard/extend/connect','2015-03-02 22:21:07','2015-08-03 12:37:52',NULL,0),(57,'','Get More Themes','Download themes from concrete5.org.','/dashboard/extend/themes','2015-03-02 22:21:08','2015-08-03 12:37:53',NULL,0),(58,'','Get More Add-Ons','Download add-ons from concrete5.org.','/dashboard/extend/addons','2015-03-02 22:21:08','2015-08-03 12:37:54',NULL,0),(59,'','System & Settings','Secure and setup your site.','/dashboard/system','2015-03-02 22:21:08','2015-08-03 12:37:55',NULL,0),(60,'','Basics','Basic information about your website.','/dashboard/system/basics','2015-03-02 22:21:08','2015-08-03 12:37:56',NULL,0),(61,'','Site Name','','/dashboard/system/basics/name','2015-03-02 22:21:08','2015-08-03 12:37:58',NULL,0),(62,'','Accessibility','','/dashboard/system/basics/accessibility','2015-03-02 22:21:08','2015-08-03 12:37:59',NULL,0),(63,'','Social Links','','/dashboard/system/basics/social','2015-03-02 22:21:08','2015-08-03 12:38:00',NULL,0),(64,'','Bookmark Icons','Bookmark icon and mobile home screen icon setup.','/dashboard/system/basics/icons','2015-03-02 22:21:08','2015-08-03 12:38:01',NULL,0),(65,'','Rich Text Editor','','/dashboard/system/basics/editor','2015-03-02 22:21:08','2015-08-03 12:38:02',NULL,0),(66,'','Languages','','/dashboard/system/basics/multilingual','2015-03-02 22:21:08','2015-08-03 12:38:03',NULL,0),(67,'','Time Zone','','/dashboard/system/basics/timezone','2015-03-02 22:21:08','2015-08-03 12:38:04',NULL,0),(68,'','Multilingual','Run your site in multiple languages.','/dashboard/system/multilingual','2015-03-02 22:21:08','2015-08-03 12:38:05',NULL,0),(69,'','Multilingual Setup','','/dashboard/system/multilingual/setup','2015-03-02 22:21:08','2015-08-03 12:38:07',NULL,0),(70,'','Page Report','','/dashboard/system/multilingual/page_report','2015-03-02 22:21:09','2015-08-03 12:38:08',NULL,0),(71,'','Translate Site Interface','','/dashboard/system/multilingual/translate_interface','2015-03-02 22:21:09','2015-08-03 12:38:09',NULL,0),(72,'','SEO & Statistics','Enable pretty URLs and tracking codes.','/dashboard/system/seo','2015-03-02 22:21:09','2015-08-03 12:38:10',NULL,0),(73,'','Pretty URLs','','/dashboard/system/seo/urls','2015-03-02 22:21:09','2015-08-03 12:38:11',NULL,0),(74,'','Bulk SEO Updater','','/dashboard/system/seo/bulk','2015-03-02 22:21:09','2015-08-03 12:38:12',NULL,0),(75,'','Tracking Codes','','/dashboard/system/seo/codes','2015-03-02 22:21:09','2015-08-03 12:38:13',NULL,0),(76,'','Excluded URL Word List','','/dashboard/system/seo/excluded','2015-03-02 22:21:09','2015-08-03 12:38:14',NULL,0),(77,'','Search Index','','/dashboard/system/seo/searchindex','2015-03-02 22:21:09','2015-08-03 12:38:15',NULL,0),(78,'','Files','','/dashboard/system/files','2015-03-02 22:21:09','2015-08-03 12:38:16',NULL,0),(79,'','File Manager Permissions','','/dashboard/system/files/permissions','2015-03-02 22:21:09','2015-08-03 12:38:17',NULL,0),(80,'','Allowed File Types','','/dashboard/system/files/filetypes','2015-03-02 22:21:09','2015-08-03 12:38:18',NULL,0),(81,'','Thumbnails','','/dashboard/system/files/thumbnails','2015-03-02 22:21:09','2015-08-03 12:38:19',NULL,0),(82,'','File Storage Locations','','/dashboard/system/files/storage','2015-03-02 22:21:10','2015-08-03 12:38:20',NULL,0),(83,'','Optimization','Keep your site running well.','/dashboard/system/optimization','2015-03-02 22:21:10','2015-08-03 12:38:21',NULL,0),(84,'','Cache & Speed Settings','','/dashboard/system/optimization/cache','2015-03-02 22:21:10','2015-08-03 12:38:22',NULL,0),(85,'','Clear Cache','','/dashboard/system/optimization/clearcache','2015-03-02 22:21:10','2015-08-03 12:38:24',NULL,0),(86,'','Automated Jobs','','/dashboard/system/optimization/jobs','2015-03-02 22:21:10','2015-08-03 12:38:25',NULL,0),(87,'','Database Query Log','','/dashboard/system/optimization/query_log','2015-03-02 22:21:10','2015-08-03 12:38:26',NULL,0),(88,'','Permissions & Access','Control who sees and edits your site.','/dashboard/system/permissions','2015-03-02 22:21:10','2015-08-03 12:38:27',NULL,0),(89,'','Site Access','','/dashboard/system/permissions/site','2015-03-02 22:21:10','2015-08-03 12:38:28',NULL,0),(90,'','Task Permissions','','/dashboard/system/permissions/tasks','2015-03-02 22:21:10','2015-08-03 12:38:29',NULL,0),(91,'','User Permissions','','/dashboard/system/permissions/users','2015-03-02 22:21:10','2015-08-03 12:38:30',NULL,0),(92,'','Advanced Permissions','','/dashboard/system/permissions/advanced','2015-03-02 22:21:10','2015-08-03 12:38:31',NULL,0),(93,'','IP Blacklist','','/dashboard/system/permissions/blacklist','2015-03-02 22:21:10','2015-08-03 12:38:32',NULL,0),(94,'','Captcha Setup','','/dashboard/system/permissions/captcha','2015-03-02 22:21:11','2015-08-03 12:38:33',NULL,0),(95,'','Spam Control','','/dashboard/system/permissions/antispam','2015-03-02 22:21:11','2015-08-03 12:38:34',NULL,0),(96,'','Maintenance Mode','','/dashboard/system/permissions/maintenance','2015-03-02 22:21:11','2015-08-03 12:38:35',NULL,0),(97,'','Login & Registration','Change login behaviors and setup public profiles.','/dashboard/system/registration','2015-03-02 22:21:11','2015-08-03 12:38:36',NULL,0),(98,'','Login Destination','','/dashboard/system/registration/postlogin','2015-03-02 22:21:11','2015-08-03 12:38:37',NULL,0),(99,'','Public Profiles','','/dashboard/system/registration/profiles','2015-03-02 22:21:11','2015-08-03 12:38:38',NULL,0),(100,'','Public Registration','','/dashboard/system/registration/open','2015-03-02 22:21:11','2015-08-03 12:38:39',NULL,0),(101,'','Authentication Types','','/dashboard/system/registration/authentication','2015-03-02 22:21:11','2015-08-03 12:38:40',NULL,0),(102,'','Email','Control how your site send and processes mail.','/dashboard/system/mail','2015-03-02 22:21:11','2015-08-03 12:38:41',NULL,0),(103,'','SMTP Method','','/dashboard/system/mail/method','2015-03-02 22:21:11','2015-08-03 12:38:41',NULL,0),(104,'','Test Mail Settings','','/dashboard/system/mail/method/test','2015-03-02 22:21:11','2015-08-03 12:38:42',NULL,0),(105,'','Email Importers','','/dashboard/system/mail/importers','2015-03-02 22:21:12','2015-08-03 12:38:43',NULL,0),(106,'','Conversations','Manage your conversations settings','/dashboard/system/conversations','2015-03-02 22:21:12','2015-08-03 12:38:44',NULL,0),(107,'','Settings','','/dashboard/system/conversations/settings','2015-03-02 22:21:12','2015-08-03 12:38:44',NULL,0),(108,'','Community Points','','/dashboard/system/conversations/points','2015-03-02 22:21:12','2015-08-03 12:38:45',NULL,0),(109,'','Banned Words','','/dashboard/system/conversations/bannedwords','2015-03-02 22:21:12','2015-08-03 12:38:46',NULL,0),(110,'','Conversation Permissions','','/dashboard/system/conversations/permissions','2015-03-02 22:21:12','2015-08-03 12:38:47',NULL,0),(111,'','Attributes','Setup attributes for pages, users, files and more.','/dashboard/system/attributes','2015-03-02 22:21:12','2015-08-03 12:38:48',NULL,0),(112,'','Sets','Group attributes into sets for easier organization','/dashboard/system/attributes/sets','2015-03-02 22:21:12','2015-08-03 12:38:48',NULL,0),(113,'','Types','Choose which attribute types are available for different items.','/dashboard/system/attributes/types','2015-03-02 22:21:12','2015-08-03 12:38:49',NULL,0),(114,'','Topics','','/dashboard/system/attributes/topics','2015-03-02 22:21:12','2015-08-03 12:38:50',NULL,0),(115,'','Add Topic Tree','','/dashboard/system/attributes/topics/add','2015-03-02 22:21:12','2015-08-03 12:38:51',NULL,0),(117,'','Environment Information','','/dashboard/system/environment/info','2015-03-02 22:21:13','2015-08-03 12:38:52',NULL,0),(118,'','Debug Settings','','/dashboard/system/environment/debug','2015-03-02 22:21:13','2015-08-03 12:38:53',NULL,0),(119,'','Logging Settings','','/dashboard/system/environment/logging','2015-03-02 22:21:13','2015-08-03 12:38:54',NULL,0),(120,'','Proxy Server','','/dashboard/system/environment/proxy','2015-03-02 22:21:13','2015-08-03 12:38:54',NULL,0),(121,'','Database Entities','','/dashboard/system/environment/entities','2015-03-02 22:21:13','2015-08-03 12:38:55',NULL,0),(122,'','Backup & Restore','Backup or restore your website.','/dashboard/system/backup','2015-03-02 22:21:13','2015-08-03 12:38:56',NULL,0),(123,'','Backup Database','','/dashboard/system/backup/backup','2015-03-02 22:21:13','2015-08-03 12:38:57',NULL,0),(124,'','Update concrete5','','/dashboard/system/backup/update','2015-03-02 22:21:13','2015-08-03 12:38:58',NULL,0),(125,'                                        ','Welcome to concrete5','Learn about how to use concrete5, how to develop for concrete5, and get general help.','/dashboard/welcome','2015-03-02 22:21:14','2015-08-03 12:38:58',NULL,0),(127,'','Drafts','','/!drafts','2015-03-02 22:21:21','2015-08-03 12:38:59',NULL,0),(128,'','Trash','','/!trash','2015-03-02 22:21:21','2015-08-03 12:39:00',NULL,0),(129,'','Stacks','','/!stacks','2015-03-02 22:21:21','2015-08-03 12:39:01',NULL,0),(130,'','Login','','/login','2015-03-02 22:21:21','2015-08-03 12:39:02',NULL,0),(131,'','Register','','/register','2015-03-02 22:21:21','2015-08-03 12:39:03',NULL,0),(132,'','My Account','','/account','2015-03-02 22:21:21','2015-08-03 12:39:03',NULL,0),(133,'','Edit Profile','Edit your user profile and change password.','/account/edit_profile','2015-03-02 22:21:21','2015-08-03 12:39:04',NULL,0),(134,'','Profile Picture','Specify a new image attached to posts or edits.','/account/avatar','2015-03-02 22:21:21','2015-08-03 12:39:05',NULL,0),(135,'','Messages','Inbox for site-specific messages.','/account/messages','2015-03-02 22:21:21','2015-08-03 12:39:06',NULL,0),(136,'','Inbox','','/account/messages/inbox','2015-03-02 22:21:21','2015-08-03 12:39:07',NULL,0),(137,'','Members','','/members','2015-03-02 22:21:22','2015-08-03 12:39:07',NULL,0),(138,'','View Profile','','/members/profile','2015-03-02 22:21:22','2015-08-03 12:39:08',NULL,0),(139,'','Directory','','/members/directory','2015-03-02 22:21:22','2015-08-03 12:39:09',NULL,0),(140,'','Page Not Found','','/page_not_found','2015-03-02 22:21:22','2015-08-03 12:39:10',NULL,0),(141,'','Page Forbidden','','/page_forbidden','2015-03-02 22:21:22','2015-08-03 12:39:11',NULL,0),(142,'','Download File','','/download_file','2015-03-02 22:21:22','2015-08-03 12:39:11',NULL,0),(143,'                                      1234 SE StreetView  Suite 301  Portland, OR 98101  View on Google Maps  ','Footer Contact',NULL,'/!stacks/footer-contact','2015-03-02 22:21:30','2015-08-03 12:39:12',NULL,0),(144,'                                       2014Elemental Theme  ','Footer Legal',NULL,'/!stacks/footer-legal','2015-03-02 22:21:30','2015-08-03 12:39:13',NULL,0),(145,'                                                                           FAQ / Help                                       Case Studies                                       Blog                                       Another Link                                       ','Footer Navigation',NULL,'/!stacks/footer-navigation','2015-03-02 22:21:30','2015-08-03 12:39:14',NULL,0),(146,'Elemental ','Footer Site Title',NULL,'/!stacks/footer-site-title','2015-03-02 22:21:30','2015-08-03 12:39:15',NULL,0),(147,'','Footer Social',NULL,'/!stacks/footer-social','2015-03-02 22:21:30','2015-08-03 12:39:16',NULL,0),(148,'','Header Navigation',NULL,'/!stacks/header-navigation','2015-03-02 22:21:30','2015-08-03 12:39:17',NULL,0),(149,'','Header Search',NULL,'/!stacks/header-search','2015-03-02 22:21:30','2015-08-03 12:39:18',NULL,0),(150,' c574rc2  ','Header Site Title',NULL,'/!stacks/header-site-title','2015-03-02 22:21:30','2015-08-03 12:39:18',NULL,0),(151,'','',NULL,NULL,'2015-03-02 22:21:33','2015-08-03 12:39:19',NULL,0),(152,'Our Expertise Quality Lorem ipsum dolor sit amet, consectetur adipiscing elit. Nulla sodales non leo id aliquet. Design Lorem ipsum dolor sit amet, consectetur adipiscing elit. Nulla sodales non leo id aliquet. Development Lorem ipsum dolor sit amet, consectetur adipiscing elit. Nulla sodales non leo id aliquet. Security Lorem ipsum dolor sit amet, consectetur adipiscing elit. Nulla sodales non leo id aliquet. Awesome Features Curabitur sagittis elementum felis at sodales. Nullam fermentum at urna quis accumsan. Nam bibendum leo nisi, lacinia molestie arcu consequat quis. Morbi at suscipit risus. Sed consequat eleifend metus, vitae malesuada eros elementum sed.  Guide Books Fusce risus felis, viverra et dignissim at, lobortis non est. Lorem ipsum dolor sit amet, consectetur adipiscing elit. Nullam sit amet consectetur lacus. Vestibulum neque lectus, egestas non cursus vitae, aliquam at magna. Etiam aliquam, justo et varius eleifend, dui lectus egestas nunc, vel malesuada nisl purus nec metus.  Admin Accounts Fusce risus felis, viverra et dignissim at, lobortis non est. Lorem ipsum dolor sit amet, consectetur adipiscing elit. Nullam sit amet consectetur lacus. Vestibulum neque lectus, egestas non cursus vitae, aliquam at magna. Etiam aliquam, justo et varius eleifend, dui lectus egestas nunc, vel malesuada nisl purus nec metus.  Support Curabitur sagittis elementum felis at sodales. Nullam fermentum at urna quis accumsan. Nam bibendum leo nisi, lacinia molestie arcu consequat quis. Morbi at suscipit risus. Sed consequat eleifend metus, vitae malesuada eros elementum sed.  Additional Options Fusce risus felis, viverra et dignissim at, lobortis non est. Lorem ipsum dolor sit amet, consectetur adipiscing elit. Nullam sit amet consectetur lacus. Vestibulum neque lectus, egestas non cursus vitae, aliquam at magna.  Etiam aliquam, justo et varius eleifend, dui lectus egestas nunc, vel malesuada nisl purus nec metus. In gravida turpis a pharetra commodo. Donec non turpis vulputate, faucibus metus a, consectetur nunc. Morbi tortor nisi, hendrerit sed laoreet eget, fermentum et justo. Suspendisse potenti.  What Clients Are Saying About Us  Franz Maruna\nconcrete5\nCurabitur sagittis elementum felis at sodales. Nullam fermentum at urna quis accumsan. Nam bibendum leo nisi, lacinia molestie arcu consequat quis. Morbi at suscipit risus. John Doe\nCompanyCo\nCurabitur sagittis elementum felis at sodales. Nullam fermentum at urna quis accumsan. Nam bibendum leo nisi, lacinia molestie arcu consequat quis. Morbi at suscipit risus. Andrew Embler\nconcrete5\nCurabitur sagittis elementum felis at sodales. Nullam fermentum at urna quis accumsan. Nam bibendum leo nisi, lacinia molestie arcu consequat quis. Morbi at suscipit risus. Jane Doe\nCompanyCo\nCurabitur sagittis elementum felis at sodales. Nullam fermentum at urna quis accumsan. Nam bibendum leo nisi, lacinia molestie arcu consequat quis. Morbi at suscipit risus.  Test de getMimeType()=> application/stream-octet ?!?  ','Services','','/services','2015-03-02 22:21:34','2015-08-03 12:39:20',NULL,0),(153,'','',NULL,NULL,'2015-03-02 22:21:34','2015-08-03 12:39:21',NULL,0),(154,'','Portfolio','','/portfolio','2015-03-02 22:21:34','2015-08-03 12:39:22',NULL,0),(155,'John Smith\n\nCurabitur sagittis elementum felis at sodales. Nullam fermentum at urna quis accumsan. Nam bibendum leo nisi, lacinia molestie arcu consequat quis. Bob Smith\n\nCurabitur sagittis elementum felis at sodales. Nullam fermentum at urna quis accumsan. Nam bibendum leo nisi, lacinia molestie arcu consequat quis. John Smith\n\nCurabitur sagittis elementum felis at sodales. Nullam fermentum at urna quis accumsan. Nam bibendum leo nisi, lacinia molestie arcu consequat quis. John Smith\n\nCurabitur sagittis elementum felis at sodales. Nullam fermentum at urna quis accumsan. Nam bibendum leo nisi, lacinia molestie arcu consequat quis. Bob Smith\n\nCurabitur sagittis elementum felis at sodales. Nullam fermentum at urna quis accumsan. Nam bibendum leo nisi, lacinia molestie arcu consequat quis. Bob Smith\n\nCurabitur sagittis elementum felis at sodales. Nullam fermentum at urna quis accumsan. Nam bibendum leo nisi, lacinia molestie arcu consequat quis. Bob Smith\n\nCurabitur sagittis elementum felis at sodales. Nullam fermentum at urna quis accumsan. Nam bibendum leo nisi, lacinia molestie arcu consequat quis. Bob Smith\n\nCurabitur sagittis elementum felis at sodales. Nullam fermentum at urna quis accumsan. Nam bibendum leo nisi, lacinia molestie arcu consequat quis.                                                      Get in Touch  Sed cursus facilisis dignissim. Aliquam rhoncus enim et pellentesque varius. Nulla sodales nibh lorem, sit amet imperdiet arcu commodo sit amet.    Contact Us  ','Team','','/team','2015-03-02 22:21:34','2015-08-03 12:39:23',NULL,0),(156,'','',NULL,NULL,'2015-03-02 22:21:34','2015-08-03 12:39:24',NULL,0),(157,'','Blog','','/blog','2015-03-02 22:21:34','2015-08-03 12:39:25',NULL,0),(158,'','Search','','/search','2015-03-02 22:21:34','2015-08-03 12:39:26',NULL,0),(159,'                                                     Headquarters 1234 SE Street View Suite 301 Portland, OR 98101 HOURS  M-F:  10 AM - 7 PM Sat: Noon - Midnight Sun: Closed                                                       Choosing Us Pellentesque ultricies ligula vel neque dictum, eu mollis tortor adipiscing. Etiam congue, est vel tincidunt vestibulum, nunc nunc porta nulla, at adipiscing neque tellus quis urna. Quisque dignissim neque a ipsum sodales, mattis aliquam ante dictum. Vestibulum elementum pellentesque tortor ac congue. Mauris vel nibh id metus tincidunt eleifend. In interdum gravida ligula, at venenatis odio fermentum at. Donec dapibus enim lectus, quis venenatis tellus volutpat in. Nullam in velit tortor.  We would love to hear from you! ','Contact','','/contact','2015-03-02 22:21:34','2015-08-03 12:39:27',NULL,0),(160,' This is my empty content block on my blank page.  ','Blank Page','','/blank-page','2015-03-02 22:21:34','2015-08-03 12:39:28',NULL,0),(161,'','',NULL,NULL,'2015-03-02 22:21:34','2015-08-03 12:39:29',NULL,0),(162,'Lorem ipsum dolor sit amet, consectetur adipiscing elit. Morbi tempus nibh a laoreet cursus. Phasellus malesuada vulputate bibendum. Ut vitae justo nisi. Sed consectetur vestibulum tortor, in bibendum diam lacinia vitae. Nullam volutpat risus quis orci consectetur adipiscing. In commodo vulputate arcu sit amet ornare. Vivamus ut iaculis velit. Pellentesque euismod lacus sed accumsan luctus. Suspendisse urna felis, lacinia vel tempor id, ultricies rutrum nisl. Nunc ultrices nulla et bibendum molestie. Phasellus porttitor sit amet libero vel fermentum. Sed sapien risus, eleifend vel hendrerit eu, porta vel tellus. Duis faucibus odio et magna varius, quis accumsan tellus vestibulum. Nam nunc nulla, convallis at elementum pharetra, adipiscing quis enim. Donec feugiat porttitor dolor, nec porttitor mi auctor eget. Fusce iaculis varius diam non dictum. Fusce elementum a nunc vel tincidunt. Morbi nec est elementum, vehicula odio nec, lobortis lacus. Nulla ultricies vitae nunc ut lacinia. Proin mattis felis sem, eu consectetur arcu varius et. Duis at lectus eu lorem elementum aliquet nec in elit. Vestibulum non metus ac risus adipiscing pellentesque sed sit amet lorem. Donec viverra, metus in varius pulvinar, augue nunc accumsan eros, a pulvinar est elit vitae nulla.  Duis non leo in enim laoreet pretium. Nullam vitae neque nec libero pharetra tempor at faucibus lectus. Cum sociis natoque penatibus et magnis dis parturient montes, nascetur ridiculus mus. Sed imperdiet convallis arcu. Nam sollicitudin sollicitudin lacus non dictum. Aliquam erat volutpat. Nulla sapien quam, consequat non dui ut, eleifend sodales orci. Praesent quis lorem accumsan, volutpat lectus a, sollicitudin erat. Donec faucibus mi in sapien volutpat, ac auctor lorem mollis. Proin eget turpis non lacus bibendum porta non ac justo. Aliquam aliquam viverra lorem ac rutrum. In et sapien sit amet diam vestibulum cursus ut tristique tellus.  Ut in purus mi. Etiam ac aliquet ipsum. Pellentesque faucibus diam dui. Morbi a semper orci. Ut nec malesuada urna. Vestibulum aliquet ante ac lacus dictum, sit amet pulvinar leo laoreet. Maecenas ut est commodo, commodo quam nec, dignissim est. Quisque rutrum molestie nunc, sed mollis nulla volutpat et. Donec dignissim ornare augue eu aliquam. Aliquam in tincidunt velit. In at fermentum mauris, ut accumsan nisl. Interdum et malesuada fames ac ante ipsum primis in faucibus.  Integer ac nulla at nisi sodales ullamcorper id in justo. Cum sociis natoque penatibus et magnis dis parturient montes, nascetur ridiculus mus. Etiam pharetra elit odio, ac mattis turpis consequat ac. Pellentesque tincidunt sed enim nec auctor. Quisque varius, felis a hendrerit faucibus, nunc lorem varius nibh, vel dignissim velit dolor ut elit. Mauris ut vulputate neque. Donec at est vitae massa egestas fringilla. Praesent a tristique nibh. Nunc blandit dui risus, quis rhoncus nisi consectetur vel.  ','Project Title','Pellentesque ultricies ligula vel neque dictum, eu mollis tortor adipiscing.','/portfolio/project-title','2014-08-06 15:30:00','2015-08-03 12:39:30',NULL,0),(163,'Lorem ipsum dolor sit amet, consectetur adipiscing elit. Morbi tempus nibh a laoreet cursus. Phasellus malesuada vulputate bibendum. Ut vitae justo nisi. Sed consectetur vestibulum tortor, in bibendum diam lacinia vitae. Nullam volutpat risus quis orci consectetur adipiscing. In commodo vulputate arcu sit amet ornare. Vivamus ut iaculis velit. Pellentesque euismod lacus sed accumsan luctus. Suspendisse urna felis, lacinia vel tempor id, ultricies rutrum nisl. Nunc ultrices nulla et bibendum molestie. Phasellus porttitor sit amet libero vel fermentum. Sed sapien risus, eleifend vel hendrerit eu, porta vel tellus. Duis faucibus odio et magna varius, quis accumsan tellus vestibulum. Nam nunc nulla, convallis at elementum pharetra, adipiscing quis enim. Donec feugiat porttitor dolor, nec porttitor mi auctor eget. Fusce iaculis varius diam non dictum. Fusce elementum a nunc vel tincidunt. Morbi nec est elementum, vehicula odio nec, lobortis lacus. Nulla ultricies vitae nunc ut lacinia. Proin mattis felis sem, eu consectetur arcu varius et. Duis at lectus eu lorem elementum aliquet nec in elit. Vestibulum non metus ac risus adipiscing pellentesque sed sit amet lorem. Donec viverra, metus in varius pulvinar, augue nunc accumsan eros, a pulvinar est elit vitae nulla.  Duis non leo in enim laoreet pretium. Nullam vitae neque nec libero pharetra tempor at faucibus lectus. Cum sociis natoque penatibus et magnis dis parturient montes, nascetur ridiculus mus. Sed imperdiet convallis arcu. Nam sollicitudin sollicitudin lacus non dictum. Aliquam erat volutpat. Nulla sapien quam, consequat non dui ut, eleifend sodales orci. Praesent quis lorem accumsan, volutpat lectus a, sollicitudin erat. Donec faucibus mi in sapien volutpat, ac auctor lorem mollis. Proin eget turpis non lacus bibendum porta non ac justo. Aliquam aliquam viverra lorem ac rutrum. In et sapien sit amet diam vestibulum cursus ut tristique tellus.  Ut in purus mi. Etiam ac aliquet ipsum. Pellentesque faucibus diam dui. Morbi a semper orci. Ut nec malesuada urna. Vestibulum aliquet ante ac lacus dictum, sit amet pulvinar leo laoreet. Maecenas ut est commodo, commodo quam nec, dignissim est. Quisque rutrum molestie nunc, sed mollis nulla volutpat et. Donec dignissim ornare augue eu aliquam. Aliquam in tincidunt velit. In at fermentum mauris, ut accumsan nisl. Interdum et malesuada fames ac ante ipsum primis in faucibus.  Integer ac nulla at nisi sodales ullamcorper id in justo. Cum sociis natoque penatibus et magnis dis parturient montes, nascetur ridiculus mus. Etiam pharetra elit odio, ac mattis turpis consequat ac. Pellentesque tincidunt sed enim nec auctor. Quisque varius, felis a hendrerit faucibus, nunc lorem varius nibh, vel dignissim velit dolor ut elit. Mauris ut vulputate neque. Donec at est vitae massa egestas fringilla. Praesent a tristique nibh. Nunc blandit dui risus, quis rhoncus nisi consectetur vel.  ','Project Title 2','Pellentesque ultricies ligula vel neque dictum, eu mollis tortor adipiscing.','/portfolio/project-title-2','2014-08-06 15:20:00','2015-08-03 12:39:31',NULL,0),(164,'Lorem ipsum dolor sit amet, consectetur adipiscing elit. Morbi tempus nibh a laoreet cursus. Phasellus malesuada vulputate bibendum. Ut vitae justo nisi. Sed consectetur vestibulum tortor, in bibendum diam lacinia vitae. Nullam volutpat risus quis orci consectetur adipiscing. In commodo vulputate arcu sit amet ornare. Vivamus ut iaculis velit. Pellentesque euismod lacus sed accumsan luctus. Suspendisse urna felis, lacinia vel tempor id, ultricies rutrum nisl. Nunc ultrices nulla et bibendum molestie. Phasellus porttitor sit amet libero vel fermentum. Sed sapien risus, eleifend vel hendrerit eu, porta vel tellus. Duis faucibus odio et magna varius, quis accumsan tellus vestibulum. Nam nunc nulla, convallis at elementum pharetra, adipiscing quis enim. Donec feugiat porttitor dolor, nec porttitor mi auctor eget. Fusce iaculis varius diam non dictum. Fusce elementum a nunc vel tincidunt. Morbi nec est elementum, vehicula odio nec, lobortis lacus. Nulla ultricies vitae nunc ut lacinia. Proin mattis felis sem, eu consectetur arcu varius et. Duis at lectus eu lorem elementum aliquet nec in elit. Vestibulum non metus ac risus adipiscing pellentesque sed sit amet lorem. Donec viverra, metus in varius pulvinar, augue nunc accumsan eros, a pulvinar est elit vitae nulla.  Duis non leo in enim laoreet pretium. Nullam vitae neque nec libero pharetra tempor at faucibus lectus. Cum sociis natoque penatibus et magnis dis parturient montes, nascetur ridiculus mus. Sed imperdiet convallis arcu. Nam sollicitudin sollicitudin lacus non dictum. Aliquam erat volutpat. Nulla sapien quam, consequat non dui ut, eleifend sodales orci. Praesent quis lorem accumsan, volutpat lectus a, sollicitudin erat. Donec faucibus mi in sapien volutpat, ac auctor lorem mollis. Proin eget turpis non lacus bibendum porta non ac justo. Aliquam aliquam viverra lorem ac rutrum. In et sapien sit amet diam vestibulum cursus ut tristique tellus.  Ut in purus mi. Etiam ac aliquet ipsum. Pellentesque faucibus diam dui. Morbi a semper orci. Ut nec malesuada urna. Vestibulum aliquet ante ac lacus dictum, sit amet pulvinar leo laoreet. Maecenas ut est commodo, commodo quam nec, dignissim est. Quisque rutrum molestie nunc, sed mollis nulla volutpat et. Donec dignissim ornare augue eu aliquam. Aliquam in tincidunt velit. In at fermentum mauris, ut accumsan nisl. Interdum et malesuada fames ac ante ipsum primis in faucibus.  Integer ac nulla at nisi sodales ullamcorper id in justo. Cum sociis natoque penatibus et magnis dis parturient montes, nascetur ridiculus mus. Etiam pharetra elit odio, ac mattis turpis consequat ac. Pellentesque tincidunt sed enim nec auctor. Quisque varius, felis a hendrerit faucibus, nunc lorem varius nibh, vel dignissim velit dolor ut elit. Mauris ut vulputate neque. Donec at est vitae massa egestas fringilla. Praesent a tristique nibh. Nunc blandit dui risus, quis rhoncus nisi consectetur vel.  ','Project Title 3','Pellentesque ultricies ligula vel neque dictum, eu mollis tortor adipiscing.','/portfolio/project-title-3','2014-08-06 15:10:00','2015-08-03 12:39:33',NULL,0),(165,'Lorem ipsum dolor sit amet, consectetur adipiscing elit. Morbi tempus nibh a laoreet cursus. Phasellus malesuada vulputate bibendum. Ut vitae justo nisi. Sed consectetur vestibulum tortor, in bibendum diam lacinia vitae. Nullam volutpat risus quis orci consectetur adipiscing. In commodo vulputate arcu sit amet ornare. Vivamus ut iaculis velit. Pellentesque euismod lacus sed accumsan luctus. Suspendisse urna felis, lacinia vel tempor id, ultricies rutrum nisl. Nunc ultrices nulla et bibendum molestie. Phasellus porttitor sit amet libero vel fermentum. Sed sapien risus, eleifend vel hendrerit eu, porta vel tellus. Duis faucibus odio et magna varius, quis accumsan tellus vestibulum. Nam nunc nulla, convallis at elementum pharetra, adipiscing quis enim. Donec feugiat porttitor dolor, nec porttitor mi auctor eget. Fusce iaculis varius diam non dictum. Fusce elementum a nunc vel tincidunt. Morbi nec est elementum, vehicula odio nec, lobortis lacus. Nulla ultricies vitae nunc ut lacinia. Proin mattis felis sem, eu consectetur arcu varius et. Duis at lectus eu lorem elementum aliquet nec in elit. Vestibulum non metus ac risus adipiscing pellentesque sed sit amet lorem. Donec viverra, metus in varius pulvinar, augue nunc accumsan eros, a pulvinar est elit vitae nulla.  Duis non leo in enim laoreet pretium. Nullam vitae neque nec libero pharetra tempor at faucibus lectus. Cum sociis natoque penatibus et magnis dis parturient montes, nascetur ridiculus mus. Sed imperdiet convallis arcu. Nam sollicitudin sollicitudin lacus non dictum. Aliquam erat volutpat. Nulla sapien quam, consequat non dui ut, eleifend sodales orci. Praesent quis lorem accumsan, volutpat lectus a, sollicitudin erat. Donec faucibus mi in sapien volutpat, ac auctor lorem mollis. Proin eget turpis non lacus bibendum porta non ac justo. Aliquam aliquam viverra lorem ac rutrum. In et sapien sit amet diam vestibulum cursus ut tristique tellus.  Ut in purus mi. Etiam ac aliquet ipsum. Pellentesque faucibus diam dui. Morbi a semper orci. Ut nec malesuada urna. Vestibulum aliquet ante ac lacus dictum, sit amet pulvinar leo laoreet. Maecenas ut est commodo, commodo quam nec, dignissim est. Quisque rutrum molestie nunc, sed mollis nulla volutpat et. Donec dignissim ornare augue eu aliquam. Aliquam in tincidunt velit. In at fermentum mauris, ut accumsan nisl. Interdum et malesuada fames ac ante ipsum primis in faucibus.  Integer ac nulla at nisi sodales ullamcorper id in justo. Cum sociis natoque penatibus et magnis dis parturient montes, nascetur ridiculus mus. Etiam pharetra elit odio, ac mattis turpis consequat ac. Pellentesque tincidunt sed enim nec auctor. Quisque varius, felis a hendrerit faucibus, nunc lorem varius nibh, vel dignissim velit dolor ut elit. Mauris ut vulputate neque. Donec at est vitae massa egestas fringilla. Praesent a tristique nibh. Nunc blandit dui risus, quis rhoncus nisi consectetur vel.  ','Project Title 4','Pellentesque ultricies ligula vel neque dictum, eu mollis tortor adipiscing.','/portfolio/project-title-4','2014-08-06 15:00:00','2015-08-03 12:39:35',NULL,0),(166,'Lorem ipsum dolor sit amet, consectetur adipiscing elit. Morbi tempus nibh a laoreet cursus. Phasellus malesuada vulputate bibendum. Ut vitae justo nisi. Sed consectetur vestibulum tortor, in bibendum diam lacinia vitae. Nullam volutpat risus quis orci consectetur adipiscing. In commodo vulputate arcu sit amet ornare. Vivamus ut iaculis velit. Pellentesque euismod lacus sed accumsan luctus. Suspendisse urna felis, lacinia vel tempor id, ultricies rutrum nisl. Nunc ultrices nulla et bibendum molestie. Phasellus porttitor sit amet libero vel fermentum. Sed sapien risus, eleifend vel hendrerit eu, porta vel tellus. Duis faucibus odio et magna varius, quis accumsan tellus vestibulum. Nam nunc nulla, convallis at elementum pharetra, adipiscing quis enim. Donec feugiat porttitor dolor, nec porttitor mi auctor eget. Fusce iaculis varius diam non dictum. Fusce elementum a nunc vel tincidunt. Morbi nec est elementum, vehicula odio nec, lobortis lacus. Nulla ultricies vitae nunc ut lacinia. Proin mattis felis sem, eu consectetur arcu varius et. Duis at lectus eu lorem elementum aliquet nec in elit. Vestibulum non metus ac risus adipiscing pellentesque sed sit amet lorem. Donec viverra, metus in varius pulvinar, augue nunc accumsan eros, a pulvinar est elit vitae nulla.  Duis non leo in enim laoreet pretium. Nullam vitae neque nec libero pharetra tempor at faucibus lectus. Cum sociis natoque penatibus et magnis dis parturient montes, nascetur ridiculus mus. Sed imperdiet convallis arcu. Nam sollicitudin sollicitudin lacus non dictum. Aliquam erat volutpat. Nulla sapien quam, consequat non dui ut, eleifend sodales orci. Praesent quis lorem accumsan, volutpat lectus a, sollicitudin erat. Donec faucibus mi in sapien volutpat, ac auctor lorem mollis. Proin eget turpis non lacus bibendum porta non ac justo. Aliquam aliquam viverra lorem ac rutrum. In et sapien sit amet diam vestibulum cursus ut tristique tellus.  Ut in purus mi. Etiam ac aliquet ipsum. Pellentesque faucibus diam dui. Morbi a semper orci. Ut nec malesuada urna. Vestibulum aliquet ante ac lacus dictum, sit amet pulvinar leo laoreet. Maecenas ut est commodo, commodo quam nec, dignissim est. Quisque rutrum molestie nunc, sed mollis nulla volutpat et. Donec dignissim ornare augue eu aliquam. Aliquam in tincidunt velit. In at fermentum mauris, ut accumsan nisl. Interdum et malesuada fames ac ante ipsum primis in faucibus.  Integer ac nulla at nisi sodales ullamcorper id in justo. Cum sociis natoque penatibus et magnis dis parturient montes, nascetur ridiculus mus. Etiam pharetra elit odio, ac mattis turpis consequat ac. Pellentesque tincidunt sed enim nec auctor. Quisque varius, felis a hendrerit faucibus, nunc lorem varius nibh, vel dignissim velit dolor ut elit. Mauris ut vulputate neque. Donec at est vitae massa egestas fringilla. Praesent a tristique nibh. Nunc blandit dui risus, quis rhoncus nisi consectetur vel.  ','Project Title 5','Pellentesque ultricies ligula vel neque dictum, eu mollis tortor adipiscing.','/portfolio/project-title-5','2014-08-06 14:30:00','2015-08-03 12:39:37',NULL,0),(167,'Lorem ipsum dolor sit amet, consectetur adipiscing elit. Morbi tempus nibh a laoreet cursus. Phasellus malesuada vulputate bibendum. Ut vitae justo nisi. Sed consectetur vestibulum tortor, in bibendum diam lacinia vitae. Nullam volutpat risus quis orci consectetur adipiscing. In commodo vulputate arcu sit amet ornare. Vivamus ut iaculis velit. Pellentesque euismod lacus sed accumsan luctus. Suspendisse urna felis, lacinia vel tempor id, ultricies rutrum nisl. Nunc ultrices nulla et bibendum molestie. Phasellus porttitor sit amet libero vel fermentum. Sed sapien risus, eleifend vel hendrerit eu, porta vel tellus. Duis faucibus odio et magna varius, quis accumsan tellus vestibulum. Nam nunc nulla, convallis at elementum pharetra, adipiscing quis enim. Donec feugiat porttitor dolor, nec porttitor mi auctor eget. Fusce iaculis varius diam non dictum. Fusce elementum a nunc vel tincidunt. Morbi nec est elementum, vehicula odio nec, lobortis lacus. Nulla ultricies vitae nunc ut lacinia. Proin mattis felis sem, eu consectetur arcu varius et. Duis at lectus eu lorem elementum aliquet nec in elit. Vestibulum non metus ac risus adipiscing pellentesque sed sit amet lorem. Donec viverra, metus in varius pulvinar, augue nunc accumsan eros, a pulvinar est elit vitae nulla.  Duis non leo in enim laoreet pretium. Nullam vitae neque nec libero pharetra tempor at faucibus lectus. Cum sociis natoque penatibus et magnis dis parturient montes, nascetur ridiculus mus. Sed imperdiet convallis arcu. Nam sollicitudin sollicitudin lacus non dictum. Aliquam erat volutpat. Nulla sapien quam, consequat non dui ut, eleifend sodales orci. Praesent quis lorem accumsan, volutpat lectus a, sollicitudin erat. Donec faucibus mi in sapien volutpat, ac auctor lorem mollis. Proin eget turpis non lacus bibendum porta non ac justo. Aliquam aliquam viverra lorem ac rutrum. In et sapien sit amet diam vestibulum cursus ut tristique tellus.  Ut in purus mi. Etiam ac aliquet ipsum. Pellentesque faucibus diam dui. Morbi a semper orci. Ut nec malesuada urna. Vestibulum aliquet ante ac lacus dictum, sit amet pulvinar leo laoreet. Maecenas ut est commodo, commodo quam nec, dignissim est. Quisque rutrum molestie nunc, sed mollis nulla volutpat et. Donec dignissim ornare augue eu aliquam. Aliquam in tincidunt velit. In at fermentum mauris, ut accumsan nisl. Interdum et malesuada fames ac ante ipsum primis in faucibus.  Integer ac nulla at nisi sodales ullamcorper id in justo. Cum sociis natoque penatibus et magnis dis parturient montes, nascetur ridiculus mus. Etiam pharetra elit odio, ac mattis turpis consequat ac. Pellentesque tincidunt sed enim nec auctor. Quisque varius, felis a hendrerit faucibus, nunc lorem varius nibh, vel dignissim velit dolor ut elit. Mauris ut vulputate neque. Donec at est vitae massa egestas fringilla. Praesent a tristique nibh. Nunc blandit dui risus, quis rhoncus nisi consectetur vel.  ','Project Title 6','Pellentesque ultricies ligula vel neque dictum, eu mollis tortor adipiscing.','/portfolio/project-title-6','2014-08-06 14:20:00','2015-08-03 12:39:39',NULL,0),(195,'Administration Oprateur / Opratrice    Titre sera adapt en fonction du sexe...  ','op','Partie pour les oprateurs/trices','/op','2015-08-06 16:03:23','2015-08-06 16:35:23',NULL,0);
/*!40000 ALTER TABLE `PageSearchIndex` ENABLE KEYS */;
UNLOCK TABLES;

--
-- Table structure for table `PageTemplates`
--

DROP TABLE IF EXISTS `PageTemplates`;
/*!40101 SET @saved_cs_client     = @@character_set_client */;
/*!40101 SET character_set_client = utf8 */;
CREATE TABLE `PageTemplates` (
  `pTemplateID` int(10) unsigned NOT NULL AUTO_INCREMENT,
  `pTemplateHandle` varchar(32) COLLATE utf8_unicode_ci NOT NULL,
  `pTemplateIcon` varchar(128) COLLATE utf8_unicode_ci DEFAULT NULL,
  `pTemplateName` varchar(90) COLLATE utf8_unicode_ci NOT NULL,
  `pTemplateIsInternal` tinyint(1) NOT NULL DEFAULT '0',
  `pkgID` int(10) unsigned NOT NULL DEFAULT '0',
  PRIMARY KEY (`pTemplateID`),
  UNIQUE KEY `pTemplateHandle` (`pTemplateHandle`),
  KEY `pkgID` (`pkgID`)
) ENGINE=InnoDB AUTO_INCREMENT=11 DEFAULT CHARSET=utf8 COLLATE=utf8_unicode_ci;
/*!40101 SET character_set_client = @saved_cs_client */;

--
-- Dumping data for table `PageTemplates`
--

LOCK TABLES `PageTemplates` WRITE;
/*!40000 ALTER TABLE `PageTemplates` DISABLE KEYS */;
INSERT INTO `PageTemplates` VALUES (1,'core_stack','','Stack',1,0),(2,'dashboard_primary_five','','Dashboard Primary + Five',1,0),(3,'dashboard_header_four_col','','Dashboard Header + Four Column',1,0),(4,'dashboard_full','','Dashboard Full',1,0),(5,'blank','blank.png','Blank',0,0),(6,'full','full.png','Full',0,0),(7,'left_sidebar','left_sidebar.png','Left Sidebar',0,0),(8,'right_sidebar','right_sidebar.png','Right Sidebar',0,0),(9,'full_ori','full.png','Full Ori',0,0),(10,'operatrice','full.png','Operatrice',0,0);
/*!40000 ALTER TABLE `PageTemplates` ENABLE KEYS */;
UNLOCK TABLES;

--
-- Table structure for table `PageThemeCustomStyles`
--

DROP TABLE IF EXISTS `PageThemeCustomStyles`;
/*!40101 SET @saved_cs_client     = @@character_set_client */;
/*!40101 SET character_set_client = utf8 */;
CREATE TABLE `PageThemeCustomStyles` (
  `pThemeID` int(10) unsigned NOT NULL DEFAULT '0',
  `scvlID` int(10) unsigned DEFAULT '0',
  `preset` varchar(255) COLLATE utf8_unicode_ci DEFAULT NULL,
  `sccRecordID` int(10) unsigned DEFAULT '0',
  PRIMARY KEY (`pThemeID`),
  KEY `scvlID` (`scvlID`),
  KEY `sccRecordID` (`sccRecordID`)
) ENGINE=InnoDB DEFAULT CHARSET=utf8 COLLATE=utf8_unicode_ci;
/*!40101 SET character_set_client = @saved_cs_client */;

--
-- Dumping data for table `PageThemeCustomStyles`
--

LOCK TABLES `PageThemeCustomStyles` WRITE;
/*!40000 ALTER TABLE `PageThemeCustomStyles` DISABLE KEYS */;
INSERT INTO `PageThemeCustomStyles` VALUES (2,12,'lcda',0),(3,13,'tsv',0);
/*!40000 ALTER TABLE `PageThemeCustomStyles` ENABLE KEYS */;
UNLOCK TABLES;

--
-- Table structure for table `PageThemes`
--

DROP TABLE IF EXISTS `PageThemes`;
/*!40101 SET @saved_cs_client     = @@character_set_client */;
/*!40101 SET character_set_client = utf8 */;
CREATE TABLE `PageThemes` (
  `pThemeID` int(10) unsigned NOT NULL AUTO_INCREMENT,
  `pThemeHandle` varchar(64) COLLATE utf8_unicode_ci NOT NULL,
  `pThemeName` varchar(255) COLLATE utf8_unicode_ci DEFAULT NULL,
  `pThemeDescription` text COLLATE utf8_unicode_ci,
  `pkgID` int(10) unsigned NOT NULL DEFAULT '0',
  `pThemeHasCustomClass` tinyint(1) NOT NULL DEFAULT '0',
  PRIMARY KEY (`pThemeID`),
  UNIQUE KEY `ptHandle` (`pThemeHandle`),
  KEY `pkgID` (`pkgID`)
) ENGINE=InnoDB AUTO_INCREMENT=4 DEFAULT CHARSET=utf8 COLLATE=utf8_unicode_ci;
/*!40101 SET character_set_client = @saved_cs_client */;

--
-- Dumping data for table `PageThemes`
--

LOCK TABLES `PageThemes` WRITE;
/*!40000 ALTER TABLE `PageThemes` DISABLE KEYS */;
INSERT INTO `PageThemes` VALUES (1,'elemental','Elemental','Elegant, spacious theme with support for blogs, portfolios, layouts and more.',0,1),(2,'lcda','LCdA','Elegant, spacious theme with support for blogs, portfolios, layouts and more.',0,1),(3,'urbanic','Urbanic','Hip, versatile theme built on Bootstrap 3',0,1);
/*!40000 ALTER TABLE `PageThemes` ENABLE KEYS */;
UNLOCK TABLES;

--
-- Table structure for table `PageTypeComposerControlTypes`
--

DROP TABLE IF EXISTS `PageTypeComposerControlTypes`;
/*!40101 SET @saved_cs_client     = @@character_set_client */;
/*!40101 SET character_set_client = utf8 */;
CREATE TABLE `PageTypeComposerControlTypes` (
  `ptComposerControlTypeID` int(10) unsigned NOT NULL AUTO_INCREMENT,
  `ptComposerControlTypeHandle` varchar(255) COLLATE utf8_unicode_ci DEFAULT NULL,
  `ptComposerControlTypeName` varchar(255) COLLATE utf8_unicode_ci DEFAULT NULL,
  `pkgID` int(10) unsigned NOT NULL DEFAULT '0',
  PRIMARY KEY (`ptComposerControlTypeID`),
  UNIQUE KEY `ptComposerControlTypeHandle` (`ptComposerControlTypeHandle`),
  KEY `pkgID` (`pkgID`)
) ENGINE=InnoDB AUTO_INCREMENT=4 DEFAULT CHARSET=utf8 COLLATE=utf8_unicode_ci;
/*!40101 SET character_set_client = @saved_cs_client */;

--
-- Dumping data for table `PageTypeComposerControlTypes`
--

LOCK TABLES `PageTypeComposerControlTypes` WRITE;
/*!40000 ALTER TABLE `PageTypeComposerControlTypes` DISABLE KEYS */;
INSERT INTO `PageTypeComposerControlTypes` VALUES (1,'core_page_property','Built-In Properties',0),(2,'collection_attribute','Custom Attributes',0),(3,'block','Block',0);
/*!40000 ALTER TABLE `PageTypeComposerControlTypes` ENABLE KEYS */;
UNLOCK TABLES;

--
-- Table structure for table `PageTypeComposerFormLayoutSetControls`
--

DROP TABLE IF EXISTS `PageTypeComposerFormLayoutSetControls`;
/*!40101 SET @saved_cs_client     = @@character_set_client */;
/*!40101 SET character_set_client = utf8 */;
CREATE TABLE `PageTypeComposerFormLayoutSetControls` (
  `ptComposerFormLayoutSetControlID` int(10) unsigned NOT NULL AUTO_INCREMENT,
  `ptComposerFormLayoutSetID` int(10) unsigned DEFAULT '0',
  `ptComposerControlTypeID` int(10) unsigned DEFAULT '0',
  `ptComposerControlObject` longtext COLLATE utf8_unicode_ci,
  `ptComposerFormLayoutSetControlDisplayOrder` int(10) unsigned DEFAULT '0',
  `ptComposerFormLayoutSetControlCustomLabel` varchar(255) COLLATE utf8_unicode_ci DEFAULT NULL,
  `ptComposerFormLayoutSetControlCustomTemplate` varchar(255) COLLATE utf8_unicode_ci DEFAULT NULL,
  `ptComposerFormLayoutSetControlDescription` varchar(255) COLLATE utf8_unicode_ci DEFAULT NULL,
  `ptComposerFormLayoutSetControlRequired` int(11) DEFAULT '0',
  PRIMARY KEY (`ptComposerFormLayoutSetControlID`),
  KEY `ptComposerControlTypeID` (`ptComposerControlTypeID`)
) ENGINE=InnoDB AUTO_INCREMENT=34 DEFAULT CHARSET=utf8 COLLATE=utf8_unicode_ci;
/*!40101 SET character_set_client = @saved_cs_client */;

--
-- Dumping data for table `PageTypeComposerFormLayoutSetControls`
--

LOCK TABLES `PageTypeComposerFormLayoutSetControls` WRITE;
/*!40000 ALTER TABLE `PageTypeComposerFormLayoutSetControls` DISABLE KEYS */;
INSERT INTO `PageTypeComposerFormLayoutSetControls` VALUES (1,1,1,'O:78:\"Concrete\\Core\\Page\\Type\\Composer\\Control\\CorePageProperty\\NameCorePageProperty\":9:{s:37:\"\0*\0ptComposerControlRequiredByDefault\";b:1;s:17:\"\0*\0propertyHandle\";s:4:\"name\";s:30:\"\0*\0ptComposerControlTypeHandle\";s:18:\"core_page_property\";s:30:\"\0*\0ptComposerControlIdentifier\";s:4:\"name\";s:24:\"\0*\0ptComposerControlName\";s:9:\"Page Name\";s:27:\"\0*\0ptComposerControlIconSRC\";s:34:\"/concrete/attributes/text/icon.png\";s:20:\"\0*\0ptComposerControl\";N;s:41:\"\0*\0ptComposerControlRequiredOnThisRequest\";b:0;s:5:\"error\";s:0:\"\";}',0,'Page Name',NULL,NULL,1),(2,1,1,'O:85:\"Concrete\\Core\\Page\\Type\\Composer\\Control\\CorePageProperty\\DescriptionCorePageProperty\":9:{s:17:\"\0*\0propertyHandle\";s:11:\"description\";s:30:\"\0*\0ptComposerControlTypeHandle\";s:18:\"core_page_property\";s:30:\"\0*\0ptComposerControlIdentifier\";s:11:\"description\";s:24:\"\0*\0ptComposerControlName\";s:11:\"Description\";s:27:\"\0*\0ptComposerControlIconSRC\";s:38:\"/concrete/attributes/textarea/icon.png\";s:20:\"\0*\0ptComposerControl\";N;s:37:\"\0*\0ptComposerControlRequiredByDefault\";b:0;s:41:\"\0*\0ptComposerControlRequiredOnThisRequest\";b:0;s:5:\"error\";s:0:\"\";}',1,NULL,NULL,NULL,0),(3,1,1,'O:81:\"Concrete\\Core\\Page\\Type\\Composer\\Control\\CorePageProperty\\UrlSlugCorePageProperty\":9:{s:17:\"\0*\0propertyHandle\";s:8:\"url_slug\";s:30:\"\0*\0ptComposerControlTypeHandle\";s:18:\"core_page_property\";s:30:\"\0*\0ptComposerControlIdentifier\";s:8:\"url_slug\";s:24:\"\0*\0ptComposerControlName\";s:8:\"URL Slug\";s:27:\"\0*\0ptComposerControlIconSRC\";s:34:\"/concrete/attributes/text/icon.png\";s:20:\"\0*\0ptComposerControl\";N;s:37:\"\0*\0ptComposerControlRequiredByDefault\";b:0;s:41:\"\0*\0ptComposerControlRequiredOnThisRequest\";b:0;s:5:\"error\";s:0:\"\";}',2,NULL,NULL,NULL,0),(4,1,1,'O:86:\"Concrete\\Core\\Page\\Type\\Composer\\Control\\CorePageProperty\\PageTemplateCorePageProperty\":9:{s:17:\"\0*\0propertyHandle\";s:13:\"page_template\";s:30:\"\0*\0ptComposerControlTypeHandle\";s:18:\"core_page_property\";s:30:\"\0*\0ptComposerControlIdentifier\";s:13:\"page_template\";s:24:\"\0*\0ptComposerControlName\";s:13:\"Page Template\";s:27:\"\0*\0ptComposerControlIconSRC\";s:36:\"/concrete/attributes/select/icon.png\";s:20:\"\0*\0ptComposerControl\";N;s:37:\"\0*\0ptComposerControlRequiredByDefault\";b:0;s:41:\"\0*\0ptComposerControlRequiredOnThisRequest\";b:0;s:5:\"error\";s:0:\"\";}',3,NULL,NULL,NULL,0),(5,1,1,'O:87:\"Concrete\\Core\\Page\\Type\\Composer\\Control\\CorePageProperty\\PublishTargetCorePageProperty\":9:{s:17:\"\0*\0propertyHandle\";s:14:\"publish_target\";s:30:\"\0*\0ptComposerControlTypeHandle\";s:18:\"core_page_property\";s:30:\"\0*\0ptComposerControlIdentifier\";s:14:\"publish_target\";s:24:\"\0*\0ptComposerControlName\";s:13:\"Page Location\";s:27:\"\0*\0ptComposerControlIconSRC\";s:40:\"/concrete/attributes/image_file/icon.png\";s:20:\"\0*\0ptComposerControl\";N;s:37:\"\0*\0ptComposerControlRequiredByDefault\";b:0;s:41:\"\0*\0ptComposerControlRequiredOnThisRequest\";b:0;s:5:\"error\";s:0:\"\";}',4,NULL,NULL,NULL,0),(6,2,1,'O:78:\"Concrete\\Core\\Page\\Type\\Composer\\Control\\CorePageProperty\\NameCorePageProperty\":9:{s:37:\"\0*\0ptComposerControlRequiredByDefault\";b:1;s:17:\"\0*\0propertyHandle\";s:4:\"name\";s:30:\"\0*\0ptComposerControlTypeHandle\";s:18:\"core_page_property\";s:30:\"\0*\0ptComposerControlIdentifier\";s:4:\"name\";s:24:\"\0*\0ptComposerControlName\";s:9:\"Page Name\";s:27:\"\0*\0ptComposerControlIconSRC\";s:34:\"/concrete/attributes/text/icon.png\";s:20:\"\0*\0ptComposerControl\";N;s:41:\"\0*\0ptComposerControlRequiredOnThisRequest\";b:0;s:5:\"error\";s:0:\"\";}',0,'Entry Name',NULL,NULL,0),(7,2,1,'O:81:\"Concrete\\Core\\Page\\Type\\Composer\\Control\\CorePageProperty\\UrlSlugCorePageProperty\":9:{s:17:\"\0*\0propertyHandle\";s:8:\"url_slug\";s:30:\"\0*\0ptComposerControlTypeHandle\";s:18:\"core_page_property\";s:30:\"\0*\0ptComposerControlIdentifier\";s:8:\"url_slug\";s:24:\"\0*\0ptComposerControlName\";s:8:\"URL Slug\";s:27:\"\0*\0ptComposerControlIconSRC\";s:34:\"/concrete/attributes/text/icon.png\";s:20:\"\0*\0ptComposerControl\";N;s:37:\"\0*\0ptComposerControlRequiredByDefault\";b:0;s:41:\"\0*\0ptComposerControlRequiredOnThisRequest\";b:0;s:5:\"error\";s:0:\"\";}',1,NULL,NULL,NULL,0),(8,2,1,'O:85:\"Concrete\\Core\\Page\\Type\\Composer\\Control\\CorePageProperty\\DescriptionCorePageProperty\":9:{s:17:\"\0*\0propertyHandle\";s:11:\"description\";s:30:\"\0*\0ptComposerControlTypeHandle\";s:18:\"core_page_property\";s:30:\"\0*\0ptComposerControlIdentifier\";s:11:\"description\";s:24:\"\0*\0ptComposerControlName\";s:11:\"Description\";s:27:\"\0*\0ptComposerControlIconSRC\";s:38:\"/concrete/attributes/textarea/icon.png\";s:20:\"\0*\0ptComposerControl\";N;s:37:\"\0*\0ptComposerControlRequiredByDefault\";b:0;s:41:\"\0*\0ptComposerControlRequiredOnThisRequest\";b:0;s:5:\"error\";s:0:\"\";}',2,'Short Description',NULL,NULL,0),(9,2,1,'O:87:\"Concrete\\Core\\Page\\Type\\Composer\\Control\\CorePageProperty\\PublishTargetCorePageProperty\":9:{s:17:\"\0*\0propertyHandle\";s:14:\"publish_target\";s:30:\"\0*\0ptComposerControlTypeHandle\";s:18:\"core_page_property\";s:30:\"\0*\0ptComposerControlIdentifier\";s:14:\"publish_target\";s:24:\"\0*\0ptComposerControlName\";s:13:\"Page Location\";s:27:\"\0*\0ptComposerControlIconSRC\";s:40:\"/concrete/attributes/image_file/icon.png\";s:20:\"\0*\0ptComposerControl\";N;s:37:\"\0*\0ptComposerControlRequiredByDefault\";b:0;s:41:\"\0*\0ptComposerControlRequiredOnThisRequest\";b:0;s:5:\"error\";s:0:\"\";}',3,NULL,NULL,NULL,0),(10,2,2,'O:67:\"Concrete\\Core\\Page\\Type\\Composer\\Control\\CollectionAttributeControl\":10:{s:7:\"\0*\0akID\";s:2:\"22\";s:5:\"\0*\0ak\";b:0;s:30:\"\0*\0ptComposerControlTypeHandle\";s:20:\"collection_attribute\";s:30:\"\0*\0ptComposerControlIdentifier\";s:2:\"22\";s:24:\"\0*\0ptComposerControlName\";s:17:\"Blog Entry Topics\";s:27:\"\0*\0ptComposerControlIconSRC\";s:36:\"/concrete/attributes/topics/icon.png\";s:20:\"\0*\0ptComposerControl\";N;s:37:\"\0*\0ptComposerControlRequiredByDefault\";b:0;s:41:\"\0*\0ptComposerControlRequiredOnThisRequest\";b:0;s:5:\"error\";s:0:\"\";}',4,'Topics',NULL,NULL,0),(11,3,2,'O:67:\"Concrete\\Core\\Page\\Type\\Composer\\Control\\CollectionAttributeControl\":10:{s:7:\"\0*\0akID\";s:2:\"21\";s:5:\"\0*\0ak\";b:0;s:30:\"\0*\0ptComposerControlTypeHandle\";s:20:\"collection_attribute\";s:30:\"\0*\0ptComposerControlIdentifier\";s:2:\"21\";s:24:\"\0*\0ptComposerControlName\";s:9:\"Thumbnail\";s:27:\"\0*\0ptComposerControlIconSRC\";s:40:\"/concrete/attributes/image_file/icon.png\";s:20:\"\0*\0ptComposerControl\";N;s:37:\"\0*\0ptComposerControlRequiredByDefault\";b:0;s:41:\"\0*\0ptComposerControlRequiredOnThisRequest\";b:0;s:5:\"error\";s:0:\"\";}',0,NULL,NULL,NULL,0),(12,3,3,'O:53:\"Concrete\\Core\\Page\\Type\\Composer\\Control\\BlockControl\":12:{s:7:\"\0*\0btID\";i:12;s:30:\"\0*\0ptComposerControlTypeHandle\";s:5:\"block\";s:5:\"\0*\0bt\";b:0;s:4:\"\0*\0b\";b:0;s:13:\"\0*\0controller\";N;s:30:\"\0*\0ptComposerControlIdentifier\";i:12;s:24:\"\0*\0ptComposerControlName\";s:7:\"Content\";s:27:\"\0*\0ptComposerControlIconSRC\";s:33:\"/concrete/blocks/content/icon.png\";s:20:\"\0*\0ptComposerControl\";N;s:37:\"\0*\0ptComposerControlRequiredByDefault\";b:0;s:41:\"\0*\0ptComposerControlRequiredOnThisRequest\";b:0;s:5:\"error\";s:0:\"\";}',1,NULL,NULL,NULL,0),(13,4,1,'O:78:\"Concrete\\Core\\Page\\Type\\Composer\\Control\\CorePageProperty\\NameCorePageProperty\":9:{s:37:\"\0*\0ptComposerControlRequiredByDefault\";b:1;s:17:\"\0*\0propertyHandle\";s:4:\"name\";s:30:\"\0*\0ptComposerControlTypeHandle\";s:18:\"core_page_property\";s:30:\"\0*\0ptComposerControlIdentifier\";s:4:\"name\";s:24:\"\0*\0ptComposerControlName\";s:9:\"Page Name\";s:27:\"\0*\0ptComposerControlIconSRC\";s:34:\"/concrete/attributes/text/icon.png\";s:20:\"\0*\0ptComposerControl\";N;s:41:\"\0*\0ptComposerControlRequiredOnThisRequest\";b:0;s:5:\"error\";s:0:\"\";}',0,'Job Name',NULL,NULL,1),(14,4,1,'O:82:\"Concrete\\Core\\Page\\Type\\Composer\\Control\\CorePageProperty\\DateTimeCorePageProperty\":9:{s:17:\"\0*\0propertyHandle\";s:9:\"date_time\";s:30:\"\0*\0ptComposerControlTypeHandle\";s:18:\"core_page_property\";s:30:\"\0*\0ptComposerControlIdentifier\";s:9:\"date_time\";s:24:\"\0*\0ptComposerControlName\";s:16:\"Public Date/Time\";s:27:\"\0*\0ptComposerControlIconSRC\";s:39:\"/concrete/attributes/date_time/icon.png\";s:20:\"\0*\0ptComposerControl\";N;s:37:\"\0*\0ptComposerControlRequiredByDefault\";b:0;s:41:\"\0*\0ptComposerControlRequiredOnThisRequest\";b:0;s:5:\"error\";s:0:\"\";}',1,'Posting Date',NULL,NULL,0),(15,5,2,'O:67:\"Concrete\\Core\\Page\\Type\\Composer\\Control\\CollectionAttributeControl\":10:{s:7:\"\0*\0akID\";s:2:\"19\";s:5:\"\0*\0ak\";b:0;s:30:\"\0*\0ptComposerControlTypeHandle\";s:20:\"collection_attribute\";s:30:\"\0*\0ptComposerControlIdentifier\";s:2:\"19\";s:24:\"\0*\0ptComposerControlName\";s:8:\"Location\";s:27:\"\0*\0ptComposerControlIconSRC\";s:38:\"/concrete/attributes/textarea/icon.png\";s:20:\"\0*\0ptComposerControl\";N;s:37:\"\0*\0ptComposerControlRequiredByDefault\";b:0;s:41:\"\0*\0ptComposerControlRequiredOnThisRequest\";b:0;s:5:\"error\";s:0:\"\";}',0,NULL,NULL,NULL,0),(16,5,2,'O:67:\"Concrete\\Core\\Page\\Type\\Composer\\Control\\CollectionAttributeControl\":10:{s:7:\"\0*\0akID\";s:2:\"18\";s:5:\"\0*\0ak\";b:0;s:30:\"\0*\0ptComposerControlTypeHandle\";s:20:\"collection_attribute\";s:30:\"\0*\0ptComposerControlIdentifier\";s:2:\"18\";s:24:\"\0*\0ptComposerControlName\";s:10:\"Department\";s:27:\"\0*\0ptComposerControlIconSRC\";s:36:\"/concrete/attributes/select/icon.png\";s:20:\"\0*\0ptComposerControl\";N;s:37:\"\0*\0ptComposerControlRequiredByDefault\";b:0;s:41:\"\0*\0ptComposerControlRequiredOnThisRequest\";b:0;s:5:\"error\";s:0:\"\";}',1,NULL,NULL,NULL,0),(17,5,1,'O:85:\"Concrete\\Core\\Page\\Type\\Composer\\Control\\CorePageProperty\\DescriptionCorePageProperty\":9:{s:17:\"\0*\0propertyHandle\";s:11:\"description\";s:30:\"\0*\0ptComposerControlTypeHandle\";s:18:\"core_page_property\";s:30:\"\0*\0ptComposerControlIdentifier\";s:11:\"description\";s:24:\"\0*\0ptComposerControlName\";s:11:\"Description\";s:27:\"\0*\0ptComposerControlIconSRC\";s:38:\"/concrete/attributes/textarea/icon.png\";s:20:\"\0*\0ptComposerControl\";N;s:37:\"\0*\0ptComposerControlRequiredByDefault\";b:0;s:41:\"\0*\0ptComposerControlRequiredOnThisRequest\";b:0;s:5:\"error\";s:0:\"\";}',2,'Brief Description',NULL,NULL,0),(18,5,3,'O:53:\"Concrete\\Core\\Page\\Type\\Composer\\Control\\BlockControl\":12:{s:7:\"\0*\0btID\";i:12;s:30:\"\0*\0ptComposerControlTypeHandle\";s:5:\"block\";s:5:\"\0*\0bt\";b:0;s:4:\"\0*\0b\";b:0;s:13:\"\0*\0controller\";N;s:30:\"\0*\0ptComposerControlIdentifier\";i:12;s:24:\"\0*\0ptComposerControlName\";s:7:\"Content\";s:27:\"\0*\0ptComposerControlIconSRC\";s:33:\"/concrete/blocks/content/icon.png\";s:20:\"\0*\0ptComposerControl\";N;s:37:\"\0*\0ptComposerControlRequiredByDefault\";b:0;s:41:\"\0*\0ptComposerControlRequiredOnThisRequest\";b:0;s:5:\"error\";s:0:\"\";}',3,'Job Details',NULL,NULL,0),(19,6,1,'O:78:\"Concrete\\Core\\Page\\Type\\Composer\\Control\\CorePageProperty\\NameCorePageProperty\":9:{s:37:\"\0*\0ptComposerControlRequiredByDefault\";b:1;s:17:\"\0*\0propertyHandle\";s:4:\"name\";s:30:\"\0*\0ptComposerControlTypeHandle\";s:18:\"core_page_property\";s:30:\"\0*\0ptComposerControlIdentifier\";s:4:\"name\";s:24:\"\0*\0ptComposerControlName\";s:9:\"Page Name\";s:27:\"\0*\0ptComposerControlIconSRC\";s:34:\"/concrete/attributes/text/icon.png\";s:20:\"\0*\0ptComposerControl\";N;s:41:\"\0*\0ptComposerControlRequiredOnThisRequest\";b:0;s:5:\"error\";s:0:\"\";}',0,NULL,NULL,'Give your portfolio project a name.',0),(20,6,1,'O:81:\"Concrete\\Core\\Page\\Type\\Composer\\Control\\CorePageProperty\\UrlSlugCorePageProperty\":9:{s:17:\"\0*\0propertyHandle\";s:8:\"url_slug\";s:30:\"\0*\0ptComposerControlTypeHandle\";s:18:\"core_page_property\";s:30:\"\0*\0ptComposerControlIdentifier\";s:8:\"url_slug\";s:24:\"\0*\0ptComposerControlName\";s:8:\"URL Slug\";s:27:\"\0*\0ptComposerControlIconSRC\";s:34:\"/concrete/attributes/text/icon.png\";s:20:\"\0*\0ptComposerControl\";N;s:37:\"\0*\0ptComposerControlRequiredByDefault\";b:0;s:41:\"\0*\0ptComposerControlRequiredOnThisRequest\";b:0;s:5:\"error\";s:0:\"\";}',1,NULL,NULL,NULL,0),(21,6,1,'O:87:\"Concrete\\Core\\Page\\Type\\Composer\\Control\\CorePageProperty\\PublishTargetCorePageProperty\":9:{s:17:\"\0*\0propertyHandle\";s:14:\"publish_target\";s:30:\"\0*\0ptComposerControlTypeHandle\";s:18:\"core_page_property\";s:30:\"\0*\0ptComposerControlIdentifier\";s:14:\"publish_target\";s:24:\"\0*\0ptComposerControlName\";s:13:\"Page Location\";s:27:\"\0*\0ptComposerControlIconSRC\";s:40:\"/concrete/attributes/image_file/icon.png\";s:20:\"\0*\0ptComposerControl\";N;s:37:\"\0*\0ptComposerControlRequiredByDefault\";b:0;s:41:\"\0*\0ptComposerControlRequiredOnThisRequest\";b:0;s:5:\"error\";s:0:\"\";}',2,NULL,NULL,NULL,0),(22,7,2,'O:67:\"Concrete\\Core\\Page\\Type\\Composer\\Control\\CollectionAttributeControl\":10:{s:7:\"\0*\0akID\";s:2:\"23\";s:5:\"\0*\0ak\";b:0;s:30:\"\0*\0ptComposerControlTypeHandle\";s:20:\"collection_attribute\";s:30:\"\0*\0ptComposerControlIdentifier\";s:2:\"23\";s:24:\"\0*\0ptComposerControlName\";s:14:\"Project Topics\";s:27:\"\0*\0ptComposerControlIconSRC\";s:36:\"/concrete/attributes/topics/icon.png\";s:20:\"\0*\0ptComposerControl\";N;s:37:\"\0*\0ptComposerControlRequiredByDefault\";b:0;s:41:\"\0*\0ptComposerControlRequiredOnThisRequest\";b:0;s:5:\"error\";s:0:\"\";}',0,NULL,NULL,NULL,0),(23,7,1,'O:82:\"Concrete\\Core\\Page\\Type\\Composer\\Control\\CorePageProperty\\DateTimeCorePageProperty\":9:{s:17:\"\0*\0propertyHandle\";s:9:\"date_time\";s:30:\"\0*\0ptComposerControlTypeHandle\";s:18:\"core_page_property\";s:30:\"\0*\0ptComposerControlIdentifier\";s:9:\"date_time\";s:24:\"\0*\0ptComposerControlName\";s:16:\"Public Date/Time\";s:27:\"\0*\0ptComposerControlIconSRC\";s:39:\"/concrete/attributes/date_time/icon.png\";s:20:\"\0*\0ptComposerControl\";N;s:37:\"\0*\0ptComposerControlRequiredByDefault\";b:0;s:41:\"\0*\0ptComposerControlRequiredOnThisRequest\";b:0;s:5:\"error\";s:0:\"\";}',1,'Date Completed',NULL,NULL,0),(24,7,2,'O:67:\"Concrete\\Core\\Page\\Type\\Composer\\Control\\CollectionAttributeControl\":10:{s:7:\"\0*\0akID\";s:2:\"24\";s:5:\"\0*\0ak\";b:0;s:30:\"\0*\0ptComposerControlTypeHandle\";s:20:\"collection_attribute\";s:30:\"\0*\0ptComposerControlIdentifier\";s:2:\"24\";s:24:\"\0*\0ptComposerControlName\";s:6:\"Client\";s:27:\"\0*\0ptComposerControlIconSRC\";s:34:\"/concrete/attributes/text/icon.png\";s:20:\"\0*\0ptComposerControl\";N;s:37:\"\0*\0ptComposerControlRequiredByDefault\";b:0;s:41:\"\0*\0ptComposerControlRequiredOnThisRequest\";b:0;s:5:\"error\";s:0:\"\";}',2,NULL,NULL,NULL,0),(25,7,2,'O:67:\"Concrete\\Core\\Page\\Type\\Composer\\Control\\CollectionAttributeControl\":10:{s:7:\"\0*\0akID\";s:2:\"25\";s:5:\"\0*\0ak\";b:0;s:30:\"\0*\0ptComposerControlTypeHandle\";s:20:\"collection_attribute\";s:30:\"\0*\0ptComposerControlIdentifier\";s:2:\"25\";s:24:\"\0*\0ptComposerControlName\";s:4:\"Task\";s:27:\"\0*\0ptComposerControlIconSRC\";s:36:\"/concrete/attributes/select/icon.png\";s:20:\"\0*\0ptComposerControl\";N;s:37:\"\0*\0ptComposerControlRequiredByDefault\";b:0;s:41:\"\0*\0ptComposerControlRequiredOnThisRequest\";b:0;s:5:\"error\";s:0:\"\";}',3,NULL,NULL,NULL,0),(26,7,2,'O:67:\"Concrete\\Core\\Page\\Type\\Composer\\Control\\CollectionAttributeControl\":10:{s:7:\"\0*\0akID\";s:2:\"26\";s:5:\"\0*\0ak\";b:0;s:30:\"\0*\0ptComposerControlTypeHandle\";s:20:\"collection_attribute\";s:30:\"\0*\0ptComposerControlIdentifier\";s:2:\"26\";s:24:\"\0*\0ptComposerControlName\";s:6:\"Skills\";s:27:\"\0*\0ptComposerControlIconSRC\";s:36:\"/concrete/attributes/select/icon.png\";s:20:\"\0*\0ptComposerControl\";N;s:37:\"\0*\0ptComposerControlRequiredByDefault\";b:0;s:41:\"\0*\0ptComposerControlRequiredOnThisRequest\";b:0;s:5:\"error\";s:0:\"\";}',4,NULL,NULL,NULL,0),(27,7,2,'O:67:\"Concrete\\Core\\Page\\Type\\Composer\\Control\\CollectionAttributeControl\":10:{s:7:\"\0*\0akID\";s:2:\"21\";s:5:\"\0*\0ak\";b:0;s:30:\"\0*\0ptComposerControlTypeHandle\";s:20:\"collection_attribute\";s:30:\"\0*\0ptComposerControlIdentifier\";s:2:\"21\";s:24:\"\0*\0ptComposerControlName\";s:9:\"Thumbnail\";s:27:\"\0*\0ptComposerControlIconSRC\";s:40:\"/concrete/attributes/image_file/icon.png\";s:20:\"\0*\0ptComposerControl\";N;s:37:\"\0*\0ptComposerControlRequiredByDefault\";b:0;s:41:\"\0*\0ptComposerControlRequiredOnThisRequest\";b:0;s:5:\"error\";s:0:\"\";}',5,NULL,NULL,NULL,0),(28,8,3,'O:53:\"Concrete\\Core\\Page\\Type\\Composer\\Control\\BlockControl\":12:{s:7:\"\0*\0btID\";i:33;s:30:\"\0*\0ptComposerControlTypeHandle\";s:5:\"block\";s:5:\"\0*\0bt\";b:0;s:4:\"\0*\0b\";b:0;s:13:\"\0*\0controller\";N;s:30:\"\0*\0ptComposerControlIdentifier\";i:33;s:24:\"\0*\0ptComposerControlName\";s:12:\"Image Slider\";s:27:\"\0*\0ptComposerControlIconSRC\";s:38:\"/concrete/blocks/image_slider/icon.png\";s:20:\"\0*\0ptComposerControl\";N;s:37:\"\0*\0ptComposerControlRequiredByDefault\";b:0;s:41:\"\0*\0ptComposerControlRequiredOnThisRequest\";b:0;s:5:\"error\";s:0:\"\";}',0,NULL,NULL,NULL,0),(29,9,3,'O:53:\"Concrete\\Core\\Page\\Type\\Composer\\Control\\BlockControl\":12:{s:7:\"\0*\0btID\";i:12;s:30:\"\0*\0ptComposerControlTypeHandle\";s:5:\"block\";s:5:\"\0*\0bt\";b:0;s:4:\"\0*\0b\";b:0;s:13:\"\0*\0controller\";N;s:30:\"\0*\0ptComposerControlIdentifier\";i:12;s:24:\"\0*\0ptComposerControlName\";s:7:\"Content\";s:27:\"\0*\0ptComposerControlIconSRC\";s:33:\"/concrete/blocks/content/icon.png\";s:20:\"\0*\0ptComposerControl\";N;s:37:\"\0*\0ptComposerControlRequiredByDefault\";b:0;s:41:\"\0*\0ptComposerControlRequiredOnThisRequest\";b:0;s:5:\"error\";s:0:\"\";}',0,NULL,NULL,NULL,0),(30,10,1,'O:78:\"Concrete\\Core\\Page\\Type\\Composer\\Control\\CorePageProperty\\NameCorePageProperty\":9:{s:37:\"\0*\0ptComposerControlRequiredByDefault\";b:1;s:17:\"\0*\0propertyHandle\";s:4:\"name\";s:30:\"\0*\0ptComposerControlTypeHandle\";s:18:\"core_page_property\";s:30:\"\0*\0ptComposerControlIdentifier\";s:4:\"name\";s:24:\"\0*\0ptComposerControlName\";s:9:\"Page Name\";s:27:\"\0*\0ptComposerControlIconSRC\";s:34:\"/concrete/attributes/text/icon.png\";s:20:\"\0*\0ptComposerControl\";N;s:41:\"\0*\0ptComposerControlRequiredOnThisRequest\";b:0;s:5:\"error\";s:0:\"\";}',0,NULL,NULL,NULL,0),(31,10,1,'O:87:\"Concrete\\Core\\Page\\Type\\Composer\\Control\\CorePageProperty\\PublishTargetCorePageProperty\":9:{s:17:\"\0*\0propertyHandle\";s:14:\"publish_target\";s:30:\"\0*\0ptComposerControlTypeHandle\";s:18:\"core_page_property\";s:30:\"\0*\0ptComposerControlIdentifier\";s:14:\"publish_target\";s:24:\"\0*\0ptComposerControlName\";s:13:\"Page Location\";s:27:\"\0*\0ptComposerControlIconSRC\";s:40:\"/concrete/attributes/image_file/icon.png\";s:20:\"\0*\0ptComposerControl\";N;s:37:\"\0*\0ptComposerControlRequiredByDefault\";b:0;s:41:\"\0*\0ptComposerControlRequiredOnThisRequest\";b:0;s:5:\"error\";s:0:\"\";}',1,NULL,NULL,NULL,0),(32,11,1,'O:78:\"Concrete\\Core\\Page\\Type\\Composer\\Control\\CorePageProperty\\NameCorePageProperty\":9:{s:37:\"\0*\0ptComposerControlRequiredByDefault\";b:1;s:17:\"\0*\0propertyHandle\";s:4:\"name\";s:30:\"\0*\0ptComposerControlTypeHandle\";s:18:\"core_page_property\";s:30:\"\0*\0ptComposerControlIdentifier\";s:4:\"name\";s:24:\"\0*\0ptComposerControlName\";s:9:\"Page Name\";s:27:\"\0*\0ptComposerControlIconSRC\";s:34:\"/concrete/attributes/text/icon.png\";s:20:\"\0*\0ptComposerControl\";N;s:41:\"\0*\0ptComposerControlRequiredOnThisRequest\";b:0;s:5:\"error\";s:0:\"\";}',0,'Name',NULL,NULL,0),(33,11,1,'O:87:\"Concrete\\Core\\Page\\Type\\Composer\\Control\\CorePageProperty\\PublishTargetCorePageProperty\":9:{s:17:\"\0*\0propertyHandle\";s:14:\"publish_target\";s:30:\"\0*\0ptComposerControlTypeHandle\";s:18:\"core_page_property\";s:30:\"\0*\0ptComposerControlIdentifier\";s:14:\"publish_target\";s:24:\"\0*\0ptComposerControlName\";s:13:\"Page Location\";s:27:\"\0*\0ptComposerControlIconSRC\";s:40:\"/concrete/attributes/image_file/icon.png\";s:20:\"\0*\0ptComposerControl\";N;s:37:\"\0*\0ptComposerControlRequiredByDefault\";b:0;s:41:\"\0*\0ptComposerControlRequiredOnThisRequest\";b:0;s:5:\"error\";s:0:\"\";}',1,NULL,NULL,NULL,0);
/*!40000 ALTER TABLE `PageTypeComposerFormLayoutSetControls` ENABLE KEYS */;
UNLOCK TABLES;

--
-- Table structure for table `PageTypeComposerFormLayoutSets`
--

DROP TABLE IF EXISTS `PageTypeComposerFormLayoutSets`;
/*!40101 SET @saved_cs_client     = @@character_set_client */;
/*!40101 SET character_set_client = utf8 */;
CREATE TABLE `PageTypeComposerFormLayoutSets` (
  `ptComposerFormLayoutSetID` int(10) unsigned NOT NULL AUTO_INCREMENT,
  `ptID` int(10) unsigned DEFAULT '0',
  `ptComposerFormLayoutSetName` varchar(255) COLLATE utf8_unicode_ci DEFAULT NULL,
  `ptComposerFormLayoutSetDescription` text COLLATE utf8_unicode_ci,
  `ptComposerFormLayoutSetDisplayOrder` int(10) unsigned DEFAULT '0',
  PRIMARY KEY (`ptComposerFormLayoutSetID`),
  KEY `ptID` (`ptID`)
) ENGINE=InnoDB AUTO_INCREMENT=12 DEFAULT CHARSET=utf8 COLLATE=utf8_unicode_ci;
/*!40101 SET character_set_client = @saved_cs_client */;

--
-- Dumping data for table `PageTypeComposerFormLayoutSets`
--

LOCK TABLES `PageTypeComposerFormLayoutSets` WRITE;
/*!40000 ALTER TABLE `PageTypeComposerFormLayoutSets` DISABLE KEYS */;
INSERT INTO `PageTypeComposerFormLayoutSets` VALUES (1,5,'Basics','',0),(2,6,'Post Details','',0),(3,6,'Content','',1),(4,7,'Basics','',0),(5,7,'About This Job','',1),(6,8,'Page','',0),(7,8,'Project Data','',1),(8,8,'Image Slider','',2),(9,8,'Body','',3),(10,9,'Details','',0),(11,10,'','',0);
/*!40000 ALTER TABLE `PageTypeComposerFormLayoutSets` ENABLE KEYS */;
UNLOCK TABLES;

--
-- Table structure for table `PageTypeComposerOutputBlocks`
--

DROP TABLE IF EXISTS `PageTypeComposerOutputBlocks`;
/*!40101 SET @saved_cs_client     = @@character_set_client */;
/*!40101 SET character_set_client = utf8 */;
CREATE TABLE `PageTypeComposerOutputBlocks` (
  `ptComposerOutputBlockID` int(10) unsigned NOT NULL AUTO_INCREMENT,
  `cID` int(10) unsigned NOT NULL DEFAULT '0',
  `arHandle` varchar(255) COLLATE utf8_unicode_ci DEFAULT NULL,
  `cbDisplayOrder` int(10) unsigned DEFAULT '0',
  `ptComposerFormLayoutSetControlID` int(10) unsigned NOT NULL DEFAULT '0',
  `bID` int(10) unsigned DEFAULT '0',
  PRIMARY KEY (`ptComposerOutputBlockID`),
  KEY `cID` (`cID`),
  KEY `bID` (`bID`,`cID`),
  KEY `ptComposerFormLayoutSetControlID` (`ptComposerFormLayoutSetControlID`)
) ENGINE=InnoDB AUTO_INCREMENT=5 DEFAULT CHARSET=utf8 COLLATE=utf8_unicode_ci;
/*!40101 SET character_set_client = @saved_cs_client */;

--
-- Dumping data for table `PageTypeComposerOutputBlocks`
--

LOCK TABLES `PageTypeComposerOutputBlocks` WRITE;
/*!40000 ALTER TABLE `PageTypeComposerOutputBlocks` DISABLE KEYS */;
INSERT INTO `PageTypeComposerOutputBlocks` VALUES (2,182,'Main',8,18,206),(4,183,'Main',8,18,208);
/*!40000 ALTER TABLE `PageTypeComposerOutputBlocks` ENABLE KEYS */;
UNLOCK TABLES;

--
-- Table structure for table `PageTypeComposerOutputControls`
--

DROP TABLE IF EXISTS `PageTypeComposerOutputControls`;
/*!40101 SET @saved_cs_client     = @@character_set_client */;
/*!40101 SET character_set_client = utf8 */;
CREATE TABLE `PageTypeComposerOutputControls` (
  `ptComposerOutputControlID` int(10) unsigned NOT NULL AUTO_INCREMENT,
  `pTemplateID` int(10) unsigned DEFAULT '0',
  `ptID` int(10) unsigned DEFAULT '0',
  `ptComposerFormLayoutSetControlID` int(10) unsigned DEFAULT '0',
  PRIMARY KEY (`ptComposerOutputControlID`),
  KEY `pTemplateID` (`pTemplateID`,`ptComposerFormLayoutSetControlID`),
  KEY `ptID` (`ptID`),
  KEY `ptComposerFormLayoutSetControlID` (`ptComposerFormLayoutSetControlID`)
) ENGINE=InnoDB AUTO_INCREMENT=5 DEFAULT CHARSET=utf8 COLLATE=utf8_unicode_ci;
/*!40101 SET character_set_client = @saved_cs_client */;

--
-- Dumping data for table `PageTypeComposerOutputControls`
--

LOCK TABLES `PageTypeComposerOutputControls` WRITE;
/*!40000 ALTER TABLE `PageTypeComposerOutputControls` DISABLE KEYS */;
INSERT INTO `PageTypeComposerOutputControls` VALUES (1,8,6,12),(2,7,7,18),(3,7,8,28),(4,7,8,29);
/*!40000 ALTER TABLE `PageTypeComposerOutputControls` ENABLE KEYS */;
UNLOCK TABLES;

--
-- Table structure for table `PageTypePageTemplateDefaultPages`
--

DROP TABLE IF EXISTS `PageTypePageTemplateDefaultPages`;
/*!40101 SET @saved_cs_client     = @@character_set_client */;
/*!40101 SET character_set_client = utf8 */;
CREATE TABLE `PageTypePageTemplateDefaultPages` (
  `pTemplateID` int(10) unsigned NOT NULL DEFAULT '0',
  `ptID` int(10) unsigned NOT NULL DEFAULT '0',
  `cID` int(10) unsigned DEFAULT '0',
  PRIMARY KEY (`pTemplateID`,`ptID`),
  KEY `ptID` (`ptID`),
  KEY `cID` (`cID`)
) ENGINE=InnoDB DEFAULT CHARSET=utf8 COLLATE=utf8_unicode_ci;
/*!40101 SET character_set_client = @saved_cs_client */;

--
-- Dumping data for table `PageTypePageTemplateDefaultPages`
--

LOCK TABLES `PageTypePageTemplateDefaultPages` WRITE;
/*!40000 ALTER TABLE `PageTypePageTemplateDefaultPages` DISABLE KEYS */;
INSERT INTO `PageTypePageTemplateDefaultPages` VALUES (6,5,151),(6,10,153),(6,9,156),(7,8,161),(8,6,168),(7,7,175),(5,5,178),(7,5,179),(8,5,180),(9,5,187),(10,5,188);
/*!40000 ALTER TABLE `PageTypePageTemplateDefaultPages` ENABLE KEYS */;
UNLOCK TABLES;

--
-- Table structure for table `PageTypePageTemplates`
--

DROP TABLE IF EXISTS `PageTypePageTemplates`;
/*!40101 SET @saved_cs_client     = @@character_set_client */;
/*!40101 SET character_set_client = utf8 */;
CREATE TABLE `PageTypePageTemplates` (
  `ptID` int(10) unsigned NOT NULL DEFAULT '0',
  `pTemplateID` int(10) unsigned NOT NULL DEFAULT '0',
  PRIMARY KEY (`ptID`,`pTemplateID`),
  KEY `pTemplateID` (`pTemplateID`)
) ENGINE=InnoDB DEFAULT CHARSET=utf8 COLLATE=utf8_unicode_ci;
/*!40101 SET character_set_client = @saved_cs_client */;

--
-- Dumping data for table `PageTypePageTemplates`
--

LOCK TABLES `PageTypePageTemplates` WRITE;
/*!40000 ALTER TABLE `PageTypePageTemplates` DISABLE KEYS */;
INSERT INTO `PageTypePageTemplates` VALUES (9,6),(10,6),(7,7),(8,7),(6,8);
/*!40000 ALTER TABLE `PageTypePageTemplates` ENABLE KEYS */;
UNLOCK TABLES;

--
-- Table structure for table `PageTypePermissionAssignments`
--

DROP TABLE IF EXISTS `PageTypePermissionAssignments`;
/*!40101 SET @saved_cs_client     = @@character_set_client */;
/*!40101 SET character_set_client = utf8 */;
CREATE TABLE `PageTypePermissionAssignments` (
  `ptID` int(10) unsigned NOT NULL DEFAULT '0',
  `pkID` int(10) unsigned NOT NULL DEFAULT '0',
  `paID` int(10) unsigned NOT NULL DEFAULT '0',
  PRIMARY KEY (`ptID`,`pkID`,`paID`),
  KEY `pkID` (`pkID`),
  KEY `ptID` (`ptID`)
) ENGINE=InnoDB DEFAULT CHARSET=utf8 COLLATE=utf8_unicode_ci;
/*!40101 SET character_set_client = @saved_cs_client */;

--
-- Dumping data for table `PageTypePermissionAssignments`
--

LOCK TABLES `PageTypePermissionAssignments` WRITE;
/*!40000 ALTER TABLE `PageTypePermissionAssignments` DISABLE KEYS */;
INSERT INTO `PageTypePermissionAssignments` VALUES (1,59,9),(2,59,9),(3,59,9),(4,59,9),(5,59,9),(6,59,9),(7,59,9),(8,59,9),(9,59,9),(10,59,9),(11,59,9),(1,60,9),(2,60,9),(3,60,9),(4,60,9),(5,60,9),(6,60,9),(7,60,9),(8,60,9),(9,60,9),(10,60,9),(11,60,9),(1,61,9),(2,61,9),(3,61,9),(4,61,9),(5,61,9),(6,61,9),(7,61,9),(8,61,9),(9,61,9),(10,61,9),(11,61,9),(1,62,9),(2,62,9),(3,62,9),(4,62,9),(5,62,9),(6,62,9),(7,62,9),(8,62,9),(9,62,9),(10,62,9),(11,62,9),(1,63,25),(2,63,26),(3,63,27),(4,63,28),(5,63,31),(6,63,32),(7,63,33),(8,63,34),(9,63,35),(10,63,36),(11,63,127);
/*!40000 ALTER TABLE `PageTypePermissionAssignments` ENABLE KEYS */;
UNLOCK TABLES;

--
-- Table structure for table `PageTypePublishTargetTypes`
--

DROP TABLE IF EXISTS `PageTypePublishTargetTypes`;
/*!40101 SET @saved_cs_client     = @@character_set_client */;
/*!40101 SET character_set_client = utf8 */;
CREATE TABLE `PageTypePublishTargetTypes` (
  `ptPublishTargetTypeID` int(10) unsigned NOT NULL AUTO_INCREMENT,
  `ptPublishTargetTypeHandle` varchar(255) COLLATE utf8_unicode_ci DEFAULT NULL,
  `ptPublishTargetTypeName` varchar(255) COLLATE utf8_unicode_ci DEFAULT NULL,
  `pkgID` int(10) unsigned NOT NULL DEFAULT '0',
  PRIMARY KEY (`ptPublishTargetTypeID`),
  KEY `ptPublishTargetTypeHandle` (`ptPublishTargetTypeHandle`),
  KEY `pkgID` (`pkgID`)
) ENGINE=InnoDB AUTO_INCREMENT=4 DEFAULT CHARSET=utf8 COLLATE=utf8_unicode_ci;
/*!40101 SET character_set_client = @saved_cs_client */;

--
-- Dumping data for table `PageTypePublishTargetTypes`
--

LOCK TABLES `PageTypePublishTargetTypes` WRITE;
/*!40000 ALTER TABLE `PageTypePublishTargetTypes` DISABLE KEYS */;
INSERT INTO `PageTypePublishTargetTypes` VALUES (1,'parent_page','Always publish below a certain page',0),(2,'page_type','Choose from pages of a certain type',0),(3,'all','Choose from all pages when publishing',0);
/*!40000 ALTER TABLE `PageTypePublishTargetTypes` ENABLE KEYS */;
UNLOCK TABLES;

--
-- Table structure for table `PageTypes`
--

DROP TABLE IF EXISTS `PageTypes`;
/*!40101 SET @saved_cs_client     = @@character_set_client */;
/*!40101 SET character_set_client = utf8 */;
CREATE TABLE `PageTypes` (
  `ptID` int(10) unsigned NOT NULL AUTO_INCREMENT,
  `ptName` varchar(255) COLLATE utf8_unicode_ci NOT NULL,
  `ptHandle` varchar(128) COLLATE utf8_unicode_ci NOT NULL,
  `ptPublishTargetTypeID` int(10) unsigned DEFAULT NULL,
  `ptDefaultPageTemplateID` int(10) unsigned DEFAULT NULL,
  `ptAllowedPageTemplates` varchar(1) COLLATE utf8_unicode_ci DEFAULT 'A',
  `ptIsInternal` tinyint(1) NOT NULL DEFAULT '0',
  `ptIsFrequentlyAdded` tinyint(1) NOT NULL DEFAULT '1',
  `ptDisplayOrder` int(10) unsigned DEFAULT NULL,
  `ptLaunchInComposer` tinyint(1) NOT NULL DEFAULT '0',
  `pkgID` int(10) unsigned NOT NULL DEFAULT '0',
  `ptPublishTargetObject` longtext COLLATE utf8_unicode_ci,
  PRIMARY KEY (`ptID`),
  UNIQUE KEY `ptHandle` (`ptHandle`),
  KEY `pkgID` (`pkgID`,`ptID`)
) ENGINE=InnoDB AUTO_INCREMENT=12 DEFAULT CHARSET=utf8 COLLATE=utf8_unicode_ci;
/*!40101 SET character_set_client = @saved_cs_client */;

--
-- Dumping data for table `PageTypes`
--

LOCK TABLES `PageTypes` WRITE;
/*!40000 ALTER TABLE `PageTypes` DISABLE KEYS */;
INSERT INTO `PageTypes` VALUES (1,'Stack','core_stack',NULL,0,'A',1,0,0,0,0,NULL),(2,'Dashboard Primary + Five','dashboard_primary_five',NULL,0,'A',1,0,1,0,0,NULL),(3,'Dashboard Header + Four Column','dashboard_header_four_col',NULL,0,'A',1,0,2,0,0,NULL),(4,'Dashboard Full','dashboard_full',NULL,0,'A',1,0,3,0,0,NULL),(5,'Empty Page','page',3,6,'A',0,1,0,0,0,'O:68:\"Concrete\\Core\\Page\\Type\\PublishTarget\\Configuration\\AllConfiguration\":4:{s:5:\"error\";s:0:\"\";s:21:\"ptPublishTargetTypeID\";s:1:\"3\";s:25:\"ptPublishTargetTypeHandle\";s:3:\"all\";s:9:\"pkgHandle\";b:0;}'),(6,'Blog Entry','blog_entry',2,8,'C',0,1,1,1,0,'O:73:\"Concrete\\Core\\Page\\Type\\PublishTarget\\Configuration\\PageTypeConfiguration\":5:{s:7:\"\0*\0ptID\";s:1:\"9\";s:5:\"error\";s:0:\"\";s:21:\"ptPublishTargetTypeID\";s:1:\"2\";s:25:\"ptPublishTargetTypeHandle\";s:9:\"page_type\";s:9:\"pkgHandle\";b:0;}'),(7,'Job Posting','job_posting',1,7,'C',0,1,2,1,0,'O:75:\"Concrete\\Core\\Page\\Type\\PublishTarget\\Configuration\\ParentPageConfiguration\":5:{s:12:\"\0*\0cParentID\";s:3:\"173\";s:5:\"error\";s:0:\"\";s:21:\"ptPublishTargetTypeID\";s:1:\"1\";s:25:\"ptPublishTargetTypeHandle\";s:11:\"parent_page\";s:9:\"pkgHandle\";b:0;}'),(8,'Portfolio Project','portfolio_project',2,7,'C',0,1,3,1,0,'O:73:\"Concrete\\Core\\Page\\Type\\PublishTarget\\Configuration\\PageTypeConfiguration\":5:{s:7:\"\0*\0ptID\";s:2:\"10\";s:5:\"error\";s:0:\"\";s:21:\"ptPublishTargetTypeID\";s:1:\"2\";s:25:\"ptPublishTargetTypeHandle\";s:9:\"page_type\";s:9:\"pkgHandle\";b:0;}'),(9,'Blog','blog',3,6,'C',0,0,4,1,0,'O:68:\"Concrete\\Core\\Page\\Type\\PublishTarget\\Configuration\\AllConfiguration\":4:{s:5:\"error\";s:0:\"\";s:21:\"ptPublishTargetTypeID\";s:1:\"3\";s:25:\"ptPublishTargetTypeHandle\";s:3:\"all\";s:9:\"pkgHandle\";b:0;}'),(10,'Portfolio','portfolio',3,6,'C',0,0,5,1,0,'O:68:\"Concrete\\Core\\Page\\Type\\PublishTarget\\Configuration\\AllConfiguration\":4:{s:5:\"error\";s:0:\"\";s:21:\"ptPublishTargetTypeID\";s:1:\"3\";s:25:\"ptPublishTargetTypeHandle\";s:3:\"all\";s:9:\"pkgHandle\";b:0;}'),(11,'Stack Category','core_stack_category',3,0,'A',1,0,4,0,0,'O:68:\"Concrete\\Core\\Page\\Type\\PublishTarget\\Configuration\\AllConfiguration\":4:{s:5:\"error\";s:0:\"\";s:21:\"ptPublishTargetTypeID\";s:1:\"3\";s:25:\"ptPublishTargetTypeHandle\";s:3:\"all\";s:9:\"pkgHandle\";b:0;}');
/*!40000 ALTER TABLE `PageTypes` ENABLE KEYS */;
UNLOCK TABLES;

--
-- Table structure for table `PageWorkflowProgress`
--

DROP TABLE IF EXISTS `PageWorkflowProgress`;
/*!40101 SET @saved_cs_client     = @@character_set_client */;
/*!40101 SET character_set_client = utf8 */;
CREATE TABLE `PageWorkflowProgress` (
  `cID` int(10) unsigned NOT NULL DEFAULT '0',
  `wpID` int(10) unsigned NOT NULL DEFAULT '0',
  PRIMARY KEY (`cID`,`wpID`),
  KEY `wpID` (`wpID`)
) ENGINE=InnoDB DEFAULT CHARSET=utf8 COLLATE=utf8_unicode_ci;
/*!40101 SET character_set_client = @saved_cs_client */;

--
-- Dumping data for table `PageWorkflowProgress`
--

LOCK TABLES `PageWorkflowProgress` WRITE;
/*!40000 ALTER TABLE `PageWorkflowProgress` DISABLE KEYS */;
INSERT INTO `PageWorkflowProgress` VALUES (157,1),(157,2),(157,3),(186,4),(186,6),(186,7),(184,8);
/*!40000 ALTER TABLE `PageWorkflowProgress` ENABLE KEYS */;
UNLOCK TABLES;

--
-- Table structure for table `Pages`
--

DROP TABLE IF EXISTS `Pages`;
/*!40101 SET @saved_cs_client     = @@character_set_client */;
/*!40101 SET character_set_client = utf8 */;
CREATE TABLE `Pages` (
  `cID` int(10) unsigned NOT NULL DEFAULT '0',
  `ptID` int(10) unsigned NOT NULL DEFAULT '0',
  `cIsTemplate` tinyint(1) NOT NULL DEFAULT '0',
  `uID` int(10) unsigned DEFAULT NULL,
  `cIsCheckedOut` tinyint(1) NOT NULL DEFAULT '0',
  `cCheckedOutUID` int(10) unsigned DEFAULT NULL,
  `cCheckedOutDatetime` datetime DEFAULT NULL,
  `cCheckedOutDatetimeLastEdit` datetime DEFAULT NULL,
  `cOverrideTemplatePermissions` tinyint(1) NOT NULL DEFAULT '1',
  `cInheritPermissionsFromCID` int(10) unsigned NOT NULL DEFAULT '0',
  `cInheritPermissionsFrom` varchar(8) COLLATE utf8_unicode_ci NOT NULL DEFAULT 'PARENT',
  `cFilename` varchar(255) COLLATE utf8_unicode_ci DEFAULT NULL,
  `cPointerID` int(10) unsigned NOT NULL DEFAULT '0',
  `cPointerExternalLink` longtext COLLATE utf8_unicode_ci,
  `cPointerExternalLinkNewWindow` tinyint(1) NOT NULL DEFAULT '0',
  `cIsActive` tinyint(1) NOT NULL DEFAULT '1',
  `cChildren` int(10) unsigned NOT NULL DEFAULT '0',
  `cDisplayOrder` int(10) unsigned NOT NULL DEFAULT '0',
  `cParentID` int(10) unsigned NOT NULL DEFAULT '0',
  `pkgID` int(10) unsigned NOT NULL DEFAULT '0',
  `cDraftTargetParentPageID` int(10) unsigned NOT NULL DEFAULT '0',
  `cCacheFullPageContent` smallint(6) NOT NULL DEFAULT '-1',
  `cCacheFullPageContentOverrideLifetime` varchar(32) COLLATE utf8_unicode_ci NOT NULL DEFAULT '0',
  `cCacheFullPageContentLifetimeCustom` int(10) unsigned NOT NULL DEFAULT '0',
  `cIsSystemPage` tinyint(1) NOT NULL DEFAULT '0',
  PRIMARY KEY (`cID`,`ptID`),
  KEY `cParentID` (`cParentID`),
  KEY `cIsActive` (`cID`,`cIsActive`),
  KEY `cCheckedOutUID` (`cCheckedOutUID`),
  KEY `uID` (`uID`,`cPointerID`),
  KEY `cPointerID` (`cPointerID`,`cDisplayOrder`),
  KEY `cIsTemplate` (`cID`,`cIsTemplate`),
  KEY `cIsSystemPage` (`cID`,`cIsSystemPage`),
  KEY `pkgID` (`pkgID`),
  KEY `cParentMaxDisplay` (`cParentID`,`cDisplayOrder`)
) ENGINE=InnoDB DEFAULT CHARSET=utf8 COLLATE=utf8_unicode_ci;
/*!40101 SET character_set_client = @saved_cs_client */;

--
-- Dumping data for table `Pages`
--

LOCK TABLES `Pages` WRITE;
/*!40000 ALTER TABLE `Pages` DISABLE KEYS */;
INSERT INTO `Pages` VALUES (1,0,0,1,0,NULL,NULL,NULL,1,1,'OVERRIDE',NULL,0,NULL,0,1,20,0,0,0,0,-1,'0',0,0),(2,0,0,1,0,NULL,NULL,NULL,1,2,'OVERRIDE','/dashboard/view.php',0,NULL,0,1,13,0,0,0,0,-1,'0',0,1),(3,0,0,1,0,NULL,NULL,NULL,1,2,'PARENT','/dashboard/sitemap/view.php',0,NULL,0,1,3,0,2,0,0,-1,'0',0,1),(4,0,0,1,0,NULL,NULL,NULL,1,2,'PARENT','/dashboard/sitemap/full.php',0,NULL,0,1,0,0,3,0,0,-1,'0',0,1),(5,0,0,1,0,NULL,NULL,NULL,1,2,'PARENT','/dashboard/sitemap/explore.php',0,NULL,0,1,0,1,3,0,0,-1,'0',0,1),(6,0,0,1,0,NULL,NULL,NULL,1,2,'PARENT','/dashboard/sitemap/search.php',0,NULL,0,1,0,2,3,0,0,-1,'0',0,1),(7,0,0,1,0,NULL,NULL,NULL,1,2,'PARENT','/dashboard/files/view.php',0,NULL,0,1,4,1,2,0,0,-1,'0',0,1),(8,0,0,1,0,NULL,NULL,NULL,1,2,'PARENT','/dashboard/files/search.php',0,NULL,0,1,0,0,7,0,0,-1,'0',0,1),(9,0,0,1,0,NULL,NULL,NULL,1,2,'PARENT','/dashboard/files/attributes.php',0,NULL,0,1,0,1,7,0,0,-1,'0',0,1),(10,0,0,1,0,NULL,NULL,NULL,1,2,'PARENT','/dashboard/files/sets.php',0,NULL,0,1,0,2,7,0,0,-1,'0',0,1),(11,0,0,1,0,NULL,NULL,NULL,1,2,'PARENT','/dashboard/files/add_set.php',0,NULL,0,1,0,3,7,0,0,-1,'0',0,1),(12,0,0,1,0,NULL,NULL,NULL,1,2,'PARENT','/dashboard/users/view.php',0,NULL,0,1,7,2,2,0,0,-1,'0',0,1),(13,0,0,1,0,NULL,NULL,NULL,1,2,'PARENT','/dashboard/users/search.php',0,NULL,0,1,0,0,12,0,0,-1,'0',0,1),(14,0,0,1,0,NULL,NULL,NULL,1,2,'PARENT','/dashboard/users/groups.php',0,NULL,0,1,1,1,12,0,0,-1,'0',0,1),(15,0,0,1,0,NULL,NULL,NULL,1,2,'PARENT','/dashboard/users/attributes.php',0,NULL,0,1,0,2,12,0,0,-1,'0',0,1),(16,0,0,1,0,NULL,NULL,NULL,1,2,'PARENT','/dashboard/users/add.php',0,NULL,0,1,0,3,12,0,0,-1,'0',0,1),(17,0,0,1,0,NULL,NULL,NULL,1,2,'PARENT','/dashboard/users/add_group.php',0,NULL,0,1,0,4,12,0,0,-1,'0',0,1),(18,0,0,1,0,NULL,NULL,NULL,1,2,'PARENT','/dashboard/users/groups/bulkupdate.php',0,NULL,0,1,0,0,14,0,0,-1,'0',0,1),(19,0,0,1,0,NULL,NULL,NULL,1,2,'PARENT','/dashboard/users/group_sets.php',0,NULL,0,1,0,5,12,0,0,-1,'0',0,1),(20,0,0,1,0,NULL,NULL,NULL,1,2,'PARENT','/dashboard/users/points/view.php',0,NULL,0,1,2,6,12,0,0,-1,'0',0,1),(21,0,0,1,0,NULL,NULL,NULL,1,2,'PARENT','/dashboard/users/points/assign.php',0,NULL,0,1,0,0,20,0,0,-1,'0',0,1),(22,0,0,1,0,NULL,NULL,NULL,1,2,'PARENT','/dashboard/users/points/actions.php',0,NULL,0,1,0,1,20,0,0,-1,'0',0,1),(23,0,0,1,0,NULL,NULL,NULL,1,2,'PARENT','/dashboard/reports.php',0,NULL,0,1,3,3,2,0,0,-1,'0',0,1),(24,0,0,1,0,NULL,NULL,NULL,1,2,'PARENT','/dashboard/reports/forms.php',0,NULL,0,1,0,0,23,0,0,-1,'0',0,1),(25,0,0,1,0,NULL,NULL,NULL,1,2,'PARENT','/dashboard/reports/surveys.php',0,NULL,0,1,0,1,23,0,0,-1,'0',0,1),(26,0,0,1,0,NULL,NULL,NULL,1,2,'PARENT','/dashboard/reports/logs.php',0,NULL,0,1,0,2,23,0,0,-1,'0',0,1),(27,0,0,1,0,NULL,NULL,NULL,1,2,'PARENT','/dashboard/pages/view.php',0,NULL,0,1,6,4,2,0,0,-1,'0',0,1),(28,0,0,1,0,NULL,NULL,NULL,1,2,'PARENT','/dashboard/pages/themes/view.php',0,NULL,0,1,1,0,27,0,0,-1,'0',0,1),(29,0,0,1,0,NULL,NULL,NULL,1,2,'PARENT','/dashboard/pages/themes/inspect.php',0,NULL,0,1,0,0,28,0,0,-1,'0',0,1),(30,0,0,1,0,NULL,NULL,NULL,1,2,'PARENT','/dashboard/pages/types/view.php',0,NULL,0,1,6,1,27,0,0,-1,'0',0,1),(31,0,0,1,0,NULL,NULL,NULL,1,2,'PARENT','/dashboard/pages/types/organize.php',0,NULL,0,1,0,0,30,0,0,-1,'0',0,1),(32,0,0,1,0,NULL,NULL,NULL,1,2,'PARENT','/dashboard/pages/types/add.php',0,NULL,0,1,0,1,30,0,0,-1,'0',0,1),(33,0,0,1,0,NULL,NULL,NULL,1,2,'PARENT','/dashboard/pages/types/form.php',0,NULL,0,1,0,2,30,0,0,-1,'0',0,1),(34,0,0,1,0,NULL,NULL,NULL,1,2,'PARENT','/dashboard/pages/types/output.php',0,NULL,0,1,0,3,30,0,0,-1,'0',0,1),(35,0,0,1,0,NULL,NULL,NULL,1,2,'PARENT','/dashboard/pages/types/attributes.php',0,NULL,0,1,0,4,30,0,0,-1,'0',0,1),(36,0,0,1,0,NULL,NULL,NULL,1,2,'PARENT','/dashboard/pages/types/permissions.php',0,NULL,0,1,0,5,30,0,0,-1,'0',0,1),(37,0,0,1,0,NULL,NULL,NULL,1,2,'PARENT','/dashboard/pages/templates/view.php',0,NULL,0,1,1,2,27,0,0,-1,'0',0,1),(38,0,0,1,0,NULL,NULL,NULL,1,2,'PARENT','/dashboard/pages/templates/add.php',0,NULL,0,1,0,0,37,0,0,-1,'0',0,1),(39,0,0,1,0,NULL,NULL,NULL,1,2,'PARENT','/dashboard/pages/attributes.php',0,NULL,0,1,0,3,27,0,0,-1,'0',0,1),(40,0,0,1,0,NULL,NULL,NULL,1,2,'PARENT','/dashboard/pages/single.php',0,NULL,0,1,0,4,27,0,0,-1,'0',0,1),(41,0,0,1,0,NULL,NULL,NULL,1,2,'PARENT','/dashboard/pages/feeds.php',0,NULL,0,1,0,5,27,0,0,-1,'0',0,1),(42,0,0,1,0,NULL,NULL,NULL,1,2,'PARENT','/dashboard/conversations/view.php',0,NULL,0,1,1,5,2,0,0,-1,'0',0,1),(43,0,0,1,0,NULL,NULL,NULL,1,2,'PARENT','/dashboard/conversations/messages.php',0,NULL,0,1,0,0,42,0,0,-1,'0',0,1),(44,0,0,1,0,NULL,NULL,NULL,1,2,'PARENT','/dashboard/workflow/view.php',0,NULL,0,1,2,6,2,0,0,-1,'0',0,1),(45,0,0,1,0,NULL,NULL,NULL,1,2,'PARENT','/dashboard/workflow/workflows.php',0,NULL,0,1,0,0,44,0,0,-1,'0',0,1),(46,0,0,1,0,NULL,NULL,NULL,1,2,'PARENT','/dashboard/workflow/me.php',0,NULL,0,1,0,1,44,0,0,-1,'0',0,1),(47,0,0,1,0,NULL,NULL,NULL,1,2,'PARENT','/dashboard/blocks/view.php',0,NULL,0,1,3,7,2,0,0,-1,'0',0,1),(48,0,0,1,0,NULL,NULL,NULL,1,2,'PARENT','/dashboard/blocks/stacks/view.php',0,NULL,0,1,1,0,47,0,0,-1,'0',0,1),(49,0,0,1,0,NULL,NULL,NULL,1,2,'PARENT','/dashboard/blocks/permissions.php',0,NULL,0,1,0,1,47,0,0,-1,'0',0,1),(50,0,0,1,0,NULL,NULL,NULL,1,2,'PARENT','/dashboard/blocks/stacks/list/view.php',0,NULL,0,1,0,0,48,0,0,-1,'0',0,1),(51,0,0,1,0,NULL,NULL,NULL,1,2,'PARENT','/dashboard/blocks/types/view.php',0,NULL,0,1,0,2,47,0,0,-1,'0',0,1),(52,0,0,1,0,NULL,NULL,NULL,1,2,'PARENT','/dashboard/extend/view.php',0,NULL,0,1,5,8,2,0,0,-1,'0',0,1),(53,0,0,1,0,NULL,NULL,NULL,1,2,'PARENT','/dashboard/news.php',0,NULL,0,1,0,9,2,0,0,-1,'0',0,1),(54,0,0,1,0,NULL,NULL,NULL,1,2,'PARENT','/dashboard/extend/install.php',0,NULL,0,1,0,0,52,0,0,-1,'0',0,1),(55,0,0,1,0,NULL,NULL,NULL,1,2,'PARENT','/dashboard/extend/update.php',0,NULL,0,1,0,1,52,0,0,-1,'0',0,1),(56,0,0,1,0,NULL,NULL,NULL,1,2,'PARENT','/dashboard/extend/connect.php',0,NULL,0,1,0,2,52,0,0,-1,'0',0,1),(57,0,0,1,0,NULL,NULL,NULL,1,2,'PARENT','/dashboard/extend/themes.php',0,NULL,0,1,0,3,52,0,0,-1,'0',0,1),(58,0,0,1,0,NULL,NULL,NULL,1,2,'PARENT','/dashboard/extend/addons.php',0,NULL,0,1,0,4,52,0,0,-1,'0',0,1),(59,0,0,1,0,NULL,NULL,NULL,1,2,'PARENT','/dashboard/system/view.php',0,NULL,0,1,12,10,2,0,0,-1,'0',0,1),(60,0,0,1,0,NULL,NULL,NULL,1,2,'PARENT','/dashboard/system/basics/view.php',0,NULL,0,1,7,0,59,0,0,-1,'0',0,1),(61,0,0,1,0,NULL,NULL,NULL,1,2,'PARENT','/dashboard/system/basics/name.php',0,NULL,0,1,0,0,60,0,0,-1,'0',0,1),(62,0,0,1,0,NULL,NULL,NULL,1,2,'PARENT','/dashboard/system/basics/accessibility.php',0,NULL,0,1,0,1,60,0,0,-1,'0',0,1),(63,0,0,1,0,NULL,NULL,NULL,1,2,'PARENT','/dashboard/system/basics/social.php',0,NULL,0,1,0,2,60,0,0,-1,'0',0,1),(64,0,0,1,0,NULL,NULL,NULL,1,2,'PARENT','/dashboard/system/basics/icons.php',0,NULL,0,1,0,3,60,0,0,-1,'0',0,1),(65,0,0,1,0,NULL,NULL,NULL,1,2,'PARENT','/dashboard/system/basics/editor.php',0,NULL,0,1,0,4,60,0,0,-1,'0',0,1),(66,0,0,1,0,NULL,NULL,NULL,1,2,'PARENT','/dashboard/system/basics/multilingual/view.php',0,NULL,0,1,0,5,60,0,0,-1,'0',0,1),(67,0,0,1,0,NULL,NULL,NULL,1,2,'PARENT','/dashboard/system/basics/timezone.php',0,NULL,0,1,0,6,60,0,0,-1,'0',0,1),(68,0,0,1,0,NULL,NULL,NULL,1,2,'PARENT','/dashboard/system/multilingual/view.php',0,NULL,0,1,4,1,59,0,0,-1,'0',0,1),(69,0,0,1,0,NULL,NULL,NULL,1,2,'PARENT','/dashboard/system/multilingual/setup.php',0,NULL,0,1,0,0,68,0,0,-1,'0',0,1),(70,0,0,1,0,NULL,NULL,NULL,1,2,'PARENT','/dashboard/system/multilingual/page_report.php',0,NULL,0,1,0,1,68,0,0,-1,'0',0,1),(71,0,0,1,0,NULL,NULL,NULL,1,2,'PARENT','/dashboard/system/multilingual/translate_interface.php',0,NULL,0,1,0,2,68,0,0,-1,'0',0,1),(72,0,0,1,0,NULL,NULL,NULL,1,2,'PARENT','/dashboard/system/seo/view.php',0,NULL,0,1,5,2,59,0,0,-1,'0',0,1),(73,0,0,1,0,NULL,NULL,NULL,1,2,'PARENT','/dashboard/system/seo/urls.php',0,NULL,0,1,0,0,72,0,0,-1,'0',0,1),(74,0,0,1,0,NULL,NULL,NULL,1,2,'PARENT','/dashboard/system/seo/bulk.php',0,NULL,0,1,0,1,72,0,0,-1,'0',0,1),(75,0,0,1,0,NULL,NULL,NULL,1,2,'PARENT','/dashboard/system/seo/codes.php',0,NULL,0,1,0,2,72,0,0,-1,'0',0,1),(76,0,0,1,0,NULL,NULL,NULL,1,2,'PARENT','/dashboard/system/seo/excluded.php',0,NULL,0,1,0,3,72,0,0,-1,'0',0,1),(77,0,0,1,0,NULL,NULL,NULL,1,2,'PARENT','/dashboard/system/seo/searchindex.php',0,NULL,0,1,0,4,72,0,0,-1,'0',0,1),(78,0,0,1,0,NULL,NULL,NULL,1,2,'PARENT','/dashboard/system/files/view.php',0,NULL,0,1,4,3,59,0,0,-1,'0',0,1),(79,0,0,1,0,NULL,NULL,NULL,1,2,'PARENT','/dashboard/system/files/permissions.php',0,NULL,0,1,0,0,78,0,0,-1,'0',0,1),(80,0,0,1,0,NULL,NULL,NULL,1,2,'PARENT','/dashboard/system/files/filetypes.php',0,NULL,0,1,0,1,78,0,0,-1,'0',0,1),(81,0,0,1,0,NULL,NULL,NULL,1,2,'PARENT','/dashboard/system/files/thumbnails.php',0,NULL,0,1,0,2,78,0,0,-1,'0',0,1),(82,0,0,1,0,NULL,NULL,NULL,1,2,'PARENT','/dashboard/system/files/storage.php',0,NULL,0,1,0,3,78,0,0,-1,'0',0,1),(83,0,0,1,0,NULL,NULL,NULL,1,2,'PARENT','/dashboard/system/optimization/view.php',0,NULL,0,1,4,4,59,0,0,-1,'0',0,1),(84,0,0,1,0,NULL,NULL,NULL,1,2,'PARENT','/dashboard/system/optimization/cache.php',0,NULL,0,1,0,0,83,0,0,-1,'0',0,1),(85,0,0,1,0,NULL,NULL,NULL,1,2,'PARENT','/dashboard/system/optimization/clearcache.php',0,NULL,0,1,0,1,83,0,0,-1,'0',0,1),(86,0,0,1,0,NULL,NULL,NULL,1,2,'PARENT','/dashboard/system/optimization/jobs.php',0,NULL,0,1,0,2,83,0,0,-1,'0',0,1),(87,0,0,1,0,NULL,NULL,NULL,1,2,'PARENT','/dashboard/system/optimization/query_log.php',0,NULL,0,1,0,3,83,0,0,-1,'0',0,1),(88,0,0,1,0,NULL,NULL,NULL,1,2,'PARENT','/dashboard/system/permissions/view.php',0,NULL,0,1,8,5,59,0,0,-1,'0',0,1),(89,0,0,1,0,NULL,NULL,NULL,1,2,'PARENT','/dashboard/system/permissions/site.php',0,NULL,0,1,0,0,88,0,0,-1,'0',0,1),(90,0,0,1,0,NULL,NULL,NULL,1,2,'PARENT','/dashboard/system/permissions/tasks.php',0,NULL,0,1,0,1,88,0,0,-1,'0',0,1),(91,0,0,1,0,NULL,NULL,NULL,1,2,'PARENT','/dashboard/system/permissions/users.php',0,NULL,0,1,0,2,88,0,0,-1,'0',0,1),(92,0,0,1,0,NULL,NULL,NULL,1,2,'PARENT','/dashboard/system/permissions/advanced.php',0,NULL,0,1,0,3,88,0,0,-1,'0',0,1),(93,0,0,1,0,NULL,NULL,NULL,1,2,'PARENT','/dashboard/system/permissions/blacklist.php',0,NULL,0,1,0,4,88,0,0,-1,'0',0,1),(94,0,0,1,0,NULL,NULL,NULL,1,2,'PARENT','/dashboard/system/permissions/captcha.php',0,NULL,0,1,0,5,88,0,0,-1,'0',0,1),(95,0,0,1,0,NULL,NULL,NULL,1,2,'PARENT','/dashboard/system/permissions/antispam.php',0,NULL,0,1,0,6,88,0,0,-1,'0',0,1),(96,0,0,1,0,NULL,NULL,NULL,1,2,'PARENT','/dashboard/system/permissions/maintenance.php',0,NULL,0,1,0,7,88,0,0,-1,'0',0,1),(97,0,0,1,0,NULL,NULL,NULL,1,2,'PARENT','/dashboard/system/registration/view.php',0,NULL,0,1,4,6,59,0,0,-1,'0',0,1),(98,0,0,1,0,NULL,NULL,NULL,1,2,'PARENT','/dashboard/system/registration/postlogin.php',0,NULL,0,1,0,0,97,0,0,-1,'0',0,1),(99,0,0,1,0,NULL,NULL,NULL,1,2,'PARENT','/dashboard/system/registration/profiles.php',0,NULL,0,1,0,1,97,0,0,-1,'0',0,1),(100,0,0,1,0,NULL,NULL,NULL,1,2,'PARENT','/dashboard/system/registration/open.php',0,NULL,0,1,0,2,97,0,0,-1,'0',0,1),(101,0,0,1,0,NULL,NULL,NULL,1,2,'PARENT','/dashboard/system/registration/authentication.php',0,NULL,0,1,0,3,97,0,0,-1,'0',0,1),(102,0,0,1,0,NULL,NULL,NULL,1,2,'PARENT','/dashboard/system/mail/view.php',0,NULL,0,1,2,7,59,0,0,-1,'0',0,1),(103,0,0,1,0,NULL,NULL,NULL,1,2,'PARENT','/dashboard/system/mail/method.php',0,NULL,0,1,1,0,102,0,0,-1,'0',0,1),(104,0,0,1,0,NULL,NULL,NULL,1,2,'PARENT','/dashboard/system/mail/method/test.php',0,NULL,0,1,0,0,103,0,0,-1,'0',0,1),(105,0,0,1,0,NULL,NULL,NULL,1,2,'PARENT','/dashboard/system/mail/importers.php',0,NULL,0,1,0,1,102,0,0,-1,'0',0,1),(106,0,0,1,0,NULL,NULL,NULL,1,2,'PARENT','/dashboard/system/conversations/view.php',0,NULL,0,1,4,8,59,0,0,-1,'0',0,1),(107,0,0,1,0,NULL,NULL,NULL,1,2,'PARENT','/dashboard/system/conversations/settings.php',0,NULL,0,1,0,0,106,0,0,-1,'0',0,1),(108,0,0,1,0,NULL,NULL,NULL,1,2,'PARENT','/dashboard/system/conversations/points.php',0,NULL,0,1,0,1,106,0,0,-1,'0',0,1),(109,0,0,1,0,NULL,NULL,NULL,1,2,'PARENT','/dashboard/system/conversations/bannedwords.php',0,NULL,0,1,0,2,106,0,0,-1,'0',0,1),(110,0,0,1,0,NULL,NULL,NULL,1,2,'PARENT','/dashboard/system/conversations/permissions.php',0,NULL,0,1,0,3,106,0,0,-1,'0',0,1),(111,0,0,1,0,NULL,NULL,NULL,1,2,'PARENT','/dashboard/system/attributes/view.php',0,NULL,0,1,3,9,59,0,0,-1,'0',0,1),(112,0,0,1,0,NULL,NULL,NULL,1,2,'PARENT','/dashboard/system/attributes/sets.php',0,NULL,0,1,0,0,111,0,0,-1,'0',0,1),(113,0,0,1,0,NULL,NULL,NULL,1,2,'PARENT','/dashboard/system/attributes/types.php',0,NULL,0,1,0,1,111,0,0,-1,'0',0,1),(114,0,0,1,0,NULL,NULL,NULL,1,2,'PARENT','/dashboard/system/attributes/topics/view.php',0,NULL,0,1,1,2,111,0,0,-1,'0',0,1),(115,0,0,1,0,NULL,NULL,NULL,1,2,'PARENT','/dashboard/system/attributes/topics/add.php',0,NULL,0,1,0,0,114,0,0,-1,'0',0,1),(116,0,0,1,0,NULL,NULL,NULL,1,2,'PARENT','/dashboard/system/environment/view.php',0,NULL,0,1,5,10,59,0,0,-1,'0',0,1),(117,0,0,1,0,NULL,NULL,NULL,1,2,'PARENT','/dashboard/system/environment/info.php',0,NULL,0,1,0,0,116,0,0,-1,'0',0,1),(118,0,0,1,0,NULL,NULL,NULL,1,2,'PARENT','/dashboard/system/environment/debug.php',0,NULL,0,1,0,1,116,0,0,-1,'0',0,1),(119,0,0,1,0,NULL,NULL,NULL,1,2,'PARENT','/dashboard/system/environment/logging.php',0,NULL,0,1,0,2,116,0,0,-1,'0',0,1),(120,0,0,1,0,NULL,NULL,NULL,1,2,'PARENT','/dashboard/system/environment/proxy.php',0,NULL,0,1,0,3,116,0,0,-1,'0',0,1),(121,0,0,1,0,NULL,NULL,NULL,1,2,'PARENT','/dashboard/system/environment/entities.php',0,NULL,0,1,0,4,116,0,0,-1,'0',0,1),(122,0,0,1,0,NULL,NULL,NULL,1,2,'PARENT','/dashboard/system/backup/view.php',0,NULL,0,1,2,11,59,0,0,-1,'0',0,1),(123,0,0,1,0,NULL,NULL,NULL,1,2,'PARENT','/dashboard/system/backup/backup.php',0,NULL,0,1,0,0,122,0,0,-1,'0',0,1),(124,0,0,1,0,NULL,NULL,NULL,1,2,'PARENT','/dashboard/system/backup/update.php',0,NULL,0,1,0,1,122,0,0,-1,'0',0,1),(125,0,0,1,0,NULL,NULL,NULL,1,2,'PARENT',NULL,0,NULL,0,1,0,11,2,0,0,-1,'0',0,1),(126,0,0,1,0,NULL,NULL,NULL,1,2,'PARENT',NULL,0,NULL,0,1,0,12,2,0,0,-1,'0',0,1),(127,0,0,1,0,NULL,NULL,NULL,1,1,'PARENT','/!drafts/view.php',0,NULL,0,1,8,0,0,0,0,-1,'0',0,1),(128,0,0,1,0,NULL,NULL,NULL,1,1,'PARENT','/!trash/view.php',0,NULL,0,1,1,0,0,0,0,-1,'0',0,1),(129,0,0,1,0,NULL,NULL,NULL,1,1,'PARENT','/!stacks/view.php',0,NULL,0,1,8,0,0,0,0,-1,'0',0,1),(130,0,0,1,0,NULL,NULL,NULL,1,130,'OVERRIDE','/login.php',0,NULL,0,1,0,0,0,0,0,-1,'0',0,1),(131,0,0,1,0,NULL,NULL,NULL,1,131,'OVERRIDE','/register.php',0,NULL,0,1,0,0,0,0,0,-1,'0',0,1),(132,0,0,1,0,NULL,NULL,NULL,1,1,'PARENT','/account/view.php',0,NULL,0,1,3,0,0,0,0,-1,'0',0,1),(133,0,0,1,0,NULL,NULL,NULL,1,1,'PARENT','/account/edit_profile.php',0,NULL,0,1,0,0,132,0,0,-1,'0',0,1),(134,0,0,1,0,NULL,NULL,NULL,1,1,'PARENT','/account/avatar.php',0,NULL,0,1,0,1,132,0,0,-1,'0',0,1),(135,0,0,1,0,NULL,NULL,NULL,1,1,'PARENT','/account/messages/view.php',0,NULL,0,1,1,2,132,0,0,-1,'0',0,1),(136,0,0,1,0,NULL,NULL,NULL,1,1,'PARENT','/account/messages/inbox.php',0,NULL,0,1,0,0,135,0,0,-1,'0',0,1),(137,0,0,1,0,NULL,NULL,NULL,1,1,'PARENT','/members/view.php',0,NULL,0,1,2,0,1,0,0,-1,'0',0,1),(138,0,0,1,0,NULL,NULL,NULL,1,1,'PARENT','/members/profile.php',0,NULL,0,1,0,0,137,0,0,-1,'0',0,1),(139,0,0,1,0,NULL,NULL,NULL,1,1,'PARENT','/members/directory.php',0,NULL,0,1,0,1,137,0,0,-1,'0',0,1),(140,0,0,1,0,NULL,NULL,NULL,1,1,'PARENT','/page_not_found.php',0,NULL,0,1,0,1,0,0,0,-1,'0',0,1),(141,0,0,1,0,NULL,NULL,NULL,1,1,'PARENT','/page_forbidden.php',0,NULL,0,1,0,1,0,0,0,-1,'0',0,1),(142,0,0,1,0,NULL,NULL,NULL,1,1,'PARENT','/download_file.php',0,NULL,0,1,0,1,1,0,0,-1,'0',0,1),(143,1,0,1,0,NULL,NULL,NULL,1,1,'PARENT',NULL,0,NULL,0,1,0,0,129,0,0,-1,'0',0,1),(144,1,0,1,0,NULL,NULL,NULL,1,1,'PARENT',NULL,0,NULL,0,1,0,1,129,0,0,-1,'0',0,1),(145,1,0,1,0,NULL,NULL,NULL,1,1,'PARENT',NULL,0,NULL,0,1,0,2,129,0,0,-1,'0',0,1),(146,1,0,1,0,NULL,NULL,NULL,1,1,'PARENT',NULL,0,NULL,0,1,0,3,129,0,0,-1,'0',0,1),(147,1,0,1,0,NULL,NULL,NULL,1,1,'PARENT',NULL,0,NULL,0,1,0,4,129,0,0,-1,'0',0,1),(148,1,0,1,0,NULL,NULL,NULL,1,1,'PARENT',NULL,0,NULL,0,1,0,5,129,0,0,-1,'0',0,1),(149,1,0,1,0,NULL,NULL,NULL,1,1,'PARENT',NULL,0,NULL,0,1,0,6,129,0,0,-1,'0',0,1),(150,1,0,1,0,NULL,NULL,NULL,1,1,'PARENT',NULL,0,NULL,0,1,0,7,129,0,0,-1,'0',0,1),(151,5,1,NULL,0,NULL,NULL,NULL,1,151,'OVERRIDE',NULL,0,NULL,0,1,0,0,0,0,0,-1,'0',0,0),(152,5,0,1,0,NULL,NULL,NULL,1,152,'OVERRIDE',NULL,0,NULL,0,1,0,2,1,0,1,-1,'0',0,0),(153,10,1,NULL,0,NULL,NULL,NULL,1,153,'OVERRIDE',NULL,0,NULL,0,1,0,0,0,0,0,-1,'0',0,0),(154,10,0,1,0,NULL,NULL,NULL,1,1,'PARENT',NULL,0,NULL,0,1,6,3,1,0,0,-1,'0',0,0),(155,5,0,1,0,NULL,NULL,NULL,1,1,'PARENT',NULL,0,NULL,0,1,5,4,1,0,0,-1,'0',0,0),(156,9,1,NULL,0,NULL,NULL,NULL,1,156,'OVERRIDE',NULL,0,NULL,0,1,0,0,0,0,0,-1,'0',0,0),(157,9,0,1,0,NULL,NULL,NULL,1,1,'PARENT',NULL,0,NULL,0,1,3,5,1,0,0,-1,'0',0,0),(158,5,0,1,0,NULL,NULL,NULL,1,1,'PARENT',NULL,0,NULL,0,1,0,6,1,0,0,-1,'0',0,0),(159,5,0,1,0,NULL,NULL,NULL,1,1,'PARENT',NULL,0,NULL,0,1,0,8,1,0,0,-1,'0',0,0),(160,5,0,1,0,NULL,NULL,NULL,1,1,'PARENT',NULL,0,NULL,0,1,0,9,1,0,0,-1,'0',0,0),(161,8,1,NULL,0,NULL,NULL,NULL,1,161,'OVERRIDE',NULL,0,NULL,0,1,0,0,0,0,0,-1,'0',0,0),(162,8,0,1,0,NULL,NULL,NULL,1,1,'PARENT',NULL,0,NULL,0,1,0,0,154,0,0,-1,'0',0,0),(163,8,0,1,0,NULL,NULL,NULL,1,1,'PARENT',NULL,0,NULL,0,1,0,1,154,0,0,-1,'0',0,0),(164,8,0,1,0,NULL,NULL,NULL,1,1,'PARENT',NULL,0,NULL,0,1,0,2,154,0,0,-1,'0',0,0),(165,8,0,1,0,NULL,NULL,NULL,1,1,'PARENT',NULL,0,NULL,0,1,0,3,154,0,0,-1,'0',0,0),(166,8,0,1,0,NULL,NULL,NULL,1,1,'PARENT',NULL,0,NULL,0,1,0,4,154,0,0,-1,'0',0,0),(167,8,0,1,0,NULL,NULL,NULL,1,1,'PARENT',NULL,0,NULL,0,1,0,5,154,0,0,-1,'0',0,0),(168,6,1,NULL,0,NULL,NULL,NULL,1,168,'OVERRIDE',NULL,0,NULL,0,1,0,0,0,0,0,-1,'0',0,0),(169,6,0,1,0,NULL,NULL,NULL,1,1,'PARENT',NULL,0,NULL,0,1,0,0,157,0,0,-1,'0',0,0),(170,6,0,1,0,NULL,NULL,NULL,1,1,'PARENT',NULL,0,NULL,0,1,0,1,157,0,0,-1,'0',0,0),(171,6,0,1,0,NULL,NULL,NULL,1,1,'PARENT',NULL,0,NULL,0,1,0,2,157,0,0,-1,'0',0,0),(172,5,0,1,0,NULL,NULL,NULL,1,1,'PARENT',NULL,0,NULL,0,1,0,0,155,0,0,-1,'0',0,0),(173,5,0,1,0,NULL,NULL,NULL,1,1,'PARENT',NULL,0,NULL,0,1,2,1,155,0,0,-1,'0',0,0),(174,5,0,1,0,NULL,NULL,NULL,1,1,'PARENT',NULL,0,NULL,0,1,0,7,1,0,155,-1,'0',0,0),(175,7,1,NULL,0,NULL,NULL,NULL,1,175,'OVERRIDE',NULL,0,NULL,0,1,0,0,0,0,0,-1,'0',0,0),(176,7,0,1,0,NULL,NULL,NULL,1,1,'PARENT',NULL,0,NULL,0,1,0,0,173,0,0,-1,'0',0,0),(177,7,0,1,0,NULL,NULL,NULL,1,1,'PARENT',NULL,0,NULL,0,1,0,1,173,0,0,-1,'0',0,0),(178,5,1,NULL,0,NULL,NULL,NULL,1,178,'OVERRIDE',NULL,0,NULL,0,1,0,0,0,0,0,-1,'0',0,0),(179,5,1,NULL,0,NULL,NULL,NULL,1,179,'OVERRIDE',NULL,0,NULL,0,1,0,0,0,0,0,-1,'0',0,0),(180,5,1,NULL,0,NULL,NULL,NULL,1,180,'OVERRIDE',NULL,0,NULL,0,1,0,0,0,0,0,-1,'0',0,0),(181,5,0,1,0,NULL,NULL,NULL,1,1,'PARENT',NULL,0,NULL,0,1,0,3,155,0,155,-1,'0',0,0),(182,7,0,1,0,NULL,NULL,NULL,1,1,'PARENT',NULL,0,NULL,0,0,0,0,127,0,173,-1,'0',0,1),(183,7,0,1,0,NULL,NULL,NULL,1,1,'PARENT',NULL,0,NULL,0,0,0,3,128,0,173,-1,'0',0,1),(184,5,0,1,0,NULL,NULL,NULL,1,184,'OVERRIDE',NULL,0,NULL,0,1,0,4,155,0,155,-1,'0',0,0),(185,5,0,1,0,NULL,NULL,NULL,1,1,'PARENT',NULL,0,NULL,0,0,0,1,127,0,155,-1,'0',0,1),(186,5,0,1,0,NULL,NULL,NULL,1,1,'PARENT',NULL,0,NULL,0,1,0,5,155,0,155,-1,'0',0,0),(187,5,1,NULL,0,NULL,NULL,NULL,1,187,'OVERRIDE',NULL,0,NULL,0,1,0,0,0,0,0,-1,'0',0,0),(188,5,1,NULL,0,NULL,NULL,NULL,1,188,'OVERRIDE',NULL,0,NULL,0,1,0,0,0,0,0,-1,'0',0,0),(189,5,0,1,0,NULL,NULL,NULL,1,1,'PARENT',NULL,0,NULL,0,1,0,2,127,0,0,-1,'0',0,0),(190,5,0,1,0,NULL,NULL,NULL,1,1,'PARENT',NULL,0,NULL,0,1,0,3,127,0,0,-1,'0',0,0),(191,5,0,1,0,NULL,NULL,NULL,1,1,'PARENT',NULL,0,NULL,0,1,0,4,127,0,0,-1,'0',0,0),(192,5,0,1,0,NULL,NULL,NULL,1,1,'PARENT',NULL,0,NULL,0,1,0,5,127,0,0,-1,'0',0,0),(193,5,0,1,0,NULL,NULL,NULL,1,1,'PARENT',NULL,0,NULL,0,1,0,6,127,0,0,-1,'0',0,0),(194,5,0,1,0,NULL,NULL,NULL,1,1,'PARENT',NULL,0,NULL,0,1,0,7,127,0,0,-1,'0',0,0),(195,5,0,1,0,NULL,NULL,NULL,1,1,'PARENT',NULL,0,NULL,0,1,0,10,1,0,1,-1,'0',0,0),(196,0,0,1,0,NULL,NULL,NULL,1,2,'PARENT','/dashboard/system/multilingual/copy.php',0,NULL,0,1,0,3,68,0,0,-1,'0',0,1);
/*!40000 ALTER TABLE `Pages` ENABLE KEYS */;
UNLOCK TABLES;

--
-- Table structure for table `PermissionAccess`
--

DROP TABLE IF EXISTS `PermissionAccess`;
/*!40101 SET @saved_cs_client     = @@character_set_client */;
/*!40101 SET character_set_client = utf8 */;
CREATE TABLE `PermissionAccess` (
  `paID` int(10) unsigned NOT NULL AUTO_INCREMENT,
  `paIsInUse` tinyint(1) NOT NULL DEFAULT '0',
  PRIMARY KEY (`paID`)
) ENGINE=InnoDB AUTO_INCREMENT=128 DEFAULT CHARSET=utf8 COLLATE=utf8_unicode_ci;
/*!40101 SET character_set_client = @saved_cs_client */;

--
-- Dumping data for table `PermissionAccess`
--

LOCK TABLES `PermissionAccess` WRITE;
/*!40000 ALTER TABLE `PermissionAccess` DISABLE KEYS */;
INSERT INTO `PermissionAccess` VALUES (1,1),(2,1),(3,1),(4,1),(5,1),(6,1),(7,1),(8,1),(9,1),(10,1),(11,1),(12,1),(13,1),(14,1),(15,1),(16,1),(17,1),(18,1),(19,1),(20,1),(21,1),(22,1),(23,1),(24,1),(25,1),(26,1),(27,1),(28,1),(29,1),(30,1),(31,1),(32,1),(33,1),(34,1),(35,1),(36,1),(37,1),(38,1),(39,1),(40,1),(41,1),(42,1),(43,1),(44,1),(45,1),(46,1),(47,1),(48,1),(49,1),(50,1),(51,1),(52,1),(53,1),(54,1),(55,1),(56,1),(57,1),(58,1),(59,1),(60,1),(61,1),(62,1),(63,1),(64,1),(65,1),(66,1),(67,1),(68,1),(69,1),(70,1),(71,1),(72,1),(73,1),(74,1),(75,1),(76,1),(77,1),(78,1),(79,1),(80,0),(81,1),(82,1),(83,1),(84,1),(85,1),(86,1),(87,1),(88,1),(89,1),(90,1),(91,1),(92,1),(93,1),(94,1),(95,1),(96,1),(97,1),(98,1),(99,1),(100,1),(101,1),(102,1),(103,1),(104,1),(105,1),(106,1),(107,1),(108,1),(109,1),(110,1),(111,1),(112,1),(113,1),(114,1),(115,1),(116,1),(117,1),(118,1),(119,1),(120,1),(121,1),(122,1),(123,1),(124,1),(125,1),(126,1),(127,1);
/*!40000 ALTER TABLE `PermissionAccess` ENABLE KEYS */;
UNLOCK TABLES;

--
-- Table structure for table `PermissionAccessEntities`
--

DROP TABLE IF EXISTS `PermissionAccessEntities`;
/*!40101 SET @saved_cs_client     = @@character_set_client */;
/*!40101 SET character_set_client = utf8 */;
CREATE TABLE `PermissionAccessEntities` (
  `peID` int(10) unsigned NOT NULL AUTO_INCREMENT,
  `petID` int(10) unsigned DEFAULT NULL,
  PRIMARY KEY (`peID`),
  KEY `petID` (`petID`)
) ENGINE=InnoDB AUTO_INCREMENT=8 DEFAULT CHARSET=utf8 COLLATE=utf8_unicode_ci;
/*!40101 SET character_set_client = @saved_cs_client */;

--
-- Dumping data for table `PermissionAccessEntities`
--

LOCK TABLES `PermissionAccessEntities` WRITE;
/*!40000 ALTER TABLE `PermissionAccessEntities` DISABLE KEYS */;
INSERT INTO `PermissionAccessEntities` VALUES (1,1),(5,1),(6,1),(7,1),(2,5),(3,6),(4,7);
/*!40000 ALTER TABLE `PermissionAccessEntities` ENABLE KEYS */;
UNLOCK TABLES;

--
-- Table structure for table `PermissionAccessEntityGroupSets`
--

DROP TABLE IF EXISTS `PermissionAccessEntityGroupSets`;
/*!40101 SET @saved_cs_client     = @@character_set_client */;
/*!40101 SET character_set_client = utf8 */;
CREATE TABLE `PermissionAccessEntityGroupSets` (
  `peID` int(10) unsigned NOT NULL DEFAULT '0',
  `gsID` int(10) unsigned NOT NULL DEFAULT '0',
  PRIMARY KEY (`peID`,`gsID`),
  KEY `gsID` (`gsID`)
) ENGINE=InnoDB DEFAULT CHARSET=utf8 COLLATE=utf8_unicode_ci;
/*!40101 SET character_set_client = @saved_cs_client */;

--
-- Dumping data for table `PermissionAccessEntityGroupSets`
--

LOCK TABLES `PermissionAccessEntityGroupSets` WRITE;
/*!40000 ALTER TABLE `PermissionAccessEntityGroupSets` DISABLE KEYS */;
/*!40000 ALTER TABLE `PermissionAccessEntityGroupSets` ENABLE KEYS */;
UNLOCK TABLES;

--
-- Table structure for table `PermissionAccessEntityGroups`
--

DROP TABLE IF EXISTS `PermissionAccessEntityGroups`;
/*!40101 SET @saved_cs_client     = @@character_set_client */;
/*!40101 SET character_set_client = utf8 */;
CREATE TABLE `PermissionAccessEntityGroups` (
  `pegID` int(10) unsigned NOT NULL AUTO_INCREMENT,
  `peID` int(10) unsigned NOT NULL DEFAULT '0',
  `gID` int(10) unsigned NOT NULL DEFAULT '0',
  PRIMARY KEY (`pegID`),
  KEY `peID` (`peID`),
  KEY `gID` (`gID`)
) ENGINE=InnoDB AUTO_INCREMENT=5 DEFAULT CHARSET=utf8 COLLATE=utf8_unicode_ci;
/*!40101 SET character_set_client = @saved_cs_client */;

--
-- Dumping data for table `PermissionAccessEntityGroups`
--

LOCK TABLES `PermissionAccessEntityGroups` WRITE;
/*!40000 ALTER TABLE `PermissionAccessEntityGroups` DISABLE KEYS */;
INSERT INTO `PermissionAccessEntityGroups` VALUES (1,1,3),(2,5,1),(3,6,2),(4,7,4);
/*!40000 ALTER TABLE `PermissionAccessEntityGroups` ENABLE KEYS */;
UNLOCK TABLES;

--
-- Table structure for table `PermissionAccessEntityTypeCategories`
--

DROP TABLE IF EXISTS `PermissionAccessEntityTypeCategories`;
/*!40101 SET @saved_cs_client     = @@character_set_client */;
/*!40101 SET character_set_client = utf8 */;
CREATE TABLE `PermissionAccessEntityTypeCategories` (
  `petID` int(10) unsigned NOT NULL DEFAULT '0',
  `pkCategoryID` int(10) unsigned NOT NULL DEFAULT '0',
  PRIMARY KEY (`petID`,`pkCategoryID`),
  KEY `pkCategoryID` (`pkCategoryID`)
) ENGINE=InnoDB DEFAULT CHARSET=utf8 COLLATE=utf8_unicode_ci;
/*!40101 SET character_set_client = @saved_cs_client */;

--
-- Dumping data for table `PermissionAccessEntityTypeCategories`
--

LOCK TABLES `PermissionAccessEntityTypeCategories` WRITE;
/*!40000 ALTER TABLE `PermissionAccessEntityTypeCategories` DISABLE KEYS */;
INSERT INTO `PermissionAccessEntityTypeCategories` VALUES (1,1),(2,1),(3,1),(4,1),(5,1),(1,4),(2,4),(3,4),(4,4),(1,5),(2,5),(3,5),(4,5),(6,5),(1,6),(2,6),(3,6),(4,6),(6,6),(1,7),(2,7),(3,7),(4,7),(1,8),(2,8),(3,8),(4,8),(1,9),(2,9),(3,9),(4,9),(1,10),(2,10),(3,10),(4,10),(1,11),(2,11),(3,11),(4,11),(1,12),(2,12),(3,12),(4,12),(1,13),(2,13),(3,13),(4,13),(1,14),(2,14),(3,14),(4,14),(5,14),(1,15),(2,15),(3,15),(4,15),(1,16),(2,16),(3,16),(4,16),(1,17),(2,17),(3,17),(4,17),(1,18),(2,18),(3,18),(4,18),(1,19),(2,19),(3,19),(4,19),(7,19),(1,20),(2,20),(3,20),(4,20),(7,20),(1,21),(2,21),(4,21);
/*!40000 ALTER TABLE `PermissionAccessEntityTypeCategories` ENABLE KEYS */;
UNLOCK TABLES;

--
-- Table structure for table `PermissionAccessEntityTypes`
--

DROP TABLE IF EXISTS `PermissionAccessEntityTypes`;
/*!40101 SET @saved_cs_client     = @@character_set_client */;
/*!40101 SET character_set_client = utf8 */;
CREATE TABLE `PermissionAccessEntityTypes` (
  `petID` int(10) unsigned NOT NULL AUTO_INCREMENT,
  `petHandle` varchar(255) COLLATE utf8_unicode_ci NOT NULL,
  `petName` varchar(255) COLLATE utf8_unicode_ci NOT NULL,
  `pkgID` int(10) unsigned DEFAULT NULL,
  PRIMARY KEY (`petID`),
  UNIQUE KEY `petHandle` (`petHandle`),
  KEY `pkgID` (`pkgID`)
) ENGINE=InnoDB AUTO_INCREMENT=8 DEFAULT CHARSET=utf8 COLLATE=utf8_unicode_ci;
/*!40101 SET character_set_client = @saved_cs_client */;

--
-- Dumping data for table `PermissionAccessEntityTypes`
--

LOCK TABLES `PermissionAccessEntityTypes` WRITE;
/*!40000 ALTER TABLE `PermissionAccessEntityTypes` DISABLE KEYS */;
INSERT INTO `PermissionAccessEntityTypes` VALUES (1,'group','Group',0),(2,'user','User',0),(3,'group_set','Group Set',0),(4,'group_combination','Group Combination',0),(5,'page_owner','Page Owner',0),(6,'file_uploader','File Uploader',0),(7,'conversation_message_author','Message Author',0);
/*!40000 ALTER TABLE `PermissionAccessEntityTypes` ENABLE KEYS */;
UNLOCK TABLES;

--
-- Table structure for table `PermissionAccessEntityUsers`
--

DROP TABLE IF EXISTS `PermissionAccessEntityUsers`;
/*!40101 SET @saved_cs_client     = @@character_set_client */;
/*!40101 SET character_set_client = utf8 */;
CREATE TABLE `PermissionAccessEntityUsers` (
  `peID` int(10) unsigned NOT NULL DEFAULT '0',
  `uID` int(10) unsigned NOT NULL DEFAULT '0',
  PRIMARY KEY (`peID`,`uID`),
  KEY `uID` (`uID`)
) ENGINE=InnoDB DEFAULT CHARSET=utf8 COLLATE=utf8_unicode_ci;
/*!40101 SET character_set_client = @saved_cs_client */;

--
-- Dumping data for table `PermissionAccessEntityUsers`
--

LOCK TABLES `PermissionAccessEntityUsers` WRITE;
/*!40000 ALTER TABLE `PermissionAccessEntityUsers` DISABLE KEYS */;
/*!40000 ALTER TABLE `PermissionAccessEntityUsers` ENABLE KEYS */;
UNLOCK TABLES;

--
-- Table structure for table `PermissionAccessList`
--

DROP TABLE IF EXISTS `PermissionAccessList`;
/*!40101 SET @saved_cs_client     = @@character_set_client */;
/*!40101 SET character_set_client = utf8 */;
CREATE TABLE `PermissionAccessList` (
  `paID` int(10) unsigned NOT NULL DEFAULT '0',
  `peID` int(10) unsigned NOT NULL DEFAULT '0',
  `pdID` int(10) unsigned NOT NULL DEFAULT '0',
  `accessType` smallint(6) NOT NULL DEFAULT '0',
  PRIMARY KEY (`paID`,`peID`),
  KEY `accessType` (`accessType`),
  KEY `peID` (`peID`),
  KEY `peID_accessType` (`peID`,`accessType`),
  KEY `pdID` (`pdID`),
  KEY `permissionAccessDuration` (`paID`,`pdID`)
) ENGINE=InnoDB DEFAULT CHARSET=utf8 COLLATE=utf8_unicode_ci;
/*!40101 SET character_set_client = @saved_cs_client */;

--
-- Dumping data for table `PermissionAccessList`
--

LOCK TABLES `PermissionAccessList` WRITE;
/*!40000 ALTER TABLE `PermissionAccessList` DISABLE KEYS */;
INSERT INTO `PermissionAccessList` VALUES (1,1,0,10),(2,1,0,10),(3,1,0,10),(4,1,0,10),(5,1,0,10),(6,1,0,10),(7,1,0,10),(8,1,0,10),(9,1,0,10),(10,1,0,10),(11,1,0,10),(12,1,0,10),(13,1,0,10),(14,1,0,10),(15,1,0,10),(16,1,0,10),(17,1,0,10),(18,1,0,10),(19,1,0,10),(20,1,0,10),(21,1,0,10),(22,1,0,10),(23,1,0,10),(24,1,0,10),(25,2,0,10),(26,2,0,10),(27,2,0,10),(28,2,0,10),(29,5,0,10),(30,5,0,10),(31,2,0,10),(32,2,0,10),(33,2,0,10),(34,2,0,10),(35,2,0,10),(36,2,0,10),(37,5,0,10),(38,1,0,10),(38,5,0,10),(39,1,0,10),(40,1,0,10),(41,1,0,10),(42,1,0,10),(43,1,0,10),(44,1,0,10),(45,1,0,10),(46,1,0,10),(47,5,0,10),(48,1,0,10),(49,1,0,10),(50,1,0,10),(51,1,0,10),(52,1,0,10),(53,1,0,10),(54,1,0,10),(55,1,0,10),(56,1,0,10),(57,1,0,10),(58,1,0,10),(59,1,0,10),(60,1,0,10),(61,1,0,10),(62,1,0,10),(63,1,0,10),(64,5,0,10),(65,5,0,10),(66,1,0,10),(67,1,0,10),(68,1,0,10),(69,1,0,10),(70,1,0,10),(71,1,0,10),(72,5,0,10),(73,5,0,10),(74,1,0,10),(74,4,0,10),(75,1,0,10),(75,4,0,10),(76,1,0,10),(76,6,0,10),(77,1,0,10),(78,1,0,10),(79,1,0,10),(80,1,0,10),(81,5,0,10),(82,1,0,10),(83,1,0,10),(84,1,0,10),(85,1,0,10),(86,1,0,10),(87,1,0,10),(88,1,0,10),(89,1,0,10),(90,1,0,10),(91,1,0,10),(92,1,0,10),(93,1,0,10),(94,1,0,10),(95,1,0,10),(96,5,0,10),(96,7,0,10),(97,1,0,10),(98,1,0,10),(99,1,0,10),(100,1,0,10),(101,1,0,10),(102,1,0,10),(103,1,0,10),(104,1,0,10),(105,1,0,10),(106,1,0,10),(107,1,0,10),(108,1,0,10),(109,1,0,10),(110,1,0,10),(111,1,0,10),(111,5,0,10),(111,6,0,10),(111,7,0,10),(112,1,0,10),(113,1,0,10),(114,1,0,10),(115,1,0,10),(116,1,0,10),(117,1,0,10),(118,1,0,10),(119,1,0,10),(120,1,0,10),(121,1,0,10),(122,1,0,10),(123,1,0,10),(124,1,0,10),(125,1,0,10),(126,1,0,10),(127,2,0,10);
/*!40000 ALTER TABLE `PermissionAccessList` ENABLE KEYS */;
UNLOCK TABLES;

--
-- Table structure for table `PermissionAccessWorkflows`
--

DROP TABLE IF EXISTS `PermissionAccessWorkflows`;
/*!40101 SET @saved_cs_client     = @@character_set_client */;
/*!40101 SET character_set_client = utf8 */;
CREATE TABLE `PermissionAccessWorkflows` (
  `paID` int(10) unsigned NOT NULL DEFAULT '0',
  `wfID` int(10) unsigned NOT NULL DEFAULT '0',
  PRIMARY KEY (`paID`,`wfID`),
  KEY `wfID` (`wfID`)
) ENGINE=InnoDB DEFAULT CHARSET=utf8 COLLATE=utf8_unicode_ci;
/*!40101 SET character_set_client = @saved_cs_client */;

--
-- Dumping data for table `PermissionAccessWorkflows`
--

LOCK TABLES `PermissionAccessWorkflows` WRITE;
/*!40000 ALTER TABLE `PermissionAccessWorkflows` DISABLE KEYS */;
/*!40000 ALTER TABLE `PermissionAccessWorkflows` ENABLE KEYS */;
UNLOCK TABLES;

--
-- Table structure for table `PermissionAssignments`
--

DROP TABLE IF EXISTS `PermissionAssignments`;
/*!40101 SET @saved_cs_client     = @@character_set_client */;
/*!40101 SET character_set_client = utf8 */;
CREATE TABLE `PermissionAssignments` (
  `paID` int(10) unsigned NOT NULL DEFAULT '0',
  `pkID` int(10) unsigned NOT NULL DEFAULT '0',
  PRIMARY KEY (`paID`,`pkID`),
  KEY `pkID` (`pkID`)
) ENGINE=InnoDB DEFAULT CHARSET=utf8 COLLATE=utf8_unicode_ci;
/*!40101 SET character_set_client = @saved_cs_client */;

--
-- Dumping data for table `PermissionAssignments`
--

LOCK TABLES `PermissionAssignments` WRITE;
/*!40000 ALTER TABLE `PermissionAssignments` DISABLE KEYS */;
INSERT INTO `PermissionAssignments` VALUES (1,19),(2,20),(3,74),(4,75),(5,76),(6,78),(7,79),(8,80),(9,86),(10,87),(11,89),(12,90),(13,91),(14,92),(15,93),(16,94),(17,95),(18,96),(19,97),(20,98),(21,99),(22,100),(23,101),(24,102),(126,103);
/*!40000 ALTER TABLE `PermissionAssignments` ENABLE KEYS */;
UNLOCK TABLES;

--
-- Table structure for table `PermissionDurationObjects`
--

DROP TABLE IF EXISTS `PermissionDurationObjects`;
/*!40101 SET @saved_cs_client     = @@character_set_client */;
/*!40101 SET character_set_client = utf8 */;
CREATE TABLE `PermissionDurationObjects` (
  `pdID` int(10) unsigned NOT NULL AUTO_INCREMENT,
  `pdObject` text COLLATE utf8_unicode_ci NOT NULL,
  PRIMARY KEY (`pdID`)
) ENGINE=InnoDB DEFAULT CHARSET=utf8 COLLATE=utf8_unicode_ci;
/*!40101 SET character_set_client = @saved_cs_client */;

--
-- Dumping data for table `PermissionDurationObjects`
--

LOCK TABLES `PermissionDurationObjects` WRITE;
/*!40000 ALTER TABLE `PermissionDurationObjects` DISABLE KEYS */;
/*!40000 ALTER TABLE `PermissionDurationObjects` ENABLE KEYS */;
UNLOCK TABLES;

--
-- Table structure for table `PermissionKeyCategories`
--

DROP TABLE IF EXISTS `PermissionKeyCategories`;
/*!40101 SET @saved_cs_client     = @@character_set_client */;
/*!40101 SET character_set_client = utf8 */;
CREATE TABLE `PermissionKeyCategories` (
  `pkCategoryID` int(10) unsigned NOT NULL AUTO_INCREMENT,
  `pkCategoryHandle` varchar(255) COLLATE utf8_unicode_ci NOT NULL,
  `pkgID` int(10) unsigned DEFAULT NULL,
  PRIMARY KEY (`pkCategoryID`),
  UNIQUE KEY `pkCategoryHandle` (`pkCategoryHandle`),
  KEY `pkgID` (`pkgID`)
) ENGINE=InnoDB AUTO_INCREMENT=22 DEFAULT CHARSET=utf8 COLLATE=utf8_unicode_ci;
/*!40101 SET character_set_client = @saved_cs_client */;

--
-- Dumping data for table `PermissionKeyCategories`
--

LOCK TABLES `PermissionKeyCategories` WRITE;
/*!40000 ALTER TABLE `PermissionKeyCategories` DISABLE KEYS */;
INSERT INTO `PermissionKeyCategories` VALUES (1,'page',NULL),(2,'single_page',NULL),(3,'stack',NULL),(4,'user',NULL),(5,'file_set',NULL),(6,'file',NULL),(7,'area',NULL),(8,'block_type',NULL),(9,'block',NULL),(10,'admin',NULL),(11,'sitemap',NULL),(12,'marketplace_newsflow',NULL),(13,'basic_workflow',NULL),(14,'page_type',NULL),(15,'gathering',NULL),(16,'group_tree_node',NULL),(17,'topic_category_tree_node',NULL),(18,'topic_tree_node',NULL),(19,'conversation',NULL),(20,'conversation_message',NULL),(21,'multilingual_section',NULL);
/*!40000 ALTER TABLE `PermissionKeyCategories` ENABLE KEYS */;
UNLOCK TABLES;

--
-- Table structure for table `PermissionKeys`
--

DROP TABLE IF EXISTS `PermissionKeys`;
/*!40101 SET @saved_cs_client     = @@character_set_client */;
/*!40101 SET character_set_client = utf8 */;
CREATE TABLE `PermissionKeys` (
  `pkID` int(10) unsigned NOT NULL AUTO_INCREMENT,
  `pkHandle` varchar(255) COLLATE utf8_unicode_ci NOT NULL,
  `pkName` varchar(255) COLLATE utf8_unicode_ci NOT NULL,
  `pkCanTriggerWorkflow` tinyint(1) NOT NULL DEFAULT '0',
  `pkHasCustomClass` tinyint(1) NOT NULL DEFAULT '0',
  `pkDescription` varchar(255) COLLATE utf8_unicode_ci DEFAULT NULL,
  `pkCategoryID` int(10) unsigned DEFAULT NULL,
  `pkgID` int(10) unsigned DEFAULT NULL,
  PRIMARY KEY (`pkID`),
  UNIQUE KEY `akHandle` (`pkHandle`),
  KEY `pkCategoryID` (`pkCategoryID`),
  KEY `pkgID` (`pkgID`)
) ENGINE=InnoDB AUTO_INCREMENT=104 DEFAULT CHARSET=utf8 COLLATE=utf8_unicode_ci;
/*!40101 SET character_set_client = @saved_cs_client */;

--
-- Dumping data for table `PermissionKeys`
--

LOCK TABLES `PermissionKeys` WRITE;
/*!40000 ALTER TABLE `PermissionKeys` DISABLE KEYS */;
INSERT INTO `PermissionKeys` VALUES (1,'view_page','View',0,0,'Can see a page exists and read its content.',1,0),(2,'view_page_versions','View Versions',0,0,'Can view the page versions dialog and read past versions of a page.',1,0),(3,'view_page_in_sitemap','View Page in Sitemap',0,0,'Controls whether a user can see a page in the sitemap or intelligent search.',1,0),(4,'preview_page_as_user','Preview Page As User',0,0,'Ability to see what this page will look like at a specific time in the future as a specific user.',1,0),(5,'edit_page_properties','Edit Properties',0,1,'Ability to change anything in the Page Properties menu.',1,0),(6,'edit_page_contents','Edit Contents',0,0,'Ability to make edits to at least some of the content in the page. You can lock down different block areas and specific blocks by clicking Permissions on them as well. ',1,0),(7,'edit_page_speed_settings','Edit Speed Settings',0,0,'Ability to change caching settings.',1,0),(8,'edit_page_theme','Change Theme',0,1,'Ability to change just the theme for this page.',1,0),(9,'edit_page_template','Change Page Template',0,0,'Ability to change just the page template for this page.',1,0),(10,'edit_page_page_type','Edit Page Type',0,0,'Change the type of an existing page.',1,0),(11,'edit_page_permissions','Edit Permissions',1,0,'Ability to change permissions for this page. Warning: by granting this a user could give themselves more access.',1,0),(12,'delete_page','Delete',1,0,'Ability to move this page to the site\'s Trash.',1,0),(13,'delete_page_versions','Delete Versions',1,0,'Ability to remove old versions of this page.',1,0),(14,'approve_page_versions','Approve Changes',1,0,'Can publish an unapproved version of the page.',1,0),(15,'add_subpage','Add Sub-Page',0,1,'Can add a page beneath the current page.',1,0),(16,'move_or_copy_page','Move or Copy Page',1,0,'Can move or copy this page to another location.',1,0),(17,'schedule_page_contents_guest_access','Schedule Guest Access',0,0,'Can control scheduled guest access to this page.',1,0),(18,'edit_page_multilingual_settings','Edit Multilingual Settings',0,0,'Controls whether a user can see the multilingual settings menu, re-map a page or set a page as ignored in multilingual settings.',1,0),(19,'add_block','Add Block',0,1,'Can add a block to any area on the site. If someone is added here they can add blocks to any area (unless that area has permissions that override these global permissions.)',8,0),(20,'add_stack','Add Stack',0,0,'Can add a stack or block from a stack to any area on the site. If someone is added here they can add stacks to any area (unless that area has permissions that override these global permissions.)',8,0),(21,'view_area','View Area',0,0,'Can view the area and its contents.',7,0),(22,'edit_area_contents','Edit Area Contents',0,0,'Can edit blocks within this area.',7,0),(23,'add_block_to_area','Add Block to Area',0,1,'Can add blocks to this area. This setting overrides the global Add Block permission for this area.',7,0),(24,'add_stack_to_area','Add Stack to Area',0,0,'Can add stacks to this area. This setting overrides the global Add Stack permission for this area.',7,0),(25,'add_layout_to_area','Add Layouts to Area',0,0,'Controls whether users get the ability to add layouts to a particular area.',7,0),(26,'edit_area_design','Edit Area Design',0,0,'Controls whether users see design controls and can modify an area\'s custom CSS.',7,0),(27,'edit_area_permissions','Edit Area Permissions',0,0,'Controls whether users can access the permissions on an area. Custom area permissions could override those of the page.',7,0),(28,'delete_area_contents','Delete Area Contents',0,0,'Controls whether users can delete blocks from this area.',7,0),(29,'schedule_area_contents_guest_access','Schedule Guest Access',0,0,'Controls whether users can schedule guest access permissions on blocks in this area. Guest Access is a shortcut for granting permissions just to the Guest Group.',7,0),(30,'view_block','View Block',0,0,'Controls whether users can view this block in the page.',9,0),(31,'edit_block','Edit Block',0,0,'Controls whether users can edit this block. This overrides any area or page permissions.',9,0),(32,'edit_block_custom_template','Change Custom Template',0,0,'Controls whether users can change the custom template on this block. This overrides any area or page permissions.',9,0),(33,'edit_block_cache_settings','Edit Cache Settings',0,0,'Controls whether users can change the block cache settings for this block instance.',9,0),(34,'edit_block_name','Edit Name',0,0,'Controls whether users can change the block\'s name (rarely used.)',9,0),(35,'delete_block','Delete Block',0,0,'Controls whether users can delete this block. This overrides any area or page permissions.',9,0),(36,'edit_block_design','Edit Design',0,0,'Controls whether users can set custom design properties or CSS on this block.',9,0),(37,'edit_block_permissions','Edit Permissions',0,0,'Controls whether users can change permissions on this block, potentially granting themselves or others greater access.',9,0),(38,'schedule_guest_access','Schedule Guest Access',0,0,'Controls whether users can schedule guest access permissions on this block. Guest Access is a shortcut for granting permissions just to the Guest Group.',9,0),(39,'view_file_set_file','View Files',0,0,'Can view and download files in the site.',5,0),(40,'search_file_set','Search Files in File Manager',0,0,'Can access the file manager',5,0),(41,'edit_file_set_file_properties','Edit File Properties',0,0,'Can edit a file\'s properties.',5,0),(42,'edit_file_set_file_contents','Edit File Contents',0,0,'Can edit or replace files in set.',5,0),(43,'copy_file_set_files','Copy File',0,0,'Can copy files in file set.',5,0),(44,'edit_file_set_permissions','Edit File Access',0,0,'Can edit access to file sets.',5,0),(45,'delete_file_set','Delete File Set',0,0,'Can delete file set.',5,0),(46,'delete_file_set_files','Delete File',0,0,'Can delete files in set.',5,0),(47,'add_file','Add File',0,1,'Can add files to set.',5,0),(48,'view_file','View Files',0,0,'Can view and download files.',6,0),(49,'view_file_in_file_manager','View File in File Manager',0,0,'Can access the File Manager.',6,0),(50,'edit_file_properties','Edit File Properties',0,0,'Can edit a file\'s properties.',6,0),(51,'edit_file_contents','Edit File Contents',0,0,'Can edit or replace files.',6,0),(52,'copy_file','Copy File',0,0,'Can copy file.',6,0),(53,'edit_file_permissions','Edit File Access',0,0,'Can edit access to file.',6,0),(54,'delete_file','Delete File',0,0,'Can delete file.',6,0),(55,'approve_basic_workflow_action','Approve or Deny',0,0,'Grant ability to approve workflow.',13,0),(56,'notify_on_basic_workflow_entry','Notify on Entry',0,0,'Notify approvers that a change has entered the workflow.',13,0),(57,'notify_on_basic_workflow_approve','Notify on Approve',0,0,'Notify approvers that a change has been approved.',13,0),(58,'notify_on_basic_workflow_deny','Notify on Deny',0,0,'Notify approvers that a change has been denied.',13,0),(59,'add_page_type','Add Pages of This Type',0,0,'',14,0),(60,'edit_page_type','Edit Page Type',0,0,'',14,0),(61,'delete_page_type','Delete Page Type',0,0,'',14,0),(62,'edit_page_type_permissions','Edit Page Type Permissions',0,0,'',14,0),(63,'edit_page_type_drafts','Edit Page Type Drafts',0,0,'',14,0),(64,'view_topic_tree_node','View Topic Tree Node',0,0,'',18,0),(65,'view_topic_category_tree_node','View Topic Category Tree Node',0,0,'',17,0),(66,'add_conversation_message','Add Message to Conversation',0,1,'',19,0),(67,'add_conversation_message_attachments','Add Message Attachments',0,0,'',19,0),(68,'edit_conversation_permissions','Edit Conversation Permissions',0,0,'',19,0),(69,'delete_conversation_message','Delete Message',0,0,'',19,0),(70,'edit_conversation_message','Edit Message',0,0,'',19,0),(71,'rate_conversation_message','Rate Message',0,0,'',19,0),(72,'flag_conversation_message','Flag Message',0,0,'',19,0),(73,'approve_conversation_message','Approve Message',0,0,'',19,0),(74,'edit_user_properties','Edit User Details',0,1,NULL,4,0),(75,'view_user_attributes','View User Attributes',0,1,NULL,4,0),(76,'activate_user','Activate/Deactivate User',0,0,NULL,4,0),(77,'sudo','Sign in as User',0,0,NULL,4,0),(78,'upgrade','Upgrade concrete5',0,0,NULL,10,0),(79,'access_group_search','Access Group Search',0,0,NULL,4,0),(80,'delete_user','Delete User',0,0,NULL,4,0),(81,'search_users_in_group','Search User Group',0,0,NULL,16,0),(82,'edit_group','Edit Group',0,0,NULL,16,0),(83,'assign_group','Assign Group',0,0,NULL,16,0),(84,'add_sub_group','Add Child Group',0,0,NULL,16,0),(85,'edit_group_permissions','Edit Group Permissions',0,0,NULL,16,0),(86,'access_page_type_permissions','Access Page Type Permissions',0,0,NULL,10,0),(87,'backup','Perform Backups',0,0,NULL,10,0),(88,'access_task_permissions','Access Task Permissions',0,0,NULL,10,0),(89,'access_sitemap','Access Sitemap',0,0,NULL,11,0),(90,'access_page_defaults','Access Page Type Defaults',0,0,NULL,10,0),(91,'customize_themes','Customize Themes',0,0,NULL,10,0),(92,'manage_layout_presets','Manage Layout Presets',0,0,NULL,10,0),(93,'empty_trash','Empty Trash',0,0,NULL,10,0),(94,'add_topic_tree','Add Topic Tree',0,0,NULL,10,0),(95,'remove_topic_tree','Remove Topic Tree',0,0,NULL,10,0),(96,'uninstall_packages','Uninstall Packages',0,0,NULL,12,0),(97,'install_packages','Install Packages',0,0,NULL,12,0),(98,'view_newsflow','View Newsflow',0,0,NULL,12,0),(99,'access_user_search_export','Export Site Users',0,0,'Controls whether a user can export site users or not',4,0),(100,'access_user_search','Access User Search',0,0,'Controls whether a user can view the search user interface.',4,0),(101,'edit_gatherings','Edit Gatherings',0,0,'Can edit the footprint and items in all gatherings.',10,0),(102,'edit_gathering_items','Edit Gathering Items',0,0,'',15,0),(103,'view_in_maintenance_mode','View Site in Maintenance Mode',0,0,'Controls whether a user can access the website when its under maintenance.',10,0);
/*!40000 ALTER TABLE `PermissionKeys` ENABLE KEYS */;
UNLOCK TABLES;

--
-- Table structure for table `PileContents`
--

DROP TABLE IF EXISTS `PileContents`;
/*!40101 SET @saved_cs_client     = @@character_set_client */;
/*!40101 SET character_set_client = utf8 */;
CREATE TABLE `PileContents` (
  `pcID` int(10) unsigned NOT NULL AUTO_INCREMENT,
  `pID` int(10) unsigned NOT NULL DEFAULT '0',
  `itemID` int(10) unsigned NOT NULL DEFAULT '0',
  `itemType` varchar(64) COLLATE utf8_unicode_ci NOT NULL,
  `quantity` int(10) unsigned NOT NULL DEFAULT '1',
  `timestamp` timestamp NOT NULL DEFAULT CURRENT_TIMESTAMP,
  `displayOrder` int(10) unsigned NOT NULL DEFAULT '0',
  PRIMARY KEY (`pcID`),
  KEY `pID` (`pID`,`displayOrder`),
  KEY `itemID` (`itemID`),
  KEY `itemType` (`itemType`,`itemID`,`pID`)
) ENGINE=InnoDB AUTO_INCREMENT=2 DEFAULT CHARSET=utf8 COLLATE=utf8_unicode_ci;
/*!40101 SET character_set_client = @saved_cs_client */;

--
-- Dumping data for table `PileContents`
--

LOCK TABLES `PileContents` WRITE;
/*!40000 ALTER TABLE `PileContents` DISABLE KEYS */;
INSERT INTO `PileContents` VALUES (1,1,185,'BLOCK',1,'2015-03-07 02:15:29',1);
/*!40000 ALTER TABLE `PileContents` ENABLE KEYS */;
UNLOCK TABLES;

--
-- Table structure for table `Piles`
--

DROP TABLE IF EXISTS `Piles`;
/*!40101 SET @saved_cs_client     = @@character_set_client */;
/*!40101 SET character_set_client = utf8 */;
CREATE TABLE `Piles` (
  `pID` int(10) unsigned NOT NULL AUTO_INCREMENT,
  `uID` int(10) unsigned DEFAULT NULL,
  `isDefault` tinyint(1) NOT NULL DEFAULT '0',
  `timestamp` timestamp NOT NULL DEFAULT CURRENT_TIMESTAMP,
  `name` varchar(255) COLLATE utf8_unicode_ci DEFAULT NULL,
  `state` varchar(64) COLLATE utf8_unicode_ci NOT NULL,
  PRIMARY KEY (`pID`),
  KEY `uID` (`uID`,`name`)
) ENGINE=InnoDB AUTO_INCREMENT=3 DEFAULT CHARSET=utf8 COLLATE=utf8_unicode_ci;
/*!40101 SET character_set_client = @saved_cs_client */;

--
-- Dumping data for table `Piles`
--

LOCK TABLES `Piles` WRITE;
/*!40000 ALTER TABLE `Piles` DISABLE KEYS */;
INSERT INTO `Piles` VALUES (1,1,1,'2015-03-02 23:49:28',NULL,'READY'),(2,2,1,'2015-03-09 14:07:32',NULL,'READY');
/*!40000 ALTER TABLE `Piles` ENABLE KEYS */;
UNLOCK TABLES;

--
-- Table structure for table `QueueMessages`
--

DROP TABLE IF EXISTS `QueueMessages`;
/*!40101 SET @saved_cs_client     = @@character_set_client */;
/*!40101 SET character_set_client = utf8 */;
CREATE TABLE `QueueMessages` (
  `message_id` int(10) unsigned NOT NULL AUTO_INCREMENT,
  `queue_id` int(10) unsigned NOT NULL,
  `handle` varchar(32) COLLATE utf8_unicode_ci DEFAULT NULL,
  `body` longtext COLLATE utf8_unicode_ci NOT NULL,
  `md5` varchar(32) COLLATE utf8_unicode_ci NOT NULL,
  `timeout` decimal(14,0) DEFAULT NULL,
  `created` int(10) unsigned NOT NULL,
  PRIMARY KEY (`message_id`),
  UNIQUE KEY `message_handle` (`handle`),
  KEY `message_queueid` (`queue_id`)
) ENGINE=InnoDB AUTO_INCREMENT=188 DEFAULT CHARSET=utf8 COLLATE=utf8_unicode_ci;
/*!40101 SET character_set_client = @saved_cs_client */;

--
-- Dumping data for table `QueueMessages`
--

LOCK TABLES `QueueMessages` WRITE;
/*!40000 ALTER TABLE `QueueMessages` DISABLE KEYS */;
INSERT INTO `QueueMessages` VALUES (166,1,NULL,'169','3636638817772e42b59d74cff571fbb3',NULL,1438598211),(167,1,NULL,'170','149e9677a5989fd342ae44213df68868',NULL,1438598211),(168,1,NULL,'171','a4a042cf4fd6bfb47701cbc8a1653ada',NULL,1438598211),(169,1,NULL,'172','1ff8a7b5dc7a7d1f0ed65aaa29c04b1e',NULL,1438598211),(170,1,NULL,'173','f7e6c85504ce6e82442c770f7c8606f0',NULL,1438598211),(171,1,NULL,'174','bf8229696f7a3bb4700cfddef19fa23f',NULL,1438598211),(172,1,NULL,'175','82161242827b703e6acf9c726942a1e4',NULL,1438598211),(173,1,NULL,'176','38af86134b65d0f10fe33d30dd76442e',NULL,1438598211),(174,1,NULL,'177','96da2f590cd7246bbde0051047b0d6f7',NULL,1438598211),(175,1,NULL,'178','8f85517967795eeef66c225f7883bdcb',NULL,1438598211),(176,1,NULL,'179','8f53295a73878494e9bc8dd6c3c7104f',NULL,1438598211),(177,1,NULL,'180','045117b0e0a11a242b9765e79cbf113f',NULL,1438598211),(178,1,NULL,'181','fc221309746013ac554571fbd180e1c8',NULL,1438598211),(179,1,NULL,'184','6cdd60ea0045eb7a6ec44c54d29ed402',NULL,1438598211),(180,1,NULL,'186','9872ed9fc22fc182d371c3e9ed316094',NULL,1438598211),(181,1,NULL,'187','31fefc0e570cb3860f2a6d4b38c6490d',NULL,1438598211),(182,1,NULL,'188','9dcb88e0137649590b755372b040afad',NULL,1438598211),(183,1,NULL,'189','a2557a7b2e94197ff767970b67041697',NULL,1438598211),(184,1,NULL,'190','cfecdb276f634854f3ef915e2e980c31',NULL,1438598211),(185,1,NULL,'191','0aa1883c6411f7873cb83dacb17b0afc',NULL,1438598211),(186,1,NULL,'192','58a2fc6ed39fd083f55d4182bf88826d',NULL,1438598211),(187,1,NULL,'193','bd686fd640be98efaae0091fa301e613',NULL,1438598211);
/*!40000 ALTER TABLE `QueueMessages` ENABLE KEYS */;
UNLOCK TABLES;

--
-- Table structure for table `QueuePageDuplicationRelations`
--

DROP TABLE IF EXISTS `QueuePageDuplicationRelations`;
/*!40101 SET @saved_cs_client     = @@character_set_client */;
/*!40101 SET character_set_client = utf8 */;
CREATE TABLE `QueuePageDuplicationRelations` (
  `queue_name` varchar(255) COLLATE utf8_unicode_ci NOT NULL,
  `cID` int(10) unsigned NOT NULL DEFAULT '0',
  `originalCID` int(10) unsigned NOT NULL DEFAULT '0',
  PRIMARY KEY (`cID`,`originalCID`),
  KEY `originalCID` (`originalCID`,`queue_name`)
) ENGINE=InnoDB DEFAULT CHARSET=utf8 COLLATE=utf8_unicode_ci;
/*!40101 SET character_set_client = @saved_cs_client */;

--
-- Dumping data for table `QueuePageDuplicationRelations`
--

LOCK TABLES `QueuePageDuplicationRelations` WRITE;
/*!40000 ALTER TABLE `QueuePageDuplicationRelations` DISABLE KEYS */;
/*!40000 ALTER TABLE `QueuePageDuplicationRelations` ENABLE KEYS */;
UNLOCK TABLES;

--
-- Table structure for table `Queues`
--

DROP TABLE IF EXISTS `Queues`;
/*!40101 SET @saved_cs_client     = @@character_set_client */;
/*!40101 SET character_set_client = utf8 */;
CREATE TABLE `Queues` (
  `queue_id` int(10) unsigned NOT NULL AUTO_INCREMENT,
  `queue_name` varchar(100) COLLATE utf8_unicode_ci NOT NULL,
  `timeout` int(10) unsigned NOT NULL DEFAULT '30',
  PRIMARY KEY (`queue_id`),
  KEY `queue_name` (`queue_name`)
) ENGINE=InnoDB AUTO_INCREMENT=2 DEFAULT CHARSET=utf8 COLLATE=utf8_unicode_ci;
/*!40101 SET character_set_client = @saved_cs_client */;

--
-- Dumping data for table `Queues`
--

LOCK TABLES `Queues` WRITE;
/*!40000 ALTER TABLE `Queues` DISABLE KEYS */;
INSERT INTO `Queues` VALUES (1,'job_index_search_all',1);
/*!40000 ALTER TABLE `Queues` ENABLE KEYS */;
UNLOCK TABLES;

--
-- Table structure for table `Sessions`
--

DROP TABLE IF EXISTS `Sessions`;
/*!40101 SET @saved_cs_client     = @@character_set_client */;
/*!40101 SET character_set_client = utf8 */;
CREATE TABLE `Sessions` (
  `sessionID` varchar(255) COLLATE utf8_unicode_ci NOT NULL,
  `sessionValue` text COLLATE utf8_unicode_ci NOT NULL,
  `sessionTime` int(10) unsigned NOT NULL,
  PRIMARY KEY (`sessionID`)
) ENGINE=InnoDB DEFAULT CHARSET=utf8 COLLATE=utf8_unicode_ci;
/*!40101 SET character_set_client = @saved_cs_client */;

--
-- Dumping data for table `Sessions`
--

LOCK TABLES `Sessions` WRITE;
/*!40000 ALTER TABLE `Sessions` DISABLE KEYS */;
/*!40000 ALTER TABLE `Sessions` ENABLE KEYS */;
UNLOCK TABLES;

--
-- Table structure for table `SignupRequests`
--

DROP TABLE IF EXISTS `SignupRequests`;
/*!40101 SET @saved_cs_client     = @@character_set_client */;
/*!40101 SET character_set_client = utf8 */;
CREATE TABLE `SignupRequests` (
  `id` int(11) NOT NULL AUTO_INCREMENT,
  `ipFrom` tinyblob,
  `date_access` timestamp NOT NULL DEFAULT CURRENT_TIMESTAMP,
  PRIMARY KEY (`id`),
  KEY `ipFrom` (`ipFrom`(32))
) ENGINE=InnoDB AUTO_INCREMENT=4 DEFAULT CHARSET=utf8 COLLATE=utf8_unicode_ci;
/*!40101 SET character_set_client = @saved_cs_client */;

--
-- Dumping data for table `SignupRequests`
--

LOCK TABLES `SignupRequests` WRITE;
/*!40000 ALTER TABLE `SignupRequests` DISABLE KEYS */;
INSERT INTO `SignupRequests` VALUES (1,'bca50f0d','2015-07-23 02:53:15'),(2,'bca50f61','2015-07-28 01:22:42'),(3,'97501f85','2015-09-01 04:24:46');
/*!40000 ALTER TABLE `SignupRequests` ENABLE KEYS */;
UNLOCK TABLES;

--
-- Table structure for table `SocialLinks`
--

DROP TABLE IF EXISTS `SocialLinks`;
/*!40101 SET @saved_cs_client     = @@character_set_client */;
/*!40101 SET character_set_client = utf8 */;
CREATE TABLE `SocialLinks` (
  `slID` int(10) unsigned NOT NULL AUTO_INCREMENT,
  `ssHandle` varchar(255) COLLATE utf8_unicode_ci NOT NULL DEFAULT '',
  `url` varchar(255) COLLATE utf8_unicode_ci DEFAULT NULL,
  PRIMARY KEY (`slID`),
  UNIQUE KEY `ssHandle` (`ssHandle`)
) ENGINE=InnoDB AUTO_INCREMENT=4 DEFAULT CHARSET=utf8 COLLATE=utf8_unicode_ci;
/*!40101 SET character_set_client = @saved_cs_client */;

--
-- Dumping data for table `SocialLinks`
--

LOCK TABLES `SocialLinks` WRITE;
/*!40000 ALTER TABLE `SocialLinks` DISABLE KEYS */;
INSERT INTO `SocialLinks` VALUES (1,'facebook','http://facebook.com/concrete5'),(3,'twitter','http://twitter.com/concrete5');
/*!40000 ALTER TABLE `SocialLinks` ENABLE KEYS */;
UNLOCK TABLES;

--
-- Table structure for table `Stacks`
--

DROP TABLE IF EXISTS `Stacks`;
/*!40101 SET @saved_cs_client     = @@character_set_client */;
/*!40101 SET character_set_client = utf8 */;
CREATE TABLE `Stacks` (
  `stID` int(10) unsigned NOT NULL AUTO_INCREMENT,
  `stName` varchar(255) COLLATE utf8_unicode_ci NOT NULL,
  `stType` int(10) unsigned NOT NULL DEFAULT '0',
  `cID` int(10) unsigned NOT NULL DEFAULT '0',
  `stMultilingualSection` int(10) unsigned NOT NULL DEFAULT '0',
  PRIMARY KEY (`stID`),
  KEY `stType` (`stType`),
  KEY `stName` (`stName`),
  KEY `cID` (`cID`)
) ENGINE=InnoDB AUTO_INCREMENT=9 DEFAULT CHARSET=utf8 COLLATE=utf8_unicode_ci;
/*!40101 SET character_set_client = @saved_cs_client */;

--
-- Dumping data for table `Stacks`
--

LOCK TABLES `Stacks` WRITE;
/*!40000 ALTER TABLE `Stacks` DISABLE KEYS */;
INSERT INTO `Stacks` VALUES (1,'Footer Contact',20,143,0),(2,'Footer Legal',20,144,0),(3,'Footer Navigation',20,145,0),(4,'Footer Site Title',20,146,0),(5,'Footer Social',20,147,0),(6,'Header Navigation',20,148,0),(7,'Header Search',20,149,0),(8,'Header Site Title',20,150,0);
/*!40000 ALTER TABLE `Stacks` ENABLE KEYS */;
UNLOCK TABLES;

--
-- Table structure for table `StyleCustomizerCustomCssRecords`
--

DROP TABLE IF EXISTS `StyleCustomizerCustomCssRecords`;
/*!40101 SET @saved_cs_client     = @@character_set_client */;
/*!40101 SET character_set_client = utf8 */;
CREATE TABLE `StyleCustomizerCustomCssRecords` (
  `sccRecordID` int(10) unsigned NOT NULL AUTO_INCREMENT,
  `value` longtext COLLATE utf8_unicode_ci,
  PRIMARY KEY (`sccRecordID`)
) ENGINE=InnoDB DEFAULT CHARSET=utf8 COLLATE=utf8_unicode_ci;
/*!40101 SET character_set_client = @saved_cs_client */;

--
-- Dumping data for table `StyleCustomizerCustomCssRecords`
--

LOCK TABLES `StyleCustomizerCustomCssRecords` WRITE;
/*!40000 ALTER TABLE `StyleCustomizerCustomCssRecords` DISABLE KEYS */;
/*!40000 ALTER TABLE `StyleCustomizerCustomCssRecords` ENABLE KEYS */;
UNLOCK TABLES;

--
-- Table structure for table `StyleCustomizerInlineStylePresets`
--

DROP TABLE IF EXISTS `StyleCustomizerInlineStylePresets`;
/*!40101 SET @saved_cs_client     = @@character_set_client */;
/*!40101 SET character_set_client = utf8 */;
CREATE TABLE `StyleCustomizerInlineStylePresets` (
  `pssPresetID` int(10) unsigned NOT NULL AUTO_INCREMENT,
  `pssPresetName` varchar(255) COLLATE utf8_unicode_ci NOT NULL,
  `issID` int(10) unsigned NOT NULL DEFAULT '0',
  PRIMARY KEY (`pssPresetID`),
  KEY `issID` (`issID`)
) ENGINE=InnoDB DEFAULT CHARSET=utf8 COLLATE=utf8_unicode_ci;
/*!40101 SET character_set_client = @saved_cs_client */;

--
-- Dumping data for table `StyleCustomizerInlineStylePresets`
--

LOCK TABLES `StyleCustomizerInlineStylePresets` WRITE;
/*!40000 ALTER TABLE `StyleCustomizerInlineStylePresets` DISABLE KEYS */;
/*!40000 ALTER TABLE `StyleCustomizerInlineStylePresets` ENABLE KEYS */;
UNLOCK TABLES;

--
-- Table structure for table `StyleCustomizerInlineStyleSets`
--

DROP TABLE IF EXISTS `StyleCustomizerInlineStyleSets`;
/*!40101 SET @saved_cs_client     = @@character_set_client */;
/*!40101 SET character_set_client = utf8 */;
CREATE TABLE `StyleCustomizerInlineStyleSets` (
  `issID` int(10) unsigned NOT NULL AUTO_INCREMENT,
  `backgroundColor` varchar(255) COLLATE utf8_unicode_ci DEFAULT NULL,
  `backgroundImageFileID` int(11) DEFAULT NULL,
  `backgroundRepeat` varchar(255) COLLATE utf8_unicode_ci DEFAULT NULL,
  `borderWidth` varchar(255) COLLATE utf8_unicode_ci DEFAULT NULL,
  `borderColor` varchar(255) COLLATE utf8_unicode_ci DEFAULT NULL,
  `borderStyle` varchar(255) COLLATE utf8_unicode_ci DEFAULT NULL,
  `borderRadius` varchar(255) COLLATE utf8_unicode_ci DEFAULT NULL,
  `baseFontSize` varchar(255) COLLATE utf8_unicode_ci DEFAULT NULL,
  `alignment` varchar(255) COLLATE utf8_unicode_ci DEFAULT NULL,
  `textColor` varchar(255) COLLATE utf8_unicode_ci DEFAULT NULL,
  `linkColor` varchar(255) COLLATE utf8_unicode_ci DEFAULT NULL,
  `paddingTop` varchar(255) COLLATE utf8_unicode_ci DEFAULT NULL,
  `paddingBottom` varchar(255) COLLATE utf8_unicode_ci DEFAULT NULL,
  `paddingLeft` varchar(255) COLLATE utf8_unicode_ci DEFAULT NULL,
  `paddingRight` varchar(255) COLLATE utf8_unicode_ci DEFAULT NULL,
  `marginTop` varchar(255) COLLATE utf8_unicode_ci DEFAULT NULL,
  `marginBottom` varchar(255) COLLATE utf8_unicode_ci DEFAULT NULL,
  `marginLeft` varchar(255) COLLATE utf8_unicode_ci DEFAULT NULL,
  `marginRight` varchar(255) COLLATE utf8_unicode_ci DEFAULT NULL,
  `rotate` varchar(255) COLLATE utf8_unicode_ci DEFAULT NULL,
  `boxShadowHorizontal` varchar(255) COLLATE utf8_unicode_ci DEFAULT NULL,
  `boxShadowVertical` varchar(255) COLLATE utf8_unicode_ci DEFAULT NULL,
  `boxShadowBlur` varchar(255) COLLATE utf8_unicode_ci DEFAULT NULL,
  `boxShadowSpread` varchar(255) COLLATE utf8_unicode_ci DEFAULT NULL,
  `boxShadowColor` varchar(255) COLLATE utf8_unicode_ci DEFAULT NULL,
  `customClass` varchar(255) COLLATE utf8_unicode_ci DEFAULT NULL,
  `hideOnExtraSmallDevice` tinyint(1) DEFAULT NULL,
  `hideOnSmallDevice` tinyint(1) DEFAULT NULL,
  `hideOnMediumDevice` tinyint(1) DEFAULT NULL,
  `hideOnLargeDevice` tinyint(1) DEFAULT NULL,
  PRIMARY KEY (`issID`)
) ENGINE=InnoDB AUTO_INCREMENT=30 DEFAULT CHARSET=utf8 COLLATE=utf8_unicode_ci;
/*!40101 SET character_set_client = @saved_cs_client */;

--
-- Dumping data for table `StyleCustomizerInlineStyleSets`
--

LOCK TABLES `StyleCustomizerInlineStyleSets` WRITE;
/*!40000 ALTER TABLE `StyleCustomizerInlineStyleSets` DISABLE KEYS */;
INSERT INTO `StyleCustomizerInlineStyleSets` VALUES (1,'',0,'','','','','','','','','','','','','','','','','','','','','','','','block-sidebar-wrapped',NULL,NULL,NULL,NULL),(2,'',0,'','','','','','','','','','','','','','','','','','','','','','','','block-sidebar-wrapped',NULL,NULL,NULL,NULL),(3,'',0,'','','','','','','','','','','','','','','','','','','','','','','','block-sidebar-wrapped',NULL,NULL,NULL,NULL),(4,'',0,'','','','','','','','','','','','','','','','','','','','','','','','blog-entry-list',NULL,NULL,NULL,NULL),(5,'',0,'','','','','','','','','','','','','','','','','','','','','','','','block-sidebar-wrapped',NULL,NULL,NULL,NULL),(6,'',0,'','','','','','','','','','','','','','','','','','','','','','','','block-sidebar-padded',NULL,NULL,NULL,NULL),(7,'',0,'no-repeat','','','none','','','','','','','','','','','','','','','','','','','','',NULL,NULL,NULL,NULL),(8,'',0,'','','','','','','','','','','','','','','','','','','','','','','','feature-home-page',NULL,NULL,NULL,NULL),(9,'',0,'','','','','','','','','','','','','','','','','','','','','','','','feature-home-page',NULL,NULL,NULL,NULL),(10,'',0,'','','','','','','','','','','','','','','','','','','','','','','','feature-home-page',NULL,NULL,NULL,NULL),(11,'',0,'','','','','','','','','','','','','','','80px','','','','','','','','','',NULL,NULL,NULL,NULL),(12,'',0,'','','','','','','','','','','','','','','','','','','','','','','','recent-blog-entry',NULL,NULL,NULL,NULL),(13,'',0,'','','','','','','','','','','','','','','','','','','','','','','','recent-blog-entry',NULL,NULL,NULL,NULL),(14,'',0,'','','','','','','','','','','','','','','','','','','','','','','','area-content-accent',NULL,NULL,NULL,NULL),(15,'',0,'','','','','','','','','','','','','','','','','','','','','','','','area-content-accent',NULL,NULL,NULL,NULL),(16,'',0,'','','','','','','','','','','','','','','','','','','','','','','','testimonial-bio',NULL,NULL,NULL,NULL),(17,'',0,'','','','','','','','','','','','','','','','','','','','','','','','testimonial-bio',NULL,NULL,NULL,NULL),(18,'',0,'','','','','','','','','','','','','','','','','','','','','','','','testimonial-bio',NULL,NULL,NULL,NULL),(19,'',0,'','','','','','','','','','','','','','','','','','','','','','','','testimonial-bio',NULL,NULL,NULL,NULL),(20,'',0,'','','','','','','','','','','','','','','','','','','','','','','','testimonial-bio',NULL,NULL,NULL,NULL),(21,'',0,'','','','','','','','','','','','','','','','','','','','','','','','testimonial-bio',NULL,NULL,NULL,NULL),(22,'',0,'','','','','','','','','','','','','','','','','','','','','','','','testimonial-bio',NULL,NULL,NULL,NULL),(23,'',0,'','','','','','','','','','','','','','','','','','','','','','','','testimonial-bio',NULL,NULL,NULL,NULL),(24,'',0,'','','','','','','','','','','','','','','','','','','','','','','','image-right-tilt',NULL,NULL,NULL,NULL),(25,'',0,'','','','','','','','','','','','','','','','','','','','','','','','image-circle',NULL,NULL,NULL,NULL),(26,'',0,'','','','','','','','','','','','','','','','','','','','','','','','image-right-tilt',NULL,NULL,NULL,NULL),(27,'',0,'','','','','','','','','','','','','','','','','','','','','','','','page-list-with-buttons',NULL,NULL,NULL,NULL),(28,'',0,'no-repeat',NULL,'','none',NULL,NULL,'','','',NULL,NULL,NULL,NULL,NULL,NULL,NULL,NULL,NULL,NULL,NULL,NULL,NULL,'','',NULL,NULL,NULL,NULL),(29,'',0,'no-repeat',NULL,'','none',NULL,NULL,'','','',NULL,NULL,NULL,NULL,NULL,NULL,NULL,NULL,NULL,NULL,NULL,NULL,NULL,'','templatemo-team',NULL,NULL,NULL,NULL);
/*!40000 ALTER TABLE `StyleCustomizerInlineStyleSets` ENABLE KEYS */;
UNLOCK TABLES;

--
-- Table structure for table `StyleCustomizerValueLists`
--

DROP TABLE IF EXISTS `StyleCustomizerValueLists`;
/*!40101 SET @saved_cs_client     = @@character_set_client */;
/*!40101 SET character_set_client = utf8 */;
CREATE TABLE `StyleCustomizerValueLists` (
  `scvlID` int(10) unsigned NOT NULL AUTO_INCREMENT,
  PRIMARY KEY (`scvlID`)
) ENGINE=InnoDB AUTO_INCREMENT=14 DEFAULT CHARSET=utf8 COLLATE=utf8_unicode_ci;
/*!40101 SET character_set_client = @saved_cs_client */;

--
-- Dumping data for table `StyleCustomizerValueLists`
--

LOCK TABLES `StyleCustomizerValueLists` WRITE;
/*!40000 ALTER TABLE `StyleCustomizerValueLists` DISABLE KEYS */;
INSERT INTO `StyleCustomizerValueLists` VALUES (1),(2),(3),(4),(5),(6),(7),(8),(9),(10),(11),(12),(13);
/*!40000 ALTER TABLE `StyleCustomizerValueLists` ENABLE KEYS */;
UNLOCK TABLES;

--
-- Table structure for table `StyleCustomizerValues`
--

DROP TABLE IF EXISTS `StyleCustomizerValues`;
/*!40101 SET @saved_cs_client     = @@character_set_client */;
/*!40101 SET character_set_client = utf8 */;
CREATE TABLE `StyleCustomizerValues` (
  `scvID` int(10) unsigned NOT NULL AUTO_INCREMENT,
  `scvlID` int(10) unsigned DEFAULT NULL,
  `value` text COLLATE utf8_unicode_ci,
  PRIMARY KEY (`scvID`),
  KEY `scvlID` (`scvlID`)
) ENGINE=InnoDB AUTO_INCREMENT=122 DEFAULT CHARSET=utf8 COLLATE=utf8_unicode_ci;
/*!40101 SET character_set_client = @saved_cs_client */;

--
-- Dumping data for table `StyleCustomizerValues`
--

LOCK TABLES `StyleCustomizerValues` WRITE;
/*!40000 ALTER TABLE `StyleCustomizerValues` DISABLE KEYS */;
INSERT INTO `StyleCustomizerValues` VALUES (1,1,'O:52:\"Concrete\\Core\\StyleCustomizer\\Style\\Value\\ColorValue\":7:{s:4:\"\0*\0r\";i:255;s:4:\"\0*\0g\";i:118;s:4:\"\0*\0b\";i:0;s:4:\"\0*\0a\";b:0;s:11:\"\0*\0variable\";s:14:\"primary-action\";s:8:\"\0*\0scvID\";N;s:9:\"\0*\0scvlID\";N;}'),(2,1,'O:51:\"Concrete\\Core\\StyleCustomizer\\Style\\Value\\SizeValue\":5:{s:7:\"\0*\0size\";s:3:\"100\";s:7:\"\0*\0unit\";s:2:\"px\";s:11:\"\0*\0variable\";s:15:\"primary-spacing\";s:8:\"\0*\0scvID\";N;s:9:\"\0*\0scvlID\";N;}'),(3,1,'O:51:\"Concrete\\Core\\StyleCustomizer\\Style\\Value\\TypeValue\":12:{s:13:\"\0*\0fontFamily\";s:9:\"Open Sans\";s:11:\"\0*\0fontSize\";O:51:\"Concrete\\Core\\StyleCustomizer\\Style\\Value\\SizeValue\":5:{s:7:\"\0*\0size\";s:2:\"14\";s:7:\"\0*\0unit\";s:2:\"px\";s:11:\"\0*\0variable\";b:0;s:8:\"\0*\0scvID\";N;s:9:\"\0*\0scvlID\";N;}s:8:\"\0*\0color\";O:52:\"Concrete\\Core\\StyleCustomizer\\Style\\Value\\ColorValue\":7:{s:4:\"\0*\0r\";i:51;s:4:\"\0*\0g\";i:51;s:4:\"\0*\0b\";i:51;s:4:\"\0*\0a\";b:0;s:11:\"\0*\0variable\";b:0;s:8:\"\0*\0scvID\";N;s:9:\"\0*\0scvlID\";N;}s:13:\"\0*\0lineHeight\";i:-1;s:16:\"\0*\0letterSpacing\";i:-1;s:12:\"\0*\0fontStyle\";s:4:\"none\";s:13:\"\0*\0fontWeight\";s:3:\"300\";s:17:\"\0*\0textDecoration\";i:-1;s:16:\"\0*\0textTransform\";i:-1;s:11:\"\0*\0variable\";s:4:\"body\";s:8:\"\0*\0scvID\";N;s:9:\"\0*\0scvlID\";N;}'),(4,1,'O:52:\"Concrete\\Core\\StyleCustomizer\\Style\\Value\\ColorValue\":7:{s:4:\"\0*\0r\";i:130;s:4:\"\0*\0g\";i:187;s:4:\"\0*\0b\";i:200;s:4:\"\0*\0a\";b:0;s:11:\"\0*\0variable\";s:15:\"team-background\";s:8:\"\0*\0scvID\";N;s:9:\"\0*\0scvlID\";N;}'),(5,1,'O:52:\"Concrete\\Core\\StyleCustomizer\\Style\\Value\\ImageValue\":5:{s:11:\"\0*\0imageUrl\";s:49:\"/application/themes/urbanic/images/background.png\";s:6:\"\0*\0fID\";N;s:11:\"\0*\0variable\";s:15:\"team-background\";s:8:\"\0*\0scvID\";N;s:9:\"\0*\0scvlID\";N;}'),(6,1,'O:52:\"Concrete\\Core\\StyleCustomizer\\Style\\Value\\BasicValue\":4:{s:8:\"\0*\0value\";s:19:\"fonts/defaults.less\";s:11:\"\0*\0variable\";s:17:\"preset-fonts-file\";s:8:\"\0*\0scvID\";N;s:9:\"\0*\0scvlID\";N;}'),(7,2,'O:52:\"Concrete\\Core\\StyleCustomizer\\Style\\Value\\ColorValue\":7:{s:4:\"\0*\0r\";i:0;s:4:\"\0*\0g\";i:133;s:4:\"\0*\0b\";i:255;s:4:\"\0*\0a\";b:0;s:11:\"\0*\0variable\";s:14:\"primary-action\";s:8:\"\0*\0scvID\";N;s:9:\"\0*\0scvlID\";N;}'),(8,2,'O:51:\"Concrete\\Core\\StyleCustomizer\\Style\\Value\\SizeValue\":5:{s:7:\"\0*\0size\";s:2:\"20\";s:7:\"\0*\0unit\";s:2:\"px\";s:11:\"\0*\0variable\";s:15:\"primary-spacing\";s:8:\"\0*\0scvID\";N;s:9:\"\0*\0scvlID\";N;}'),(9,2,'O:51:\"Concrete\\Core\\StyleCustomizer\\Style\\Value\\TypeValue\":12:{s:13:\"\0*\0fontFamily\";s:25:\"Comic Sans MS, sans-serif\";s:11:\"\0*\0fontSize\";O:51:\"Concrete\\Core\\StyleCustomizer\\Style\\Value\\SizeValue\":5:{s:7:\"\0*\0size\";s:2:\"14\";s:7:\"\0*\0unit\";s:2:\"px\";s:11:\"\0*\0variable\";b:0;s:8:\"\0*\0scvID\";N;s:9:\"\0*\0scvlID\";N;}s:8:\"\0*\0color\";O:52:\"Concrete\\Core\\StyleCustomizer\\Style\\Value\\ColorValue\":7:{s:4:\"\0*\0r\";i:51;s:4:\"\0*\0g\";i:51;s:4:\"\0*\0b\";i:51;s:4:\"\0*\0a\";b:0;s:11:\"\0*\0variable\";b:0;s:8:\"\0*\0scvID\";N;s:9:\"\0*\0scvlID\";N;}s:13:\"\0*\0lineHeight\";i:-1;s:16:\"\0*\0letterSpacing\";i:-1;s:12:\"\0*\0fontStyle\";s:4:\"none\";s:13:\"\0*\0fontWeight\";s:3:\"300\";s:17:\"\0*\0textDecoration\";i:-1;s:16:\"\0*\0textTransform\";i:-1;s:11:\"\0*\0variable\";s:4:\"body\";s:8:\"\0*\0scvID\";N;s:9:\"\0*\0scvlID\";N;}'),(10,2,'O:52:\"Concrete\\Core\\StyleCustomizer\\Style\\Value\\ColorValue\":7:{s:4:\"\0*\0r\";i:107;s:4:\"\0*\0g\";i:247;s:4:\"\0*\0b\";i:255;s:4:\"\0*\0a\";b:0;s:11:\"\0*\0variable\";s:15:\"team-background\";s:8:\"\0*\0scvID\";N;s:9:\"\0*\0scvlID\";N;}'),(11,2,'O:52:\"Concrete\\Core\\StyleCustomizer\\Style\\Value\\ImageValue\":5:{s:11:\"\0*\0imageUrl\";s:49:\"/application/themes/urbanic/images/background.png\";s:6:\"\0*\0fID\";N;s:11:\"\0*\0variable\";s:15:\"team-background\";s:8:\"\0*\0scvID\";N;s:9:\"\0*\0scvlID\";N;}'),(12,2,'O:52:\"Concrete\\Core\\StyleCustomizer\\Style\\Value\\BasicValue\":4:{s:8:\"\0*\0value\";s:19:\"fonts/defaults.less\";s:11:\"\0*\0variable\";s:17:\"preset-fonts-file\";s:8:\"\0*\0scvID\";N;s:9:\"\0*\0scvlID\";N;}'),(13,3,'O:52:\"Concrete\\Core\\StyleCustomizer\\Style\\Value\\ColorValue\":7:{s:4:\"\0*\0r\";i:0;s:4:\"\0*\0g\";i:133;s:4:\"\0*\0b\";i:255;s:4:\"\0*\0a\";b:0;s:11:\"\0*\0variable\";s:14:\"primary-action\";s:8:\"\0*\0scvID\";N;s:9:\"\0*\0scvlID\";N;}'),(14,3,'O:51:\"Concrete\\Core\\StyleCustomizer\\Style\\Value\\SizeValue\":5:{s:7:\"\0*\0size\";s:2:\"20\";s:7:\"\0*\0unit\";s:2:\"px\";s:11:\"\0*\0variable\";s:15:\"primary-spacing\";s:8:\"\0*\0scvID\";N;s:9:\"\0*\0scvlID\";N;}'),(15,3,'O:51:\"Concrete\\Core\\StyleCustomizer\\Style\\Value\\TypeValue\":12:{s:13:\"\0*\0fontFamily\";s:25:\"Comic Sans MS, sans-serif\";s:11:\"\0*\0fontSize\";O:51:\"Concrete\\Core\\StyleCustomizer\\Style\\Value\\SizeValue\":5:{s:7:\"\0*\0size\";s:2:\"14\";s:7:\"\0*\0unit\";s:2:\"px\";s:11:\"\0*\0variable\";b:0;s:8:\"\0*\0scvID\";N;s:9:\"\0*\0scvlID\";N;}s:8:\"\0*\0color\";O:52:\"Concrete\\Core\\StyleCustomizer\\Style\\Value\\ColorValue\":7:{s:4:\"\0*\0r\";i:51;s:4:\"\0*\0g\";i:51;s:4:\"\0*\0b\";i:51;s:4:\"\0*\0a\";b:0;s:11:\"\0*\0variable\";b:0;s:8:\"\0*\0scvID\";N;s:9:\"\0*\0scvlID\";N;}s:13:\"\0*\0lineHeight\";i:-1;s:16:\"\0*\0letterSpacing\";i:-1;s:12:\"\0*\0fontStyle\";s:4:\"none\";s:13:\"\0*\0fontWeight\";s:3:\"300\";s:17:\"\0*\0textDecoration\";i:-1;s:16:\"\0*\0textTransform\";i:-1;s:11:\"\0*\0variable\";s:4:\"body\";s:8:\"\0*\0scvID\";N;s:9:\"\0*\0scvlID\";N;}'),(16,3,'O:52:\"Concrete\\Core\\StyleCustomizer\\Style\\Value\\ColorValue\":7:{s:4:\"\0*\0r\";i:107;s:4:\"\0*\0g\";i:247;s:4:\"\0*\0b\";i:255;s:4:\"\0*\0a\";b:0;s:11:\"\0*\0variable\";s:15:\"team-background\";s:8:\"\0*\0scvID\";N;s:9:\"\0*\0scvlID\";N;}'),(17,3,'O:52:\"Concrete\\Core\\StyleCustomizer\\Style\\Value\\ImageValue\":5:{s:11:\"\0*\0imageUrl\";s:49:\"/application/themes/urbanic/images/background.png\";s:6:\"\0*\0fID\";N;s:11:\"\0*\0variable\";s:15:\"team-background\";s:8:\"\0*\0scvID\";N;s:9:\"\0*\0scvlID\";N;}'),(18,3,'O:52:\"Concrete\\Core\\StyleCustomizer\\Style\\Value\\BasicValue\":4:{s:8:\"\0*\0value\";s:19:\"fonts/defaults.less\";s:11:\"\0*\0variable\";s:17:\"preset-fonts-file\";s:8:\"\0*\0scvID\";N;s:9:\"\0*\0scvlID\";N;}'),(19,4,'O:52:\"Concrete\\Core\\StyleCustomizer\\Style\\Value\\ColorValue\":7:{s:4:\"\0*\0r\";i:0;s:4:\"\0*\0g\";i:133;s:4:\"\0*\0b\";i:255;s:4:\"\0*\0a\";b:0;s:11:\"\0*\0variable\";s:14:\"primary-action\";s:8:\"\0*\0scvID\";N;s:9:\"\0*\0scvlID\";N;}'),(20,4,'O:51:\"Concrete\\Core\\StyleCustomizer\\Style\\Value\\SizeValue\":5:{s:7:\"\0*\0size\";s:2:\"20\";s:7:\"\0*\0unit\";s:2:\"px\";s:11:\"\0*\0variable\";s:15:\"primary-spacing\";s:8:\"\0*\0scvID\";N;s:9:\"\0*\0scvlID\";N;}'),(21,4,'O:51:\"Concrete\\Core\\StyleCustomizer\\Style\\Value\\TypeValue\":12:{s:13:\"\0*\0fontFamily\";s:25:\"Comic Sans MS, sans-serif\";s:11:\"\0*\0fontSize\";O:51:\"Concrete\\Core\\StyleCustomizer\\Style\\Value\\SizeValue\":5:{s:7:\"\0*\0size\";s:2:\"14\";s:7:\"\0*\0unit\";s:2:\"px\";s:11:\"\0*\0variable\";b:0;s:8:\"\0*\0scvID\";N;s:9:\"\0*\0scvlID\";N;}s:8:\"\0*\0color\";O:52:\"Concrete\\Core\\StyleCustomizer\\Style\\Value\\ColorValue\":7:{s:4:\"\0*\0r\";i:51;s:4:\"\0*\0g\";i:51;s:4:\"\0*\0b\";i:51;s:4:\"\0*\0a\";b:0;s:11:\"\0*\0variable\";b:0;s:8:\"\0*\0scvID\";N;s:9:\"\0*\0scvlID\";N;}s:13:\"\0*\0lineHeight\";i:-1;s:16:\"\0*\0letterSpacing\";i:-1;s:12:\"\0*\0fontStyle\";s:4:\"none\";s:13:\"\0*\0fontWeight\";s:3:\"300\";s:17:\"\0*\0textDecoration\";i:-1;s:16:\"\0*\0textTransform\";i:-1;s:11:\"\0*\0variable\";s:4:\"body\";s:8:\"\0*\0scvID\";N;s:9:\"\0*\0scvlID\";N;}'),(22,4,'O:52:\"Concrete\\Core\\StyleCustomizer\\Style\\Value\\ColorValue\":7:{s:4:\"\0*\0r\";i:107;s:4:\"\0*\0g\";i:247;s:4:\"\0*\0b\";i:255;s:4:\"\0*\0a\";b:0;s:11:\"\0*\0variable\";s:15:\"team-background\";s:8:\"\0*\0scvID\";N;s:9:\"\0*\0scvlID\";N;}'),(23,4,'O:52:\"Concrete\\Core\\StyleCustomizer\\Style\\Value\\ImageValue\":5:{s:11:\"\0*\0imageUrl\";s:49:\"/application/themes/urbanic/images/background.png\";s:6:\"\0*\0fID\";N;s:11:\"\0*\0variable\";s:15:\"team-background\";s:8:\"\0*\0scvID\";N;s:9:\"\0*\0scvlID\";N;}'),(24,4,'O:52:\"Concrete\\Core\\StyleCustomizer\\Style\\Value\\BasicValue\":4:{s:8:\"\0*\0value\";s:19:\"fonts/defaults.less\";s:11:\"\0*\0variable\";s:17:\"preset-fonts-file\";s:8:\"\0*\0scvID\";N;s:9:\"\0*\0scvlID\";N;}'),(25,5,'O:52:\"Concrete\\Core\\StyleCustomizer\\Style\\Value\\ColorValue\":7:{s:4:\"\0*\0r\";i:255;s:4:\"\0*\0g\";i:118;s:4:\"\0*\0b\";i:0;s:4:\"\0*\0a\";b:0;s:11:\"\0*\0variable\";s:14:\"primary-action\";s:8:\"\0*\0scvID\";N;s:9:\"\0*\0scvlID\";N;}'),(26,5,'O:51:\"Concrete\\Core\\StyleCustomizer\\Style\\Value\\SizeValue\":5:{s:7:\"\0*\0size\";s:3:\"100\";s:7:\"\0*\0unit\";s:2:\"px\";s:11:\"\0*\0variable\";s:15:\"primary-spacing\";s:8:\"\0*\0scvID\";N;s:9:\"\0*\0scvlID\";N;}'),(27,5,'O:51:\"Concrete\\Core\\StyleCustomizer\\Style\\Value\\TypeValue\":12:{s:13:\"\0*\0fontFamily\";s:9:\"Open Sans\";s:11:\"\0*\0fontSize\";O:51:\"Concrete\\Core\\StyleCustomizer\\Style\\Value\\SizeValue\":5:{s:7:\"\0*\0size\";s:2:\"14\";s:7:\"\0*\0unit\";s:2:\"px\";s:11:\"\0*\0variable\";b:0;s:8:\"\0*\0scvID\";N;s:9:\"\0*\0scvlID\";N;}s:8:\"\0*\0color\";O:52:\"Concrete\\Core\\StyleCustomizer\\Style\\Value\\ColorValue\":7:{s:4:\"\0*\0r\";i:51;s:4:\"\0*\0g\";i:51;s:4:\"\0*\0b\";i:51;s:4:\"\0*\0a\";b:0;s:11:\"\0*\0variable\";b:0;s:8:\"\0*\0scvID\";N;s:9:\"\0*\0scvlID\";N;}s:13:\"\0*\0lineHeight\";i:-1;s:16:\"\0*\0letterSpacing\";i:-1;s:12:\"\0*\0fontStyle\";s:4:\"none\";s:13:\"\0*\0fontWeight\";s:3:\"300\";s:17:\"\0*\0textDecoration\";i:-1;s:16:\"\0*\0textTransform\";i:-1;s:11:\"\0*\0variable\";s:4:\"body\";s:8:\"\0*\0scvID\";N;s:9:\"\0*\0scvlID\";N;}'),(28,5,'O:52:\"Concrete\\Core\\StyleCustomizer\\Style\\Value\\ColorValue\":7:{s:4:\"\0*\0r\";i:130;s:4:\"\0*\0g\";i:187;s:4:\"\0*\0b\";i:200;s:4:\"\0*\0a\";b:0;s:11:\"\0*\0variable\";s:15:\"team-background\";s:8:\"\0*\0scvID\";N;s:9:\"\0*\0scvlID\";N;}'),(29,5,'O:52:\"Concrete\\Core\\StyleCustomizer\\Style\\Value\\ImageValue\":5:{s:11:\"\0*\0imageUrl\";s:49:\"/application/themes/urbanic/images/background.png\";s:6:\"\0*\0fID\";N;s:11:\"\0*\0variable\";s:15:\"team-background\";s:8:\"\0*\0scvID\";N;s:9:\"\0*\0scvlID\";N;}'),(30,5,'O:52:\"Concrete\\Core\\StyleCustomizer\\Style\\Value\\BasicValue\":4:{s:8:\"\0*\0value\";s:19:\"fonts/defaults.less\";s:11:\"\0*\0variable\";s:17:\"preset-fonts-file\";s:8:\"\0*\0scvID\";N;s:9:\"\0*\0scvlID\";N;}'),(31,6,'O:52:\"Concrete\\Core\\StyleCustomizer\\Style\\Value\\ColorValue\":7:{s:4:\"\0*\0r\";i:0;s:4:\"\0*\0g\";i:133;s:4:\"\0*\0b\";i:255;s:4:\"\0*\0a\";b:0;s:11:\"\0*\0variable\";s:14:\"primary-action\";s:8:\"\0*\0scvID\";N;s:9:\"\0*\0scvlID\";N;}'),(32,6,'O:51:\"Concrete\\Core\\StyleCustomizer\\Style\\Value\\SizeValue\":5:{s:7:\"\0*\0size\";s:2:\"20\";s:7:\"\0*\0unit\";s:2:\"px\";s:11:\"\0*\0variable\";s:15:\"primary-spacing\";s:8:\"\0*\0scvID\";N;s:9:\"\0*\0scvlID\";N;}'),(33,6,'O:51:\"Concrete\\Core\\StyleCustomizer\\Style\\Value\\TypeValue\":12:{s:13:\"\0*\0fontFamily\";s:25:\"Comic Sans MS, sans-serif\";s:11:\"\0*\0fontSize\";O:51:\"Concrete\\Core\\StyleCustomizer\\Style\\Value\\SizeValue\":5:{s:7:\"\0*\0size\";s:2:\"14\";s:7:\"\0*\0unit\";s:2:\"px\";s:11:\"\0*\0variable\";b:0;s:8:\"\0*\0scvID\";N;s:9:\"\0*\0scvlID\";N;}s:8:\"\0*\0color\";O:52:\"Concrete\\Core\\StyleCustomizer\\Style\\Value\\ColorValue\":7:{s:4:\"\0*\0r\";i:51;s:4:\"\0*\0g\";i:51;s:4:\"\0*\0b\";i:51;s:4:\"\0*\0a\";b:0;s:11:\"\0*\0variable\";b:0;s:8:\"\0*\0scvID\";N;s:9:\"\0*\0scvlID\";N;}s:13:\"\0*\0lineHeight\";i:-1;s:16:\"\0*\0letterSpacing\";i:-1;s:12:\"\0*\0fontStyle\";s:4:\"none\";s:13:\"\0*\0fontWeight\";s:3:\"300\";s:17:\"\0*\0textDecoration\";i:-1;s:16:\"\0*\0textTransform\";i:-1;s:11:\"\0*\0variable\";s:4:\"body\";s:8:\"\0*\0scvID\";N;s:9:\"\0*\0scvlID\";N;}'),(34,6,'O:52:\"Concrete\\Core\\StyleCustomizer\\Style\\Value\\ColorValue\":7:{s:4:\"\0*\0r\";i:107;s:4:\"\0*\0g\";i:247;s:4:\"\0*\0b\";i:255;s:4:\"\0*\0a\";b:0;s:11:\"\0*\0variable\";s:15:\"team-background\";s:8:\"\0*\0scvID\";N;s:9:\"\0*\0scvlID\";N;}'),(35,6,'O:52:\"Concrete\\Core\\StyleCustomizer\\Style\\Value\\ImageValue\":5:{s:11:\"\0*\0imageUrl\";s:49:\"/application/themes/urbanic/images/background.png\";s:6:\"\0*\0fID\";N;s:11:\"\0*\0variable\";s:15:\"team-background\";s:8:\"\0*\0scvID\";N;s:9:\"\0*\0scvlID\";N;}'),(36,6,'O:52:\"Concrete\\Core\\StyleCustomizer\\Style\\Value\\BasicValue\":4:{s:8:\"\0*\0value\";s:19:\"fonts/defaults.less\";s:11:\"\0*\0variable\";s:17:\"preset-fonts-file\";s:8:\"\0*\0scvID\";N;s:9:\"\0*\0scvlID\";N;}'),(37,7,'O:52:\"Concrete\\Core\\StyleCustomizer\\Style\\Value\\ColorValue\":7:{s:4:\"\0*\0r\";i:0;s:4:\"\0*\0g\";i:133;s:4:\"\0*\0b\";i:255;s:4:\"\0*\0a\";b:0;s:11:\"\0*\0variable\";s:14:\"primary-action\";s:8:\"\0*\0scvID\";N;s:9:\"\0*\0scvlID\";N;}'),(38,7,'O:51:\"Concrete\\Core\\StyleCustomizer\\Style\\Value\\SizeValue\":5:{s:7:\"\0*\0size\";s:2:\"20\";s:7:\"\0*\0unit\";s:2:\"px\";s:11:\"\0*\0variable\";s:15:\"primary-spacing\";s:8:\"\0*\0scvID\";N;s:9:\"\0*\0scvlID\";N;}'),(39,7,'O:51:\"Concrete\\Core\\StyleCustomizer\\Style\\Value\\TypeValue\":12:{s:13:\"\0*\0fontFamily\";s:25:\"Comic Sans MS, sans-serif\";s:11:\"\0*\0fontSize\";O:51:\"Concrete\\Core\\StyleCustomizer\\Style\\Value\\SizeValue\":5:{s:7:\"\0*\0size\";s:2:\"14\";s:7:\"\0*\0unit\";s:2:\"px\";s:11:\"\0*\0variable\";b:0;s:8:\"\0*\0scvID\";N;s:9:\"\0*\0scvlID\";N;}s:8:\"\0*\0color\";O:52:\"Concrete\\Core\\StyleCustomizer\\Style\\Value\\ColorValue\":7:{s:4:\"\0*\0r\";i:51;s:4:\"\0*\0g\";i:51;s:4:\"\0*\0b\";i:51;s:4:\"\0*\0a\";b:0;s:11:\"\0*\0variable\";b:0;s:8:\"\0*\0scvID\";N;s:9:\"\0*\0scvlID\";N;}s:13:\"\0*\0lineHeight\";i:-1;s:16:\"\0*\0letterSpacing\";i:-1;s:12:\"\0*\0fontStyle\";s:4:\"none\";s:13:\"\0*\0fontWeight\";s:3:\"300\";s:17:\"\0*\0textDecoration\";i:-1;s:16:\"\0*\0textTransform\";i:-1;s:11:\"\0*\0variable\";s:4:\"body\";s:8:\"\0*\0scvID\";N;s:9:\"\0*\0scvlID\";N;}'),(40,7,'O:52:\"Concrete\\Core\\StyleCustomizer\\Style\\Value\\ColorValue\":7:{s:4:\"\0*\0r\";i:107;s:4:\"\0*\0g\";i:247;s:4:\"\0*\0b\";i:255;s:4:\"\0*\0a\";b:0;s:11:\"\0*\0variable\";s:15:\"team-background\";s:8:\"\0*\0scvID\";N;s:9:\"\0*\0scvlID\";N;}'),(41,7,'O:52:\"Concrete\\Core\\StyleCustomizer\\Style\\Value\\ImageValue\":5:{s:11:\"\0*\0imageUrl\";s:49:\"/application/themes/urbanic/images/background.png\";s:6:\"\0*\0fID\";N;s:11:\"\0*\0variable\";s:15:\"team-background\";s:8:\"\0*\0scvID\";N;s:9:\"\0*\0scvlID\";N;}'),(42,7,'O:52:\"Concrete\\Core\\StyleCustomizer\\Style\\Value\\BasicValue\":4:{s:8:\"\0*\0value\";s:19:\"fonts/defaults.less\";s:11:\"\0*\0variable\";s:17:\"preset-fonts-file\";s:8:\"\0*\0scvID\";N;s:9:\"\0*\0scvlID\";N;}'),(43,8,'O:52:\"Concrete\\Core\\StyleCustomizer\\Style\\Value\\ColorValue\":7:{s:4:\"\0*\0r\";i:139;s:4:\"\0*\0g\";i:198;s:4:\"\0*\0b\";i:251;s:4:\"\0*\0a\";b:0;s:11:\"\0*\0variable\";s:14:\"primary-action\";s:8:\"\0*\0scvID\";N;s:9:\"\0*\0scvlID\";N;}'),(44,8,'O:51:\"Concrete\\Core\\StyleCustomizer\\Style\\Value\\SizeValue\":5:{s:7:\"\0*\0size\";s:2:\"20\";s:7:\"\0*\0unit\";s:2:\"px\";s:11:\"\0*\0variable\";s:15:\"primary-spacing\";s:8:\"\0*\0scvID\";N;s:9:\"\0*\0scvlID\";N;}'),(45,8,'O:51:\"Concrete\\Core\\StyleCustomizer\\Style\\Value\\TypeValue\":12:{s:13:\"\0*\0fontFamily\";s:25:\"Comic Sans MS, sans-serif\";s:11:\"\0*\0fontSize\";O:51:\"Concrete\\Core\\StyleCustomizer\\Style\\Value\\SizeValue\":5:{s:7:\"\0*\0size\";s:2:\"14\";s:7:\"\0*\0unit\";s:2:\"px\";s:11:\"\0*\0variable\";b:0;s:8:\"\0*\0scvID\";N;s:9:\"\0*\0scvlID\";N;}s:8:\"\0*\0color\";O:52:\"Concrete\\Core\\StyleCustomizer\\Style\\Value\\ColorValue\":7:{s:4:\"\0*\0r\";i:51;s:4:\"\0*\0g\";i:51;s:4:\"\0*\0b\";i:51;s:4:\"\0*\0a\";b:0;s:11:\"\0*\0variable\";b:0;s:8:\"\0*\0scvID\";N;s:9:\"\0*\0scvlID\";N;}s:13:\"\0*\0lineHeight\";i:-1;s:16:\"\0*\0letterSpacing\";i:-1;s:12:\"\0*\0fontStyle\";s:4:\"none\";s:13:\"\0*\0fontWeight\";s:3:\"300\";s:17:\"\0*\0textDecoration\";i:-1;s:16:\"\0*\0textTransform\";i:-1;s:11:\"\0*\0variable\";s:4:\"body\";s:8:\"\0*\0scvID\";N;s:9:\"\0*\0scvlID\";N;}'),(46,8,'O:52:\"Concrete\\Core\\StyleCustomizer\\Style\\Value\\ColorValue\":7:{s:4:\"\0*\0r\";i:107;s:4:\"\0*\0g\";i:247;s:4:\"\0*\0b\";i:255;s:4:\"\0*\0a\";b:0;s:11:\"\0*\0variable\";s:15:\"team-background\";s:8:\"\0*\0scvID\";N;s:9:\"\0*\0scvlID\";N;}'),(47,8,'O:52:\"Concrete\\Core\\StyleCustomizer\\Style\\Value\\ImageValue\":5:{s:11:\"\0*\0imageUrl\";s:49:\"/application/themes/urbanic/images/background.png\";s:6:\"\0*\0fID\";N;s:11:\"\0*\0variable\";s:15:\"team-background\";s:8:\"\0*\0scvID\";N;s:9:\"\0*\0scvlID\";N;}'),(48,8,'O:52:\"Concrete\\Core\\StyleCustomizer\\Style\\Value\\BasicValue\":4:{s:8:\"\0*\0value\";s:19:\"fonts/defaults.less\";s:11:\"\0*\0variable\";s:17:\"preset-fonts-file\";s:8:\"\0*\0scvID\";N;s:9:\"\0*\0scvlID\";N;}'),(49,9,'O:52:\"Concrete\\Core\\StyleCustomizer\\Style\\Value\\ColorValue\":7:{s:4:\"\0*\0r\";i:139;s:4:\"\0*\0g\";i:198;s:4:\"\0*\0b\";i:251;s:4:\"\0*\0a\";b:0;s:11:\"\0*\0variable\";s:14:\"primary-action\";s:8:\"\0*\0scvID\";N;s:9:\"\0*\0scvlID\";N;}'),(50,9,'O:51:\"Concrete\\Core\\StyleCustomizer\\Style\\Value\\SizeValue\":5:{s:7:\"\0*\0size\";s:2:\"20\";s:7:\"\0*\0unit\";s:2:\"px\";s:11:\"\0*\0variable\";s:15:\"primary-spacing\";s:8:\"\0*\0scvID\";N;s:9:\"\0*\0scvlID\";N;}'),(51,9,'O:51:\"Concrete\\Core\\StyleCustomizer\\Style\\Value\\TypeValue\":12:{s:13:\"\0*\0fontFamily\";s:25:\"Comic Sans MS, sans-serif\";s:11:\"\0*\0fontSize\";O:51:\"Concrete\\Core\\StyleCustomizer\\Style\\Value\\SizeValue\":5:{s:7:\"\0*\0size\";s:2:\"14\";s:7:\"\0*\0unit\";s:2:\"px\";s:11:\"\0*\0variable\";b:0;s:8:\"\0*\0scvID\";N;s:9:\"\0*\0scvlID\";N;}s:8:\"\0*\0color\";O:52:\"Concrete\\Core\\StyleCustomizer\\Style\\Value\\ColorValue\":7:{s:4:\"\0*\0r\";i:51;s:4:\"\0*\0g\";i:51;s:4:\"\0*\0b\";i:51;s:4:\"\0*\0a\";b:0;s:11:\"\0*\0variable\";b:0;s:8:\"\0*\0scvID\";N;s:9:\"\0*\0scvlID\";N;}s:13:\"\0*\0lineHeight\";i:-1;s:16:\"\0*\0letterSpacing\";i:-1;s:12:\"\0*\0fontStyle\";s:4:\"none\";s:13:\"\0*\0fontWeight\";s:3:\"300\";s:17:\"\0*\0textDecoration\";i:-1;s:16:\"\0*\0textTransform\";i:-1;s:11:\"\0*\0variable\";s:4:\"body\";s:8:\"\0*\0scvID\";N;s:9:\"\0*\0scvlID\";N;}'),(52,9,'O:52:\"Concrete\\Core\\StyleCustomizer\\Style\\Value\\ColorValue\":7:{s:4:\"\0*\0r\";i:107;s:4:\"\0*\0g\";i:247;s:4:\"\0*\0b\";i:255;s:4:\"\0*\0a\";b:0;s:11:\"\0*\0variable\";s:15:\"team-background\";s:8:\"\0*\0scvID\";N;s:9:\"\0*\0scvlID\";N;}'),(53,9,'O:52:\"Concrete\\Core\\StyleCustomizer\\Style\\Value\\ImageValue\":5:{s:11:\"\0*\0imageUrl\";s:49:\"/application/themes/urbanic/images/background.png\";s:6:\"\0*\0fID\";N;s:11:\"\0*\0variable\";s:15:\"team-background\";s:8:\"\0*\0scvID\";N;s:9:\"\0*\0scvlID\";N;}'),(54,9,'O:52:\"Concrete\\Core\\StyleCustomizer\\Style\\Value\\BasicValue\":4:{s:8:\"\0*\0value\";s:19:\"fonts/defaults.less\";s:11:\"\0*\0variable\";s:17:\"preset-fonts-file\";s:8:\"\0*\0scvID\";N;s:9:\"\0*\0scvlID\";N;}'),(55,10,'O:52:\"Concrete\\Core\\StyleCustomizer\\Style\\Value\\ColorValue\":7:{s:4:\"\0*\0r\";i:0;s:4:\"\0*\0g\";i:133;s:4:\"\0*\0b\";i:255;s:4:\"\0*\0a\";b:0;s:11:\"\0*\0variable\";s:14:\"primary-action\";s:8:\"\0*\0scvID\";N;s:9:\"\0*\0scvlID\";N;}'),(56,10,'O:51:\"Concrete\\Core\\StyleCustomizer\\Style\\Value\\SizeValue\":5:{s:7:\"\0*\0size\";s:2:\"20\";s:7:\"\0*\0unit\";s:2:\"px\";s:11:\"\0*\0variable\";s:15:\"primary-spacing\";s:8:\"\0*\0scvID\";N;s:9:\"\0*\0scvlID\";N;}'),(57,10,'O:51:\"Concrete\\Core\\StyleCustomizer\\Style\\Value\\TypeValue\":12:{s:13:\"\0*\0fontFamily\";s:25:\"Comic Sans MS, sans-serif\";s:11:\"\0*\0fontSize\";O:51:\"Concrete\\Core\\StyleCustomizer\\Style\\Value\\SizeValue\":5:{s:7:\"\0*\0size\";s:2:\"14\";s:7:\"\0*\0unit\";s:2:\"px\";s:11:\"\0*\0variable\";b:0;s:8:\"\0*\0scvID\";N;s:9:\"\0*\0scvlID\";N;}s:8:\"\0*\0color\";O:52:\"Concrete\\Core\\StyleCustomizer\\Style\\Value\\ColorValue\":7:{s:4:\"\0*\0r\";i:51;s:4:\"\0*\0g\";i:51;s:4:\"\0*\0b\";i:51;s:4:\"\0*\0a\";b:0;s:11:\"\0*\0variable\";b:0;s:8:\"\0*\0scvID\";N;s:9:\"\0*\0scvlID\";N;}s:13:\"\0*\0lineHeight\";i:-1;s:16:\"\0*\0letterSpacing\";i:-1;s:12:\"\0*\0fontStyle\";s:4:\"none\";s:13:\"\0*\0fontWeight\";s:3:\"300\";s:17:\"\0*\0textDecoration\";i:-1;s:16:\"\0*\0textTransform\";i:-1;s:11:\"\0*\0variable\";s:4:\"body\";s:8:\"\0*\0scvID\";N;s:9:\"\0*\0scvlID\";N;}'),(58,10,'O:52:\"Concrete\\Core\\StyleCustomizer\\Style\\Value\\ColorValue\":7:{s:4:\"\0*\0r\";i:107;s:4:\"\0*\0g\";i:247;s:4:\"\0*\0b\";i:255;s:4:\"\0*\0a\";b:0;s:11:\"\0*\0variable\";s:15:\"team-background\";s:8:\"\0*\0scvID\";N;s:9:\"\0*\0scvlID\";N;}'),(59,10,'O:52:\"Concrete\\Core\\StyleCustomizer\\Style\\Value\\ImageValue\":5:{s:11:\"\0*\0imageUrl\";s:49:\"/application/themes/urbanic/images/background.png\";s:6:\"\0*\0fID\";N;s:11:\"\0*\0variable\";s:15:\"team-background\";s:8:\"\0*\0scvID\";N;s:9:\"\0*\0scvlID\";N;}'),(60,10,'O:52:\"Concrete\\Core\\StyleCustomizer\\Style\\Value\\BasicValue\":4:{s:8:\"\0*\0value\";s:19:\"fonts/defaults.less\";s:11:\"\0*\0variable\";s:17:\"preset-fonts-file\";s:8:\"\0*\0scvID\";N;s:9:\"\0*\0scvlID\";N;}'),(61,11,'O:52:\"Concrete\\Core\\StyleCustomizer\\Style\\Value\\ColorValue\":7:{s:4:\"\0*\0r\";i:164;s:4:\"\0*\0g\";i:232;s:4:\"\0*\0b\";i:255;s:4:\"\0*\0a\";b:0;s:11:\"\0*\0variable\";s:14:\"primary-action\";s:8:\"\0*\0scvID\";N;s:9:\"\0*\0scvlID\";N;}'),(62,11,'O:51:\"Concrete\\Core\\StyleCustomizer\\Style\\Value\\SizeValue\":5:{s:7:\"\0*\0size\";s:2:\"20\";s:7:\"\0*\0unit\";s:2:\"px\";s:11:\"\0*\0variable\";s:15:\"primary-spacing\";s:8:\"\0*\0scvID\";N;s:9:\"\0*\0scvlID\";N;}'),(63,11,'O:51:\"Concrete\\Core\\StyleCustomizer\\Style\\Value\\TypeValue\":12:{s:13:\"\0*\0fontFamily\";s:25:\"Comic Sans MS, sans-serif\";s:11:\"\0*\0fontSize\";O:51:\"Concrete\\Core\\StyleCustomizer\\Style\\Value\\SizeValue\":5:{s:7:\"\0*\0size\";s:2:\"14\";s:7:\"\0*\0unit\";s:2:\"px\";s:11:\"\0*\0variable\";b:0;s:8:\"\0*\0scvID\";N;s:9:\"\0*\0scvlID\";N;}s:8:\"\0*\0color\";O:52:\"Concrete\\Core\\StyleCustomizer\\Style\\Value\\ColorValue\":7:{s:4:\"\0*\0r\";i:51;s:4:\"\0*\0g\";i:51;s:4:\"\0*\0b\";i:51;s:4:\"\0*\0a\";b:0;s:11:\"\0*\0variable\";b:0;s:8:\"\0*\0scvID\";N;s:9:\"\0*\0scvlID\";N;}s:13:\"\0*\0lineHeight\";i:-1;s:16:\"\0*\0letterSpacing\";i:-1;s:12:\"\0*\0fontStyle\";s:4:\"none\";s:13:\"\0*\0fontWeight\";s:3:\"300\";s:17:\"\0*\0textDecoration\";i:-1;s:16:\"\0*\0textTransform\";i:-1;s:11:\"\0*\0variable\";s:4:\"body\";s:8:\"\0*\0scvID\";N;s:9:\"\0*\0scvlID\";N;}'),(64,11,'O:52:\"Concrete\\Core\\StyleCustomizer\\Style\\Value\\ColorValue\":7:{s:4:\"\0*\0r\";i:107;s:4:\"\0*\0g\";i:247;s:4:\"\0*\0b\";i:255;s:4:\"\0*\0a\";b:0;s:11:\"\0*\0variable\";s:15:\"team-background\";s:8:\"\0*\0scvID\";N;s:9:\"\0*\0scvlID\";N;}'),(65,11,'O:52:\"Concrete\\Core\\StyleCustomizer\\Style\\Value\\ImageValue\":5:{s:11:\"\0*\0imageUrl\";s:49:\"/application/themes/urbanic/images/background.png\";s:6:\"\0*\0fID\";N;s:11:\"\0*\0variable\";s:15:\"team-background\";s:8:\"\0*\0scvID\";N;s:9:\"\0*\0scvlID\";N;}'),(66,11,'O:52:\"Concrete\\Core\\StyleCustomizer\\Style\\Value\\BasicValue\":4:{s:8:\"\0*\0value\";s:19:\"fonts/defaults.less\";s:11:\"\0*\0variable\";s:17:\"preset-fonts-file\";s:8:\"\0*\0scvID\";N;s:9:\"\0*\0scvlID\";N;}'),(67,12,'O:52:\"Concrete\\Core\\StyleCustomizer\\Style\\Value\\ColorValue\":7:{s:4:\"\0*\0r\";i:255;s:4:\"\0*\0g\";i:251;s:4:\"\0*\0b\";i:226;s:4:\"\0*\0a\";b:0;s:11:\"\0*\0variable\";s:15:\"page-background\";s:8:\"\0*\0scvID\";N;s:9:\"\0*\0scvlID\";N;}'),(68,12,'O:51:\"Concrete\\Core\\StyleCustomizer\\Style\\Value\\TypeValue\":12:{s:13:\"\0*\0fontFamily\";s:25:\"Comic Sans MS, sans-serif\";s:11:\"\0*\0fontSize\";O:51:\"Concrete\\Core\\StyleCustomizer\\Style\\Value\\SizeValue\":5:{s:7:\"\0*\0size\";s:2:\"15\";s:7:\"\0*\0unit\";s:2:\"px\";s:11:\"\0*\0variable\";b:0;s:8:\"\0*\0scvID\";N;s:9:\"\0*\0scvlID\";N;}s:8:\"\0*\0color\";O:52:\"Concrete\\Core\\StyleCustomizer\\Style\\Value\\ColorValue\":7:{s:4:\"\0*\0r\";i:110;s:4:\"\0*\0g\";i:110;s:4:\"\0*\0b\";i:110;s:4:\"\0*\0a\";b:0;s:11:\"\0*\0variable\";b:0;s:8:\"\0*\0scvID\";N;s:9:\"\0*\0scvlID\";N;}s:13:\"\0*\0lineHeight\";i:-1;s:16:\"\0*\0letterSpacing\";i:-1;s:12:\"\0*\0fontStyle\";i:-1;s:13:\"\0*\0fontWeight\";s:3:\"400\";s:17:\"\0*\0textDecoration\";i:-1;s:16:\"\0*\0textTransform\";i:-1;s:11:\"\0*\0variable\";s:4:\"body\";s:8:\"\0*\0scvID\";N;s:9:\"\0*\0scvlID\";N;}'),(69,12,'O:52:\"Concrete\\Core\\StyleCustomizer\\Style\\Value\\ColorValue\":7:{s:4:\"\0*\0r\";i:179;s:4:\"\0*\0g\";i:65;s:4:\"\0*\0b\";i:255;s:4:\"\0*\0a\";b:0;s:11:\"\0*\0variable\";s:9:\"body-link\";s:8:\"\0*\0scvID\";N;s:9:\"\0*\0scvlID\";N;}'),(70,12,'O:52:\"Concrete\\Core\\StyleCustomizer\\Style\\Value\\ColorValue\":7:{s:4:\"\0*\0r\";i:35;s:4:\"\0*\0g\";i:30;s:4:\"\0*\0b\";i:131;s:4:\"\0*\0a\";b:0;s:11:\"\0*\0variable\";s:15:\"body-link-hover\";s:8:\"\0*\0scvID\";N;s:9:\"\0*\0scvlID\";N;}'),(71,12,'O:51:\"Concrete\\Core\\StyleCustomizer\\Style\\Value\\TypeValue\":12:{s:13:\"\0*\0fontFamily\";s:25:\"Comic Sans MS, sans-serif\";s:11:\"\0*\0fontSize\";O:51:\"Concrete\\Core\\StyleCustomizer\\Style\\Value\\SizeValue\":5:{s:7:\"\0*\0size\";s:4:\"1.73\";s:7:\"\0*\0unit\";s:2:\"em\";s:11:\"\0*\0variable\";b:0;s:8:\"\0*\0scvID\";N;s:9:\"\0*\0scvlID\";N;}s:8:\"\0*\0color\";O:52:\"Concrete\\Core\\StyleCustomizer\\Style\\Value\\ColorValue\":7:{s:4:\"\0*\0r\";i:35;s:4:\"\0*\0g\";i:30;s:4:\"\0*\0b\";i:131;s:4:\"\0*\0a\";b:0;s:11:\"\0*\0variable\";b:0;s:8:\"\0*\0scvID\";N;s:9:\"\0*\0scvlID\";N;}s:13:\"\0*\0lineHeight\";i:-1;s:16:\"\0*\0letterSpacing\";i:-1;s:12:\"\0*\0fontStyle\";i:-1;s:13:\"\0*\0fontWeight\";s:3:\"400\";s:17:\"\0*\0textDecoration\";i:-1;s:16:\"\0*\0textTransform\";s:9:\"uppercase\";s:11:\"\0*\0variable\";s:10:\"page-title\";s:8:\"\0*\0scvID\";N;s:9:\"\0*\0scvlID\";N;}'),(72,12,'O:52:\"Concrete\\Core\\StyleCustomizer\\Style\\Value\\ColorValue\":7:{s:4:\"\0*\0r\";i:239;s:4:\"\0*\0g\";i:239;s:4:\"\0*\0b\";i:239;s:4:\"\0*\0a\";b:0;s:11:\"\0*\0variable\";s:17:\"header-background\";s:8:\"\0*\0scvID\";N;s:9:\"\0*\0scvlID\";N;}'),(73,12,'O:51:\"Concrete\\Core\\StyleCustomizer\\Style\\Value\\TypeValue\":12:{s:13:\"\0*\0fontFamily\";s:25:\"Comic Sans MS, sans-serif\";s:11:\"\0*\0fontSize\";O:51:\"Concrete\\Core\\StyleCustomizer\\Style\\Value\\SizeValue\":5:{s:7:\"\0*\0size\";s:3:\"2.3\";s:7:\"\0*\0unit\";s:2:\"em\";s:11:\"\0*\0variable\";b:0;s:8:\"\0*\0scvID\";N;s:9:\"\0*\0scvlID\";N;}s:8:\"\0*\0color\";O:52:\"Concrete\\Core\\StyleCustomizer\\Style\\Value\\ColorValue\":7:{s:4:\"\0*\0r\";i:57;s:4:\"\0*\0g\";i:64;s:4:\"\0*\0b\";i:67;s:4:\"\0*\0a\";b:0;s:11:\"\0*\0variable\";b:0;s:8:\"\0*\0scvID\";N;s:9:\"\0*\0scvlID\";N;}s:13:\"\0*\0lineHeight\";i:-1;s:16:\"\0*\0letterSpacing\";i:-1;s:12:\"\0*\0fontStyle\";i:-1;s:13:\"\0*\0fontWeight\";s:3:\"700\";s:17:\"\0*\0textDecoration\";i:-1;s:16:\"\0*\0textTransform\";s:4:\"none\";s:11:\"\0*\0variable\";s:17:\"header-site-title\";s:8:\"\0*\0scvID\";N;s:9:\"\0*\0scvlID\";N;}'),(74,12,'O:52:\"Concrete\\Core\\StyleCustomizer\\Style\\Value\\ColorValue\":7:{s:4:\"\0*\0r\";i:203;s:4:\"\0*\0g\";i:203;s:4:\"\0*\0b\";i:203;s:4:\"\0*\0a\";b:0;s:11:\"\0*\0variable\";s:24:\"header-search-input-icon\";s:8:\"\0*\0scvID\";N;s:9:\"\0*\0scvlID\";N;}'),(75,12,'O:52:\"Concrete\\Core\\StyleCustomizer\\Style\\Value\\ColorValue\":7:{s:4:\"\0*\0r\";i:203;s:4:\"\0*\0g\";i:203;s:4:\"\0*\0b\";i:203;s:4:\"\0*\0a\";b:0;s:11:\"\0*\0variable\";s:26:\"header-search-input-border\";s:8:\"\0*\0scvID\";N;s:9:\"\0*\0scvlID\";N;}'),(76,12,'O:52:\"Concrete\\Core\\StyleCustomizer\\Style\\Value\\ColorValue\":7:{s:4:\"\0*\0r\";i:255;s:4:\"\0*\0g\";i:255;s:4:\"\0*\0b\";i:255;s:4:\"\0*\0a\";b:0;s:11:\"\0*\0variable\";s:30:\"header-search-input-background\";s:8:\"\0*\0scvID\";N;s:9:\"\0*\0scvlID\";N;}'),(77,12,'O:51:\"Concrete\\Core\\StyleCustomizer\\Style\\Value\\TypeValue\":12:{s:13:\"\0*\0fontFamily\";s:25:\"Comic Sans MS, sans-serif\";s:11:\"\0*\0fontSize\";O:51:\"Concrete\\Core\\StyleCustomizer\\Style\\Value\\SizeValue\":5:{s:7:\"\0*\0size\";s:1:\"1\";s:7:\"\0*\0unit\";s:2:\"em\";s:11:\"\0*\0variable\";b:0;s:8:\"\0*\0scvID\";N;s:9:\"\0*\0scvlID\";N;}s:8:\"\0*\0color\";O:52:\"Concrete\\Core\\StyleCustomizer\\Style\\Value\\ColorValue\":7:{s:4:\"\0*\0r\";i:173;s:4:\"\0*\0g\";i:180;s:4:\"\0*\0b\";i:185;s:4:\"\0*\0a\";b:0;s:11:\"\0*\0variable\";b:0;s:8:\"\0*\0scvID\";N;s:9:\"\0*\0scvlID\";N;}s:13:\"\0*\0lineHeight\";i:-1;s:16:\"\0*\0letterSpacing\";i:-1;s:12:\"\0*\0fontStyle\";i:-1;s:13:\"\0*\0fontWeight\";s:3:\"700\";s:17:\"\0*\0textDecoration\";i:-1;s:16:\"\0*\0textTransform\";s:4:\"none\";s:11:\"\0*\0variable\";s:17:\"header-navigation\";s:8:\"\0*\0scvID\";N;s:9:\"\0*\0scvlID\";N;}'),(78,12,'O:52:\"Concrete\\Core\\StyleCustomizer\\Style\\Value\\ColorValue\":7:{s:4:\"\0*\0r\";i:179;s:4:\"\0*\0g\";i:65;s:4:\"\0*\0b\";i:255;s:4:\"\0*\0a\";b:0;s:11:\"\0*\0variable\";s:23:\"header-navigation-hover\";s:8:\"\0*\0scvID\";N;s:9:\"\0*\0scvlID\";N;}'),(79,12,'O:52:\"Concrete\\Core\\StyleCustomizer\\Style\\Value\\ColorValue\":7:{s:4:\"\0*\0r\";i:255;s:4:\"\0*\0g\";i:255;s:4:\"\0*\0b\";i:255;s:4:\"\0*\0a\";b:0;s:11:\"\0*\0variable\";s:33:\"header-navigation-menu-background\";s:8:\"\0*\0scvID\";N;s:9:\"\0*\0scvlID\";N;}'),(80,12,'O:52:\"Concrete\\Core\\StyleCustomizer\\Style\\Value\\ColorValue\":7:{s:4:\"\0*\0r\";i:206;s:4:\"\0*\0g\";i:205;s:4:\"\0*\0b\";i:212;s:4:\"\0*\0a\";b:0;s:11:\"\0*\0variable\";s:39:\"header-navigation-menu-background-hover\";s:8:\"\0*\0scvID\";N;s:9:\"\0*\0scvlID\";N;}'),(81,12,'O:52:\"Concrete\\Core\\StyleCustomizer\\Style\\Value\\ColorValue\":7:{s:4:\"\0*\0r\";i:217;s:4:\"\0*\0g\";i:217;s:4:\"\0*\0b\";i:217;s:4:\"\0*\0a\";b:0;s:11:\"\0*\0variable\";s:29:\"header-navigation-menu-border\";s:8:\"\0*\0scvID\";N;s:9:\"\0*\0scvlID\";N;}'),(82,12,'O:52:\"Concrete\\Core\\StyleCustomizer\\Style\\Value\\ColorValue\":7:{s:4:\"\0*\0r\";i:79;s:4:\"\0*\0g\";i:84;s:4:\"\0*\0b\";i:90;s:4:\"\0*\0a\";b:0;s:11:\"\0*\0variable\";s:27:\"header-navigation-menu-text\";s:8:\"\0*\0scvID\";N;s:9:\"\0*\0scvlID\";N;}'),(83,12,'O:52:\"Concrete\\Core\\StyleCustomizer\\Style\\Value\\ColorValue\":7:{s:4:\"\0*\0r\";i:179;s:4:\"\0*\0g\";i:65;s:4:\"\0*\0b\";i:255;s:4:\"\0*\0a\";b:0;s:11:\"\0*\0variable\";s:33:\"header-navigation-menu-text-hover\";s:8:\"\0*\0scvID\";N;s:9:\"\0*\0scvlID\";N;}'),(84,12,'O:51:\"Concrete\\Core\\StyleCustomizer\\Style\\Value\\TypeValue\":12:{s:13:\"\0*\0fontFamily\";s:25:\"Comic Sans MS, sans-serif\";s:11:\"\0*\0fontSize\";O:51:\"Concrete\\Core\\StyleCustomizer\\Style\\Value\\SizeValue\":5:{s:7:\"\0*\0size\";s:3:\"2.1\";s:7:\"\0*\0unit\";s:2:\"em\";s:11:\"\0*\0variable\";b:0;s:8:\"\0*\0scvID\";N;s:9:\"\0*\0scvlID\";N;}s:8:\"\0*\0color\";O:52:\"Concrete\\Core\\StyleCustomizer\\Style\\Value\\ColorValue\":7:{s:4:\"\0*\0r\";i:79;s:4:\"\0*\0g\";i:84;s:4:\"\0*\0b\";i:90;s:4:\"\0*\0a\";b:0;s:11:\"\0*\0variable\";b:0;s:8:\"\0*\0scvID\";N;s:9:\"\0*\0scvlID\";N;}s:13:\"\0*\0lineHeight\";i:-1;s:16:\"\0*\0letterSpacing\";i:-1;s:12:\"\0*\0fontStyle\";i:-1;s:13:\"\0*\0fontWeight\";s:3:\"800\";s:17:\"\0*\0textDecoration\";i:-1;s:16:\"\0*\0textTransform\";i:-1;s:11:\"\0*\0variable\";s:2:\"h1\";s:8:\"\0*\0scvID\";N;s:9:\"\0*\0scvlID\";N;}'),(85,12,'O:51:\"Concrete\\Core\\StyleCustomizer\\Style\\Value\\TypeValue\":12:{s:13:\"\0*\0fontFamily\";s:25:\"Comic Sans MS, sans-serif\";s:11:\"\0*\0fontSize\";O:51:\"Concrete\\Core\\StyleCustomizer\\Style\\Value\\SizeValue\":5:{s:7:\"\0*\0size\";s:4:\"1.46\";s:7:\"\0*\0unit\";s:2:\"em\";s:11:\"\0*\0variable\";b:0;s:8:\"\0*\0scvID\";N;s:9:\"\0*\0scvlID\";N;}s:8:\"\0*\0color\";O:52:\"Concrete\\Core\\StyleCustomizer\\Style\\Value\\ColorValue\":7:{s:4:\"\0*\0r\";i:79;s:4:\"\0*\0g\";i:84;s:4:\"\0*\0b\";i:90;s:4:\"\0*\0a\";b:0;s:11:\"\0*\0variable\";b:0;s:8:\"\0*\0scvID\";N;s:9:\"\0*\0scvlID\";N;}s:13:\"\0*\0lineHeight\";i:-1;s:16:\"\0*\0letterSpacing\";i:-1;s:12:\"\0*\0fontStyle\";i:-1;s:13:\"\0*\0fontWeight\";s:3:\"700\";s:17:\"\0*\0textDecoration\";i:-1;s:16:\"\0*\0textTransform\";i:-1;s:11:\"\0*\0variable\";s:2:\"h2\";s:8:\"\0*\0scvID\";N;s:9:\"\0*\0scvlID\";N;}'),(86,12,'O:51:\"Concrete\\Core\\StyleCustomizer\\Style\\Value\\TypeValue\":12:{s:13:\"\0*\0fontFamily\";s:25:\"Comic Sans MS, sans-serif\";s:11:\"\0*\0fontSize\";O:51:\"Concrete\\Core\\StyleCustomizer\\Style\\Value\\SizeValue\":5:{s:7:\"\0*\0size\";s:4:\"1.25\";s:7:\"\0*\0unit\";s:2:\"em\";s:11:\"\0*\0variable\";b:0;s:8:\"\0*\0scvID\";N;s:9:\"\0*\0scvlID\";N;}s:8:\"\0*\0color\";O:52:\"Concrete\\Core\\StyleCustomizer\\Style\\Value\\ColorValue\":7:{s:4:\"\0*\0r\";i:57;s:4:\"\0*\0g\";i:64;s:4:\"\0*\0b\";i:67;s:4:\"\0*\0a\";b:0;s:11:\"\0*\0variable\";b:0;s:8:\"\0*\0scvID\";N;s:9:\"\0*\0scvlID\";N;}s:13:\"\0*\0lineHeight\";i:-1;s:16:\"\0*\0letterSpacing\";i:-1;s:12:\"\0*\0fontStyle\";i:-1;s:13:\"\0*\0fontWeight\";s:3:\"700\";s:17:\"\0*\0textDecoration\";i:-1;s:16:\"\0*\0textTransform\";i:-1;s:11:\"\0*\0variable\";s:2:\"h3\";s:8:\"\0*\0scvID\";N;s:9:\"\0*\0scvlID\";N;}'),(87,12,'O:51:\"Concrete\\Core\\StyleCustomizer\\Style\\Value\\TypeValue\":12:{s:13:\"\0*\0fontFamily\";s:25:\"Comic Sans MS, sans-serif\";s:11:\"\0*\0fontSize\";O:51:\"Concrete\\Core\\StyleCustomizer\\Style\\Value\\SizeValue\":5:{s:7:\"\0*\0size\";s:4:\"1.05\";s:7:\"\0*\0unit\";s:2:\"em\";s:11:\"\0*\0variable\";b:0;s:8:\"\0*\0scvID\";N;s:9:\"\0*\0scvlID\";N;}s:8:\"\0*\0color\";O:52:\"Concrete\\Core\\StyleCustomizer\\Style\\Value\\ColorValue\":7:{s:4:\"\0*\0r\";i:79;s:4:\"\0*\0g\";i:88;s:4:\"\0*\0b\";i:92;s:4:\"\0*\0a\";b:0;s:11:\"\0*\0variable\";b:0;s:8:\"\0*\0scvID\";N;s:9:\"\0*\0scvlID\";N;}s:13:\"\0*\0lineHeight\";i:-1;s:16:\"\0*\0letterSpacing\";i:-1;s:12:\"\0*\0fontStyle\";i:-1;s:13:\"\0*\0fontWeight\";s:3:\"700\";s:17:\"\0*\0textDecoration\";i:-1;s:16:\"\0*\0textTransform\";i:-1;s:11:\"\0*\0variable\";s:2:\"h4\";s:8:\"\0*\0scvID\";N;s:9:\"\0*\0scvlID\";N;}'),(88,12,'O:51:\"Concrete\\Core\\StyleCustomizer\\Style\\Value\\TypeValue\":12:{s:13:\"\0*\0fontFamily\";s:25:\"Comic Sans MS, sans-serif\";s:11:\"\0*\0fontSize\";O:51:\"Concrete\\Core\\StyleCustomizer\\Style\\Value\\SizeValue\":5:{s:7:\"\0*\0size\";s:4:\"0.73\";s:7:\"\0*\0unit\";s:2:\"em\";s:11:\"\0*\0variable\";b:0;s:8:\"\0*\0scvID\";N;s:9:\"\0*\0scvlID\";N;}s:8:\"\0*\0color\";O:52:\"Concrete\\Core\\StyleCustomizer\\Style\\Value\\ColorValue\":7:{s:4:\"\0*\0r\";i:159;s:4:\"\0*\0g\";i:169;s:4:\"\0*\0b\";i:173;s:4:\"\0*\0a\";b:0;s:11:\"\0*\0variable\";b:0;s:8:\"\0*\0scvID\";N;s:9:\"\0*\0scvlID\";N;}s:13:\"\0*\0lineHeight\";i:-1;s:16:\"\0*\0letterSpacing\";i:-1;s:12:\"\0*\0fontStyle\";i:-1;s:13:\"\0*\0fontWeight\";s:3:\"700\";s:17:\"\0*\0textDecoration\";i:-1;s:16:\"\0*\0textTransform\";s:9:\"uppercase\";s:11:\"\0*\0variable\";s:2:\"h5\";s:8:\"\0*\0scvID\";N;s:9:\"\0*\0scvlID\";N;}'),(89,12,'O:51:\"Concrete\\Core\\StyleCustomizer\\Style\\Value\\TypeValue\":12:{s:13:\"\0*\0fontFamily\";s:25:\"Comic Sans MS, sans-serif\";s:11:\"\0*\0fontSize\";O:51:\"Concrete\\Core\\StyleCustomizer\\Style\\Value\\SizeValue\":5:{s:7:\"\0*\0size\";s:4:\"0.73\";s:7:\"\0*\0unit\";s:2:\"em\";s:11:\"\0*\0variable\";b:0;s:8:\"\0*\0scvID\";N;s:9:\"\0*\0scvlID\";N;}s:8:\"\0*\0color\";O:52:\"Concrete\\Core\\StyleCustomizer\\Style\\Value\\ColorValue\":7:{s:4:\"\0*\0r\";i:173;s:4:\"\0*\0g\";i:180;s:4:\"\0*\0b\";i:185;s:4:\"\0*\0a\";b:0;s:11:\"\0*\0variable\";b:0;s:8:\"\0*\0scvID\";N;s:9:\"\0*\0scvlID\";N;}s:13:\"\0*\0lineHeight\";i:-1;s:16:\"\0*\0letterSpacing\";i:-1;s:12:\"\0*\0fontStyle\";i:-1;s:13:\"\0*\0fontWeight\";s:3:\"400\";s:17:\"\0*\0textDecoration\";i:-1;s:16:\"\0*\0textTransform\";s:9:\"uppercase\";s:11:\"\0*\0variable\";s:2:\"h6\";s:8:\"\0*\0scvID\";N;s:9:\"\0*\0scvlID\";N;}'),(90,12,'O:51:\"Concrete\\Core\\StyleCustomizer\\Style\\Value\\TypeValue\":12:{s:13:\"\0*\0fontFamily\";i:-1;s:11:\"\0*\0fontSize\";O:51:\"Concrete\\Core\\StyleCustomizer\\Style\\Value\\SizeValue\":5:{s:7:\"\0*\0size\";s:4:\"1.46\";s:7:\"\0*\0unit\";s:2:\"em\";s:11:\"\0*\0variable\";b:0;s:8:\"\0*\0scvID\";N;s:9:\"\0*\0scvlID\";N;}s:8:\"\0*\0color\";O:52:\"Concrete\\Core\\StyleCustomizer\\Style\\Value\\ColorValue\":7:{s:4:\"\0*\0r\";i:110;s:4:\"\0*\0g\";i:110;s:4:\"\0*\0b\";i:110;s:4:\"\0*\0a\";b:0;s:11:\"\0*\0variable\";b:0;s:8:\"\0*\0scvID\";N;s:9:\"\0*\0scvlID\";N;}s:13:\"\0*\0lineHeight\";i:-1;s:16:\"\0*\0letterSpacing\";i:-1;s:12:\"\0*\0fontStyle\";i:-1;s:13:\"\0*\0fontWeight\";s:3:\"400\";s:17:\"\0*\0textDecoration\";i:-1;s:16:\"\0*\0textTransform\";i:-1;s:11:\"\0*\0variable\";s:10:\"blockquote\";s:8:\"\0*\0scvID\";N;s:9:\"\0*\0scvlID\";N;}'),(91,12,'O:51:\"Concrete\\Core\\StyleCustomizer\\Style\\Value\\SizeValue\":5:{s:7:\"\0*\0size\";s:2:\"60\";s:7:\"\0*\0unit\";s:2:\"px\";s:11:\"\0*\0variable\";s:23:\"blockquote-left-padding\";s:8:\"\0*\0scvID\";N;s:9:\"\0*\0scvlID\";N;}'),(92,12,'O:52:\"Concrete\\Core\\StyleCustomizer\\Style\\Value\\ColorValue\":7:{s:4:\"\0*\0r\";i:228;s:4:\"\0*\0g\";i:189;s:4:\"\0*\0b\";i:255;s:4:\"\0*\0a\";b:0;s:11:\"\0*\0variable\";s:17:\"blockquote-border\";s:8:\"\0*\0scvID\";N;s:9:\"\0*\0scvlID\";N;}'),(93,12,'O:52:\"Concrete\\Core\\StyleCustomizer\\Style\\Value\\ImageValue\":5:{s:11:\"\0*\0imageUrl\";s:59:\"/application/themes/lcda/images/background-slider-royal.png\";s:6:\"\0*\0fID\";N;s:11:\"\0*\0variable\";s:23:\"image-slider-background\";s:8:\"\0*\0scvID\";N;s:9:\"\0*\0scvlID\";N;}'),(94,12,'O:51:\"Concrete\\Core\\StyleCustomizer\\Style\\Value\\TypeValue\":12:{s:13:\"\0*\0fontFamily\";s:25:\"Comic Sans MS, sans-serif\";s:11:\"\0*\0fontSize\";O:51:\"Concrete\\Core\\StyleCustomizer\\Style\\Value\\SizeValue\":5:{s:7:\"\0*\0size\";s:3:\"3.2\";s:7:\"\0*\0unit\";s:2:\"em\";s:11:\"\0*\0variable\";b:0;s:8:\"\0*\0scvID\";N;s:9:\"\0*\0scvlID\";N;}s:8:\"\0*\0color\";O:52:\"Concrete\\Core\\StyleCustomizer\\Style\\Value\\ColorValue\":7:{s:4:\"\0*\0r\";i:255;s:4:\"\0*\0g\";i:255;s:4:\"\0*\0b\";i:255;s:4:\"\0*\0a\";b:0;s:11:\"\0*\0variable\";b:0;s:8:\"\0*\0scvID\";N;s:9:\"\0*\0scvlID\";N;}s:13:\"\0*\0lineHeight\";i:-1;s:16:\"\0*\0letterSpacing\";i:-1;s:12:\"\0*\0fontStyle\";i:-1;s:13:\"\0*\0fontWeight\";s:3:\"200\";s:17:\"\0*\0textDecoration\";i:-1;s:16:\"\0*\0textTransform\";i:-1;s:11:\"\0*\0variable\";s:18:\"image-slider-title\";s:8:\"\0*\0scvID\";N;s:9:\"\0*\0scvlID\";N;}'),(95,12,'O:51:\"Concrete\\Core\\StyleCustomizer\\Style\\Value\\TypeValue\":12:{s:13:\"\0*\0fontFamily\";s:25:\"Comic Sans MS, sans-serif\";s:11:\"\0*\0fontSize\";O:51:\"Concrete\\Core\\StyleCustomizer\\Style\\Value\\SizeValue\":5:{s:7:\"\0*\0size\";s:3:\"1.1\";s:7:\"\0*\0unit\";s:2:\"em\";s:11:\"\0*\0variable\";b:0;s:8:\"\0*\0scvID\";N;s:9:\"\0*\0scvlID\";N;}s:8:\"\0*\0color\";O:52:\"Concrete\\Core\\StyleCustomizer\\Style\\Value\\ColorValue\":7:{s:4:\"\0*\0r\";i:255;s:4:\"\0*\0g\";i:255;s:4:\"\0*\0b\";i:255;s:4:\"\0*\0a\";b:0;s:11:\"\0*\0variable\";b:0;s:8:\"\0*\0scvID\";N;s:9:\"\0*\0scvlID\";N;}s:13:\"\0*\0lineHeight\";i:-1;s:16:\"\0*\0letterSpacing\";i:-1;s:12:\"\0*\0fontStyle\";i:-1;s:13:\"\0*\0fontWeight\";s:3:\"400\";s:17:\"\0*\0textDecoration\";i:-1;s:16:\"\0*\0textTransform\";i:-1;s:11:\"\0*\0variable\";s:22:\"image-slider-paragraph\";s:8:\"\0*\0scvID\";N;s:9:\"\0*\0scvlID\";N;}'),(96,12,'O:52:\"Concrete\\Core\\StyleCustomizer\\Style\\Value\\ColorValue\":7:{s:4:\"\0*\0r\";i:127;s:4:\"\0*\0g\";i:113;s:4:\"\0*\0b\";i:149;s:4:\"\0*\0a\";b:0;s:11:\"\0*\0variable\";s:23:\"image-slider-navigation\";s:8:\"\0*\0scvID\";N;s:9:\"\0*\0scvlID\";N;}'),(97,12,'O:52:\"Concrete\\Core\\StyleCustomizer\\Style\\Value\\ColorValue\":7:{s:4:\"\0*\0r\";i:179;s:4:\"\0*\0g\";i:65;s:4:\"\0*\0b\";i:255;s:4:\"\0*\0a\";b:0;s:11:\"\0*\0variable\";s:30:\"image-slider-navigation-active\";s:8:\"\0*\0scvID\";N;s:9:\"\0*\0scvlID\";N;}'),(98,12,'O:51:\"Concrete\\Core\\StyleCustomizer\\Style\\Value\\TypeValue\":12:{s:13:\"\0*\0fontFamily\";s:25:\"Comic Sans MS, sans-serif\";s:11:\"\0*\0fontSize\";O:51:\"Concrete\\Core\\StyleCustomizer\\Style\\Value\\SizeValue\":5:{s:7:\"\0*\0size\";s:3:\"1.2\";s:7:\"\0*\0unit\";s:2:\"em\";s:11:\"\0*\0variable\";b:0;s:8:\"\0*\0scvID\";N;s:9:\"\0*\0scvlID\";N;}s:8:\"\0*\0color\";O:52:\"Concrete\\Core\\StyleCustomizer\\Style\\Value\\ColorValue\":7:{s:4:\"\0*\0r\";i:99;s:4:\"\0*\0g\";i:94;s:4:\"\0*\0b\";i:196;s:4:\"\0*\0a\";b:0;s:11:\"\0*\0variable\";b:0;s:8:\"\0*\0scvID\";N;s:9:\"\0*\0scvlID\";N;}s:13:\"\0*\0lineHeight\";i:-1;s:16:\"\0*\0letterSpacing\";i:-1;s:12:\"\0*\0fontStyle\";i:-1;s:13:\"\0*\0fontWeight\";s:3:\"800\";s:17:\"\0*\0textDecoration\";i:-1;s:16:\"\0*\0textTransform\";s:9:\"uppercase\";s:11:\"\0*\0variable\";s:17:\"footer-site-title\";s:8:\"\0*\0scvID\";N;s:9:\"\0*\0scvlID\";N;}'),(99,12,'O:52:\"Concrete\\Core\\StyleCustomizer\\Style\\Value\\ColorValue\":7:{s:4:\"\0*\0r\";i:35;s:4:\"\0*\0g\";i:30;s:4:\"\0*\0b\";i:131;s:4:\"\0*\0a\";b:0;s:11:\"\0*\0variable\";s:21:\"footer-top-background\";s:8:\"\0*\0scvID\";N;s:9:\"\0*\0scvlID\";N;}'),(100,12,'O:52:\"Concrete\\Core\\StyleCustomizer\\Style\\Value\\ColorValue\":7:{s:4:\"\0*\0r\";i:239;s:4:\"\0*\0g\";i:239;s:4:\"\0*\0b\";i:239;s:4:\"\0*\0a\";b:0;s:11:\"\0*\0variable\";s:24:\"footer-bottom-background\";s:8:\"\0*\0scvID\";N;s:9:\"\0*\0scvlID\";N;}'),(101,12,'O:52:\"Concrete\\Core\\StyleCustomizer\\Style\\Value\\ColorValue\":7:{s:4:\"\0*\0r\";i:35;s:4:\"\0*\0g\";i:30;s:4:\"\0*\0b\";i:131;s:4:\"\0*\0a\";b:0;s:11:\"\0*\0variable\";s:22:\"footer-section-divider\";s:8:\"\0*\0scvID\";N;s:9:\"\0*\0scvlID\";N;}'),(102,12,'O:52:\"Concrete\\Core\\StyleCustomizer\\Style\\Value\\ColorValue\":7:{s:4:\"\0*\0r\";i:99;s:4:\"\0*\0g\";i:94;s:4:\"\0*\0b\";i:196;s:4:\"\0*\0a\";b:0;s:11:\"\0*\0variable\";s:18:\"footer-social-icon\";s:8:\"\0*\0scvID\";N;s:9:\"\0*\0scvlID\";N;}'),(103,12,'O:52:\"Concrete\\Core\\StyleCustomizer\\Style\\Value\\ColorValue\":7:{s:4:\"\0*\0r\";i:255;s:4:\"\0*\0g\";i:255;s:4:\"\0*\0b\";i:255;s:4:\"\0*\0a\";b:0;s:11:\"\0*\0variable\";s:24:\"footer-social-icon-hover\";s:8:\"\0*\0scvID\";N;s:9:\"\0*\0scvlID\";N;}'),(104,12,'O:52:\"Concrete\\Core\\StyleCustomizer\\Style\\Value\\ColorValue\":7:{s:4:\"\0*\0r\";i:0;s:4:\"\0*\0g\";i:159;s:4:\"\0*\0b\";i:239;s:4:\"\0*\0a\";b:0;s:11:\"\0*\0variable\";s:11:\"footer-link\";s:8:\"\0*\0scvID\";N;s:9:\"\0*\0scvlID\";N;}'),(105,12,'O:52:\"Concrete\\Core\\StyleCustomizer\\Style\\Value\\ColorValue\":7:{s:4:\"\0*\0r\";i:35;s:4:\"\0*\0g\";i:30;s:4:\"\0*\0b\";i:131;s:4:\"\0*\0a\";b:0;s:11:\"\0*\0variable\";s:17:\"footer-link-hover\";s:8:\"\0*\0scvID\";N;s:9:\"\0*\0scvlID\";N;}'),(106,12,'O:52:\"Concrete\\Core\\StyleCustomizer\\Style\\Value\\ColorValue\":7:{s:4:\"\0*\0r\";i:236;s:4:\"\0*\0g\";i:236;s:4:\"\0*\0b\";i:236;s:4:\"\0*\0a\";b:0;s:11:\"\0*\0variable\";s:23:\"content-section-divider\";s:8:\"\0*\0scvID\";N;s:9:\"\0*\0scvlID\";N;}'),(107,12,'O:52:\"Concrete\\Core\\StyleCustomizer\\Style\\Value\\ColorValue\":7:{s:4:\"\0*\0r\";i:228;s:4:\"\0*\0g\";i:189;s:4:\"\0*\0b\";i:255;s:4:\"\0*\0a\";b:0;s:11:\"\0*\0variable\";s:21:\"default-button-border\";s:8:\"\0*\0scvID\";N;s:9:\"\0*\0scvlID\";N;}'),(108,12,'O:52:\"Concrete\\Core\\StyleCustomizer\\Style\\Value\\ColorValue\":7:{s:4:\"\0*\0r\";i:228;s:4:\"\0*\0g\";i:189;s:4:\"\0*\0b\";i:255;s:4:\"\0*\0a\";b:0;s:11:\"\0*\0variable\";s:17:\"accent-background\";s:8:\"\0*\0scvID\";N;s:9:\"\0*\0scvlID\";N;}'),(109,12,'O:52:\"Concrete\\Core\\StyleCustomizer\\Style\\Value\\ColorValue\":7:{s:4:\"\0*\0r\";i:255;s:4:\"\0*\0g\";i:255;s:4:\"\0*\0b\";i:255;s:4:\"\0*\0a\";b:0;s:11:\"\0*\0variable\";s:13:\"accent-header\";s:8:\"\0*\0scvID\";N;s:9:\"\0*\0scvlID\";N;}'),(110,12,'O:51:\"Concrete\\Core\\StyleCustomizer\\Style\\Value\\TypeValue\":12:{s:13:\"\0*\0fontFamily\";s:25:\"Comic Sans MS, sans-serif\";s:11:\"\0*\0fontSize\";O:51:\"Concrete\\Core\\StyleCustomizer\\Style\\Value\\SizeValue\":5:{s:7:\"\0*\0size\";s:4:\"2.46\";s:7:\"\0*\0unit\";s:2:\"em\";s:11:\"\0*\0variable\";b:0;s:8:\"\0*\0scvID\";N;s:9:\"\0*\0scvlID\";N;}s:8:\"\0*\0color\";O:52:\"Concrete\\Core\\StyleCustomizer\\Style\\Value\\ColorValue\":7:{s:4:\"\0*\0r\";i:57;s:4:\"\0*\0g\";i:64;s:4:\"\0*\0b\";i:67;s:4:\"\0*\0a\";b:0;s:11:\"\0*\0variable\";b:0;s:8:\"\0*\0scvID\";N;s:9:\"\0*\0scvlID\";N;}s:13:\"\0*\0lineHeight\";i:-1;s:16:\"\0*\0letterSpacing\";i:-1;s:12:\"\0*\0fontStyle\";i:-1;s:13:\"\0*\0fontWeight\";i:-1;s:17:\"\0*\0textDecoration\";i:-1;s:16:\"\0*\0textTransform\";i:-1;s:11:\"\0*\0variable\";s:10:\"title-thin\";s:8:\"\0*\0scvID\";N;s:9:\"\0*\0scvlID\";N;}'),(111,12,'O:51:\"Concrete\\Core\\StyleCustomizer\\Style\\Value\\TypeValue\":12:{s:13:\"\0*\0fontFamily\";s:25:\"Comic Sans MS, sans-serif\";s:11:\"\0*\0fontSize\";O:51:\"Concrete\\Core\\StyleCustomizer\\Style\\Value\\SizeValue\":5:{s:7:\"\0*\0size\";s:1:\"1\";s:7:\"\0*\0unit\";s:2:\"em\";s:11:\"\0*\0variable\";b:0;s:8:\"\0*\0scvID\";N;s:9:\"\0*\0scvlID\";N;}s:8:\"\0*\0color\";O:52:\"Concrete\\Core\\StyleCustomizer\\Style\\Value\\ColorValue\":7:{s:4:\"\0*\0r\";i:153;s:4:\"\0*\0g\";i:153;s:4:\"\0*\0b\";i:153;s:4:\"\0*\0a\";b:0;s:11:\"\0*\0variable\";b:0;s:8:\"\0*\0scvID\";N;s:9:\"\0*\0scvlID\";N;}s:13:\"\0*\0lineHeight\";i:-1;s:16:\"\0*\0letterSpacing\";i:-1;s:12:\"\0*\0fontStyle\";s:6:\"italic\";s:13:\"\0*\0fontWeight\";i:-1;s:17:\"\0*\0textDecoration\";i:-1;s:16:\"\0*\0textTransform\";i:-1;s:11:\"\0*\0variable\";s:13:\"image-caption\";s:8:\"\0*\0scvID\";N;s:9:\"\0*\0scvlID\";N;}'),(112,12,'O:51:\"Concrete\\Core\\StyleCustomizer\\Style\\Value\\TypeValue\":12:{s:13:\"\0*\0fontFamily\";s:25:\"Comic Sans MS, sans-serif\";s:11:\"\0*\0fontSize\";O:51:\"Concrete\\Core\\StyleCustomizer\\Style\\Value\\SizeValue\":5:{s:7:\"\0*\0size\";s:4:\"1.73\";s:7:\"\0*\0unit\";s:2:\"em\";s:11:\"\0*\0variable\";b:0;s:8:\"\0*\0scvID\";N;s:9:\"\0*\0scvlID\";N;}s:8:\"\0*\0color\";O:52:\"Concrete\\Core\\StyleCustomizer\\Style\\Value\\ColorValue\":7:{s:4:\"\0*\0r\";i:57;s:4:\"\0*\0g\";i:64;s:4:\"\0*\0b\";i:67;s:4:\"\0*\0a\";b:0;s:11:\"\0*\0variable\";b:0;s:8:\"\0*\0scvID\";N;s:9:\"\0*\0scvlID\";N;}s:13:\"\0*\0lineHeight\";i:-1;s:16:\"\0*\0letterSpacing\";i:-1;s:12:\"\0*\0fontStyle\";i:-1;s:13:\"\0*\0fontWeight\";i:-1;s:17:\"\0*\0textDecoration\";i:-1;s:16:\"\0*\0textTransform\";i:-1;s:11:\"\0*\0variable\";s:10:\"title-caps\";s:8:\"\0*\0scvID\";N;s:9:\"\0*\0scvlID\";N;}'),(113,12,'O:52:\"Concrete\\Core\\StyleCustomizer\\Style\\Value\\ColorValue\":7:{s:4:\"\0*\0r\";i:79;s:4:\"\0*\0g\";i:84;s:4:\"\0*\0b\";i:90;s:4:\"\0*\0a\";b:0;s:11:\"\0*\0variable\";s:18:\"home-feature-title\";s:8:\"\0*\0scvID\";N;s:9:\"\0*\0scvlID\";N;}'),(114,12,'O:52:\"Concrete\\Core\\StyleCustomizer\\Style\\Value\\ColorValue\":7:{s:4:\"\0*\0r\";i:79;s:4:\"\0*\0g\";i:84;s:4:\"\0*\0b\";i:90;s:4:\"\0*\0a\";b:0;s:11:\"\0*\0variable\";s:17:\"home-feature-icon\";s:8:\"\0*\0scvID\";N;s:9:\"\0*\0scvlID\";N;}'),(115,12,'O:52:\"Concrete\\Core\\StyleCustomizer\\Style\\Value\\BasicValue\":4:{s:8:\"\0*\0value\";s:22:\"build/fonts/royal.less\";s:11:\"\0*\0variable\";s:17:\"preset-fonts-file\";s:8:\"\0*\0scvID\";N;s:9:\"\0*\0scvlID\";N;}'),(116,13,'O:52:\"Concrete\\Core\\StyleCustomizer\\Style\\Value\\ColorValue\":7:{s:4:\"\0*\0r\";i:0;s:4:\"\0*\0g\";i:133;s:4:\"\0*\0b\";i:255;s:4:\"\0*\0a\";b:0;s:11:\"\0*\0variable\";s:14:\"primary-action\";s:8:\"\0*\0scvID\";N;s:9:\"\0*\0scvlID\";N;}'),(117,13,'O:51:\"Concrete\\Core\\StyleCustomizer\\Style\\Value\\SizeValue\":5:{s:7:\"\0*\0size\";s:2:\"20\";s:7:\"\0*\0unit\";s:2:\"px\";s:11:\"\0*\0variable\";s:15:\"primary-spacing\";s:8:\"\0*\0scvID\";N;s:9:\"\0*\0scvlID\";N;}'),(118,13,'O:51:\"Concrete\\Core\\StyleCustomizer\\Style\\Value\\TypeValue\":12:{s:13:\"\0*\0fontFamily\";s:25:\"Comic Sans MS, sans-serif\";s:11:\"\0*\0fontSize\";O:51:\"Concrete\\Core\\StyleCustomizer\\Style\\Value\\SizeValue\":5:{s:7:\"\0*\0size\";s:2:\"14\";s:7:\"\0*\0unit\";s:2:\"px\";s:11:\"\0*\0variable\";b:0;s:8:\"\0*\0scvID\";N;s:9:\"\0*\0scvlID\";N;}s:8:\"\0*\0color\";O:52:\"Concrete\\Core\\StyleCustomizer\\Style\\Value\\ColorValue\":7:{s:4:\"\0*\0r\";i:51;s:4:\"\0*\0g\";i:51;s:4:\"\0*\0b\";i:51;s:4:\"\0*\0a\";b:0;s:11:\"\0*\0variable\";b:0;s:8:\"\0*\0scvID\";N;s:9:\"\0*\0scvlID\";N;}s:13:\"\0*\0lineHeight\";i:-1;s:16:\"\0*\0letterSpacing\";i:-1;s:12:\"\0*\0fontStyle\";s:4:\"none\";s:13:\"\0*\0fontWeight\";s:3:\"300\";s:17:\"\0*\0textDecoration\";i:-1;s:16:\"\0*\0textTransform\";i:-1;s:11:\"\0*\0variable\";s:4:\"body\";s:8:\"\0*\0scvID\";N;s:9:\"\0*\0scvlID\";N;}'),(119,13,'O:52:\"Concrete\\Core\\StyleCustomizer\\Style\\Value\\ColorValue\":7:{s:4:\"\0*\0r\";i:107;s:4:\"\0*\0g\";i:247;s:4:\"\0*\0b\";i:255;s:4:\"\0*\0a\";b:0;s:11:\"\0*\0variable\";s:15:\"team-background\";s:8:\"\0*\0scvID\";N;s:9:\"\0*\0scvlID\";N;}'),(120,13,'O:52:\"Concrete\\Core\\StyleCustomizer\\Style\\Value\\ImageValue\":5:{s:11:\"\0*\0imageUrl\";s:49:\"/application/themes/urbanic/images/background.png\";s:6:\"\0*\0fID\";N;s:11:\"\0*\0variable\";s:15:\"team-background\";s:8:\"\0*\0scvID\";N;s:9:\"\0*\0scvlID\";N;}'),(121,13,'O:52:\"Concrete\\Core\\StyleCustomizer\\Style\\Value\\BasicValue\":4:{s:8:\"\0*\0value\";s:19:\"fonts/defaults.less\";s:11:\"\0*\0variable\";s:17:\"preset-fonts-file\";s:8:\"\0*\0scvID\";N;s:9:\"\0*\0scvlID\";N;}');
/*!40000 ALTER TABLE `StyleCustomizerValues` ENABLE KEYS */;
UNLOCK TABLES;

--
-- Table structure for table `SystemAntispamLibraries`
--

DROP TABLE IF EXISTS `SystemAntispamLibraries`;
/*!40101 SET @saved_cs_client     = @@character_set_client */;
/*!40101 SET character_set_client = utf8 */;
CREATE TABLE `SystemAntispamLibraries` (
  `saslHandle` varchar(64) COLLATE utf8_unicode_ci NOT NULL,
  `saslName` varchar(255) COLLATE utf8_unicode_ci DEFAULT NULL,
  `saslIsActive` tinyint(1) NOT NULL DEFAULT '0',
  `pkgID` int(10) unsigned NOT NULL DEFAULT '0',
  PRIMARY KEY (`saslHandle`),
  KEY `pkgID` (`pkgID`)
) ENGINE=InnoDB DEFAULT CHARSET=utf8 COLLATE=utf8_unicode_ci;
/*!40101 SET character_set_client = @saved_cs_client */;

--
-- Dumping data for table `SystemAntispamLibraries`
--

LOCK TABLES `SystemAntispamLibraries` WRITE;
/*!40000 ALTER TABLE `SystemAntispamLibraries` DISABLE KEYS */;
/*!40000 ALTER TABLE `SystemAntispamLibraries` ENABLE KEYS */;
UNLOCK TABLES;

--
-- Table structure for table `SystemCaptchaLibraries`
--

DROP TABLE IF EXISTS `SystemCaptchaLibraries`;
/*!40101 SET @saved_cs_client     = @@character_set_client */;
/*!40101 SET character_set_client = utf8 */;
CREATE TABLE `SystemCaptchaLibraries` (
  `sclHandle` varchar(64) COLLATE utf8_unicode_ci NOT NULL,
  `sclName` varchar(255) COLLATE utf8_unicode_ci DEFAULT NULL,
  `sclIsActive` tinyint(1) NOT NULL DEFAULT '0',
  `pkgID` int(10) unsigned NOT NULL DEFAULT '0',
  PRIMARY KEY (`sclHandle`),
  KEY `pkgID` (`pkgID`)
) ENGINE=InnoDB DEFAULT CHARSET=utf8 COLLATE=utf8_unicode_ci;
/*!40101 SET character_set_client = @saved_cs_client */;

--
-- Dumping data for table `SystemCaptchaLibraries`
--

LOCK TABLES `SystemCaptchaLibraries` WRITE;
/*!40000 ALTER TABLE `SystemCaptchaLibraries` DISABLE KEYS */;
INSERT INTO `SystemCaptchaLibraries` VALUES ('securimage','SecurImage (Default)',1,0);
/*!40000 ALTER TABLE `SystemCaptchaLibraries` ENABLE KEYS */;
UNLOCK TABLES;

--
-- Table structure for table `SystemContentEditorSnippets`
--

DROP TABLE IF EXISTS `SystemContentEditorSnippets`;
/*!40101 SET @saved_cs_client     = @@character_set_client */;
/*!40101 SET character_set_client = utf8 */;
CREATE TABLE `SystemContentEditorSnippets` (
  `scsHandle` varchar(64) COLLATE utf8_unicode_ci NOT NULL,
  `scsName` varchar(255) COLLATE utf8_unicode_ci DEFAULT NULL,
  `scsIsActive` tinyint(1) NOT NULL DEFAULT '0',
  `pkgID` int(10) unsigned NOT NULL DEFAULT '0',
  PRIMARY KEY (`scsHandle`),
  KEY `pkgID` (`pkgID`)
) ENGINE=InnoDB DEFAULT CHARSET=utf8 COLLATE=utf8_unicode_ci;
/*!40101 SET character_set_client = @saved_cs_client */;

--
-- Dumping data for table `SystemContentEditorSnippets`
--

LOCK TABLES `SystemContentEditorSnippets` WRITE;
/*!40000 ALTER TABLE `SystemContentEditorSnippets` DISABLE KEYS */;
INSERT INTO `SystemContentEditorSnippets` VALUES ('page_name','Page Name',1,0),('user_name','User Name',1,0);
/*!40000 ALTER TABLE `SystemContentEditorSnippets` ENABLE KEYS */;
UNLOCK TABLES;

--
-- Table structure for table `SystemDatabaseMigrations`
--

DROP TABLE IF EXISTS `SystemDatabaseMigrations`;
/*!40101 SET @saved_cs_client     = @@character_set_client */;
/*!40101 SET character_set_client = utf8 */;
CREATE TABLE `SystemDatabaseMigrations` (
  `version` varchar(255) COLLATE utf8_unicode_ci NOT NULL,
  PRIMARY KEY (`version`)
) ENGINE=InnoDB DEFAULT CHARSET=utf8 COLLATE=utf8_unicode_ci;
/*!40101 SET character_set_client = @saved_cs_client */;

--
-- Dumping data for table `SystemDatabaseMigrations`
--

LOCK TABLES `SystemDatabaseMigrations` WRITE;
/*!40000 ALTER TABLE `SystemDatabaseMigrations` DISABLE KEYS */;
INSERT INTO `SystemDatabaseMigrations` VALUES ('20140919000000'),('20140930000000'),('20141017000000'),('20141024000000'),('20141113000000'),('20141219000000'),('20150109000000'),('20150224000000'),('20150413000000'),('20150504000000'),('20150515000000'),('20150610000000'),('20150612000000'),('20150615000000'),('20150616000000'),('20150619000000'),('20150622000000'),('20150623000000'),('20150713000000'),('5702'),('5704'),('571'),('572'),('5721'),('573'),('5731'),('5732');
/*!40000 ALTER TABLE `SystemDatabaseMigrations` ENABLE KEYS */;
UNLOCK TABLES;

--
-- Table structure for table `SystemDatabaseQueryLog`
--

DROP TABLE IF EXISTS `SystemDatabaseQueryLog`;
/*!40101 SET @saved_cs_client     = @@character_set_client */;
/*!40101 SET character_set_client = utf8 */;
CREATE TABLE `SystemDatabaseQueryLog` (
  `query` text COLLATE utf8_unicode_ci,
  `params` text COLLATE utf8_unicode_ci,
  `executionMS` varchar(255) COLLATE utf8_unicode_ci DEFAULT NULL
) ENGINE=InnoDB DEFAULT CHARSET=utf8 COLLATE=utf8_unicode_ci;
/*!40101 SET character_set_client = @saved_cs_client */;

--
-- Dumping data for table `SystemDatabaseQueryLog`
--

LOCK TABLES `SystemDatabaseQueryLog` WRITE;
/*!40000 ALTER TABLE `SystemDatabaseQueryLog` DISABLE KEYS */;
/*!40000 ALTER TABLE `SystemDatabaseQueryLog` ENABLE KEYS */;
UNLOCK TABLES;

--
-- Table structure for table `SystemImageEditorComponents`
--

DROP TABLE IF EXISTS `SystemImageEditorComponents`;
/*!40101 SET @saved_cs_client     = @@character_set_client */;
/*!40101 SET character_set_client = utf8 */;
CREATE TABLE `SystemImageEditorComponents` (
  `scsID` int(10) unsigned NOT NULL AUTO_INCREMENT,
  `scsHandle` varchar(255) COLLATE utf8_unicode_ci NOT NULL DEFAULT '',
  `scsName` varchar(255) COLLATE utf8_unicode_ci NOT NULL DEFAULT '',
  `scsDisplayOrder` int(10) unsigned NOT NULL DEFAULT '0',
  `pkgID` int(10) unsigned NOT NULL DEFAULT '0',
  PRIMARY KEY (`scsID`),
  KEY `pkgID` (`pkgID`)
) ENGINE=InnoDB DEFAULT CHARSET=utf8 COLLATE=utf8_unicode_ci;
/*!40101 SET character_set_client = @saved_cs_client */;

--
-- Dumping data for table `SystemImageEditorComponents`
--

LOCK TABLES `SystemImageEditorComponents` WRITE;
/*!40000 ALTER TABLE `SystemImageEditorComponents` DISABLE KEYS */;
/*!40000 ALTER TABLE `SystemImageEditorComponents` ENABLE KEYS */;
UNLOCK TABLES;

--
-- Table structure for table `SystemImageEditorControlSets`
--

DROP TABLE IF EXISTS `SystemImageEditorControlSets`;
/*!40101 SET @saved_cs_client     = @@character_set_client */;
/*!40101 SET character_set_client = utf8 */;
CREATE TABLE `SystemImageEditorControlSets` (
  `scsID` int(10) unsigned NOT NULL AUTO_INCREMENT,
  `scsHandle` varchar(255) COLLATE utf8_unicode_ci NOT NULL DEFAULT '',
  `scsName` varchar(255) COLLATE utf8_unicode_ci NOT NULL DEFAULT '',
  `scsDisplayOrder` int(10) unsigned NOT NULL DEFAULT '0',
  `pkgID` int(10) unsigned NOT NULL DEFAULT '0',
  PRIMARY KEY (`scsID`),
  KEY `pkgID` (`pkgID`)
) ENGINE=InnoDB AUTO_INCREMENT=3 DEFAULT CHARSET=utf8 COLLATE=utf8_unicode_ci;
/*!40101 SET character_set_client = @saved_cs_client */;

--
-- Dumping data for table `SystemImageEditorControlSets`
--

LOCK TABLES `SystemImageEditorControlSets` WRITE;
/*!40000 ALTER TABLE `SystemImageEditorControlSets` DISABLE KEYS */;
INSERT INTO `SystemImageEditorControlSets` VALUES (1,'position','Position',0,0),(2,'filter','Filter',0,0);
/*!40000 ALTER TABLE `SystemImageEditorControlSets` ENABLE KEYS */;
UNLOCK TABLES;

--
-- Table structure for table `SystemImageEditorFilters`
--

DROP TABLE IF EXISTS `SystemImageEditorFilters`;
/*!40101 SET @saved_cs_client     = @@character_set_client */;
/*!40101 SET character_set_client = utf8 */;
CREATE TABLE `SystemImageEditorFilters` (
  `scsID` int(10) unsigned NOT NULL AUTO_INCREMENT,
  `scsHandle` varchar(255) COLLATE utf8_unicode_ci NOT NULL DEFAULT '',
  `scsName` varchar(255) COLLATE utf8_unicode_ci NOT NULL DEFAULT '',
  `scsDisplayOrder` int(10) unsigned NOT NULL DEFAULT '0',
  `pkgID` int(10) unsigned NOT NULL DEFAULT '0',
  PRIMARY KEY (`scsID`),
  KEY `pkgID` (`pkgID`)
) ENGINE=InnoDB AUTO_INCREMENT=6 DEFAULT CHARSET=utf8 COLLATE=utf8_unicode_ci;
/*!40101 SET character_set_client = @saved_cs_client */;

--
-- Dumping data for table `SystemImageEditorFilters`
--

LOCK TABLES `SystemImageEditorFilters` WRITE;
/*!40000 ALTER TABLE `SystemImageEditorFilters` DISABLE KEYS */;
INSERT INTO `SystemImageEditorFilters` VALUES (1,'none','None',0,0),(2,'grayscale','Grayscale',0,0),(3,'sepia','Sepia',0,0),(4,'gaussian_blur','Blur',0,0),(5,'vignette','Vignette',0,0);
/*!40000 ALTER TABLE `SystemImageEditorFilters` ENABLE KEYS */;
UNLOCK TABLES;

--
-- Table structure for table `SystemImageEditorShapes`
--

DROP TABLE IF EXISTS `SystemImageEditorShapes`;
/*!40101 SET @saved_cs_client     = @@character_set_client */;
/*!40101 SET character_set_client = utf8 */;
CREATE TABLE `SystemImageEditorShapes` (
  `scsID` int(10) unsigned NOT NULL AUTO_INCREMENT,
  `scsHandle` varchar(255) COLLATE utf8_unicode_ci NOT NULL DEFAULT '',
  `scsName` varchar(255) COLLATE utf8_unicode_ci NOT NULL DEFAULT '',
  `scsDisplayOrder` int(10) unsigned NOT NULL DEFAULT '0',
  `pkgID` int(10) unsigned NOT NULL DEFAULT '0',
  PRIMARY KEY (`scsID`),
  KEY `pkgID` (`pkgID`)
) ENGINE=InnoDB DEFAULT CHARSET=utf8 COLLATE=utf8_unicode_ci;
/*!40101 SET character_set_client = @saved_cs_client */;

--
-- Dumping data for table `SystemImageEditorShapes`
--

LOCK TABLES `SystemImageEditorShapes` WRITE;
/*!40000 ALTER TABLE `SystemImageEditorShapes` DISABLE KEYS */;
/*!40000 ALTER TABLE `SystemImageEditorShapes` ENABLE KEYS */;
UNLOCK TABLES;

--
-- Table structure for table `TopicTrees`
--

DROP TABLE IF EXISTS `TopicTrees`;
/*!40101 SET @saved_cs_client     = @@character_set_client */;
/*!40101 SET character_set_client = utf8 */;
CREATE TABLE `TopicTrees` (
  `treeID` int(10) unsigned NOT NULL DEFAULT '0',
  `topicTreeName` varchar(255) COLLATE utf8_unicode_ci DEFAULT '',
  PRIMARY KEY (`treeID`)
) ENGINE=InnoDB DEFAULT CHARSET=utf8 COLLATE=utf8_unicode_ci;
/*!40101 SET character_set_client = @saved_cs_client */;

--
-- Dumping data for table `TopicTrees`
--

LOCK TABLES `TopicTrees` WRITE;
/*!40000 ALTER TABLE `TopicTrees` DISABLE KEYS */;
INSERT INTO `TopicTrees` VALUES (2,'Blog Entries'),(3,'Projects');
/*!40000 ALTER TABLE `TopicTrees` ENABLE KEYS */;
UNLOCK TABLES;

--
-- Table structure for table `TreeCategoryNodes`
--

DROP TABLE IF EXISTS `TreeCategoryNodes`;
/*!40101 SET @saved_cs_client     = @@character_set_client */;
/*!40101 SET character_set_client = utf8 */;
CREATE TABLE `TreeCategoryNodes` (
  `treeNodeID` int(10) unsigned NOT NULL AUTO_INCREMENT,
  `treeNodeCategoryName` varchar(255) COLLATE utf8_unicode_ci DEFAULT '',
  PRIMARY KEY (`treeNodeID`)
) ENGINE=InnoDB AUTO_INCREMENT=15 DEFAULT CHARSET=utf8 COLLATE=utf8_unicode_ci;
/*!40101 SET character_set_client = @saved_cs_client */;

--
-- Dumping data for table `TreeCategoryNodes`
--

LOCK TABLES `TreeCategoryNodes` WRITE;
/*!40000 ALTER TABLE `TreeCategoryNodes` DISABLE KEYS */;
INSERT INTO `TreeCategoryNodes` VALUES (5,''),(6,'Reviews'),(14,'');
/*!40000 ALTER TABLE `TreeCategoryNodes` ENABLE KEYS */;
UNLOCK TABLES;

--
-- Table structure for table `TreeGroupNodes`
--

DROP TABLE IF EXISTS `TreeGroupNodes`;
/*!40101 SET @saved_cs_client     = @@character_set_client */;
/*!40101 SET character_set_client = utf8 */;
CREATE TABLE `TreeGroupNodes` (
  `treeNodeID` int(10) unsigned NOT NULL AUTO_INCREMENT,
  `gID` int(10) unsigned DEFAULT '0',
  PRIMARY KEY (`treeNodeID`),
  KEY `gID` (`gID`)
) ENGINE=InnoDB AUTO_INCREMENT=21 DEFAULT CHARSET=utf8 COLLATE=utf8_unicode_ci;
/*!40101 SET character_set_client = @saved_cs_client */;

--
-- Dumping data for table `TreeGroupNodes`
--

LOCK TABLES `TreeGroupNodes` WRITE;
/*!40000 ALTER TABLE `TreeGroupNodes` DISABLE KEYS */;
INSERT INTO `TreeGroupNodes` VALUES (2,1),(3,2),(4,3),(19,4),(20,5);
/*!40000 ALTER TABLE `TreeGroupNodes` ENABLE KEYS */;
UNLOCK TABLES;

--
-- Table structure for table `TreeNodePermissionAssignments`
--

DROP TABLE IF EXISTS `TreeNodePermissionAssignments`;
/*!40101 SET @saved_cs_client     = @@character_set_client */;
/*!40101 SET character_set_client = utf8 */;
CREATE TABLE `TreeNodePermissionAssignments` (
  `treeNodeID` int(10) unsigned NOT NULL DEFAULT '0',
  `pkID` int(10) unsigned NOT NULL DEFAULT '0',
  `paID` int(10) unsigned NOT NULL DEFAULT '0',
  PRIMARY KEY (`treeNodeID`,`pkID`,`paID`),
  KEY `pkID` (`pkID`),
  KEY `paID` (`paID`)
) ENGINE=InnoDB DEFAULT CHARSET=utf8 COLLATE=utf8_unicode_ci;
/*!40101 SET character_set_client = @saved_cs_client */;

--
-- Dumping data for table `TreeNodePermissionAssignments`
--

LOCK TABLES `TreeNodePermissionAssignments` WRITE;
/*!40000 ALTER TABLE `TreeNodePermissionAssignments` DISABLE KEYS */;
INSERT INTO `TreeNodePermissionAssignments` VALUES (5,65,29),(14,65,30),(1,81,67),(1,82,68),(1,83,69),(1,84,70),(1,85,71);
/*!40000 ALTER TABLE `TreeNodePermissionAssignments` ENABLE KEYS */;
UNLOCK TABLES;

--
-- Table structure for table `TreeNodeTypes`
--

DROP TABLE IF EXISTS `TreeNodeTypes`;
/*!40101 SET @saved_cs_client     = @@character_set_client */;
/*!40101 SET character_set_client = utf8 */;
CREATE TABLE `TreeNodeTypes` (
  `treeNodeTypeID` int(10) unsigned NOT NULL AUTO_INCREMENT,
  `treeNodeTypeHandle` varchar(255) COLLATE utf8_unicode_ci DEFAULT '',
  `pkgID` int(10) unsigned DEFAULT '0',
  PRIMARY KEY (`treeNodeTypeID`),
  UNIQUE KEY `treeNodeTypeHandle` (`treeNodeTypeHandle`),
  KEY `pkgID` (`pkgID`)
) ENGINE=InnoDB AUTO_INCREMENT=4 DEFAULT CHARSET=utf8 COLLATE=utf8_unicode_ci;
/*!40101 SET character_set_client = @saved_cs_client */;

--
-- Dumping data for table `TreeNodeTypes`
--

LOCK TABLES `TreeNodeTypes` WRITE;
/*!40000 ALTER TABLE `TreeNodeTypes` DISABLE KEYS */;
INSERT INTO `TreeNodeTypes` VALUES (1,'group',0),(2,'topic_category',0),(3,'topic',0);
/*!40000 ALTER TABLE `TreeNodeTypes` ENABLE KEYS */;
UNLOCK TABLES;

--
-- Table structure for table `TreeNodes`
--

DROP TABLE IF EXISTS `TreeNodes`;
/*!40101 SET @saved_cs_client     = @@character_set_client */;
/*!40101 SET character_set_client = utf8 */;
CREATE TABLE `TreeNodes` (
  `treeNodeID` int(10) unsigned NOT NULL AUTO_INCREMENT,
  `treeNodeTypeID` int(10) unsigned DEFAULT '0',
  `treeID` int(10) unsigned DEFAULT '0',
  `treeNodeParentID` int(10) unsigned DEFAULT '0',
  `treeNodeDisplayOrder` int(10) unsigned DEFAULT '0',
  `treeNodeOverridePermissions` tinyint(1) DEFAULT '0',
  `inheritPermissionsFromTreeNodeID` int(10) unsigned DEFAULT '0',
  PRIMARY KEY (`treeNodeID`),
  KEY `treeNodeParentID` (`treeNodeParentID`),
  KEY `treeNodeTypeID` (`treeNodeTypeID`),
  KEY `treeID` (`treeID`),
  KEY `inheritPermissionsFromTreeNodeID` (`inheritPermissionsFromTreeNodeID`,`treeNodeID`)
) ENGINE=InnoDB AUTO_INCREMENT=21 DEFAULT CHARSET=utf8 COLLATE=utf8_unicode_ci;
/*!40101 SET character_set_client = @saved_cs_client */;

--
-- Dumping data for table `TreeNodes`
--

LOCK TABLES `TreeNodes` WRITE;
/*!40000 ALTER TABLE `TreeNodes` DISABLE KEYS */;
INSERT INTO `TreeNodes` VALUES (1,1,1,0,0,1,1),(2,1,1,1,0,0,1),(3,1,1,1,1,0,1),(4,1,1,1,4,0,1),(5,2,2,0,0,1,5),(6,2,2,5,0,0,5),(7,3,2,6,0,0,5),(8,3,2,6,1,0,5),(9,3,2,6,2,0,5),(10,3,2,6,3,0,5),(11,3,2,5,1,0,5),(12,3,2,5,2,0,5),(13,3,2,5,3,0,5),(14,2,3,0,0,1,14),(15,3,3,14,0,0,14),(16,3,3,14,1,0,14),(17,3,3,14,2,0,14),(18,3,3,14,3,0,14),(19,1,1,1,3,0,1),(20,1,1,1,2,0,1);
/*!40000 ALTER TABLE `TreeNodes` ENABLE KEYS */;
UNLOCK TABLES;

--
-- Table structure for table `TreeTopicNodes`
--

DROP TABLE IF EXISTS `TreeTopicNodes`;
/*!40101 SET @saved_cs_client     = @@character_set_client */;
/*!40101 SET character_set_client = utf8 */;
CREATE TABLE `TreeTopicNodes` (
  `treeNodeID` int(10) unsigned NOT NULL AUTO_INCREMENT,
  `treeNodeTopicName` varchar(255) COLLATE utf8_unicode_ci DEFAULT '',
  PRIMARY KEY (`treeNodeID`)
) ENGINE=InnoDB AUTO_INCREMENT=19 DEFAULT CHARSET=utf8 COLLATE=utf8_unicode_ci;
/*!40101 SET character_set_client = @saved_cs_client */;

--
-- Dumping data for table `TreeTopicNodes`
--

LOCK TABLES `TreeTopicNodes` WRITE;
/*!40000 ALTER TABLE `TreeTopicNodes` DISABLE KEYS */;
INSERT INTO `TreeTopicNodes` VALUES (7,'Gadgets'),(8,'Movies'),(9,'Books'),(10,'Music'),(11,'Projects'),(12,'Sports'),(13,'Humor'),(15,'Crafts'),(16,'Homework'),(17,'Supplies'),(18,'Activities');
/*!40000 ALTER TABLE `TreeTopicNodes` ENABLE KEYS */;
UNLOCK TABLES;

--
-- Table structure for table `TreeTypes`
--

DROP TABLE IF EXISTS `TreeTypes`;
/*!40101 SET @saved_cs_client     = @@character_set_client */;
/*!40101 SET character_set_client = utf8 */;
CREATE TABLE `TreeTypes` (
  `treeTypeID` int(10) unsigned NOT NULL AUTO_INCREMENT,
  `treeTypeHandle` varchar(255) COLLATE utf8_unicode_ci DEFAULT '',
  `pkgID` int(10) unsigned DEFAULT '0',
  PRIMARY KEY (`treeTypeID`),
  UNIQUE KEY `treeTypeHandle` (`treeTypeHandle`),
  KEY `pkgID` (`pkgID`)
) ENGINE=InnoDB AUTO_INCREMENT=3 DEFAULT CHARSET=utf8 COLLATE=utf8_unicode_ci;
/*!40101 SET character_set_client = @saved_cs_client */;

--
-- Dumping data for table `TreeTypes`
--

LOCK TABLES `TreeTypes` WRITE;
/*!40000 ALTER TABLE `TreeTypes` DISABLE KEYS */;
INSERT INTO `TreeTypes` VALUES (1,'group',0),(2,'topic',0);
/*!40000 ALTER TABLE `TreeTypes` ENABLE KEYS */;
UNLOCK TABLES;

--
-- Table structure for table `Trees`
--

DROP TABLE IF EXISTS `Trees`;
/*!40101 SET @saved_cs_client     = @@character_set_client */;
/*!40101 SET character_set_client = utf8 */;
CREATE TABLE `Trees` (
  `treeID` int(10) unsigned NOT NULL AUTO_INCREMENT,
  `treeTypeID` int(10) unsigned DEFAULT '0',
  `treeDateAdded` datetime DEFAULT NULL,
  `rootTreeNodeID` int(10) unsigned DEFAULT '0',
  PRIMARY KEY (`treeID`),
  KEY `treeTypeID` (`treeTypeID`)
) ENGINE=InnoDB AUTO_INCREMENT=4 DEFAULT CHARSET=utf8 COLLATE=utf8_unicode_ci;
/*!40101 SET character_set_client = @saved_cs_client */;

--
-- Dumping data for table `Trees`
--

LOCK TABLES `Trees` WRITE;
/*!40000 ALTER TABLE `Trees` DISABLE KEYS */;
INSERT INTO `Trees` VALUES (1,1,'2015-03-02 22:20:53',1),(2,2,'2015-03-02 22:21:30',5),(3,2,'2015-03-02 22:21:31',14);
/*!40000 ALTER TABLE `Trees` ENABLE KEYS */;
UNLOCK TABLES;

--
-- Table structure for table `UserAttributeKeys`
--

DROP TABLE IF EXISTS `UserAttributeKeys`;
/*!40101 SET @saved_cs_client     = @@character_set_client */;
/*!40101 SET character_set_client = utf8 */;
CREATE TABLE `UserAttributeKeys` (
  `akID` int(10) unsigned NOT NULL,
  `uakProfileDisplay` tinyint(1) NOT NULL DEFAULT '0',
  `uakMemberListDisplay` tinyint(1) NOT NULL DEFAULT '0',
  `uakProfileEdit` tinyint(1) NOT NULL DEFAULT '1',
  `uakProfileEditRequired` tinyint(1) NOT NULL DEFAULT '0',
  `uakRegisterEdit` tinyint(1) NOT NULL DEFAULT '0',
  `uakRegisterEditRequired` tinyint(1) NOT NULL DEFAULT '0',
  `displayOrder` int(10) unsigned DEFAULT '0',
  `uakIsActive` tinyint(1) NOT NULL DEFAULT '1',
  PRIMARY KEY (`akID`)
) ENGINE=InnoDB DEFAULT CHARSET=utf8 COLLATE=utf8_unicode_ci;
/*!40101 SET character_set_client = @saved_cs_client */;

--
-- Dumping data for table `UserAttributeKeys`
--

LOCK TABLES `UserAttributeKeys` WRITE;
/*!40000 ALTER TABLE `UserAttributeKeys` DISABLE KEYS */;
INSERT INTO `UserAttributeKeys` VALUES (12,0,0,1,0,1,0,1,1),(13,0,0,1,0,1,0,2,1),(16,0,0,0,0,0,0,3,1);
/*!40000 ALTER TABLE `UserAttributeKeys` ENABLE KEYS */;
UNLOCK TABLES;

--
-- Table structure for table `UserAttributeValues`
--

DROP TABLE IF EXISTS `UserAttributeValues`;
/*!40101 SET @saved_cs_client     = @@character_set_client */;
/*!40101 SET character_set_client = utf8 */;
CREATE TABLE `UserAttributeValues` (
  `uID` int(10) unsigned NOT NULL DEFAULT '0',
  `akID` int(10) unsigned NOT NULL DEFAULT '0',
  `avID` int(10) unsigned DEFAULT '0',
  PRIMARY KEY (`uID`,`akID`),
  KEY `akID` (`akID`),
  KEY `avID` (`avID`)
) ENGINE=InnoDB DEFAULT CHARSET=utf8 COLLATE=utf8_unicode_ci;
/*!40101 SET character_set_client = @saved_cs_client */;

--
-- Dumping data for table `UserAttributeValues`
--

LOCK TABLES `UserAttributeValues` WRITE;
/*!40000 ALTER TABLE `UserAttributeValues` DISABLE KEYS */;
INSERT INTO `UserAttributeValues` VALUES (2,12,221),(2,13,222),(1,12,225),(1,13,226),(4,12,227),(4,13,228);
/*!40000 ALTER TABLE `UserAttributeValues` ENABLE KEYS */;
UNLOCK TABLES;

--
-- Table structure for table `UserBannedIPs`
--

DROP TABLE IF EXISTS `UserBannedIPs`;
/*!40101 SET @saved_cs_client     = @@character_set_client */;
/*!40101 SET character_set_client = utf8 */;
CREATE TABLE `UserBannedIPs` (
  `id` int(10) unsigned NOT NULL AUTO_INCREMENT,
  `ipFrom` tinyblob,
  `ipTo` tinyblob,
  `banCode` tinyint(1) NOT NULL DEFAULT '1',
  `expires` datetime NOT NULL DEFAULT '0000-00-00 00:00:00',
  `isManual` tinyint(1) NOT NULL DEFAULT '0',
  PRIMARY KEY (`id`),
  UNIQUE KEY `ipFrom` (`ipFrom`(32),`ipTo`(32))
) ENGINE=InnoDB DEFAULT CHARSET=utf8 COLLATE=utf8_unicode_ci;
/*!40101 SET character_set_client = @saved_cs_client */;

--
-- Dumping data for table `UserBannedIPs`
--

LOCK TABLES `UserBannedIPs` WRITE;
/*!40000 ALTER TABLE `UserBannedIPs` DISABLE KEYS */;
/*!40000 ALTER TABLE `UserBannedIPs` ENABLE KEYS */;
UNLOCK TABLES;

--
-- Table structure for table `UserGroups`
--

DROP TABLE IF EXISTS `UserGroups`;
/*!40101 SET @saved_cs_client     = @@character_set_client */;
/*!40101 SET character_set_client = utf8 */;
CREATE TABLE `UserGroups` (
  `uID` int(10) unsigned NOT NULL DEFAULT '0',
  `gID` int(10) unsigned NOT NULL DEFAULT '0',
  `ugEntered` datetime NOT NULL DEFAULT '0000-00-00 00:00:00',
  PRIMARY KEY (`uID`,`gID`),
  KEY `uID` (`uID`),
  KEY `gID` (`gID`)
) ENGINE=InnoDB DEFAULT CHARSET=utf8 COLLATE=utf8_unicode_ci;
/*!40101 SET character_set_client = @saved_cs_client */;

--
-- Dumping data for table `UserGroups`
--

LOCK TABLES `UserGroups` WRITE;
/*!40000 ALTER TABLE `UserGroups` DISABLE KEYS */;
INSERT INTO `UserGroups` VALUES (2,3,'2015-08-15 23:09:37'),(2,4,'2015-03-09 15:13:31'),(2,5,'2015-07-27 10:03:47'),(4,4,'2015-07-27 09:55:24');
/*!40000 ALTER TABLE `UserGroups` ENABLE KEYS */;
UNLOCK TABLES;

--
-- Table structure for table `UserPermissionEditPropertyAccessList`
--

DROP TABLE IF EXISTS `UserPermissionEditPropertyAccessList`;
/*!40101 SET @saved_cs_client     = @@character_set_client */;
/*!40101 SET character_set_client = utf8 */;
CREATE TABLE `UserPermissionEditPropertyAccessList` (
  `paID` int(10) unsigned NOT NULL DEFAULT '0',
  `peID` int(10) unsigned NOT NULL DEFAULT '0',
  `uName` tinyint(1) DEFAULT '0',
  `uEmail` tinyint(1) DEFAULT '0',
  `uPassword` tinyint(1) DEFAULT '0',
  `uAvatar` tinyint(1) DEFAULT '0',
  `uTimezone` tinyint(1) DEFAULT '0',
  `uDefaultLanguage` tinyint(1) DEFAULT '0',
  `attributePermission` varchar(1) COLLATE utf8_unicode_ci NOT NULL DEFAULT '1',
  PRIMARY KEY (`paID`,`peID`)
) ENGINE=InnoDB DEFAULT CHARSET=utf8 COLLATE=utf8_unicode_ci;
/*!40101 SET character_set_client = @saved_cs_client */;

--
-- Dumping data for table `UserPermissionEditPropertyAccessList`
--

LOCK TABLES `UserPermissionEditPropertyAccessList` WRITE;
/*!40000 ALTER TABLE `UserPermissionEditPropertyAccessList` DISABLE KEYS */;
/*!40000 ALTER TABLE `UserPermissionEditPropertyAccessList` ENABLE KEYS */;
UNLOCK TABLES;

--
-- Table structure for table `UserPermissionEditPropertyAttributeAccessListCustom`
--

DROP TABLE IF EXISTS `UserPermissionEditPropertyAttributeAccessListCustom`;
/*!40101 SET @saved_cs_client     = @@character_set_client */;
/*!40101 SET character_set_client = utf8 */;
CREATE TABLE `UserPermissionEditPropertyAttributeAccessListCustom` (
  `paID` int(10) unsigned NOT NULL DEFAULT '0',
  `peID` int(10) unsigned NOT NULL DEFAULT '0',
  `akID` int(10) unsigned NOT NULL DEFAULT '0',
  PRIMARY KEY (`paID`,`peID`,`akID`),
  KEY `peID` (`peID`),
  KEY `akID` (`akID`)
) ENGINE=InnoDB DEFAULT CHARSET=utf8 COLLATE=utf8_unicode_ci;
/*!40101 SET character_set_client = @saved_cs_client */;

--
-- Dumping data for table `UserPermissionEditPropertyAttributeAccessListCustom`
--

LOCK TABLES `UserPermissionEditPropertyAttributeAccessListCustom` WRITE;
/*!40000 ALTER TABLE `UserPermissionEditPropertyAttributeAccessListCustom` DISABLE KEYS */;
/*!40000 ALTER TABLE `UserPermissionEditPropertyAttributeAccessListCustom` ENABLE KEYS */;
UNLOCK TABLES;

--
-- Table structure for table `UserPermissionViewAttributeAccessList`
--

DROP TABLE IF EXISTS `UserPermissionViewAttributeAccessList`;
/*!40101 SET @saved_cs_client     = @@character_set_client */;
/*!40101 SET character_set_client = utf8 */;
CREATE TABLE `UserPermissionViewAttributeAccessList` (
  `paID` int(10) unsigned NOT NULL DEFAULT '0',
  `peID` int(10) unsigned NOT NULL DEFAULT '0',
  `permission` varchar(1) COLLATE utf8_unicode_ci NOT NULL DEFAULT '1',
  PRIMARY KEY (`paID`,`peID`),
  KEY `peID` (`peID`)
) ENGINE=InnoDB DEFAULT CHARSET=utf8 COLLATE=utf8_unicode_ci;
/*!40101 SET character_set_client = @saved_cs_client */;

--
-- Dumping data for table `UserPermissionViewAttributeAccessList`
--

LOCK TABLES `UserPermissionViewAttributeAccessList` WRITE;
/*!40000 ALTER TABLE `UserPermissionViewAttributeAccessList` DISABLE KEYS */;
/*!40000 ALTER TABLE `UserPermissionViewAttributeAccessList` ENABLE KEYS */;
UNLOCK TABLES;

--
-- Table structure for table `UserPermissionViewAttributeAccessListCustom`
--

DROP TABLE IF EXISTS `UserPermissionViewAttributeAccessListCustom`;
/*!40101 SET @saved_cs_client     = @@character_set_client */;
/*!40101 SET character_set_client = utf8 */;
CREATE TABLE `UserPermissionViewAttributeAccessListCustom` (
  `paID` int(10) unsigned NOT NULL DEFAULT '0',
  `peID` int(10) unsigned NOT NULL DEFAULT '0',
  `akID` int(10) unsigned NOT NULL DEFAULT '0',
  PRIMARY KEY (`paID`,`peID`,`akID`),
  KEY `peID` (`peID`),
  KEY `akID` (`akID`)
) ENGINE=InnoDB DEFAULT CHARSET=utf8 COLLATE=utf8_unicode_ci;
/*!40101 SET character_set_client = @saved_cs_client */;

--
-- Dumping data for table `UserPermissionViewAttributeAccessListCustom`
--

LOCK TABLES `UserPermissionViewAttributeAccessListCustom` WRITE;
/*!40000 ALTER TABLE `UserPermissionViewAttributeAccessListCustom` DISABLE KEYS */;
/*!40000 ALTER TABLE `UserPermissionViewAttributeAccessListCustom` ENABLE KEYS */;
UNLOCK TABLES;

--
-- Table structure for table `UserPointActions`
--

DROP TABLE IF EXISTS `UserPointActions`;
/*!40101 SET @saved_cs_client     = @@character_set_client */;
/*!40101 SET character_set_client = utf8 */;
CREATE TABLE `UserPointActions` (
  `upaID` int(11) NOT NULL AUTO_INCREMENT,
  `upaHandle` varchar(255) COLLATE utf8_unicode_ci DEFAULT NULL,
  `upaName` varchar(255) COLLATE utf8_unicode_ci DEFAULT NULL,
  `upaDefaultPoints` int(11) NOT NULL DEFAULT '0',
  `pkgID` int(10) unsigned NOT NULL DEFAULT '0',
  `upaHasCustomClass` tinyint(1) NOT NULL DEFAULT '0',
  `upaIsActive` tinyint(1) NOT NULL DEFAULT '1',
  `gBadgeID` int(11) NOT NULL DEFAULT '0',
  PRIMARY KEY (`upaID`),
  UNIQUE KEY `upaHandle` (`upaHandle`),
  KEY `pkgID` (`pkgID`),
  KEY `gBBadgeID` (`gBadgeID`)
) ENGINE=InnoDB AUTO_INCREMENT=2 DEFAULT CHARSET=utf8 COLLATE=utf8_unicode_ci;
/*!40101 SET character_set_client = @saved_cs_client */;

--
-- Dumping data for table `UserPointActions`
--

LOCK TABLES `UserPointActions` WRITE;
/*!40000 ALTER TABLE `UserPointActions` DISABLE KEYS */;
INSERT INTO `UserPointActions` VALUES (1,'won_badge','Won a Badge',5,0,1,1,0);
/*!40000 ALTER TABLE `UserPointActions` ENABLE KEYS */;
UNLOCK TABLES;

--
-- Table structure for table `UserPointHistory`
--

DROP TABLE IF EXISTS `UserPointHistory`;
/*!40101 SET @saved_cs_client     = @@character_set_client */;
/*!40101 SET character_set_client = utf8 */;
CREATE TABLE `UserPointHistory` (
  `upID` int(11) NOT NULL AUTO_INCREMENT,
  `upuID` int(11) NOT NULL DEFAULT '0',
  `upaID` int(11) DEFAULT '0',
  `upPoints` int(11) DEFAULT '0',
  `object` longtext COLLATE utf8_unicode_ci,
  `timestamp` timestamp NOT NULL DEFAULT CURRENT_TIMESTAMP,
  PRIMARY KEY (`upID`),
  KEY `upuID` (`upuID`),
  KEY `upaID` (`upaID`)
) ENGINE=InnoDB DEFAULT CHARSET=utf8 COLLATE=utf8_unicode_ci;
/*!40101 SET character_set_client = @saved_cs_client */;

--
-- Dumping data for table `UserPointHistory`
--

LOCK TABLES `UserPointHistory` WRITE;
/*!40000 ALTER TABLE `UserPointHistory` DISABLE KEYS */;
/*!40000 ALTER TABLE `UserPointHistory` ENABLE KEYS */;
UNLOCK TABLES;

--
-- Table structure for table `UserPrivateMessages`
--

DROP TABLE IF EXISTS `UserPrivateMessages`;
/*!40101 SET @saved_cs_client     = @@character_set_client */;
/*!40101 SET character_set_client = utf8 */;
CREATE TABLE `UserPrivateMessages` (
  `msgID` int(10) unsigned NOT NULL AUTO_INCREMENT,
  `uAuthorID` int(10) unsigned NOT NULL DEFAULT '0',
  `msgDateCreated` datetime NOT NULL,
  `msgSubject` varchar(255) COLLATE utf8_unicode_ci NOT NULL,
  `msgBody` text COLLATE utf8_unicode_ci,
  `uToID` int(10) unsigned NOT NULL DEFAULT '0',
  PRIMARY KEY (`msgID`),
  KEY `uAuthorID` (`uAuthorID`,`msgDateCreated`)
) ENGINE=InnoDB DEFAULT CHARSET=utf8 COLLATE=utf8_unicode_ci;
/*!40101 SET character_set_client = @saved_cs_client */;

--
-- Dumping data for table `UserPrivateMessages`
--

LOCK TABLES `UserPrivateMessages` WRITE;
/*!40000 ALTER TABLE `UserPrivateMessages` DISABLE KEYS */;
/*!40000 ALTER TABLE `UserPrivateMessages` ENABLE KEYS */;
UNLOCK TABLES;

--
-- Table structure for table `UserPrivateMessagesTo`
--

DROP TABLE IF EXISTS `UserPrivateMessagesTo`;
/*!40101 SET @saved_cs_client     = @@character_set_client */;
/*!40101 SET character_set_client = utf8 */;
CREATE TABLE `UserPrivateMessagesTo` (
  `msgID` int(10) unsigned NOT NULL DEFAULT '0',
  `uID` int(10) unsigned NOT NULL DEFAULT '0',
  `uAuthorID` int(10) unsigned NOT NULL DEFAULT '0',
  `msgMailboxID` int(11) NOT NULL,
  `msgIsNew` tinyint(1) NOT NULL DEFAULT '0',
  `msgIsUnread` tinyint(1) NOT NULL DEFAULT '0',
  `msgIsReplied` tinyint(1) NOT NULL DEFAULT '0',
  PRIMARY KEY (`msgID`,`uID`,`uAuthorID`,`msgMailboxID`),
  KEY `uID` (`uID`),
  KEY `uAuthorID` (`uAuthorID`),
  KEY `msgFolderID` (`msgMailboxID`),
  KEY `msgIsNew` (`msgIsNew`)
) ENGINE=InnoDB DEFAULT CHARSET=utf8 COLLATE=utf8_unicode_ci;
/*!40101 SET character_set_client = @saved_cs_client */;

--
-- Dumping data for table `UserPrivateMessagesTo`
--

LOCK TABLES `UserPrivateMessagesTo` WRITE;
/*!40000 ALTER TABLE `UserPrivateMessagesTo` DISABLE KEYS */;
/*!40000 ALTER TABLE `UserPrivateMessagesTo` ENABLE KEYS */;
UNLOCK TABLES;

--
-- Table structure for table `UserSearchIndexAttributes`
--

DROP TABLE IF EXISTS `UserSearchIndexAttributes`;
/*!40101 SET @saved_cs_client     = @@character_set_client */;
/*!40101 SET character_set_client = utf8 */;
CREATE TABLE `UserSearchIndexAttributes` (
  `uID` int(10) unsigned NOT NULL DEFAULT '0',
  `ak_profile_private_messages_enabled` tinyint(1) DEFAULT '0',
  `ak_profile_private_messages_notification_enabled` tinyint(1) DEFAULT '0',
  PRIMARY KEY (`uID`)
) ENGINE=InnoDB DEFAULT CHARSET=utf8 COLLATE=utf8_unicode_ci;
/*!40101 SET character_set_client = @saved_cs_client */;

--
-- Dumping data for table `UserSearchIndexAttributes`
--

LOCK TABLES `UserSearchIndexAttributes` WRITE;
/*!40000 ALTER TABLE `UserSearchIndexAttributes` DISABLE KEYS */;
INSERT INTO `UserSearchIndexAttributes` VALUES (1,1,1),(2,1,1),(4,1,1);
/*!40000 ALTER TABLE `UserSearchIndexAttributes` ENABLE KEYS */;
UNLOCK TABLES;

--
-- Table structure for table `UserValidationHashes`
--

DROP TABLE IF EXISTS `UserValidationHashes`;
/*!40101 SET @saved_cs_client     = @@character_set_client */;
/*!40101 SET character_set_client = utf8 */;
CREATE TABLE `UserValidationHashes` (
  `uvhID` int(10) unsigned NOT NULL AUTO_INCREMENT,
  `uID` int(10) unsigned DEFAULT NULL,
  `uHash` varchar(64) COLLATE utf8_unicode_ci NOT NULL,
  `type` smallint(5) unsigned NOT NULL DEFAULT '0',
  `uDateGenerated` int(10) unsigned NOT NULL DEFAULT '0',
  `uDateRedeemed` int(10) unsigned NOT NULL DEFAULT '0',
  PRIMARY KEY (`uvhID`),
  KEY `uID` (`uID`,`type`),
  KEY `uHash` (`uHash`,`type`),
  KEY `uDateGenerated` (`uDateGenerated`,`type`)
) ENGINE=InnoDB AUTO_INCREMENT=9 DEFAULT CHARSET=utf8 COLLATE=utf8_unicode_ci;
/*!40101 SET character_set_client = @saved_cs_client */;

--
-- Dumping data for table `UserValidationHashes`
--

LOCK TABLES `UserValidationHashes` WRITE;
/*!40000 ALTER TABLE `UserValidationHashes` DISABLE KEYS */;
INSERT INTO `UserValidationHashes` VALUES (5,1,'u6qC8QI91o1sHDZ6yCMxySPSTXbhp6gH3Joh9B48GtSC9OMhlhBEugCEG4e1Fy9R',1,1425497080,0),(6,2,'QOI3QzP0PPcM',0,1425896591,1425909686),(8,4,'yRCYv7vfGEVA',0,1425910988,1425911006);
/*!40000 ALTER TABLE `UserValidationHashes` ENABLE KEYS */;
UNLOCK TABLES;

--
-- Table structure for table `Users`
--

DROP TABLE IF EXISTS `Users`;
/*!40101 SET @saved_cs_client     = @@character_set_client */;
/*!40101 SET character_set_client = utf8 */;
CREATE TABLE `Users` (
  `uID` int(10) unsigned NOT NULL AUTO_INCREMENT,
  `uName` varchar(64) COLLATE utf8_unicode_ci NOT NULL,
  `uEmail` varchar(254) COLLATE utf8_unicode_ci NOT NULL,
  `uPassword` varchar(255) COLLATE utf8_unicode_ci NOT NULL,
  `uIsActive` varchar(1) COLLATE utf8_unicode_ci NOT NULL DEFAULT '0',
  `uIsValidated` tinyint(1) NOT NULL DEFAULT '-1',
  `uIsFullRecord` tinyint(1) NOT NULL DEFAULT '1',
  `uDateAdded` datetime NOT NULL DEFAULT '0000-00-00 00:00:00',
  `uLastPasswordChange` datetime NOT NULL DEFAULT '0000-00-00 00:00:00',
  `uHasAvatar` tinyint(1) NOT NULL DEFAULT '0',
  `uLastOnline` int(10) unsigned NOT NULL DEFAULT '0',
  `uLastLogin` int(10) unsigned NOT NULL DEFAULT '0',
  `uLastIP` tinyblob,
  `uPreviousLogin` int(10) unsigned DEFAULT '0',
  `uNumLogins` int(10) unsigned NOT NULL DEFAULT '0',
  `uLastAuthTypeID` int(10) unsigned NOT NULL DEFAULT '0',
  `uTimezone` varchar(255) COLLATE utf8_unicode_ci DEFAULT NULL,
  `uDefaultLanguage` varchar(32) COLLATE utf8_unicode_ci DEFAULT NULL,
  PRIMARY KEY (`uID`),
  UNIQUE KEY `uName` (`uName`),
  KEY `uEmail` (`uEmail`)
) ENGINE=InnoDB AUTO_INCREMENT=5 DEFAULT CHARSET=utf8 COLLATE=utf8_unicode_ci;
/*!40101 SET character_set_client = @saved_cs_client */;

--
-- Dumping data for table `Users`
--

LOCK TABLES `Users` WRITE;
/*!40000 ALTER TABLE `Users` DISABLE KEYS */;
INSERT INTO `Users` VALUES (1,'Aadminli','GrCOTE7@Gmail.com','$2a$12$VnCk2Wkd3TrA.JkdLwSX.OSHur0pq16v8vaaPt8efvRPuRpHgNdCG','1',-1,1,'2015-03-02 22:20:54','2015-03-02 22:20:54',0,1441021712,1441021712,'5bb2832b',1441018799,151,1,NULL,'fr_FR'),(2,'Alexandra','Alexandra@sublime-voyance.be','$2a$12$vBGsow6w.18IlHbRY8FA9.kjI3znEqGVjMFWGZVtxdQKqf54PU2Ea','1',1,1,'2015-03-09 11:23:10','2015-03-09 11:23:10',0,1439673378,1439673023,'551b4aad',1439672774,6,1,NULL,NULL),(4,'Judith','Judith@sublime-voyance.be','$2a$12$PPXB9LZ5zlnwd9SdZMuqveVnj6i7/EazDnZ89ZeRv9rNQNUP1ZEoG','1',1,1,'2015-03-09 15:23:07','2015-03-09 15:23:07',0,1425926037,1425926037,'5bb19a77',1425926025,4,1,NULL,'fr_FR');
/*!40000 ALTER TABLE `Users` ENABLE KEYS */;
UNLOCK TABLES;

--
-- Table structure for table `WorkflowProgress`
--

DROP TABLE IF EXISTS `WorkflowProgress`;
/*!40101 SET @saved_cs_client     = @@character_set_client */;
/*!40101 SET character_set_client = utf8 */;
CREATE TABLE `WorkflowProgress` (
  `wpID` int(10) unsigned NOT NULL AUTO_INCREMENT,
  `wpCategoryID` int(10) unsigned DEFAULT NULL,
  `wfID` int(10) unsigned NOT NULL DEFAULT '0',
  `wpApproved` tinyint(1) NOT NULL DEFAULT '0',
  `wpDateAdded` datetime DEFAULT NULL,
  `wpDateLastAction` datetime DEFAULT NULL,
  `wpCurrentStatus` int(11) NOT NULL DEFAULT '0',
  `wrID` int(11) NOT NULL DEFAULT '0',
  `wpIsCompleted` tinyint(1) NOT NULL DEFAULT '0',
  PRIMARY KEY (`wpID`),
  KEY `wpCategoryID` (`wpCategoryID`),
  KEY `wfID` (`wfID`),
  KEY `wrID` (`wrID`,`wpID`,`wpIsCompleted`)
) ENGINE=InnoDB AUTO_INCREMENT=9 DEFAULT CHARSET=utf8 COLLATE=utf8_unicode_ci;
/*!40101 SET character_set_client = @saved_cs_client */;

--
-- Dumping data for table `WorkflowProgress`
--

LOCK TABLES `WorkflowProgress` WRITE;
/*!40000 ALTER TABLE `WorkflowProgress` DISABLE KEYS */;
INSERT INTO `WorkflowProgress` VALUES (1,1,0,0,'2015-05-01 14:00:37',NULL,0,1,0),(2,1,0,0,'2015-05-01 14:01:05',NULL,0,2,0),(3,1,0,0,'2015-05-01 14:11:35',NULL,0,3,0),(4,1,0,0,'2015-05-01 14:43:09',NULL,0,4,0),(6,1,0,0,'2015-05-01 15:21:44',NULL,0,6,0),(7,1,0,0,'2015-05-01 15:58:53',NULL,0,7,0),(8,1,0,0,'2015-05-11 10:11:03',NULL,0,8,0);
/*!40000 ALTER TABLE `WorkflowProgress` ENABLE KEYS */;
UNLOCK TABLES;

--
-- Table structure for table `WorkflowProgressCategories`
--

DROP TABLE IF EXISTS `WorkflowProgressCategories`;
/*!40101 SET @saved_cs_client     = @@character_set_client */;
/*!40101 SET character_set_client = utf8 */;
CREATE TABLE `WorkflowProgressCategories` (
  `wpCategoryID` int(10) unsigned NOT NULL AUTO_INCREMENT,
  `wpCategoryHandle` varchar(255) COLLATE utf8_unicode_ci NOT NULL,
  `pkgID` int(10) unsigned DEFAULT NULL,
  PRIMARY KEY (`wpCategoryID`),
  UNIQUE KEY `wpCategoryHandle` (`wpCategoryHandle`),
  KEY `pkgID` (`pkgID`)
) ENGINE=InnoDB AUTO_INCREMENT=4 DEFAULT CHARSET=utf8 COLLATE=utf8_unicode_ci;
/*!40101 SET character_set_client = @saved_cs_client */;

--
-- Dumping data for table `WorkflowProgressCategories`
--

LOCK TABLES `WorkflowProgressCategories` WRITE;
/*!40000 ALTER TABLE `WorkflowProgressCategories` DISABLE KEYS */;
INSERT INTO `WorkflowProgressCategories` VALUES (1,'page',NULL),(2,'file',NULL),(3,'user',NULL);
/*!40000 ALTER TABLE `WorkflowProgressCategories` ENABLE KEYS */;
UNLOCK TABLES;

--
-- Table structure for table `WorkflowProgressHistory`
--

DROP TABLE IF EXISTS `WorkflowProgressHistory`;
/*!40101 SET @saved_cs_client     = @@character_set_client */;
/*!40101 SET character_set_client = utf8 */;
CREATE TABLE `WorkflowProgressHistory` (
  `wphID` int(10) unsigned NOT NULL AUTO_INCREMENT,
  `wpID` int(10) unsigned NOT NULL DEFAULT '0',
  `timestamp` timestamp NOT NULL DEFAULT CURRENT_TIMESTAMP,
  `object` text COLLATE utf8_unicode_ci,
  PRIMARY KEY (`wphID`),
  KEY `wpID` (`wpID`,`timestamp`)
) ENGINE=InnoDB AUTO_INCREMENT=98 DEFAULT CHARSET=utf8 COLLATE=utf8_unicode_ci;
/*!40101 SET character_set_client = @saved_cs_client */;

--
-- Dumping data for table `WorkflowProgressHistory`
--

LOCK TABLES `WorkflowProgressHistory` WRITE;
/*!40000 ALTER TABLE `WorkflowProgressHistory` DISABLE KEYS */;
INSERT INTO `WorkflowProgressHistory` VALUES (1,1,'2015-03-02 23:35:16','O:49:\"Concrete\\Core\\Workflow\\Request\\ApprovePageRequest\":8:{s:14:\"\0*\0wrStatusNum\";i:30;s:12:\"\0*\0currentWP\";N;s:6:\"\0*\0uID\";s:1:\"1\";s:5:\"error\";s:0:\"\";s:4:\"pkID\";s:2:\"14\";s:3:\"cID\";s:1:\"1\";s:4:\"cvID\";s:1:\"2\";s:4:\"wrID\";s:1:\"1\";}'),(2,2,'2015-03-02 23:47:20','O:49:\"Concrete\\Core\\Workflow\\Request\\ApprovePageRequest\":8:{s:14:\"\0*\0wrStatusNum\";i:30;s:12:\"\0*\0currentWP\";N;s:6:\"\0*\0uID\";s:1:\"1\";s:5:\"error\";s:0:\"\";s:4:\"pkID\";s:2:\"14\";s:3:\"cID\";s:3:\"152\";s:4:\"cvID\";s:1:\"2\";s:4:\"wrID\";s:1:\"2\";}'),(3,3,'2015-03-02 23:52:50','O:49:\"Concrete\\Core\\Workflow\\Request\\ApprovePageRequest\":8:{s:14:\"\0*\0wrStatusNum\";i:30;s:12:\"\0*\0currentWP\";N;s:6:\"\0*\0uID\";s:1:\"1\";s:5:\"error\";s:0:\"\";s:4:\"pkID\";s:2:\"14\";s:3:\"cID\";s:3:\"152\";s:4:\"cvID\";s:1:\"3\";s:4:\"wrID\";s:1:\"3\";}'),(4,4,'2015-03-02 23:55:35','O:49:\"Concrete\\Core\\Workflow\\Request\\ApprovePageRequest\":8:{s:14:\"\0*\0wrStatusNum\";i:30;s:12:\"\0*\0currentWP\";N;s:6:\"\0*\0uID\";s:1:\"1\";s:5:\"error\";s:0:\"\";s:4:\"pkID\";s:2:\"14\";s:3:\"cID\";s:3:\"152\";s:4:\"cvID\";s:1:\"4\";s:4:\"wrID\";s:1:\"4\";}'),(5,5,'2015-03-03 00:01:52','O:49:\"Concrete\\Core\\Workflow\\Request\\ApprovePageRequest\":8:{s:14:\"\0*\0wrStatusNum\";i:30;s:12:\"\0*\0currentWP\";N;s:6:\"\0*\0uID\";s:1:\"1\";s:5:\"error\";s:0:\"\";s:4:\"pkID\";s:2:\"14\";s:3:\"cID\";s:3:\"152\";s:4:\"cvID\";s:1:\"5\";s:4:\"wrID\";s:1:\"5\";}'),(6,6,'2015-03-03 00:04:36','O:49:\"Concrete\\Core\\Workflow\\Request\\ApprovePageRequest\":8:{s:14:\"\0*\0wrStatusNum\";i:30;s:12:\"\0*\0currentWP\";N;s:6:\"\0*\0uID\";s:1:\"1\";s:5:\"error\";s:0:\"\";s:4:\"pkID\";s:2:\"14\";s:3:\"cID\";s:1:\"1\";s:4:\"cvID\";s:1:\"3\";s:4:\"wrID\";s:1:\"6\";}'),(7,7,'2015-03-03 00:24:18','O:49:\"Concrete\\Core\\Workflow\\Request\\ApprovePageRequest\":8:{s:14:\"\0*\0wrStatusNum\";i:30;s:12:\"\0*\0currentWP\";N;s:6:\"\0*\0uID\";s:1:\"1\";s:5:\"error\";s:0:\"\";s:4:\"pkID\";s:2:\"14\";s:3:\"cID\";s:1:\"1\";s:4:\"cvID\";s:1:\"4\";s:4:\"wrID\";s:1:\"7\";}'),(8,8,'2015-03-03 00:29:07','O:49:\"Concrete\\Core\\Workflow\\Request\\ApprovePageRequest\":8:{s:14:\"\0*\0wrStatusNum\";i:30;s:12:\"\0*\0currentWP\";N;s:6:\"\0*\0uID\";s:1:\"1\";s:5:\"error\";s:0:\"\";s:4:\"pkID\";s:2:\"14\";s:3:\"cID\";s:1:\"1\";s:4:\"cvID\";s:1:\"5\";s:4:\"wrID\";s:1:\"8\";}'),(9,9,'2015-03-03 23:01:30','O:49:\"Concrete\\Core\\Workflow\\Request\\ApprovePageRequest\":8:{s:14:\"\0*\0wrStatusNum\";i:30;s:12:\"\0*\0currentWP\";N;s:6:\"\0*\0uID\";s:1:\"1\";s:5:\"error\";s:0:\"\";s:4:\"pkID\";s:2:\"14\";s:3:\"cID\";s:1:\"1\";s:4:\"cvID\";s:1:\"6\";s:4:\"wrID\";s:1:\"9\";}'),(10,10,'2015-03-03 23:18:20','O:49:\"Concrete\\Core\\Workflow\\Request\\ApprovePageRequest\":8:{s:14:\"\0*\0wrStatusNum\";i:30;s:12:\"\0*\0currentWP\";N;s:6:\"\0*\0uID\";s:1:\"1\";s:5:\"error\";s:0:\"\";s:4:\"pkID\";s:2:\"14\";s:3:\"cID\";s:1:\"1\";s:4:\"cvID\";s:1:\"7\";s:4:\"wrID\";s:2:\"10\";}'),(11,11,'2015-03-03 23:19:38','O:49:\"Concrete\\Core\\Workflow\\Request\\ApprovePageRequest\":8:{s:14:\"\0*\0wrStatusNum\";i:30;s:12:\"\0*\0currentWP\";N;s:6:\"\0*\0uID\";s:1:\"1\";s:5:\"error\";s:0:\"\";s:4:\"pkID\";s:2:\"14\";s:3:\"cID\";s:1:\"1\";s:4:\"cvID\";s:1:\"8\";s:4:\"wrID\";s:2:\"11\";}'),(12,12,'2015-03-03 23:25:40','O:49:\"Concrete\\Core\\Workflow\\Request\\ApprovePageRequest\":8:{s:14:\"\0*\0wrStatusNum\";i:30;s:12:\"\0*\0currentWP\";N;s:6:\"\0*\0uID\";s:1:\"1\";s:5:\"error\";s:0:\"\";s:4:\"pkID\";s:2:\"14\";s:3:\"cID\";s:1:\"1\";s:4:\"cvID\";s:1:\"9\";s:4:\"wrID\";s:2:\"12\";}'),(13,13,'2015-03-03 23:31:51','O:49:\"Concrete\\Core\\Workflow\\Request\\ApprovePageRequest\":8:{s:14:\"\0*\0wrStatusNum\";i:30;s:12:\"\0*\0currentWP\";N;s:6:\"\0*\0uID\";s:1:\"1\";s:5:\"error\";s:0:\"\";s:4:\"pkID\";s:2:\"14\";s:3:\"cID\";s:1:\"1\";s:4:\"cvID\";s:2:\"10\";s:4:\"wrID\";s:2:\"13\";}'),(14,14,'2015-03-03 23:34:19','O:49:\"Concrete\\Core\\Workflow\\Request\\ApprovePageRequest\":8:{s:14:\"\0*\0wrStatusNum\";i:30;s:12:\"\0*\0currentWP\";N;s:6:\"\0*\0uID\";s:1:\"1\";s:5:\"error\";s:0:\"\";s:4:\"pkID\";s:2:\"14\";s:3:\"cID\";s:1:\"1\";s:4:\"cvID\";s:2:\"11\";s:4:\"wrID\";s:2:\"14\";}'),(15,15,'2015-03-03 23:56:03','O:49:\"Concrete\\Core\\Workflow\\Request\\ApprovePageRequest\":8:{s:14:\"\0*\0wrStatusNum\";i:30;s:12:\"\0*\0currentWP\";N;s:6:\"\0*\0uID\";s:1:\"1\";s:5:\"error\";s:0:\"\";s:4:\"pkID\";s:2:\"14\";s:3:\"cID\";s:1:\"1\";s:4:\"cvID\";s:2:\"12\";s:4:\"wrID\";s:2:\"15\";}'),(16,16,'2015-03-04 00:00:07','O:49:\"Concrete\\Core\\Workflow\\Request\\ApprovePageRequest\":8:{s:14:\"\0*\0wrStatusNum\";i:30;s:12:\"\0*\0currentWP\";N;s:6:\"\0*\0uID\";s:1:\"1\";s:5:\"error\";s:0:\"\";s:4:\"pkID\";s:2:\"14\";s:3:\"cID\";s:1:\"1\";s:4:\"cvID\";s:2:\"13\";s:4:\"wrID\";s:2:\"16\";}'),(17,17,'2015-03-04 00:03:05','O:49:\"Concrete\\Core\\Workflow\\Request\\ApprovePageRequest\":8:{s:14:\"\0*\0wrStatusNum\";i:30;s:12:\"\0*\0currentWP\";N;s:6:\"\0*\0uID\";s:1:\"1\";s:5:\"error\";s:0:\"\";s:4:\"pkID\";s:2:\"14\";s:3:\"cID\";s:1:\"1\";s:4:\"cvID\";s:2:\"14\";s:4:\"wrID\";s:2:\"17\";}'),(18,18,'2015-03-07 01:41:21','O:49:\"Concrete\\Core\\Workflow\\Request\\ApprovePageRequest\":8:{s:14:\"\0*\0wrStatusNum\";i:30;s:12:\"\0*\0currentWP\";N;s:6:\"\0*\0uID\";s:1:\"1\";s:5:\"error\";s:0:\"\";s:4:\"pkID\";s:2:\"14\";s:3:\"cID\";s:1:\"1\";s:4:\"cvID\";s:2:\"15\";s:4:\"wrID\";s:2:\"18\";}'),(19,19,'2015-03-07 01:42:22','O:49:\"Concrete\\Core\\Workflow\\Request\\ApprovePageRequest\":8:{s:14:\"\0*\0wrStatusNum\";i:30;s:12:\"\0*\0currentWP\";N;s:6:\"\0*\0uID\";s:1:\"1\";s:5:\"error\";s:0:\"\";s:4:\"pkID\";s:2:\"14\";s:3:\"cID\";s:1:\"1\";s:4:\"cvID\";s:2:\"15\";s:4:\"wrID\";s:2:\"19\";}'),(20,20,'2015-03-07 01:54:49','O:49:\"Concrete\\Core\\Workflow\\Request\\ApprovePageRequest\":8:{s:14:\"\0*\0wrStatusNum\";i:30;s:12:\"\0*\0currentWP\";N;s:6:\"\0*\0uID\";s:1:\"1\";s:5:\"error\";s:0:\"\";s:4:\"pkID\";s:2:\"14\";s:3:\"cID\";s:1:\"1\";s:4:\"cvID\";s:2:\"16\";s:4:\"wrID\";s:2:\"20\";}'),(21,1,'2015-03-07 02:05:30','O:49:\"Concrete\\Core\\Workflow\\Request\\ApprovePageRequest\":8:{s:14:\"\0*\0wrStatusNum\";i:30;s:12:\"\0*\0currentWP\";N;s:6:\"\0*\0uID\";s:1:\"1\";s:5:\"error\";s:0:\"\";s:4:\"pkID\";s:2:\"14\";s:3:\"cID\";s:3:\"181\";s:4:\"cvID\";s:1:\"1\";s:4:\"wrID\";s:1:\"1\";}'),(22,2,'2015-03-07 02:06:44','O:49:\"Concrete\\Core\\Workflow\\Request\\ApprovePageRequest\":8:{s:14:\"\0*\0wrStatusNum\";i:30;s:12:\"\0*\0currentWP\";N;s:6:\"\0*\0uID\";s:1:\"1\";s:5:\"error\";s:0:\"\";s:4:\"pkID\";s:2:\"14\";s:3:\"cID\";s:3:\"181\";s:4:\"cvID\";s:1:\"2\";s:4:\"wrID\";s:1:\"2\";}'),(23,3,'2015-03-07 02:09:15','O:49:\"Concrete\\Core\\Workflow\\Request\\ApprovePageRequest\":8:{s:14:\"\0*\0wrStatusNum\";i:30;s:12:\"\0*\0currentWP\";N;s:6:\"\0*\0uID\";s:1:\"1\";s:5:\"error\";s:0:\"\";s:4:\"pkID\";s:2:\"14\";s:3:\"cID\";s:3:\"181\";s:4:\"cvID\";s:1:\"3\";s:4:\"wrID\";s:1:\"3\";}'),(24,4,'2015-03-07 02:09:53','O:49:\"Concrete\\Core\\Workflow\\Request\\ApprovePageRequest\":8:{s:14:\"\0*\0wrStatusNum\";i:30;s:12:\"\0*\0currentWP\";N;s:6:\"\0*\0uID\";s:1:\"1\";s:5:\"error\";s:0:\"\";s:4:\"pkID\";s:2:\"14\";s:3:\"cID\";s:3:\"181\";s:4:\"cvID\";s:1:\"4\";s:4:\"wrID\";s:1:\"4\";}'),(25,5,'2015-03-07 02:11:42','O:49:\"Concrete\\Core\\Workflow\\Request\\ApprovePageRequest\":8:{s:14:\"\0*\0wrStatusNum\";i:30;s:12:\"\0*\0currentWP\";N;s:6:\"\0*\0uID\";s:1:\"1\";s:5:\"error\";s:0:\"\";s:4:\"pkID\";s:2:\"14\";s:3:\"cID\";s:3:\"181\";s:4:\"cvID\";s:1:\"5\";s:4:\"wrID\";s:1:\"5\";}'),(26,6,'2015-03-07 02:12:42','O:49:\"Concrete\\Core\\Workflow\\Request\\ApprovePageRequest\":8:{s:14:\"\0*\0wrStatusNum\";i:30;s:12:\"\0*\0currentWP\";N;s:6:\"\0*\0uID\";s:1:\"1\";s:5:\"error\";s:0:\"\";s:4:\"pkID\";s:2:\"14\";s:3:\"cID\";s:3:\"181\";s:4:\"cvID\";s:1:\"6\";s:4:\"wrID\";s:1:\"6\";}'),(27,7,'2015-03-07 02:13:14','O:49:\"Concrete\\Core\\Workflow\\Request\\ApprovePageRequest\":8:{s:14:\"\0*\0wrStatusNum\";i:30;s:12:\"\0*\0currentWP\";N;s:6:\"\0*\0uID\";s:1:\"1\";s:5:\"error\";s:0:\"\";s:4:\"pkID\";s:2:\"14\";s:3:\"cID\";s:1:\"1\";s:4:\"cvID\";s:2:\"17\";s:4:\"wrID\";s:1:\"7\";}'),(28,8,'2015-03-07 02:15:04','O:49:\"Concrete\\Core\\Workflow\\Request\\ApprovePageRequest\":8:{s:14:\"\0*\0wrStatusNum\";i:30;s:12:\"\0*\0currentWP\";N;s:6:\"\0*\0uID\";s:1:\"1\";s:5:\"error\";s:0:\"\";s:4:\"pkID\";s:2:\"14\";s:3:\"cID\";s:3:\"181\";s:4:\"cvID\";s:1:\"7\";s:4:\"wrID\";s:1:\"8\";}'),(29,9,'2015-03-07 02:17:50','O:49:\"Concrete\\Core\\Workflow\\Request\\ApprovePageRequest\":8:{s:14:\"\0*\0wrStatusNum\";i:30;s:12:\"\0*\0currentWP\";N;s:6:\"\0*\0uID\";s:1:\"1\";s:5:\"error\";s:0:\"\";s:4:\"pkID\";s:2:\"14\";s:3:\"cID\";s:3:\"181\";s:4:\"cvID\";s:1:\"8\";s:4:\"wrID\";s:1:\"9\";}'),(30,10,'2015-03-07 02:20:59','O:49:\"Concrete\\Core\\Workflow\\Request\\ApprovePageRequest\":8:{s:14:\"\0*\0wrStatusNum\";i:30;s:12:\"\0*\0currentWP\";N;s:6:\"\0*\0uID\";s:1:\"1\";s:5:\"error\";s:0:\"\";s:4:\"pkID\";s:2:\"14\";s:3:\"cID\";s:3:\"181\";s:4:\"cvID\";s:1:\"9\";s:4:\"wrID\";s:2:\"10\";}'),(31,11,'2015-03-07 02:23:58','O:49:\"Concrete\\Core\\Workflow\\Request\\ApprovePageRequest\":8:{s:14:\"\0*\0wrStatusNum\";i:30;s:12:\"\0*\0currentWP\";N;s:6:\"\0*\0uID\";s:1:\"1\";s:5:\"error\";s:0:\"\";s:4:\"pkID\";s:2:\"14\";s:3:\"cID\";s:3:\"181\";s:4:\"cvID\";s:2:\"10\";s:4:\"wrID\";s:2:\"11\";}'),(32,12,'2015-03-07 02:24:20','O:49:\"Concrete\\Core\\Workflow\\Request\\ApprovePageRequest\":8:{s:14:\"\0*\0wrStatusNum\";i:30;s:12:\"\0*\0currentWP\";N;s:6:\"\0*\0uID\";s:1:\"1\";s:5:\"error\";s:0:\"\";s:4:\"pkID\";s:2:\"14\";s:3:\"cID\";s:1:\"1\";s:4:\"cvID\";s:2:\"18\";s:4:\"wrID\";s:2:\"12\";}'),(33,13,'2015-03-07 11:19:49','O:49:\"Concrete\\Core\\Workflow\\Request\\ApprovePageRequest\":8:{s:14:\"\0*\0wrStatusNum\";i:30;s:12:\"\0*\0currentWP\";N;s:6:\"\0*\0uID\";s:1:\"1\";s:5:\"error\";s:0:\"\";s:4:\"pkID\";s:2:\"14\";s:3:\"cID\";s:1:\"1\";s:4:\"cvID\";s:2:\"19\";s:4:\"wrID\";s:2:\"13\";}'),(34,14,'2015-03-07 11:27:32','O:49:\"Concrete\\Core\\Workflow\\Request\\ApprovePageRequest\":8:{s:14:\"\0*\0wrStatusNum\";i:30;s:12:\"\0*\0currentWP\";N;s:6:\"\0*\0uID\";s:1:\"1\";s:5:\"error\";s:0:\"\";s:4:\"pkID\";s:2:\"14\";s:3:\"cID\";s:1:\"1\";s:4:\"cvID\";s:2:\"20\";s:4:\"wrID\";s:2:\"14\";}'),(35,15,'2015-03-07 12:00:42','O:49:\"Concrete\\Core\\Workflow\\Request\\ApprovePageRequest\":8:{s:14:\"\0*\0wrStatusNum\";i:30;s:12:\"\0*\0currentWP\";N;s:6:\"\0*\0uID\";s:1:\"1\";s:5:\"error\";s:0:\"\";s:4:\"pkID\";s:2:\"14\";s:3:\"cID\";s:1:\"1\";s:4:\"cvID\";s:2:\"21\";s:4:\"wrID\";s:2:\"15\";}'),(36,1,'2015-03-07 16:10:26','O:49:\"Concrete\\Core\\Workflow\\Request\\ApprovePageRequest\":8:{s:14:\"\0*\0wrStatusNum\";i:30;s:12:\"\0*\0currentWP\";N;s:6:\"\0*\0uID\";s:1:\"1\";s:5:\"error\";s:0:\"\";s:4:\"pkID\";s:2:\"14\";s:3:\"cID\";s:1:\"1\";s:4:\"cvID\";s:2:\"22\";s:4:\"wrID\";s:1:\"1\";}'),(37,2,'2015-03-07 16:14:32','O:49:\"Concrete\\Core\\Workflow\\Request\\ApprovePageRequest\":8:{s:14:\"\0*\0wrStatusNum\";i:30;s:12:\"\0*\0currentWP\";N;s:6:\"\0*\0uID\";s:1:\"1\";s:5:\"error\";s:0:\"\";s:4:\"pkID\";s:2:\"14\";s:3:\"cID\";s:1:\"1\";s:4:\"cvID\";s:2:\"23\";s:4:\"wrID\";s:1:\"2\";}'),(38,1,'2015-03-08 10:11:48','O:49:\"Concrete\\Core\\Workflow\\Request\\ApprovePageRequest\":8:{s:14:\"\0*\0wrStatusNum\";i:30;s:12:\"\0*\0currentWP\";N;s:6:\"\0*\0uID\";s:1:\"1\";s:5:\"error\";s:0:\"\";s:4:\"pkID\";s:2:\"14\";s:3:\"cID\";s:1:\"1\";s:4:\"cvID\";s:2:\"24\";s:4:\"wrID\";s:1:\"1\";}'),(39,2,'2015-03-08 10:13:52','O:49:\"Concrete\\Core\\Workflow\\Request\\ApprovePageRequest\":8:{s:14:\"\0*\0wrStatusNum\";i:30;s:12:\"\0*\0currentWP\";N;s:6:\"\0*\0uID\";s:1:\"1\";s:5:\"error\";s:0:\"\";s:4:\"pkID\";s:2:\"14\";s:3:\"cID\";s:1:\"1\";s:4:\"cvID\";s:2:\"25\";s:4:\"wrID\";s:1:\"2\";}'),(40,1,'2015-03-09 09:50:47','O:49:\"Concrete\\Core\\Workflow\\Request\\ApprovePageRequest\":8:{s:14:\"\0*\0wrStatusNum\";i:30;s:12:\"\0*\0currentWP\";N;s:6:\"\0*\0uID\";s:1:\"1\";s:5:\"error\";s:0:\"\";s:4:\"pkID\";s:2:\"14\";s:3:\"cID\";s:1:\"1\";s:4:\"cvID\";s:2:\"26\";s:4:\"wrID\";s:1:\"1\";}'),(41,2,'2015-03-09 09:59:00','O:49:\"Concrete\\Core\\Workflow\\Request\\ApprovePageRequest\":8:{s:14:\"\0*\0wrStatusNum\";i:30;s:12:\"\0*\0currentWP\";N;s:6:\"\0*\0uID\";s:1:\"1\";s:5:\"error\";s:0:\"\";s:4:\"pkID\";s:2:\"14\";s:3:\"cID\";s:1:\"1\";s:4:\"cvID\";s:2:\"27\";s:4:\"wrID\";s:1:\"2\";}'),(42,3,'2015-03-09 09:59:35','O:49:\"Concrete\\Core\\Workflow\\Request\\ApprovePageRequest\":8:{s:14:\"\0*\0wrStatusNum\";i:30;s:12:\"\0*\0currentWP\";N;s:6:\"\0*\0uID\";s:1:\"1\";s:5:\"error\";s:0:\"\";s:4:\"pkID\";s:2:\"14\";s:3:\"cID\";s:1:\"1\";s:4:\"cvID\";s:2:\"28\";s:4:\"wrID\";s:1:\"3\";}'),(43,4,'2015-03-09 10:04:57','O:49:\"Concrete\\Core\\Workflow\\Request\\ApprovePageRequest\":8:{s:14:\"\0*\0wrStatusNum\";i:30;s:12:\"\0*\0currentWP\";N;s:6:\"\0*\0uID\";s:1:\"1\";s:5:\"error\";s:0:\"\";s:4:\"pkID\";s:2:\"14\";s:3:\"cID\";s:1:\"1\";s:4:\"cvID\";s:2:\"29\";s:4:\"wrID\";s:1:\"4\";}'),(44,5,'2015-03-09 10:06:59','O:49:\"Concrete\\Core\\Workflow\\Request\\ApprovePageRequest\":8:{s:14:\"\0*\0wrStatusNum\";i:30;s:12:\"\0*\0currentWP\";N;s:6:\"\0*\0uID\";s:1:\"1\";s:5:\"error\";s:0:\"\";s:4:\"pkID\";s:2:\"14\";s:3:\"cID\";s:1:\"1\";s:4:\"cvID\";s:2:\"30\";s:4:\"wrID\";s:1:\"5\";}'),(45,1,'2015-03-09 14:08:00','O:49:\"Concrete\\Core\\Workflow\\Request\\ApprovePageRequest\":8:{s:14:\"\0*\0wrStatusNum\";i:30;s:12:\"\0*\0currentWP\";N;s:6:\"\0*\0uID\";s:1:\"2\";s:5:\"error\";s:0:\"\";s:4:\"pkID\";s:2:\"14\";s:3:\"cID\";s:1:\"1\";s:4:\"cvID\";s:2:\"31\";s:4:\"wrID\";s:1:\"1\";}'),(46,2,'2015-03-09 14:09:06','O:49:\"Concrete\\Core\\Workflow\\Request\\ApprovePageRequest\":8:{s:14:\"\0*\0wrStatusNum\";i:30;s:12:\"\0*\0currentWP\";N;s:6:\"\0*\0uID\";s:1:\"1\";s:5:\"error\";s:0:\"\";s:4:\"pkID\";s:2:\"14\";s:3:\"cID\";s:1:\"1\";s:4:\"cvID\";s:2:\"30\";s:4:\"wrID\";s:1:\"2\";}'),(47,3,'2015-03-09 14:09:28','O:49:\"Concrete\\Core\\Workflow\\Request\\ApprovePageRequest\":8:{s:14:\"\0*\0wrStatusNum\";i:30;s:12:\"\0*\0currentWP\";N;s:6:\"\0*\0uID\";s:1:\"1\";s:5:\"error\";s:0:\"\";s:4:\"pkID\";s:2:\"14\";s:3:\"cID\";s:1:\"1\";s:4:\"cvID\";s:2:\"31\";s:4:\"wrID\";s:1:\"3\";}'),(48,4,'2015-03-09 14:09:57','O:49:\"Concrete\\Core\\Workflow\\Request\\ApprovePageRequest\":8:{s:14:\"\0*\0wrStatusNum\";i:30;s:12:\"\0*\0currentWP\";N;s:6:\"\0*\0uID\";s:1:\"1\";s:5:\"error\";s:0:\"\";s:4:\"pkID\";s:2:\"14\";s:3:\"cID\";s:1:\"1\";s:4:\"cvID\";s:2:\"30\";s:4:\"wrID\";s:1:\"4\";}'),(49,5,'2015-03-09 14:10:26','O:49:\"Concrete\\Core\\Workflow\\Request\\ApprovePageRequest\":8:{s:14:\"\0*\0wrStatusNum\";i:30;s:12:\"\0*\0currentWP\";N;s:6:\"\0*\0uID\";s:1:\"1\";s:5:\"error\";s:0:\"\";s:4:\"pkID\";s:2:\"14\";s:3:\"cID\";s:1:\"1\";s:4:\"cvID\";s:2:\"31\";s:4:\"wrID\";s:1:\"5\";}'),(50,6,'2015-03-09 14:10:44','O:49:\"Concrete\\Core\\Workflow\\Request\\ApprovePageRequest\":8:{s:14:\"\0*\0wrStatusNum\";i:30;s:12:\"\0*\0currentWP\";N;s:6:\"\0*\0uID\";s:1:\"1\";s:5:\"error\";s:0:\"\";s:4:\"pkID\";s:2:\"14\";s:3:\"cID\";s:1:\"1\";s:4:\"cvID\";s:2:\"30\";s:4:\"wrID\";s:1:\"6\";}'),(51,7,'2015-03-09 14:11:17','O:49:\"Concrete\\Core\\Workflow\\Request\\ApprovePageRequest\":8:{s:14:\"\0*\0wrStatusNum\";i:30;s:12:\"\0*\0currentWP\";N;s:6:\"\0*\0uID\";s:1:\"1\";s:5:\"error\";s:0:\"\";s:4:\"pkID\";s:2:\"14\";s:3:\"cID\";s:1:\"1\";s:4:\"cvID\";s:2:\"31\";s:4:\"wrID\";s:1:\"7\";}'),(52,8,'2015-03-09 14:12:06','O:49:\"Concrete\\Core\\Workflow\\Request\\ApprovePageRequest\":8:{s:14:\"\0*\0wrStatusNum\";i:30;s:12:\"\0*\0currentWP\";N;s:6:\"\0*\0uID\";s:1:\"1\";s:5:\"error\";s:0:\"\";s:4:\"pkID\";s:2:\"14\";s:3:\"cID\";s:1:\"1\";s:4:\"cvID\";s:2:\"29\";s:4:\"wrID\";s:1:\"8\";}'),(53,9,'2015-03-09 19:17:08','O:49:\"Concrete\\Core\\Workflow\\Request\\ApprovePageRequest\":8:{s:14:\"\0*\0wrStatusNum\";i:30;s:12:\"\0*\0currentWP\";N;s:6:\"\0*\0uID\";s:1:\"1\";s:5:\"error\";s:0:\"\";s:4:\"pkID\";s:2:\"14\";s:3:\"cID\";s:3:\"183\";s:4:\"cvID\";s:1:\"1\";s:4:\"wrID\";s:1:\"9\";}'),(54,10,'2015-03-09 19:17:44','O:49:\"Concrete\\Core\\Workflow\\Request\\ApprovePageRequest\":8:{s:14:\"\0*\0wrStatusNum\";i:30;s:12:\"\0*\0currentWP\";N;s:6:\"\0*\0uID\";s:1:\"1\";s:5:\"error\";s:0:\"\";s:4:\"pkID\";s:2:\"14\";s:3:\"cID\";s:3:\"183\";s:4:\"cvID\";s:1:\"2\";s:4:\"wrID\";s:2:\"10\";}'),(55,11,'2015-03-09 19:17:58','O:48:\"Concrete\\Core\\Workflow\\Request\\DeletePageRequest\":7:{s:14:\"\0*\0wrStatusNum\";i:100;s:12:\"\0*\0currentWP\";N;s:6:\"\0*\0uID\";s:1:\"1\";s:5:\"error\";s:0:\"\";s:4:\"pkID\";s:2:\"12\";s:3:\"cID\";s:3:\"183\";s:4:\"wrID\";s:2:\"11\";}'),(56,12,'2015-03-09 19:18:27','O:49:\"Concrete\\Core\\Workflow\\Request\\ApprovePageRequest\":8:{s:14:\"\0*\0wrStatusNum\";i:30;s:12:\"\0*\0currentWP\";N;s:6:\"\0*\0uID\";s:1:\"1\";s:5:\"error\";s:0:\"\";s:4:\"pkID\";s:2:\"14\";s:3:\"cID\";s:3:\"184\";s:4:\"cvID\";s:1:\"1\";s:4:\"wrID\";s:2:\"12\";}'),(57,13,'2015-03-09 19:18:59','O:49:\"Concrete\\Core\\Workflow\\Request\\ApprovePageRequest\":8:{s:14:\"\0*\0wrStatusNum\";i:30;s:12:\"\0*\0currentWP\";N;s:6:\"\0*\0uID\";s:1:\"1\";s:5:\"error\";s:0:\"\";s:4:\"pkID\";s:2:\"14\";s:3:\"cID\";s:3:\"184\";s:4:\"cvID\";s:1:\"2\";s:4:\"wrID\";s:2:\"13\";}'),(58,14,'2015-03-09 19:29:25','O:49:\"Concrete\\Core\\Workflow\\Request\\ApprovePageRequest\":8:{s:14:\"\0*\0wrStatusNum\";i:30;s:12:\"\0*\0currentWP\";N;s:6:\"\0*\0uID\";s:1:\"1\";s:5:\"error\";s:0:\"\";s:4:\"pkID\";s:2:\"14\";s:3:\"cID\";s:3:\"174\";s:4:\"cvID\";s:1:\"2\";s:4:\"wrID\";s:2:\"14\";}'),(59,15,'2015-03-10 14:59:24','O:49:\"Concrete\\Core\\Workflow\\Request\\ApprovePageRequest\":8:{s:14:\"\0*\0wrStatusNum\";i:30;s:12:\"\0*\0currentWP\";N;s:6:\"\0*\0uID\";s:1:\"1\";s:5:\"error\";s:0:\"\";s:4:\"pkID\";s:2:\"14\";s:3:\"cID\";s:1:\"1\";s:4:\"cvID\";s:2:\"30\";s:4:\"wrID\";s:2:\"15\";}'),(60,16,'2015-03-10 17:02:18','O:49:\"Concrete\\Core\\Workflow\\Request\\ApprovePageRequest\":8:{s:14:\"\0*\0wrStatusNum\";i:30;s:12:\"\0*\0currentWP\";N;s:6:\"\0*\0uID\";s:1:\"1\";s:5:\"error\";s:0:\"\";s:4:\"pkID\";s:2:\"14\";s:3:\"cID\";s:1:\"1\";s:4:\"cvID\";s:2:\"31\";s:4:\"wrID\";s:2:\"16\";}'),(61,1,'2015-04-26 13:52:32','O:49:\"Concrete\\Core\\Workflow\\Request\\ApprovePageRequest\":8:{s:14:\"\0*\0wrStatusNum\";i:30;s:12:\"\0*\0currentWP\";N;s:6:\"\0*\0uID\";s:1:\"1\";s:5:\"error\";s:0:\"\";s:4:\"pkID\";s:2:\"14\";s:3:\"cID\";s:1:\"1\";s:4:\"cvID\";s:2:\"32\";s:4:\"wrID\";s:1:\"1\";}'),(62,2,'2015-04-26 13:55:12','O:49:\"Concrete\\Core\\Workflow\\Request\\ApprovePageRequest\":8:{s:14:\"\0*\0wrStatusNum\";i:30;s:12:\"\0*\0currentWP\";N;s:6:\"\0*\0uID\";s:1:\"1\";s:5:\"error\";s:0:\"\";s:4:\"pkID\";s:2:\"14\";s:3:\"cID\";s:1:\"1\";s:4:\"cvID\";s:2:\"33\";s:4:\"wrID\";s:1:\"2\";}'),(63,3,'2015-04-26 13:56:56','O:49:\"Concrete\\Core\\Workflow\\Request\\ApprovePageRequest\":8:{s:14:\"\0*\0wrStatusNum\";i:30;s:12:\"\0*\0currentWP\";N;s:6:\"\0*\0uID\";s:1:\"1\";s:5:\"error\";s:0:\"\";s:4:\"pkID\";s:2:\"14\";s:3:\"cID\";s:3:\"174\";s:4:\"cvID\";s:1:\"3\";s:4:\"wrID\";s:1:\"3\";}'),(64,4,'2015-04-26 13:57:46','O:46:\"Concrete\\Core\\Workflow\\Request\\MovePageRequest\":9:{s:12:\"\0*\0targetCID\";s:1:\"1\";s:14:\"\0*\0wrStatusNum\";i:50;s:12:\"\0*\0currentWP\";N;s:6:\"\0*\0uID\";s:1:\"1\";s:5:\"error\";s:0:\"\";s:4:\"pkID\";s:2:\"16\";s:3:\"cID\";s:3:\"174\";s:15:\"saveOldPagePath\";N;s:4:\"wrID\";s:1:\"4\";}'),(65,5,'2015-04-26 13:58:09','O:49:\"Concrete\\Core\\Workflow\\Request\\ApprovePageRequest\":8:{s:14:\"\0*\0wrStatusNum\";i:30;s:12:\"\0*\0currentWP\";N;s:6:\"\0*\0uID\";s:1:\"1\";s:5:\"error\";s:0:\"\";s:4:\"pkID\";s:2:\"14\";s:3:\"cID\";s:3:\"174\";s:4:\"cvID\";s:1:\"4\";s:4:\"wrID\";s:1:\"5\";}'),(66,6,'2015-04-26 13:59:28','O:49:\"Concrete\\Core\\Workflow\\Request\\ApprovePageRequest\":8:{s:14:\"\0*\0wrStatusNum\";i:30;s:12:\"\0*\0currentWP\";N;s:6:\"\0*\0uID\";s:1:\"1\";s:5:\"error\";s:0:\"\";s:4:\"pkID\";s:2:\"14\";s:3:\"cID\";s:3:\"174\";s:4:\"cvID\";s:1:\"5\";s:4:\"wrID\";s:1:\"6\";}'),(67,7,'2015-04-26 14:00:18','O:49:\"Concrete\\Core\\Workflow\\Request\\ApprovePageRequest\":8:{s:14:\"\0*\0wrStatusNum\";i:30;s:12:\"\0*\0currentWP\";N;s:6:\"\0*\0uID\";s:1:\"1\";s:5:\"error\";s:0:\"\";s:4:\"pkID\";s:2:\"14\";s:3:\"cID\";s:1:\"1\";s:4:\"cvID\";s:2:\"34\";s:4:\"wrID\";s:1:\"7\";}'),(68,1,'2015-04-28 13:45:55','O:49:\"Concrete\\Core\\Workflow\\Request\\ApprovePageRequest\":8:{s:14:\"\0*\0wrStatusNum\";i:30;s:12:\"\0*\0currentWP\";N;s:6:\"\0*\0uID\";s:1:\"1\";s:5:\"error\";s:0:\"\";s:4:\"pkID\";s:2:\"14\";s:3:\"cID\";s:1:\"1\";s:4:\"cvID\";s:2:\"35\";s:4:\"wrID\";s:1:\"1\";}'),(69,2,'2015-04-28 14:17:48','O:49:\"Concrete\\Core\\Workflow\\Request\\ApprovePageRequest\":8:{s:14:\"\0*\0wrStatusNum\";i:30;s:12:\"\0*\0currentWP\";N;s:6:\"\0*\0uID\";s:1:\"1\";s:5:\"error\";s:0:\"\";s:4:\"pkID\";s:2:\"14\";s:3:\"cID\";s:1:\"1\";s:4:\"cvID\";s:2:\"36\";s:4:\"wrID\";s:1:\"2\";}'),(70,1,'2015-04-30 15:06:10','O:49:\"Concrete\\Core\\Workflow\\Request\\ApprovePageRequest\":8:{s:14:\"\0*\0wrStatusNum\";i:30;s:12:\"\0*\0currentWP\";N;s:6:\"\0*\0uID\";s:1:\"1\";s:5:\"error\";s:0:\"\";s:4:\"pkID\";s:2:\"14\";s:3:\"cID\";s:1:\"1\";s:4:\"cvID\";s:2:\"37\";s:4:\"wrID\";s:1:\"1\";}'),(71,1,'2015-04-30 15:40:17','O:49:\"Concrete\\Core\\Workflow\\Request\\ApprovePageRequest\":8:{s:14:\"\0*\0wrStatusNum\";i:30;s:12:\"\0*\0currentWP\";N;s:6:\"\0*\0uID\";s:1:\"1\";s:5:\"error\";s:0:\"\";s:4:\"pkID\";s:2:\"14\";s:3:\"cID\";s:1:\"1\";s:4:\"cvID\";s:2:\"38\";s:4:\"wrID\";s:1:\"1\";}'),(72,2,'2015-04-30 15:42:38','O:49:\"Concrete\\Core\\Workflow\\Request\\ApprovePageRequest\":8:{s:14:\"\0*\0wrStatusNum\";i:30;s:12:\"\0*\0currentWP\";N;s:6:\"\0*\0uID\";s:1:\"1\";s:5:\"error\";s:0:\"\";s:4:\"pkID\";s:2:\"14\";s:3:\"cID\";s:1:\"1\";s:4:\"cvID\";s:2:\"39\";s:4:\"wrID\";s:1:\"2\";}'),(73,3,'2015-04-30 15:48:01','O:49:\"Concrete\\Core\\Workflow\\Request\\ApprovePageRequest\":8:{s:14:\"\0*\0wrStatusNum\";i:30;s:12:\"\0*\0currentWP\";N;s:6:\"\0*\0uID\";s:1:\"1\";s:5:\"error\";s:0:\"\";s:4:\"pkID\";s:2:\"14\";s:3:\"cID\";s:1:\"1\";s:4:\"cvID\";s:2:\"40\";s:4:\"wrID\";s:1:\"3\";}'),(74,4,'2015-04-30 16:05:51','O:49:\"Concrete\\Core\\Workflow\\Request\\ApprovePageRequest\":8:{s:14:\"\0*\0wrStatusNum\";i:30;s:12:\"\0*\0currentWP\";N;s:6:\"\0*\0uID\";s:1:\"1\";s:5:\"error\";s:0:\"\";s:4:\"pkID\";s:2:\"14\";s:3:\"cID\";s:1:\"1\";s:4:\"cvID\";s:2:\"41\";s:4:\"wrID\";s:1:\"4\";}'),(75,5,'2015-04-30 16:17:00','O:49:\"Concrete\\Core\\Workflow\\Request\\ApprovePageRequest\":8:{s:14:\"\0*\0wrStatusNum\";i:30;s:12:\"\0*\0currentWP\";N;s:6:\"\0*\0uID\";s:1:\"1\";s:5:\"error\";s:0:\"\";s:4:\"pkID\";s:2:\"14\";s:3:\"cID\";s:1:\"1\";s:4:\"cvID\";s:2:\"42\";s:4:\"wrID\";s:1:\"5\";}'),(76,6,'2015-04-30 16:21:31','O:49:\"Concrete\\Core\\Workflow\\Request\\ApprovePageRequest\":8:{s:14:\"\0*\0wrStatusNum\";i:30;s:12:\"\0*\0currentWP\";N;s:6:\"\0*\0uID\";s:1:\"1\";s:5:\"error\";s:0:\"\";s:4:\"pkID\";s:2:\"14\";s:3:\"cID\";s:3:\"186\";s:4:\"cvID\";s:1:\"1\";s:4:\"wrID\";s:1:\"6\";}'),(77,7,'2015-04-30 16:29:13','O:49:\"Concrete\\Core\\Workflow\\Request\\ApprovePageRequest\":8:{s:14:\"\0*\0wrStatusNum\";i:30;s:12:\"\0*\0currentWP\";N;s:6:\"\0*\0uID\";s:1:\"1\";s:5:\"error\";s:0:\"\";s:4:\"pkID\";s:2:\"14\";s:3:\"cID\";s:3:\"186\";s:4:\"cvID\";s:1:\"2\";s:4:\"wrID\";s:1:\"7\";}'),(78,8,'2015-04-30 16:46:10','O:49:\"Concrete\\Core\\Workflow\\Request\\ApprovePageRequest\":8:{s:14:\"\0*\0wrStatusNum\";i:30;s:12:\"\0*\0currentWP\";N;s:6:\"\0*\0uID\";s:1:\"1\";s:5:\"error\";s:0:\"\";s:4:\"pkID\";s:2:\"14\";s:3:\"cID\";s:1:\"1\";s:4:\"cvID\";s:2:\"43\";s:4:\"wrID\";s:1:\"8\";}'),(79,9,'2015-04-30 17:12:40','O:49:\"Concrete\\Core\\Workflow\\Request\\ApprovePageRequest\":8:{s:14:\"\0*\0wrStatusNum\";i:30;s:12:\"\0*\0currentWP\";N;s:6:\"\0*\0uID\";s:1:\"1\";s:5:\"error\";s:0:\"\";s:4:\"pkID\";s:2:\"14\";s:3:\"cID\";s:1:\"1\";s:4:\"cvID\";s:2:\"44\";s:4:\"wrID\";s:1:\"9\";}'),(80,10,'2015-04-30 17:15:03','O:49:\"Concrete\\Core\\Workflow\\Request\\ApprovePageRequest\":8:{s:14:\"\0*\0wrStatusNum\";i:30;s:12:\"\0*\0currentWP\";N;s:6:\"\0*\0uID\";s:1:\"1\";s:5:\"error\";s:0:\"\";s:4:\"pkID\";s:2:\"14\";s:3:\"cID\";s:3:\"186\";s:4:\"cvID\";s:1:\"3\";s:4:\"wrID\";s:2:\"10\";}'),(81,11,'2015-04-30 17:27:54','O:49:\"Concrete\\Core\\Workflow\\Request\\ApprovePageRequest\":8:{s:14:\"\0*\0wrStatusNum\";i:30;s:12:\"\0*\0currentWP\";N;s:6:\"\0*\0uID\";s:1:\"1\";s:5:\"error\";s:0:\"\";s:4:\"pkID\";s:2:\"14\";s:3:\"cID\";s:3:\"186\";s:4:\"cvID\";s:1:\"4\";s:4:\"wrID\";s:2:\"11\";}'),(82,12,'2015-04-30 17:43:06','O:49:\"Concrete\\Core\\Workflow\\Request\\ApprovePageRequest\":8:{s:14:\"\0*\0wrStatusNum\";i:30;s:12:\"\0*\0currentWP\";N;s:6:\"\0*\0uID\";s:1:\"1\";s:5:\"error\";s:0:\"\";s:4:\"pkID\";s:2:\"14\";s:3:\"cID\";s:1:\"1\";s:4:\"cvID\";s:2:\"45\";s:4:\"wrID\";s:2:\"12\";}'),(83,13,'2015-04-30 18:19:55','O:49:\"Concrete\\Core\\Workflow\\Request\\ApprovePageRequest\":8:{s:14:\"\0*\0wrStatusNum\";i:30;s:12:\"\0*\0currentWP\";N;s:6:\"\0*\0uID\";s:1:\"1\";s:5:\"error\";s:0:\"\";s:4:\"pkID\";s:2:\"14\";s:3:\"cID\";s:1:\"1\";s:4:\"cvID\";s:2:\"46\";s:4:\"wrID\";s:2:\"13\";}'),(84,1,'2015-05-01 12:00:37','O:49:\"Concrete\\Core\\Workflow\\Request\\ApprovePageRequest\":8:{s:14:\"\0*\0wrStatusNum\";i:30;s:12:\"\0*\0currentWP\";N;s:6:\"\0*\0uID\";s:1:\"1\";s:5:\"error\";s:0:\"\";s:4:\"pkID\";s:2:\"14\";s:3:\"cID\";s:3:\"157\";s:4:\"cvID\";s:1:\"2\";s:4:\"wrID\";s:1:\"1\";}'),(85,2,'2015-05-01 12:01:05','O:49:\"Concrete\\Core\\Workflow\\Request\\ApprovePageRequest\":8:{s:14:\"\0*\0wrStatusNum\";i:30;s:12:\"\0*\0currentWP\";N;s:6:\"\0*\0uID\";s:1:\"1\";s:5:\"error\";s:0:\"\";s:4:\"pkID\";s:2:\"14\";s:3:\"cID\";s:3:\"157\";s:4:\"cvID\";s:1:\"2\";s:4:\"wrID\";s:1:\"2\";}'),(86,3,'2015-05-01 12:11:35','O:49:\"Concrete\\Core\\Workflow\\Request\\ApprovePageRequest\":8:{s:14:\"\0*\0wrStatusNum\";i:30;s:12:\"\0*\0currentWP\";N;s:6:\"\0*\0uID\";s:1:\"1\";s:5:\"error\";s:0:\"\";s:4:\"pkID\";s:2:\"14\";s:3:\"cID\";s:3:\"157\";s:4:\"cvID\";s:1:\"3\";s:4:\"wrID\";s:1:\"3\";}'),(87,4,'2015-05-01 12:43:09','O:49:\"Concrete\\Core\\Workflow\\Request\\ApprovePageRequest\":8:{s:14:\"\0*\0wrStatusNum\";i:30;s:12:\"\0*\0currentWP\";N;s:6:\"\0*\0uID\";s:1:\"1\";s:5:\"error\";s:0:\"\";s:4:\"pkID\";s:2:\"14\";s:3:\"cID\";s:3:\"186\";s:4:\"cvID\";s:1:\"5\";s:4:\"wrID\";s:1:\"4\";}'),(88,5,'2015-05-01 12:47:11','O:49:\"Concrete\\Core\\Workflow\\Request\\ApprovePageRequest\":8:{s:14:\"\0*\0wrStatusNum\";i:30;s:12:\"\0*\0currentWP\";N;s:6:\"\0*\0uID\";s:1:\"1\";s:5:\"error\";s:0:\"\";s:4:\"pkID\";s:2:\"14\";s:3:\"cID\";s:1:\"1\";s:4:\"cvID\";s:2:\"47\";s:4:\"wrID\";s:1:\"5\";}'),(89,6,'2015-05-01 13:21:44','O:49:\"Concrete\\Core\\Workflow\\Request\\ApprovePageRequest\":8:{s:14:\"\0*\0wrStatusNum\";i:30;s:12:\"\0*\0currentWP\";N;s:6:\"\0*\0uID\";s:1:\"1\";s:5:\"error\";s:0:\"\";s:4:\"pkID\";s:2:\"14\";s:3:\"cID\";s:3:\"186\";s:4:\"cvID\";s:1:\"6\";s:4:\"wrID\";s:1:\"6\";}'),(90,7,'2015-05-01 13:58:53','O:49:\"Concrete\\Core\\Workflow\\Request\\ApprovePageRequest\":8:{s:14:\"\0*\0wrStatusNum\";i:30;s:12:\"\0*\0currentWP\";N;s:6:\"\0*\0uID\";s:1:\"1\";s:5:\"error\";s:0:\"\";s:4:\"pkID\";s:2:\"14\";s:3:\"cID\";s:3:\"186\";s:4:\"cvID\";s:1:\"7\";s:4:\"wrID\";s:1:\"7\";}'),(91,8,'2015-05-11 08:11:03','O:49:\"Concrete\\Core\\Workflow\\Request\\ApprovePageRequest\":8:{s:14:\"\0*\0wrStatusNum\";i:30;s:12:\"\0*\0currentWP\";N;s:6:\"\0*\0uID\";s:1:\"1\";s:5:\"error\";s:0:\"\";s:4:\"pkID\";s:2:\"14\";s:3:\"cID\";s:3:\"184\";s:4:\"cvID\";s:1:\"3\";s:4:\"wrID\";s:1:\"8\";}'),(92,9,'2015-06-19 10:52:56','O:49:\"Concrete\\Core\\Workflow\\Request\\ApprovePageRequest\":8:{s:14:\"\0*\0wrStatusNum\";i:30;s:12:\"\0*\0currentWP\";N;s:6:\"\0*\0uID\";s:1:\"1\";s:5:\"error\";s:0:\"\";s:4:\"pkID\";s:2:\"14\";s:3:\"cID\";s:1:\"1\";s:4:\"cvID\";s:2:\"48\";s:4:\"wrID\";s:1:\"9\";}'),(93,10,'2015-06-22 14:08:56','O:49:\"Concrete\\Core\\Workflow\\Request\\ApprovePageRequest\":8:{s:14:\"\0*\0wrStatusNum\";i:30;s:12:\"\0*\0currentWP\";N;s:6:\"\0*\0uID\";s:1:\"1\";s:5:\"error\";s:0:\"\";s:4:\"pkID\";s:2:\"14\";s:3:\"cID\";s:1:\"1\";s:4:\"cvID\";s:2:\"49\";s:4:\"wrID\";s:2:\"10\";}'),(94,11,'2015-06-22 14:11:39','O:49:\"Concrete\\Core\\Workflow\\Request\\ApprovePageRequest\":8:{s:14:\"\0*\0wrStatusNum\";i:30;s:12:\"\0*\0currentWP\";N;s:6:\"\0*\0uID\";s:1:\"1\";s:5:\"error\";s:0:\"\";s:4:\"pkID\";s:2:\"14\";s:3:\"cID\";s:1:\"1\";s:4:\"cvID\";s:2:\"50\";s:4:\"wrID\";s:2:\"11\";}'),(95,9,'2015-08-06 14:03:35','O:49:\"Concrete\\Core\\Workflow\\Request\\ApprovePageRequest\":8:{s:14:\"\0*\0wrStatusNum\";i:30;s:12:\"\0*\0currentWP\";N;s:6:\"\0*\0uID\";s:1:\"1\";s:5:\"error\";s:0:\"\";s:4:\"pkID\";s:2:\"14\";s:3:\"cID\";s:3:\"195\";s:4:\"cvID\";s:1:\"1\";s:4:\"wrID\";s:1:\"9\";}'),(96,10,'2015-08-06 14:35:16','O:49:\"Concrete\\Core\\Workflow\\Request\\ApprovePageRequest\":8:{s:14:\"\0*\0wrStatusNum\";i:30;s:12:\"\0*\0currentWP\";N;s:6:\"\0*\0uID\";s:1:\"1\";s:5:\"error\";s:0:\"\";s:4:\"pkID\";s:2:\"14\";s:3:\"cID\";s:3:\"195\";s:4:\"cvID\";s:1:\"2\";s:4:\"wrID\";s:2:\"10\";}'),(97,9,'2015-08-08 09:16:22','O:49:\"Concrete\\Core\\Workflow\\Request\\ApprovePageRequest\":8:{s:14:\"\0*\0wrStatusNum\";i:30;s:12:\"\0*\0currentWP\";N;s:6:\"\0*\0uID\";s:1:\"1\";s:5:\"error\";s:0:\"\";s:4:\"pkID\";s:2:\"14\";s:3:\"cID\";s:1:\"1\";s:4:\"cvID\";s:2:\"51\";s:4:\"wrID\";s:1:\"9\";}');
/*!40000 ALTER TABLE `WorkflowProgressHistory` ENABLE KEYS */;
UNLOCK TABLES;

--
-- Table structure for table `WorkflowRequestObjects`
--

DROP TABLE IF EXISTS `WorkflowRequestObjects`;
/*!40101 SET @saved_cs_client     = @@character_set_client */;
/*!40101 SET character_set_client = utf8 */;
CREATE TABLE `WorkflowRequestObjects` (
  `wrID` int(10) unsigned NOT NULL AUTO_INCREMENT,
  `wrObject` text COLLATE utf8_unicode_ci,
  PRIMARY KEY (`wrID`)
) ENGINE=InnoDB AUTO_INCREMENT=9 DEFAULT CHARSET=utf8 COLLATE=utf8_unicode_ci;
/*!40101 SET character_set_client = @saved_cs_client */;

--
-- Dumping data for table `WorkflowRequestObjects`
--

LOCK TABLES `WorkflowRequestObjects` WRITE;
/*!40000 ALTER TABLE `WorkflowRequestObjects` DISABLE KEYS */;
INSERT INTO `WorkflowRequestObjects` VALUES (1,'O:49:\"Concrete\\Core\\Workflow\\Request\\ApprovePageRequest\":8:{s:14:\"\0*\0wrStatusNum\";i:30;s:12:\"\0*\0currentWP\";N;s:6:\"\0*\0uID\";s:1:\"1\";s:5:\"error\";s:0:\"\";s:4:\"pkID\";s:2:\"14\";s:3:\"cID\";s:3:\"157\";s:4:\"cvID\";s:1:\"2\";s:4:\"wrID\";s:1:\"1\";}'),(2,'O:49:\"Concrete\\Core\\Workflow\\Request\\ApprovePageRequest\":8:{s:14:\"\0*\0wrStatusNum\";i:30;s:12:\"\0*\0currentWP\";N;s:6:\"\0*\0uID\";s:1:\"1\";s:5:\"error\";s:0:\"\";s:4:\"pkID\";s:2:\"14\";s:3:\"cID\";s:3:\"157\";s:4:\"cvID\";s:1:\"2\";s:4:\"wrID\";s:1:\"2\";}'),(3,'O:49:\"Concrete\\Core\\Workflow\\Request\\ApprovePageRequest\":8:{s:14:\"\0*\0wrStatusNum\";i:30;s:12:\"\0*\0currentWP\";N;s:6:\"\0*\0uID\";s:1:\"1\";s:5:\"error\";s:0:\"\";s:4:\"pkID\";s:2:\"14\";s:3:\"cID\";s:3:\"157\";s:4:\"cvID\";s:1:\"3\";s:4:\"wrID\";s:1:\"3\";}'),(4,'O:49:\"Concrete\\Core\\Workflow\\Request\\ApprovePageRequest\":8:{s:14:\"\0*\0wrStatusNum\";i:30;s:12:\"\0*\0currentWP\";N;s:6:\"\0*\0uID\";s:1:\"1\";s:5:\"error\";s:0:\"\";s:4:\"pkID\";s:2:\"14\";s:3:\"cID\";s:3:\"186\";s:4:\"cvID\";s:1:\"5\";s:4:\"wrID\";s:1:\"4\";}'),(6,'O:49:\"Concrete\\Core\\Workflow\\Request\\ApprovePageRequest\":8:{s:14:\"\0*\0wrStatusNum\";i:30;s:12:\"\0*\0currentWP\";N;s:6:\"\0*\0uID\";s:1:\"1\";s:5:\"error\";s:0:\"\";s:4:\"pkID\";s:2:\"14\";s:3:\"cID\";s:3:\"186\";s:4:\"cvID\";s:1:\"6\";s:4:\"wrID\";s:1:\"6\";}'),(7,'O:49:\"Concrete\\Core\\Workflow\\Request\\ApprovePageRequest\":8:{s:14:\"\0*\0wrStatusNum\";i:30;s:12:\"\0*\0currentWP\";N;s:6:\"\0*\0uID\";s:1:\"1\";s:5:\"error\";s:0:\"\";s:4:\"pkID\";s:2:\"14\";s:3:\"cID\";s:3:\"186\";s:4:\"cvID\";s:1:\"7\";s:4:\"wrID\";s:1:\"7\";}'),(8,'O:49:\"Concrete\\Core\\Workflow\\Request\\ApprovePageRequest\":8:{s:14:\"\0*\0wrStatusNum\";i:30;s:12:\"\0*\0currentWP\";N;s:6:\"\0*\0uID\";s:1:\"1\";s:5:\"error\";s:0:\"\";s:4:\"pkID\";s:2:\"14\";s:3:\"cID\";s:3:\"184\";s:4:\"cvID\";s:1:\"3\";s:4:\"wrID\";s:1:\"8\";}');
/*!40000 ALTER TABLE `WorkflowRequestObjects` ENABLE KEYS */;
UNLOCK TABLES;

--
-- Table structure for table `WorkflowTypes`
--

DROP TABLE IF EXISTS `WorkflowTypes`;
/*!40101 SET @saved_cs_client     = @@character_set_client */;
/*!40101 SET character_set_client = utf8 */;
CREATE TABLE `WorkflowTypes` (
  `wftID` int(10) unsigned NOT NULL AUTO_INCREMENT,
  `wftHandle` varchar(64) COLLATE utf8_unicode_ci NOT NULL,
  `wftName` varchar(128) COLLATE utf8_unicode_ci NOT NULL,
  `pkgID` int(10) unsigned NOT NULL DEFAULT '0',
  PRIMARY KEY (`wftID`),
  UNIQUE KEY `wftHandle` (`wftHandle`),
  KEY `pkgID` (`pkgID`)
) ENGINE=InnoDB AUTO_INCREMENT=2 DEFAULT CHARSET=utf8 COLLATE=utf8_unicode_ci;
/*!40101 SET character_set_client = @saved_cs_client */;

--
-- Dumping data for table `WorkflowTypes`
--

LOCK TABLES `WorkflowTypes` WRITE;
/*!40000 ALTER TABLE `WorkflowTypes` DISABLE KEYS */;
INSERT INTO `WorkflowTypes` VALUES (1,'basic','Basic Workflow',0);
/*!40000 ALTER TABLE `WorkflowTypes` ENABLE KEYS */;
UNLOCK TABLES;

--
-- Table structure for table `Workflows`
--

DROP TABLE IF EXISTS `Workflows`;
/*!40101 SET @saved_cs_client     = @@character_set_client */;
/*!40101 SET character_set_client = utf8 */;
CREATE TABLE `Workflows` (
  `wfID` int(10) unsigned NOT NULL AUTO_INCREMENT,
  `wfName` varchar(255) COLLATE utf8_unicode_ci DEFAULT NULL,
  `wftID` int(10) unsigned NOT NULL DEFAULT '0',
  PRIMARY KEY (`wfID`),
  UNIQUE KEY `wfName` (`wfName`),
  KEY `wftID` (`wftID`,`wfID`)
) ENGINE=InnoDB DEFAULT CHARSET=utf8 COLLATE=utf8_unicode_ci;
/*!40101 SET character_set_client = @saved_cs_client */;

--
-- Dumping data for table `Workflows`
--

LOCK TABLES `Workflows` WRITE;
/*!40000 ALTER TABLE `Workflows` DISABLE KEYS */;
/*!40000 ALTER TABLE `Workflows` ENABLE KEYS */;
UNLOCK TABLES;

--
-- Table structure for table `atAddress`
--

DROP TABLE IF EXISTS `atAddress`;
/*!40101 SET @saved_cs_client     = @@character_set_client */;
/*!40101 SET character_set_client = utf8 */;
CREATE TABLE `atAddress` (
  `avID` int(10) unsigned NOT NULL DEFAULT '0',
  `address1` varchar(255) COLLATE utf8_unicode_ci DEFAULT NULL,
  `address2` varchar(255) COLLATE utf8_unicode_ci DEFAULT NULL,
  `city` varchar(255) COLLATE utf8_unicode_ci DEFAULT NULL,
  `state_province` varchar(255) COLLATE utf8_unicode_ci DEFAULT NULL,
  `country` varchar(4) COLLATE utf8_unicode_ci DEFAULT NULL,
  `postal_code` varchar(32) COLLATE utf8_unicode_ci DEFAULT NULL,
  PRIMARY KEY (`avID`)
) ENGINE=InnoDB DEFAULT CHARSET=utf8 COLLATE=utf8_unicode_ci;
/*!40101 SET character_set_client = @saved_cs_client */;

--
-- Dumping data for table `atAddress`
--

LOCK TABLES `atAddress` WRITE;
/*!40000 ALTER TABLE `atAddress` DISABLE KEYS */;
/*!40000 ALTER TABLE `atAddress` ENABLE KEYS */;
UNLOCK TABLES;

--
-- Table structure for table `atAddressCustomCountries`
--

DROP TABLE IF EXISTS `atAddressCustomCountries`;
/*!40101 SET @saved_cs_client     = @@character_set_client */;
/*!40101 SET character_set_client = utf8 */;
CREATE TABLE `atAddressCustomCountries` (
  `atAddressCustomCountryID` int(10) unsigned NOT NULL AUTO_INCREMENT,
  `akID` int(10) unsigned NOT NULL DEFAULT '0',
  `country` varchar(5) COLLATE utf8_unicode_ci NOT NULL,
  PRIMARY KEY (`atAddressCustomCountryID`),
  KEY `akID` (`akID`)
) ENGINE=InnoDB DEFAULT CHARSET=utf8 COLLATE=utf8_unicode_ci;
/*!40101 SET character_set_client = @saved_cs_client */;

--
-- Dumping data for table `atAddressCustomCountries`
--

LOCK TABLES `atAddressCustomCountries` WRITE;
/*!40000 ALTER TABLE `atAddressCustomCountries` DISABLE KEYS */;
/*!40000 ALTER TABLE `atAddressCustomCountries` ENABLE KEYS */;
UNLOCK TABLES;

--
-- Table structure for table `atAddressSettings`
--

DROP TABLE IF EXISTS `atAddressSettings`;
/*!40101 SET @saved_cs_client     = @@character_set_client */;
/*!40101 SET character_set_client = utf8 */;
CREATE TABLE `atAddressSettings` (
  `akID` int(10) unsigned NOT NULL DEFAULT '0',
  `akHasCustomCountries` tinyint(1) NOT NULL DEFAULT '0',
  `akDefaultCountry` varchar(12) COLLATE utf8_unicode_ci DEFAULT NULL,
  PRIMARY KEY (`akID`)
) ENGINE=InnoDB DEFAULT CHARSET=utf8 COLLATE=utf8_unicode_ci;
/*!40101 SET character_set_client = @saved_cs_client */;

--
-- Dumping data for table `atAddressSettings`
--

LOCK TABLES `atAddressSettings` WRITE;
/*!40000 ALTER TABLE `atAddressSettings` DISABLE KEYS */;
/*!40000 ALTER TABLE `atAddressSettings` ENABLE KEYS */;
UNLOCK TABLES;

--
-- Table structure for table `atBoolean`
--

DROP TABLE IF EXISTS `atBoolean`;
/*!40101 SET @saved_cs_client     = @@character_set_client */;
/*!40101 SET character_set_client = utf8 */;
CREATE TABLE `atBoolean` (
  `avID` int(10) unsigned NOT NULL,
  `value` tinyint(1) NOT NULL DEFAULT '0',
  PRIMARY KEY (`avID`)
) ENGINE=InnoDB DEFAULT CHARSET=utf8 COLLATE=utf8_unicode_ci;
/*!40101 SET character_set_client = @saved_cs_client */;

--
-- Dumping data for table `atBoolean`
--

LOCK TABLES `atBoolean` WRITE;
/*!40000 ALTER TABLE `atBoolean` DISABLE KEYS */;
INSERT INTO `atBoolean` VALUES (9,1),(16,1),(18,1),(28,1),(29,1),(30,1),(31,1),(32,1),(33,1),(34,1),(35,1),(42,1),(43,1),(47,1),(51,1),(98,1),(106,1),(107,1),(108,1),(145,1),(146,1),(147,1),(158,1),(164,1),(180,1),(185,0),(195,1),(197,0),(198,1),(203,0),(210,0),(217,0),(218,1),(220,1),(221,1),(222,1),(225,1),(226,1),(227,1),(228,1),(237,0),(242,0),(259,0),(264,0);
/*!40000 ALTER TABLE `atBoolean` ENABLE KEYS */;
UNLOCK TABLES;

--
-- Table structure for table `atBooleanSettings`
--

DROP TABLE IF EXISTS `atBooleanSettings`;
/*!40101 SET @saved_cs_client     = @@character_set_client */;
/*!40101 SET character_set_client = utf8 */;
CREATE TABLE `atBooleanSettings` (
  `akID` int(10) unsigned NOT NULL,
  `akCheckedByDefault` tinyint(1) NOT NULL DEFAULT '0',
  PRIMARY KEY (`akID`)
) ENGINE=InnoDB DEFAULT CHARSET=utf8 COLLATE=utf8_unicode_ci;
/*!40101 SET character_set_client = @saved_cs_client */;

--
-- Dumping data for table `atBooleanSettings`
--

LOCK TABLES `atBooleanSettings` WRITE;
/*!40000 ALTER TABLE `atBooleanSettings` DISABLE KEYS */;
INSERT INTO `atBooleanSettings` VALUES (5,0),(6,0),(9,0),(10,0),(11,0),(12,1),(13,1),(20,0);
/*!40000 ALTER TABLE `atBooleanSettings` ENABLE KEYS */;
UNLOCK TABLES;

--
-- Table structure for table `atDateTime`
--

DROP TABLE IF EXISTS `atDateTime`;
/*!40101 SET @saved_cs_client     = @@character_set_client */;
/*!40101 SET character_set_client = utf8 */;
CREATE TABLE `atDateTime` (
  `avID` int(10) unsigned NOT NULL,
  `value` datetime DEFAULT '0000-00-00 00:00:00',
  PRIMARY KEY (`avID`)
) ENGINE=InnoDB DEFAULT CHARSET=utf8 COLLATE=utf8_unicode_ci;
/*!40101 SET character_set_client = @saved_cs_client */;

--
-- Dumping data for table `atDateTime`
--

LOCK TABLES `atDateTime` WRITE;
/*!40000 ALTER TABLE `atDateTime` DISABLE KEYS */;
/*!40000 ALTER TABLE `atDateTime` ENABLE KEYS */;
UNLOCK TABLES;

--
-- Table structure for table `atDateTimeSettings`
--

DROP TABLE IF EXISTS `atDateTimeSettings`;
/*!40101 SET @saved_cs_client     = @@character_set_client */;
/*!40101 SET character_set_client = utf8 */;
CREATE TABLE `atDateTimeSettings` (
  `akID` int(10) unsigned NOT NULL,
  `akDateDisplayMode` varchar(255) COLLATE utf8_unicode_ci DEFAULT NULL,
  PRIMARY KEY (`akID`)
) ENGINE=InnoDB DEFAULT CHARSET=utf8 COLLATE=utf8_unicode_ci;
/*!40101 SET character_set_client = @saved_cs_client */;

--
-- Dumping data for table `atDateTimeSettings`
--

LOCK TABLES `atDateTimeSettings` WRITE;
/*!40000 ALTER TABLE `atDateTimeSettings` DISABLE KEYS */;
/*!40000 ALTER TABLE `atDateTimeSettings` ENABLE KEYS */;
UNLOCK TABLES;

--
-- Table structure for table `atDefault`
--

DROP TABLE IF EXISTS `atDefault`;
/*!40101 SET @saved_cs_client     = @@character_set_client */;
/*!40101 SET character_set_client = utf8 */;
CREATE TABLE `atDefault` (
  `avID` int(10) unsigned NOT NULL,
  `value` longtext COLLATE utf8_unicode_ci,
  PRIMARY KEY (`avID`)
) ENGINE=InnoDB DEFAULT CHARSET=utf8 COLLATE=utf8_unicode_ci;
/*!40101 SET character_set_client = @saved_cs_client */;

--
-- Dumping data for table `atDefault`
--

LOCK TABLES `atDefault` WRITE;
/*!40000 ALTER TABLE `atDefault` DISABLE KEYS */;
INSERT INTO `atDefault` VALUES (1,'fa fa-th-large'),(2,'pages, add page, delete page, copy, move, alias'),(3,'pages, add page, delete page, copy, move, alias'),(4,'pages, add page, delete page, copy, move, alias, bulk'),(5,'find page, search page, search, find, pages, sitemap'),(6,'add file, delete file, copy, move, alias, resize, crop, rename, images, title, attribute'),(7,'file, file attributes, title, attribute, description, rename'),(8,'files, category, categories'),(10,'new file set'),(11,'users, groups, people, find, delete user, remove user, change password, password'),(12,'find, search, people, delete user, remove user, change password, password'),(13,'user, group, people, permissions, expire, badges'),(14,'user attributes, user data, gather data, registration data'),(15,'new user, create'),(17,'new user group, new group, group, create'),(19,'group set'),(20,'community, points, karma'),(21,'action, community actions'),(22,'forms, log, error, email, mysql, exception, survey'),(23,'forms, questions, response, data'),(24,'questions, quiz, response'),(25,'forms, log, error, email, mysql, exception, survey, history'),(26,'new theme, theme, active theme, change theme, template, css'),(27,'page types'),(36,'page attributes, custom'),(37,'single, page, custom, application'),(38,'atom, rss, feed, syndication'),(39,'icon-bullhorn'),(40,'add workflow, remove workflow'),(41,'stacks, reusable content, scrapbook, copy, paste, paste block, copy block, site name, logo'),(44,'edit stacks, view stacks, all stacks'),(45,'block, refresh, custom'),(46,'add-on, addon, add on, package, app, ecommerce, discussions, forums, themes, templates, blocks'),(48,'add-on, addon, ecommerce, install, discussions, forums, themes, templates, blocks'),(49,'update, upgrade'),(50,'concrete5.org, my account, marketplace'),(52,'buy theme, new theme, marketplace, template'),(53,'buy addon, buy add on, buy add-on, purchase addon, purchase add on, purchase add-on, find addon, new addon, marketplace'),(54,'dashboard, configuration'),(55,'website name, title'),(56,'accessibility, easy mode'),(57,'sharing, facebook, twitter'),(58,'logo, favicon, iphone, icon, bookmark'),(59,'tinymce, content block, fonts, editor, content, overlay'),(60,'translate, translation, internationalization, multilingual'),(61,'timezone, profile, locale'),(62,'multilingual, localization, internationalization, i18n'),(63,'vanity, pretty url, seo, pageview, view'),(64,'bulk, seo, change keywords, engine, optimization, search'),(65,'traffic, statistics, google analytics, quant, pageviews, hits'),(66,'pretty, slug'),(67,'configure search, site search, search option'),(68,'file options, file manager, upload, modify'),(69,'security, files, media, extension, manager, upload'),(70,'images, picture, responsive, retina'),(71,'security, alternate storage, hide files'),(72,'cache option, change cache, override, turn on cache, turn off cache, no cache, page cache, caching'),(73,'cache option, turn off cache, no cache, page cache, caching'),(74,'index search, reindex search, build sitemap, sitemap.xml, clear old versions, page versions, remove old'),(75,'queries, database, mysql'),(76,'editors, hide site, offline, private, public, access'),(77,'security, actions, administrator, admin, package, marketplace, search'),(78,'security, lock ip, lock out, block ip, address, restrict, access'),(79,'security, registration'),(80,'antispam, block spam, security'),(81,'lock site, under construction, hide, hidden'),(82,'profile, login, redirect, specific, dashboard, administrators'),(83,'member profile, member page, community, forums, social, avatar'),(84,'signup, new user, community, public registration, public, registration'),(85,'auth, authentication, types, oauth, facebook, login, registration'),(86,'smtp, mail settings'),(87,'email server, mail settings, mail configuration, external, internal'),(88,'test smtp, test mail'),(89,'email server, mail settings, mail configuration, private message, message system, import, email, message'),(90,'conversations'),(91,'conversations'),(92,'conversations ratings, ratings, community, community points'),(93,'conversations bad words, banned words, banned, bad words, bad, words, list'),(94,'attribute configuration'),(95,'attributes, sets'),(96,'attributes, types'),(97,'topics, tags, taxonomy'),(99,'overrides, system info, debug, support, help'),(100,'errors, exceptions, develop, support, help'),(101,'email, logging, logs, smtp, pop, errors, mysql, log'),(102,'network, proxy server'),(103,'database, entities, doctrine'),(104,'export, backup, database, sql, mysql, encryption, restore'),(105,'upgrade, new version, update'),(109,'fa fa-edit'),(110,'fa fa-trash-o'),(111,'fa fa-th'),(112,'fa fa-briefcase'),(150,'Test Client'),(155,'Test Client'),(161,'Test Client 2'),(167,'Test Client 2'),(172,'Test Client 2'),(177,'Test Client 2'),(181,NULL),(182,NULL),(183,NULL),(184,NULL),(192,NULL),(193,NULL),(194,NULL),(196,NULL),(199,NULL),(200,NULL),(201,NULL),(202,NULL),(205,'Lorem ipsum dolor sit amet, consectetur adipiscing elit. Nulla massa lacus, vehicula eu interdum convallis, laoreet id lectus. Nunc turpis elit, aliquam sit amet aliquam tincidunt, dapibus vel tellus. '),(206,NULL),(207,NULL),(208,NULL),(209,NULL),(212,'Lorem ipsum dolor sit amet, consectetur adipiscing elit. Nulla massa lacus, vehicula eu interdum convallis, laoreet id lectus. Nunc turpis elit, aliquam sit amet aliquam tincidunt, dapibus vel tellus. '),(213,''),(214,''),(215,''),(216,''),(219,'%2$s b|a %1$s'),(229,'Sur le Web - Au tlphone'),(231,'Web - Tel'),(233,''),(234,''),(235,''),(236,''),(238,''),(239,''),(240,''),(241,''),(255,'Voyance par tlphone'),(256,'Salon Sublime-Voyance.fr : Salon de Voyance Tlmaque, consultez un Professionnel de la voyance par en ligne par chat ou par tlphone'),(257,'voyance, amour, amours, ascendants, astral, astres, astrologie, astrologiques, astrologue, astrologues, avenir, balance, belier, bonheur, boutique, cancer, capricorne, cartes, cartomancie, catalogue, chacras, chakras, chance, chat, chinois, communication, conscience, consultation, consulter, couple, cours, cristal, cristaux, divination, dons, e-commerce, ecommerce, energie, esmeralda, flash, futur, gemeaux, geomancie, gratuit, karma, lion, magasin, magie, magntisme, mediums, naissance, numrologie, occulte, ondes, oracles, paiement scuris, parapsychique, pendule, pierres, planetes, poissons, predictions, previsions, problmes, relaxation, religion, sagittaire, sant, scorpion, signe, signes, SSL, talisman, tarologies, tarologues, tarot, tarots, taureau, theme, travail, vente en ligne, verseau, vibrations, vierge, visions, voyance, voyances, soterisme, tude'),(258,''),(260,'Voyance par tlphone'),(261,'Salon Sublime-Voyance.fr : Salon de Voyance Tlmatique, consultez un Professionnel de la voyance par en ligne par chat ou par tlphone'),(262,'voyance, amour, amours, ascendants, astral, astres, astrologie, astrologiques, astrologue, astrologues, avenir, balance, belier, bonheur, boutique, cancer, capricorne, cartes, cartomancie, catalogue, chacras, chakras, chance, chat, chinois, communication, conscience, consultation, consulter, couple, cours, cristal, cristaux, divination, dons, e-commerce, ecommerce, energie, esmeralda, flash, futur, gemeaux, geomancie, gratuit, karma, lion, magasin, magie, magntisme, mediums, naissance, numrologie, occulte, ondes, oracles, paiement scuris, parapsychique, pendule, pierres, planetes, poissons, predictions, previsions, problmes, relaxation, religion, sagittaire, sant, scorpion, signe, signes, SSL, talisman, tarologies, tarologues, tarot, tarots, taureau, theme, travail, vente en ligne, verseau, vibrations, vierge, visions, voyance, voyances, soterisme, tude'),(263,'');
/*!40000 ALTER TABLE `atDefault` ENABLE KEYS */;
UNLOCK TABLES;

--
-- Table structure for table `atFile`
--

DROP TABLE IF EXISTS `atFile`;
/*!40101 SET @saved_cs_client     = @@character_set_client */;
/*!40101 SET character_set_client = utf8 */;
CREATE TABLE `atFile` (
  `avID` int(10) unsigned NOT NULL,
  `fID` int(10) unsigned NOT NULL,
  PRIMARY KEY (`avID`),
  KEY `fID` (`fID`)
) ENGINE=InnoDB DEFAULT CHARSET=utf8 COLLATE=utf8_unicode_ci;
/*!40101 SET character_set_client = @saved_cs_client */;

--
-- Dumping data for table `atFile`
--

LOCK TABLES `atFile` WRITE;
/*!40000 ALTER TABLE `atFile` DISABLE KEYS */;
INSERT INTO `atFile` VALUES (153,2),(188,3),(190,4),(165,6),(175,12),(186,13),(159,14),(148,15),(170,16);
/*!40000 ALTER TABLE `atFile` ENABLE KEYS */;
UNLOCK TABLES;

--
-- Table structure for table `atNumber`
--

DROP TABLE IF EXISTS `atNumber`;
/*!40101 SET @saved_cs_client     = @@character_set_client */;
/*!40101 SET character_set_client = utf8 */;
CREATE TABLE `atNumber` (
  `avID` int(10) unsigned NOT NULL,
  `value` decimal(14,4) DEFAULT '0.0000',
  PRIMARY KEY (`avID`)
) ENGINE=InnoDB DEFAULT CHARSET=utf8 COLLATE=utf8_unicode_ci;
/*!40101 SET character_set_client = @saved_cs_client */;

--
-- Dumping data for table `atNumber`
--

LOCK TABLES `atNumber` WRITE;
/*!40000 ALTER TABLE `atNumber` DISABLE KEYS */;
INSERT INTO `atNumber` VALUES (113,592.0000),(114,397.0000),(115,1499.0000),(116,1067.0000),(117,200.0000),(118,200.0000),(119,1600.0000),(120,1066.0000),(121,200.0000),(122,200.0000),(123,1600.0000),(124,1067.0000),(125,250.0000),(126,252.0000),(127,460.0000),(128,460.0000),(129,1100.0000),(130,368.0000),(131,1100.0000),(132,263.0000),(133,1100.0000),(134,368.0000),(135,1600.0000),(136,1067.0000),(137,500.0000),(138,500.0000),(139,1600.0000),(140,953.0000),(141,1600.0000),(142,1067.0000),(143,1600.0000),(144,1067.0000),(243,333.0000),(244,500.0000),(245,1920.0000),(246,1200.0000),(247,60.0000),(248,53.0000),(249,60.0000),(250,78.0000),(251,389.0000),(252,499.0000),(253,1024.0000),(254,731.0000);
/*!40000 ALTER TABLE `atNumber` ENABLE KEYS */;
UNLOCK TABLES;

--
-- Table structure for table `atSelectOptions`
--

DROP TABLE IF EXISTS `atSelectOptions`;
/*!40101 SET @saved_cs_client     = @@character_set_client */;
/*!40101 SET character_set_client = utf8 */;
CREATE TABLE `atSelectOptions` (
  `ID` int(10) unsigned NOT NULL AUTO_INCREMENT,
  `akID` int(10) unsigned DEFAULT NULL,
  `value` varchar(255) COLLATE utf8_unicode_ci DEFAULT NULL,
  `displayOrder` int(10) unsigned DEFAULT NULL,
  `isEndUserAdded` tinyint(1) NOT NULL DEFAULT '0',
  PRIMARY KEY (`ID`),
  KEY `akID` (`akID`,`displayOrder`),
  KEY `value` (`value`)
) ENGINE=InnoDB AUTO_INCREMENT=23 DEFAULT CHARSET=utf8 COLLATE=utf8_unicode_ci;
/*!40101 SET character_set_client = @saved_cs_client */;

--
-- Dumping data for table `atSelectOptions`
--

LOCK TABLES `atSelectOptions` WRITE;
/*!40000 ALTER TABLE `atSelectOptions` DISABLE KEYS */;
INSERT INTO `atSelectOptions` VALUES (1,18,'Finance',0,0),(2,18,'Marketing and Sales',1,0),(3,18,'Human Resources',2,0),(4,18,'Technical and Operations',3,0),(5,18,'Management',4,0),(6,25,'Architecture',0,0),(7,25,'Multimedia',1,0),(8,25,'Design',2,0),(9,25,'Production',3,0),(10,25,'Development',4,0),(11,25,'Quality Assurance',5,0),(12,26,'HTML',0,0),(13,26,'JavaScript',1,0),(14,26,'PHP',2,0),(15,26,'Database',3,0),(16,26,'CSS',4,0),(17,26,'Ruby',5,0),(18,26,'Java',6,0),(19,26,'iOS/Android/App Development',7,0),(20,26,'Photoshop',8,0),(21,26,'Python',9,0),(22,26,'Writing',10,0);
/*!40000 ALTER TABLE `atSelectOptions` ENABLE KEYS */;
UNLOCK TABLES;

--
-- Table structure for table `atSelectOptionsSelected`
--

DROP TABLE IF EXISTS `atSelectOptionsSelected`;
/*!40101 SET @saved_cs_client     = @@character_set_client */;
/*!40101 SET character_set_client = utf8 */;
CREATE TABLE `atSelectOptionsSelected` (
  `avID` int(10) unsigned NOT NULL,
  `atSelectOptionID` int(10) unsigned NOT NULL,
  PRIMARY KEY (`avID`,`atSelectOptionID`),
  KEY `atSelectOptionID` (`atSelectOptionID`)
) ENGINE=InnoDB DEFAULT CHARSET=utf8 COLLATE=utf8_unicode_ci;
/*!40101 SET character_set_client = @saved_cs_client */;

--
-- Dumping data for table `atSelectOptionsSelected`
--

LOCK TABLES `atSelectOptionsSelected` WRITE;
/*!40000 ALTER TABLE `atSelectOptionsSelected` DISABLE KEYS */;
INSERT INTO `atSelectOptionsSelected` VALUES (211,2),(204,4),(230,5),(232,5),(151,6),(156,6),(162,7),(151,8),(168,8),(173,8),(178,8),(151,9),(162,9),(162,10),(152,12),(163,12),(152,13),(163,13),(152,14),(157,14),(163,14),(163,16),(169,20),(174,20),(179,20);
/*!40000 ALTER TABLE `atSelectOptionsSelected` ENABLE KEYS */;
UNLOCK TABLES;

--
-- Table structure for table `atSelectSettings`
--

DROP TABLE IF EXISTS `atSelectSettings`;
/*!40101 SET @saved_cs_client     = @@character_set_client */;
/*!40101 SET character_set_client = utf8 */;
CREATE TABLE `atSelectSettings` (
  `akID` int(10) unsigned NOT NULL,
  `akSelectAllowMultipleValues` tinyint(1) NOT NULL DEFAULT '0',
  `akSelectOptionDisplayOrder` varchar(255) COLLATE utf8_unicode_ci NOT NULL DEFAULT 'display_asc',
  `akSelectAllowOtherValues` tinyint(1) NOT NULL DEFAULT '0',
  PRIMARY KEY (`akID`)
) ENGINE=InnoDB DEFAULT CHARSET=utf8 COLLATE=utf8_unicode_ci;
/*!40101 SET character_set_client = @saved_cs_client */;

--
-- Dumping data for table `atSelectSettings`
--

LOCK TABLES `atSelectSettings` WRITE;
/*!40000 ALTER TABLE `atSelectSettings` DISABLE KEYS */;
INSERT INTO `atSelectSettings` VALUES (8,1,'display_asc',1),(18,0,'display_asc',0),(25,1,'display_asc',0),(26,1,'display_asc',0);
/*!40000 ALTER TABLE `atSelectSettings` ENABLE KEYS */;
UNLOCK TABLES;

--
-- Table structure for table `atSelectedTopics`
--

DROP TABLE IF EXISTS `atSelectedTopics`;
/*!40101 SET @saved_cs_client     = @@character_set_client */;
/*!40101 SET character_set_client = utf8 */;
CREATE TABLE `atSelectedTopics` (
  `avID` int(10) unsigned NOT NULL,
  `TopicNodeID` int(11) NOT NULL,
  PRIMARY KEY (`avID`,`TopicNodeID`),
  KEY `TopicNodeID` (`TopicNodeID`)
) ENGINE=InnoDB DEFAULT CHARSET=utf8 COLLATE=utf8_unicode_ci;
/*!40101 SET character_set_client = @saved_cs_client */;

--
-- Dumping data for table `atSelectedTopics`
--

LOCK TABLES `atSelectedTopics` WRITE;
/*!40000 ALTER TABLE `atSelectedTopics` DISABLE KEYS */;
INSERT INTO `atSelectedTopics` VALUES (187,11),(191,11),(189,13),(149,16),(160,16),(166,16),(171,16),(176,16),(154,18);
/*!40000 ALTER TABLE `atSelectedTopics` ENABLE KEYS */;
UNLOCK TABLES;

--
-- Table structure for table `atSocialLinks`
--

DROP TABLE IF EXISTS `atSocialLinks`;
/*!40101 SET @saved_cs_client     = @@character_set_client */;
/*!40101 SET character_set_client = utf8 */;
CREATE TABLE `atSocialLinks` (
  `avsID` int(10) unsigned NOT NULL AUTO_INCREMENT,
  `avID` int(10) unsigned NOT NULL DEFAULT '0',
  `service` varchar(255) COLLATE utf8_unicode_ci DEFAULT NULL,
  `serviceInfo` varchar(255) COLLATE utf8_unicode_ci DEFAULT NULL,
  PRIMARY KEY (`avsID`),
  KEY `avID` (`avID`,`avsID`)
) ENGINE=InnoDB DEFAULT CHARSET=utf8 COLLATE=utf8_unicode_ci;
/*!40101 SET character_set_client = @saved_cs_client */;

--
-- Dumping data for table `atSocialLinks`
--

LOCK TABLES `atSocialLinks` WRITE;
/*!40000 ALTER TABLE `atSocialLinks` DISABLE KEYS */;
/*!40000 ALTER TABLE `atSocialLinks` ENABLE KEYS */;
UNLOCK TABLES;

--
-- Table structure for table `atTextareaSettings`
--

DROP TABLE IF EXISTS `atTextareaSettings`;
/*!40101 SET @saved_cs_client     = @@character_set_client */;
/*!40101 SET character_set_client = utf8 */;
CREATE TABLE `atTextareaSettings` (
  `akID` int(10) unsigned NOT NULL DEFAULT '0',
  `akTextareaDisplayMode` varchar(255) COLLATE utf8_unicode_ci DEFAULT NULL,
  `akTextareaDisplayModeCustomOptions` text COLLATE utf8_unicode_ci,
  PRIMARY KEY (`akID`)
) ENGINE=InnoDB DEFAULT CHARSET=utf8 COLLATE=utf8_unicode_ci;
/*!40101 SET character_set_client = @saved_cs_client */;

--
-- Dumping data for table `atTextareaSettings`
--

LOCK TABLES `atTextareaSettings` WRITE;
/*!40000 ALTER TABLE `atTextareaSettings` DISABLE KEYS */;
INSERT INTO `atTextareaSettings` VALUES (2,'',''),(3,'',''),(4,'',''),(7,'',''),(19,'text','');
/*!40000 ALTER TABLE `atTextareaSettings` ENABLE KEYS */;
UNLOCK TABLES;

--
-- Table structure for table `atTopicSettings`
--

DROP TABLE IF EXISTS `atTopicSettings`;
/*!40101 SET @saved_cs_client     = @@character_set_client */;
/*!40101 SET character_set_client = utf8 */;
CREATE TABLE `atTopicSettings` (
  `akID` int(10) unsigned NOT NULL DEFAULT '0',
  `akTopicParentNodeID` int(11) DEFAULT NULL,
  `akTopicTreeID` int(11) DEFAULT NULL,
  PRIMARY KEY (`akID`),
  KEY `akTopicTreeID` (`akTopicTreeID`)
) ENGINE=InnoDB DEFAULT CHARSET=utf8 COLLATE=utf8_unicode_ci;
/*!40101 SET character_set_client = @saved_cs_client */;

--
-- Dumping data for table `atTopicSettings`
--

LOCK TABLES `atTopicSettings` WRITE;
/*!40000 ALTER TABLE `atTopicSettings` DISABLE KEYS */;
INSERT INTO `atTopicSettings` VALUES (22,5,2),(23,14,3);
/*!40000 ALTER TABLE `atTopicSettings` ENABLE KEYS */;
UNLOCK TABLES;

--
-- Table structure for table `authTypeConcreteCookieMap`
--

DROP TABLE IF EXISTS `authTypeConcreteCookieMap`;
/*!40101 SET @saved_cs_client     = @@character_set_client */;
/*!40101 SET character_set_client = utf8 */;
CREATE TABLE `authTypeConcreteCookieMap` (
  `ID` int(10) unsigned NOT NULL AUTO_INCREMENT,
  `token` varchar(32) COLLATE utf8_unicode_ci DEFAULT NULL,
  `uID` int(11) DEFAULT NULL,
  `validThrough` int(11) DEFAULT NULL,
  PRIMARY KEY (`ID`),
  UNIQUE KEY `token` (`token`),
  KEY `uID` (`uID`)
) ENGINE=InnoDB AUTO_INCREMENT=26 DEFAULT CHARSET=utf8 COLLATE=utf8_unicode_ci;
/*!40101 SET character_set_client = @saved_cs_client */;

--
-- Dumping data for table `authTypeConcreteCookieMap`
--

LOCK TABLES `authTypeConcreteCookieMap` WRITE;
/*!40000 ALTER TABLE `authTypeConcreteCookieMap` DISABLE KEYS */;
INSERT INTO `authTypeConcreteCookieMap` VALUES (1,'6888a96c797c3ed16a4521a5043a1a1d',1,1442231311),(4,'21dd7815790595773df2da7f85d4ba8b',1,1442231311),(9,'a7491196a5778bcc2e6870f337a398b0',1,1442231311),(11,'df93a9a5c872f843bf920625bb012c81',2,1442231311),(12,'d95564a3863721a97ac95327b05e9496',2,1442231311),(14,'94eacefd6236933ff9409f2b693673aa',1,1442231311),(15,'9af02a3034230ed68d8224a2c5013acf',1,1442231311),(17,'5db2c2881160b2e48d9214077e5f599e',1,1442231311),(18,'d7aa044b60ce563e97d93edd08f6dc21',1,1442231311),(19,'16e42db1000e101d93aaf9d9521bb0ad',1,1442231311),(20,'8847d7be256ff6a9a0b3287fc91aae4c',1,1442231311),(21,'c59a022663ba4bf22359bdd5f2ed8e5a',1,1442231311),(22,'f21667568db1e024041daa1eefe582f5',1,1442231311),(23,'bea9bdc9c43b7ce9b68e787f1eea5136',1,1442231311),(25,'18f4c308ddc42d80c81699af420ac7c6',1,1442231311);
/*!40000 ALTER TABLE `authTypeConcreteCookieMap` ENABLE KEYS */;
UNLOCK TABLES;

--
-- Table structure for table `btAudio`
--

DROP TABLE IF EXISTS `btAudio`;
/*!40101 SET @saved_cs_client     = @@character_set_client */;
/*!40101 SET character_set_client = utf8 */;
CREATE TABLE `btAudio` (
  `bID` int(10) unsigned NOT NULL,
  `fID` int(10) unsigned DEFAULT '0',
  `name` text COLLATE utf8_unicode_ci,
  `description` text COLLATE utf8_unicode_ci,
  PRIMARY KEY (`bID`)
) ENGINE=InnoDB DEFAULT CHARSET=utf8 COLLATE=utf8_unicode_ci;
/*!40101 SET character_set_client = @saved_cs_client */;

--
-- Dumping data for table `btAudio`
--

LOCK TABLES `btAudio` WRITE;
/*!40000 ALTER TABLE `btAudio` DISABLE KEYS */;
INSERT INTO `btAudio` VALUES (165,17,'EItS','APP'),(166,17,'EItS','APP');
/*!40000 ALTER TABLE `btAudio` ENABLE KEYS */;
UNLOCK TABLES;

--
-- Table structure for table `btContentFile`
--

DROP TABLE IF EXISTS `btContentFile`;
/*!40101 SET @saved_cs_client     = @@character_set_client */;
/*!40101 SET character_set_client = utf8 */;
CREATE TABLE `btContentFile` (
  `bID` int(10) unsigned NOT NULL,
  `fID` int(10) unsigned DEFAULT NULL,
  `fileLinkText` varchar(255) COLLATE utf8_unicode_ci DEFAULT NULL,
  `filePassword` varchar(255) COLLATE utf8_unicode_ci DEFAULT NULL,
  `forceDownload` tinyint(1) NOT NULL DEFAULT '0',
  PRIMARY KEY (`bID`),
  KEY `fID` (`fID`)
) ENGINE=InnoDB DEFAULT CHARSET=utf8 COLLATE=utf8_unicode_ci;
/*!40101 SET character_set_client = @saved_cs_client */;

--
-- Dumping data for table `btContentFile`
--

LOCK TABLES `btContentFile` WRITE;
/*!40000 ALTER TABLE `btContentFile` DISABLE KEYS */;
/*!40000 ALTER TABLE `btContentFile` ENABLE KEYS */;
UNLOCK TABLES;

--
-- Table structure for table `btContentImage`
--

DROP TABLE IF EXISTS `btContentImage`;
/*!40101 SET @saved_cs_client     = @@character_set_client */;
/*!40101 SET character_set_client = utf8 */;
CREATE TABLE `btContentImage` (
  `bID` int(10) unsigned NOT NULL,
  `fID` int(10) unsigned DEFAULT '0',
  `fOnstateID` int(10) unsigned DEFAULT '0',
  `maxWidth` int(10) unsigned DEFAULT '0',
  `maxHeight` int(10) unsigned DEFAULT '0',
  `externalLink` varchar(255) COLLATE utf8_unicode_ci DEFAULT NULL,
  `internalLinkCID` int(10) unsigned DEFAULT '0',
  `altText` varchar(255) COLLATE utf8_unicode_ci DEFAULT NULL,
  `title` varchar(255) COLLATE utf8_unicode_ci DEFAULT NULL,
  PRIMARY KEY (`bID`),
  KEY `fID` (`fID`)
) ENGINE=InnoDB DEFAULT CHARSET=utf8 COLLATE=utf8_unicode_ci;
/*!40101 SET character_set_client = @saved_cs_client */;

--
-- Dumping data for table `btContentImage`
--

LOCK TABLES `btContentImage` WRITE;
/*!40000 ALTER TABLE `btContentImage` DISABLE KEYS */;
INSERT INTO `btContentImage` VALUES (110,7,0,0,0,'',0,'Blank Image','Blank Image'),(125,3,0,0,0,'',0,'',NULL),(132,1,0,0,0,'',0,'',NULL),(139,1,0,0,0,'',0,'',NULL),(143,7,0,0,0,'',0,'',NULL),(146,10,0,0,0,'',0,'',NULL);
/*!40000 ALTER TABLE `btContentImage` ENABLE KEYS */;
UNLOCK TABLES;

--
-- Table structure for table `btContentLocal`
--

DROP TABLE IF EXISTS `btContentLocal`;
/*!40101 SET @saved_cs_client     = @@character_set_client */;
/*!40101 SET character_set_client = utf8 */;
CREATE TABLE `btContentLocal` (
  `bID` int(10) unsigned NOT NULL,
  `content` longtext COLLATE utf8_unicode_ci,
  PRIMARY KEY (`bID`)
) ENGINE=InnoDB DEFAULT CHARSET=utf8 COLLATE=utf8_unicode_ci;
/*!40101 SET character_set_client = @saved_cs_client */;

--
-- Dumping data for table `btContentLocal`
--

LOCK TABLES `btContentLocal` WRITE;
/*!40000 ALTER TABLE `btContentLocal` DISABLE KEYS */;
INSERT INTO `btContentLocal` VALUES (1,'<div style=\"padding: 40px; text-align: center\"> <iframe width=\"853\" height=\"480\" src=\"//www.youtube.com/embed/VB-R71zk06U\" frameborder=\"0\" allowfullscreen></iframe>                                     </div>'),(19,'                                                     <p><a href=\"{CCM:CID_173}\" style=\"background-color: rgb(255, 255, 255);\"><i class=\"fa fa-arrow-left\"></i> Back to Careers</a></p>'),(20,'<h3>Department</h3>'),(22,'<h3>Location</h3>'),(24,'<h3>Job Information</h3>'),(26,'                                                     <br/><br/>'),(43,'                                     <p>1234 SE StreetView</p><p>Suite 301</p><p>Portland, OR 98101</p><p><a href=\"{CCM:CID_159}\">View on Google Maps</a></p>'),(44,'                                     <p> 2014Elemental Theme</p>'),(45,'                                                                          <p><a href=\"{CCM:CID_174}\">FAQ / Help</a></p>                                     <p><a href=\"{CCM:CID_154}\">Case Studies</a></p>                                     <p><a href=\"{CCM:CID_157}\">Blog</a></p>                                     <p><a href=\"{CCM:CID_1}\">Another Link</a></p>                                     '),(46,'<a href=\"{CCM:CID_1}\" id=\"footer-site-title\">Elemental</a>'),(50,'<a href=\"{CCM:CID_1}\" id=\"header-site-title\">Elemental</a>'),(57,'<p style=\"text-align: center\"><span class=\"title-caps-bold\">Presenting your Business has never been so easy</span></p><p style=\"text-align: center;\">Pellentesque ultricies ligula vel neque dictum, eu mollis tortor adipiscing.</p><p style=\"text-align: center;\">Etiam congue, est vel tincidunt vestibulum, nunc nunc porta nulla, at adipiscing neque tellus quis urna.</p>'),(61,'<h5>Latest Blog Post</h5>'),(62,'<h5>Now Open For Business</h5>'),(66,'<p>  <span class=\"title-thin\">We specialize in making your concepts a reality.</span>  </p>  <p>    Sed cursus facilisis dignissim. Aliquam rhoncus enim et pellentesque varius. Nulla sodales nibh lorem, sit amet imperdiet arcu commodo sit amet. Mauris sed scelerisque nisl. Ut auctor ipsum tellus, vel viverra massa elementum sit amet.  </p>  <p>    Sed adipiscing tempus sem eu molestie. Aenean laoreet pretium ante vitae ultrices. Aenean eu gravida magna, vel aliquet magna. In auctor convallis gravida.<br>  </p>  <br/>  <p>  <a href=\"{CCM:CID_159}\"><span class=\"btn btn-success\">Contact Us Today</span></a>  </p>'),(67,'<p style=\"text-align: center\"><span class=\"title-caps\">Customizable footer area with accent class.</span></p>'),(76,'<h3>Awesome Features</h3><p>Curabitur sagittis elementum felis at sodales. Nullam fermentum at urna quis accumsan. Nam bibendum leo nisi, lacinia molestie arcu consequat quis. Morbi at suscipit risus. Sed consequat eleifend metus, vitae malesuada eros elementum sed. </p><h3>Guide Books</h3><p>Fusce risus felis, viverra et dignissim at, lobortis non est. Lorem ipsum dolor sit amet, consectetur adipiscing elit. Nullam sit amet consectetur lacus. Vestibulum neque lectus, egestas non cursus vitae, aliquam at magna. Etiam aliquam, justo et varius eleifend, dui lectus egestas nunc, vel malesuada nisl purus nec metus. </p><h3>Admin Accounts</h3><p>Fusce risus felis, viverra et dignissim at, lobortis non est. Lorem ipsum dolor sit amet, consectetur adipiscing elit. Nullam sit amet consectetur lacus. Vestibulum neque lectus, egestas non cursus vitae, aliquam at magna. Etiam aliquam, justo et varius eleifend, dui lectus egestas nunc, vel malesuada nisl purus nec metus.</p>'),(77,'<h3>Support</h3><p>Curabitur sagittis elementum felis at sodales. Nullam fermentum at urna quis accumsan. Nam bibendum leo nisi, lacinia molestie arcu consequat quis. Morbi at suscipit risus. Sed consequat eleifend metus, vitae malesuada eros elementum sed. </p><h3>Additional Options</h3><p>Fusce risus felis, viverra et dignissim at, lobortis non est. Lorem ipsum dolor sit amet, consectetur adipiscing elit. Nullam sit amet consectetur lacus. Vestibulum neque lectus, egestas non cursus vitae, aliquam at magna.</p><p>Etiam aliquam, justo et varius eleifend, dui lectus egestas nunc, vel malesuada nisl purus nec metus. In gravida turpis a pharetra commodo. Donec non turpis vulputate, faucibus metus a, consectetur nunc. Morbi tortor nisi, hendrerit sed laoreet eget, fermentum et justo. Suspendisse potenti.</p>'),(78,'<p style=\"text-align: center\"><span class=\"title-caps\">What Clients Are Saying About Us</span></p>'),(85,'<blockquote>Lorem ipsum dolor sit amet, consectetur adipiscing elit. Morbi tempus nibh a laoreet cursus. Phasellus malesuada vulputate bibendum. Ut vitae justo nisi. Sed consectetur vestibulum tortor, in bibendum diam lacinia vitae. Nullam volutpat risus quis orci consectetur adipiscing. In commodo vulputate arcu sit amet ornare. Vivamus ut iaculis velit.</blockquote><p>Pellentesque euismod lacus sed accumsan luctus. Suspendisse urna felis, lacinia vel tempor id, ultricies rutrum nisl. Nunc ultrices nulla et bibendum molestie. Phasellus porttitor sit amet libero vel fermentum. Sed sapien risus, eleifend vel hendrerit eu, porta vel tellus. Duis faucibus odio et magna varius, quis accumsan tellus vestibulum. Nam nunc nulla, convallis at elementum pharetra, adipiscing quis enim. Donec feugiat porttitor dolor, nec porttitor mi auctor eget. Fusce iaculis varius diam non dictum. Fusce elementum a nunc vel tincidunt. Morbi nec est elementum, vehicula odio nec, lobortis lacus. Nulla ultricies vitae nunc ut lacinia. Proin mattis felis sem, eu consectetur arcu varius et. Duis at lectus eu lorem elementum aliquet nec in elit. Vestibulum non metus ac risus adipiscing pellentesque sed sit amet lorem. Donec viverra, metus in varius pulvinar, augue nunc accumsan eros, a pulvinar est elit vitae nulla.</p><p>Duis non leo in enim laoreet pretium. Nullam vitae neque nec libero pharetra tempor at faucibus lectus. Cum sociis natoque penatibus et magnis dis parturient montes, nascetur ridiculus mus. Sed imperdiet convallis arcu. Nam sollicitudin sollicitudin lacus non dictum. Aliquam erat volutpat. Nulla sapien quam, consequat non dui ut, eleifend sodales orci. Praesent quis lorem accumsan, volutpat lectus a, sollicitudin erat. Donec faucibus mi in sapien volutpat, ac auctor lorem mollis. Proin eget turpis non lacus bibendum porta non ac justo. Aliquam aliquam viverra lorem ac rutrum. In et sapien sit amet diam vestibulum cursus ut tristique tellus.</p><p>Ut in purus mi. Etiam ac aliquet ipsum. Pellentesque faucibus diam dui. Morbi a semper orci. Ut nec malesuada urna. Vestibulum aliquet ante ac lacus dictum, sit amet pulvinar leo laoreet. Maecenas ut est commodo, commodo quam nec, dignissim est. Quisque rutrum molestie nunc, sed mollis nulla volutpat et. Donec dignissim ornare augue eu aliquam. Aliquam in tincidunt velit. In at fermentum mauris, ut accumsan nisl. Interdum et malesuada fames ac ante ipsum primis in faucibus.</p><p>Integer ac nulla at nisi sodales ullamcorper id in justo. Cum sociis natoque penatibus et magnis dis parturient montes, nascetur ridiculus mus. Etiam pharetra elit odio, ac mattis turpis consequat ac. Pellentesque tincidunt sed enim nec auctor. Quisque varius, felis a hendrerit faucibus, nunc lorem varius nibh, vel dignissim velit dolor ut elit. Mauris ut vulputate neque. Donec at est vitae massa egestas fringilla. Praesent a tristique nibh. Nunc blandit dui risus, quis rhoncus nisi consectetur vel.</p>'),(87,'<blockquote>Lorem ipsum dolor sit amet, consectetur adipiscing elit. Morbi tempus nibh a laoreet cursus. Phasellus malesuada vulputate bibendum. Ut vitae justo nisi. Sed consectetur vestibulum tortor, in bibendum diam lacinia vitae. Nullam volutpat risus quis orci consectetur adipiscing. In commodo vulputate arcu sit amet ornare. Vivamus ut iaculis velit.</blockquote><p>Pellentesque euismod lacus sed accumsan luctus. Suspendisse urna felis, lacinia vel tempor id, ultricies rutrum nisl. Nunc ultrices nulla et bibendum molestie. Phasellus porttitor sit amet libero vel fermentum. Sed sapien risus, eleifend vel hendrerit eu, porta vel tellus. Duis faucibus odio et magna varius, quis accumsan tellus vestibulum. Nam nunc nulla, convallis at elementum pharetra, adipiscing quis enim. Donec feugiat porttitor dolor, nec porttitor mi auctor eget. Fusce iaculis varius diam non dictum. Fusce elementum a nunc vel tincidunt. Morbi nec est elementum, vehicula odio nec, lobortis lacus. Nulla ultricies vitae nunc ut lacinia. Proin mattis felis sem, eu consectetur arcu varius et. Duis at lectus eu lorem elementum aliquet nec in elit. Vestibulum non metus ac risus adipiscing pellentesque sed sit amet lorem. Donec viverra, metus in varius pulvinar, augue nunc accumsan eros, a pulvinar est elit vitae nulla.</p><p>Duis non leo in enim laoreet pretium. Nullam vitae neque nec libero pharetra tempor at faucibus lectus. Cum sociis natoque penatibus et magnis dis parturient montes, nascetur ridiculus mus. Sed imperdiet convallis arcu. Nam sollicitudin sollicitudin lacus non dictum. Aliquam erat volutpat. Nulla sapien quam, consequat non dui ut, eleifend sodales orci. Praesent quis lorem accumsan, volutpat lectus a, sollicitudin erat. Donec faucibus mi in sapien volutpat, ac auctor lorem mollis. Proin eget turpis non lacus bibendum porta non ac justo. Aliquam aliquam viverra lorem ac rutrum. In et sapien sit amet diam vestibulum cursus ut tristique tellus.</p><p>Ut in purus mi. Etiam ac aliquet ipsum. Pellentesque faucibus diam dui. Morbi a semper orci. Ut nec malesuada urna. Vestibulum aliquet ante ac lacus dictum, sit amet pulvinar leo laoreet. Maecenas ut est commodo, commodo quam nec, dignissim est. Quisque rutrum molestie nunc, sed mollis nulla volutpat et. Donec dignissim ornare augue eu aliquam. Aliquam in tincidunt velit. In at fermentum mauris, ut accumsan nisl. Interdum et malesuada fames ac ante ipsum primis in faucibus.</p><p>Integer ac nulla at nisi sodales ullamcorper id in justo. Cum sociis natoque penatibus et magnis dis parturient montes, nascetur ridiculus mus. Etiam pharetra elit odio, ac mattis turpis consequat ac. Pellentesque tincidunt sed enim nec auctor. Quisque varius, felis a hendrerit faucibus, nunc lorem varius nibh, vel dignissim velit dolor ut elit. Mauris ut vulputate neque. Donec at est vitae massa egestas fringilla. Praesent a tristique nibh. Nunc blandit dui risus, quis rhoncus nisi consectetur vel.</p>'),(89,'<blockquote>Lorem ipsum dolor sit amet, consectetur adipiscing elit. Morbi tempus nibh a laoreet cursus. Phasellus malesuada vulputate bibendum. Ut vitae justo nisi. Sed consectetur vestibulum tortor, in bibendum diam lacinia vitae. Nullam volutpat risus quis orci consectetur adipiscing. In commodo vulputate arcu sit amet ornare. Vivamus ut iaculis velit.</blockquote><p>Pellentesque euismod lacus sed accumsan luctus. Suspendisse urna felis, lacinia vel tempor id, ultricies rutrum nisl. Nunc ultrices nulla et bibendum molestie. Phasellus porttitor sit amet libero vel fermentum. Sed sapien risus, eleifend vel hendrerit eu, porta vel tellus. Duis faucibus odio et magna varius, quis accumsan tellus vestibulum. Nam nunc nulla, convallis at elementum pharetra, adipiscing quis enim. Donec feugiat porttitor dolor, nec porttitor mi auctor eget. Fusce iaculis varius diam non dictum. Fusce elementum a nunc vel tincidunt. Morbi nec est elementum, vehicula odio nec, lobortis lacus. Nulla ultricies vitae nunc ut lacinia. Proin mattis felis sem, eu consectetur arcu varius et. Duis at lectus eu lorem elementum aliquet nec in elit. Vestibulum non metus ac risus adipiscing pellentesque sed sit amet lorem. Donec viverra, metus in varius pulvinar, augue nunc accumsan eros, a pulvinar est elit vitae nulla.</p><p>Duis non leo in enim laoreet pretium. Nullam vitae neque nec libero pharetra tempor at faucibus lectus. Cum sociis natoque penatibus et magnis dis parturient montes, nascetur ridiculus mus. Sed imperdiet convallis arcu. Nam sollicitudin sollicitudin lacus non dictum. Aliquam erat volutpat. Nulla sapien quam, consequat non dui ut, eleifend sodales orci. Praesent quis lorem accumsan, volutpat lectus a, sollicitudin erat. Donec faucibus mi in sapien volutpat, ac auctor lorem mollis. Proin eget turpis non lacus bibendum porta non ac justo. Aliquam aliquam viverra lorem ac rutrum. In et sapien sit amet diam vestibulum cursus ut tristique tellus.</p><p>Ut in purus mi. Etiam ac aliquet ipsum. Pellentesque faucibus diam dui. Morbi a semper orci. Ut nec malesuada urna. Vestibulum aliquet ante ac lacus dictum, sit amet pulvinar leo laoreet. Maecenas ut est commodo, commodo quam nec, dignissim est. Quisque rutrum molestie nunc, sed mollis nulla volutpat et. Donec dignissim ornare augue eu aliquam. Aliquam in tincidunt velit. In at fermentum mauris, ut accumsan nisl. Interdum et malesuada fames ac ante ipsum primis in faucibus.</p><p>Integer ac nulla at nisi sodales ullamcorper id in justo. Cum sociis natoque penatibus et magnis dis parturient montes, nascetur ridiculus mus. Etiam pharetra elit odio, ac mattis turpis consequat ac. Pellentesque tincidunt sed enim nec auctor. Quisque varius, felis a hendrerit faucibus, nunc lorem varius nibh, vel dignissim velit dolor ut elit. Mauris ut vulputate neque. Donec at est vitae massa egestas fringilla. Praesent a tristique nibh. Nunc blandit dui risus, quis rhoncus nisi consectetur vel.</p>'),(91,'<blockquote>Lorem ipsum dolor sit amet, consectetur adipiscing elit. Morbi tempus nibh a laoreet cursus. Phasellus malesuada vulputate bibendum. Ut vitae justo nisi. Sed consectetur vestibulum tortor, in bibendum diam lacinia vitae. Nullam volutpat risus quis orci consectetur adipiscing. In commodo vulputate arcu sit amet ornare. Vivamus ut iaculis velit.</blockquote><p>Pellentesque euismod lacus sed accumsan luctus. Suspendisse urna felis, lacinia vel tempor id, ultricies rutrum nisl. Nunc ultrices nulla et bibendum molestie. Phasellus porttitor sit amet libero vel fermentum. Sed sapien risus, eleifend vel hendrerit eu, porta vel tellus. Duis faucibus odio et magna varius, quis accumsan tellus vestibulum. Nam nunc nulla, convallis at elementum pharetra, adipiscing quis enim. Donec feugiat porttitor dolor, nec porttitor mi auctor eget. Fusce iaculis varius diam non dictum. Fusce elementum a nunc vel tincidunt. Morbi nec est elementum, vehicula odio nec, lobortis lacus. Nulla ultricies vitae nunc ut lacinia. Proin mattis felis sem, eu consectetur arcu varius et. Duis at lectus eu lorem elementum aliquet nec in elit. Vestibulum non metus ac risus adipiscing pellentesque sed sit amet lorem. Donec viverra, metus in varius pulvinar, augue nunc accumsan eros, a pulvinar est elit vitae nulla.</p><p>Duis non leo in enim laoreet pretium. Nullam vitae neque nec libero pharetra tempor at faucibus lectus. Cum sociis natoque penatibus et magnis dis parturient montes, nascetur ridiculus mus. Sed imperdiet convallis arcu. Nam sollicitudin sollicitudin lacus non dictum. Aliquam erat volutpat. Nulla sapien quam, consequat non dui ut, eleifend sodales orci. Praesent quis lorem accumsan, volutpat lectus a, sollicitudin erat. Donec faucibus mi in sapien volutpat, ac auctor lorem mollis. Proin eget turpis non lacus bibendum porta non ac justo. Aliquam aliquam viverra lorem ac rutrum. In et sapien sit amet diam vestibulum cursus ut tristique tellus.</p><p>Ut in purus mi. Etiam ac aliquet ipsum. Pellentesque faucibus diam dui. Morbi a semper orci. Ut nec malesuada urna. Vestibulum aliquet ante ac lacus dictum, sit amet pulvinar leo laoreet. Maecenas ut est commodo, commodo quam nec, dignissim est. Quisque rutrum molestie nunc, sed mollis nulla volutpat et. Donec dignissim ornare augue eu aliquam. Aliquam in tincidunt velit. In at fermentum mauris, ut accumsan nisl. Interdum et malesuada fames ac ante ipsum primis in faucibus.</p><p>Integer ac nulla at nisi sodales ullamcorper id in justo. Cum sociis natoque penatibus et magnis dis parturient montes, nascetur ridiculus mus. Etiam pharetra elit odio, ac mattis turpis consequat ac. Pellentesque tincidunt sed enim nec auctor. Quisque varius, felis a hendrerit faucibus, nunc lorem varius nibh, vel dignissim velit dolor ut elit. Mauris ut vulputate neque. Donec at est vitae massa egestas fringilla. Praesent a tristique nibh. Nunc blandit dui risus, quis rhoncus nisi consectetur vel.</p>'),(93,'<blockquote>Lorem ipsum dolor sit amet, consectetur adipiscing elit. Morbi tempus nibh a laoreet cursus. Phasellus malesuada vulputate bibendum. Ut vitae justo nisi. Sed consectetur vestibulum tortor, in bibendum diam lacinia vitae. Nullam volutpat risus quis orci consectetur adipiscing. In commodo vulputate arcu sit amet ornare. Vivamus ut iaculis velit.</blockquote><p>Pellentesque euismod lacus sed accumsan luctus. Suspendisse urna felis, lacinia vel tempor id, ultricies rutrum nisl. Nunc ultrices nulla et bibendum molestie. Phasellus porttitor sit amet libero vel fermentum. Sed sapien risus, eleifend vel hendrerit eu, porta vel tellus. Duis faucibus odio et magna varius, quis accumsan tellus vestibulum. Nam nunc nulla, convallis at elementum pharetra, adipiscing quis enim. Donec feugiat porttitor dolor, nec porttitor mi auctor eget. Fusce iaculis varius diam non dictum. Fusce elementum a nunc vel tincidunt. Morbi nec est elementum, vehicula odio nec, lobortis lacus. Nulla ultricies vitae nunc ut lacinia. Proin mattis felis sem, eu consectetur arcu varius et. Duis at lectus eu lorem elementum aliquet nec in elit. Vestibulum non metus ac risus adipiscing pellentesque sed sit amet lorem. Donec viverra, metus in varius pulvinar, augue nunc accumsan eros, a pulvinar est elit vitae nulla.</p><p>Duis non leo in enim laoreet pretium. Nullam vitae neque nec libero pharetra tempor at faucibus lectus. Cum sociis natoque penatibus et magnis dis parturient montes, nascetur ridiculus mus. Sed imperdiet convallis arcu. Nam sollicitudin sollicitudin lacus non dictum. Aliquam erat volutpat. Nulla sapien quam, consequat non dui ut, eleifend sodales orci. Praesent quis lorem accumsan, volutpat lectus a, sollicitudin erat. Donec faucibus mi in sapien volutpat, ac auctor lorem mollis. Proin eget turpis non lacus bibendum porta non ac justo. Aliquam aliquam viverra lorem ac rutrum. In et sapien sit amet diam vestibulum cursus ut tristique tellus.</p><p>Ut in purus mi. Etiam ac aliquet ipsum. Pellentesque faucibus diam dui. Morbi a semper orci. Ut nec malesuada urna. Vestibulum aliquet ante ac lacus dictum, sit amet pulvinar leo laoreet. Maecenas ut est commodo, commodo quam nec, dignissim est. Quisque rutrum molestie nunc, sed mollis nulla volutpat et. Donec dignissim ornare augue eu aliquam. Aliquam in tincidunt velit. In at fermentum mauris, ut accumsan nisl. Interdum et malesuada fames ac ante ipsum primis in faucibus.</p><p>Integer ac nulla at nisi sodales ullamcorper id in justo. Cum sociis natoque penatibus et magnis dis parturient montes, nascetur ridiculus mus. Etiam pharetra elit odio, ac mattis turpis consequat ac. Pellentesque tincidunt sed enim nec auctor. Quisque varius, felis a hendrerit faucibus, nunc lorem varius nibh, vel dignissim velit dolor ut elit. Mauris ut vulputate neque. Donec at est vitae massa egestas fringilla. Praesent a tristique nibh. Nunc blandit dui risus, quis rhoncus nisi consectetur vel.</p>'),(95,'<blockquote>Lorem ipsum dolor sit amet, consectetur adipiscing elit. Morbi tempus nibh a laoreet cursus. Phasellus malesuada vulputate bibendum. Ut vitae justo nisi. Sed consectetur vestibulum tortor, in bibendum diam lacinia vitae. Nullam volutpat risus quis orci consectetur adipiscing. In commodo vulputate arcu sit amet ornare. Vivamus ut iaculis velit.</blockquote><p>Pellentesque euismod lacus sed accumsan luctus. Suspendisse urna felis, lacinia vel tempor id, ultricies rutrum nisl. Nunc ultrices nulla et bibendum molestie. Phasellus porttitor sit amet libero vel fermentum. Sed sapien risus, eleifend vel hendrerit eu, porta vel tellus. Duis faucibus odio et magna varius, quis accumsan tellus vestibulum. Nam nunc nulla, convallis at elementum pharetra, adipiscing quis enim. Donec feugiat porttitor dolor, nec porttitor mi auctor eget. Fusce iaculis varius diam non dictum. Fusce elementum a nunc vel tincidunt. Morbi nec est elementum, vehicula odio nec, lobortis lacus. Nulla ultricies vitae nunc ut lacinia. Proin mattis felis sem, eu consectetur arcu varius et. Duis at lectus eu lorem elementum aliquet nec in elit. Vestibulum non metus ac risus adipiscing pellentesque sed sit amet lorem. Donec viverra, metus in varius pulvinar, augue nunc accumsan eros, a pulvinar est elit vitae nulla.</p><p>Duis non leo in enim laoreet pretium. Nullam vitae neque nec libero pharetra tempor at faucibus lectus. Cum sociis natoque penatibus et magnis dis parturient montes, nascetur ridiculus mus. Sed imperdiet convallis arcu. Nam sollicitudin sollicitudin lacus non dictum. Aliquam erat volutpat. Nulla sapien quam, consequat non dui ut, eleifend sodales orci. Praesent quis lorem accumsan, volutpat lectus a, sollicitudin erat. Donec faucibus mi in sapien volutpat, ac auctor lorem mollis. Proin eget turpis non lacus bibendum porta non ac justo. Aliquam aliquam viverra lorem ac rutrum. In et sapien sit amet diam vestibulum cursus ut tristique tellus.</p><p>Ut in purus mi. Etiam ac aliquet ipsum. Pellentesque faucibus diam dui. Morbi a semper orci. Ut nec malesuada urna. Vestibulum aliquet ante ac lacus dictum, sit amet pulvinar leo laoreet. Maecenas ut est commodo, commodo quam nec, dignissim est. Quisque rutrum molestie nunc, sed mollis nulla volutpat et. Donec dignissim ornare augue eu aliquam. Aliquam in tincidunt velit. In at fermentum mauris, ut accumsan nisl. Interdum et malesuada fames ac ante ipsum primis in faucibus.</p><p>Integer ac nulla at nisi sodales ullamcorper id in justo. Cum sociis natoque penatibus et magnis dis parturient montes, nascetur ridiculus mus. Etiam pharetra elit odio, ac mattis turpis consequat ac. Pellentesque tincidunt sed enim nec auctor. Quisque varius, felis a hendrerit faucibus, nunc lorem varius nibh, vel dignissim velit dolor ut elit. Mauris ut vulputate neque. Donec at est vitae massa egestas fringilla. Praesent a tristique nibh. Nunc blandit dui risus, quis rhoncus nisi consectetur vel.</p>'),(111,'                                                     <p class=\"title-thin\">Get in Touch</p><p>Sed cursus facilisis dignissim. Aliquam rhoncus enim et pellentesque varius. Nulla sodales nibh lorem, sit amet imperdiet arcu commodo sit amet.<br><br></p><p><a class=\"btn btn-success\" href=\"{CCM:CID_159}\">Contact Us</a></p>'),(113,'<blockquote>Fusce volutpat sodales mauris quis dapibus. Maecenas convallis, libero eu ultrices interdum, leo mauris commodo diam, sed cursus sapien ligula nec leo.</blockquote><p>Curabitur sagittis elementum felis at sodales. Nullam fermentum at urna quis accumsan. Nam bibendum leo nisi, lacinia molestie arcu consequat quis. Morbi at suscipit risus. Sed consequat eleifend metus, vitae malesuada eros elementum sed. Fusce risus felis, viverra et dignissim at, lobortis non est. Lorem ipsum dolor sit amet, consectetur adipiscing elit. Nullam sit amet consectetur lacus. Vestibulum neque lectus, egestas non cursus vitae, aliquam at magna. Etiam aliquam, justo et varius eleifend, dui lectus egestas nunc, vel malesuada nisl purus nec metus. In gravida turpis a pharetra commodo. Donec non turpis vulputate, faucibus metus a, consectetur nunc. Morbi tortor nisi, hendrerit sed laoreet eget, fermentum et justo. Suspendisse potenti.</p><p><a href=\"{CCM:FID_DL_13}\" data-concrete5-link-launch=\"lightbox\" data-concrete5-link-type=\"image\"><concrete-picture alt=\"\" fid=\"13\" /></a></p><h2>Heading 2</h2><p>Curabitur sagittis elementum felis at sodales. Nullam fermentum at urna quis accumsan. Nam bibendum leo nisi, lacinia molestie arcu consequat quis. Morbi at suscipit risus. Sed consequat eleifend metus, vitae malesuada eros elementum sed. Fusce risus felis, viverra et dignissim at, lobortis non est. Lorem ipsum dolor sit amet, consectetur adipiscing elit. Nullam sit amet consectetur lacus. Vestibulum neque lectus, egestas non cursus vitae, aliquam at magna. Etiam aliquam, justo et varius eleifend, dui lectus egestas nunc, vel malesuada nisl purus nec metus. In gravida turpis a pharetra commodo. Donec non turpis vulputate, faucibus metus a, consectetur nunc. Morbi tortor nisi, hendrerit sed laoreet eget, fermentum et justo. Suspendisse potenti.</p><h3>Heading 3</h3><p>Pellentesque ultricies ligula vel neque dictum, eu mollis tortor adipiscing. Etiam congue, est vel tincidunt vestibulum, nunc nunc porta nulla, at adipiscing neque tellus quis urna. Quisque dignissim neque a ipsum sodales, mattis aliquam ante dictum. Vestibulum elementum pellentesque tortor ac congue. Mauris vel nibh id metus tincidunt eleifend. In interdum gravida ligula, at venenatis odio fermentum at. Donec dapibus enim lectus, quis venenatis tellus volutpat in. Nullam in velit tortor.</p><h3>Heading 3</h3><p>Donec blandit lectus nec neque ullamcorper rhoncus. Sed adipiscing tempus sem eu molestie. Aenean laoreet pretium ante vitae ultrices. Aenean eu gravida magna, vel aliquet magna. In auctor convallis gravida. Phasellus est erat, adipiscing nec lobortis quis, eleifend at sem. Curabitur fringilla viverra dolor, in rutrum ipsum rutrum sit amet. Vestibulum feugiat porttitor ipsum vel condimentum. Suspendisse at tempus libero. Sed eu tempor enim. Etiam convallis eleifend rutrum. Donec porta diam quis tellus feugiat dignissim. Cras posuere, massa eget laoreet laoreet, urna libero lobortis dolor, sed consequat elit urna eget massa. Donec aliquet pellentesque consectetur.</p>'),(115,'<p>Curabitur sagittis elementum felis at sodales. Nullam fermentum at urna quis accumsan. Nam bibendum leo nisi, lacinia molestie arcu consequat quis. Morbi at suscipit risus. Sed consequat eleifend metus, vitae malesuada eros elementum sed. Fusce risus felis, viverra et dignissim at, lobortis non est. Lorem ipsum dolor sit amet, consectetur adipiscing elit.</p><p><span class=\"title-thin\">CMS To the Rescue!</span></p><p>Nullam sit amet consectetur lacus. Vestibulum neque lectus, egestas non cursus vitae, aliquam at magna. Etiam aliquam, justo et varius eleifend, dui lectus egestas nunc, vel malesuada nisl purus nec metus. In gravida turpis a pharetra commodo. Donec non turpis vulputate, faucibus metus a, consectetur nunc. Morbi tortor nisi, hendrerit sed laoreet eget, fermentum et justo. Suspendisse potenti.</p><p><a href=\"http://www.concrete5.org\">Learn more at concrete5.org</a><br></p>'),(117,'<p>Curabitur sagittis elementum felis at sodales. Nullam fermentum at urna quis accumsan. Nam bibendum leo nisi, lacinia molestie arcu consequat quis. Morbi at suscipit risus. Sed consequat eleifend metus, vitae malesuada eros elementum sed. Fusce risus felis, viverra et dignissim at, lobortis non est. Lorem ipsum dolor sit amet, consectetur adipiscing elit. Nullam sit amet consectetur lacus. Vestibulum neque lectus, egestas non cursus vitae, aliquam at magna. Etiam aliquam, justo et varius eleifend, dui lectus egestas nunc, vel malesuada nisl purus nec metus. In gravida turpis a pharetra commodo. Donec non turpis vulputate, faucibus metus a, consectetur nunc. Morbi tortor nisi, hendrerit sed laoreet eget, fermentum et justo. Suspendisse potenti.</p><p><span class=\"title-caps-bold\">Heading 3</span></p><p>Pellentesque ultricies ligula vel neque dictum, eu mollis tortor adipiscing. Etiam congue, est vel tincidunt vestibulum, nunc nunc porta nulla, at adipiscing neque tellus quis urna. Quisque dignissim neque a ipsum sodales, mattis aliquam ante dictum. Vestibulum elementum pellentesque tortor ac congue. Mauris vel nibh id metus tincidunt eleifend. In interdum gravida ligula, at venenatis odio fermentum at. Donec dapibus enim lectus, quis venenatis tellus volutpat in. Nullam in velit tortor.</p><p><a href=\"{CCM:FID_DL_4}\" data-concrete5-link-launch=\"lightbox\" data-concrete5-link-type=\"image\"><concrete-picture alt=\"\" fid=\"4\" /></a></p><p><span class=\"image-caption\">Look at my beautiful image. Don\'t you to look more?</span></p><p>Pellentesque ultricies ligula vel neque dictum, eu mollis tortor adipiscing. Etiam congue, est vel tincidunt vestibulum, nunc nunc porta nulla, at adipiscing neque tellus quis urna. Quisque dignissim neque a ipsum sodales, mattis aliquam ante dictum. Vestibulum elementum pellentesque tortor ac congue. Mauris vel nibh id metus tincidunt eleifend. In interdum gravida ligula, at venenatis odio fermentum at. Donec dapibus enim lectus, quis venenatis tellus volutpat in. Nullam in velit tortor.</p>'),(122,'                                                     <h5>Headquarters</h5><p>1234 SE Street View<br>Suite 301<br>Portland, OR 98101</p><h5>HOURS</h5><p> <strong>M-F</strong>:  10 AM - 7 PM<br><strong>Sat</strong>: Noon - Midnight<br><strong>Sun</strong>: Closed</p>'),(126,'                                                     <h2>Choosing Us</h2><p>Pellentesque ultricies ligula vel neque dictum, eu mollis tortor adipiscing. Etiam congue, est vel tincidunt vestibulum, nunc nunc porta nulla, at adipiscing neque tellus quis urna. Quisque dignissim neque a ipsum sodales, mattis aliquam ante dictum. Vestibulum elementum pellentesque tortor ac congue. Mauris vel nibh id metus tincidunt eleifend. In interdum gravida ligula, at venenatis odio fermentum at. Donec dapibus enim lectus, quis venenatis tellus volutpat in. Nullam in velit tortor.</p>'),(127,'<h5>We would love to hear from you!</h5>'),(129,'<p>This is my empty content block on my blank page.</p>'),(133,'                                                     <blockquote>Fusce volutpat sodales mauris quis dapibus. Maecenas convallis, libero eu ultrices interdum.</blockquote>'),(134,'                                                     <p>Pellentesque ultricies ligula vel neque dictum, eu mollis tortor adipiscing. Etiam congue, est vel tincidunt vestibulum, nunc nunc porta nulla, at adipiscing neque tellus quis urna. </p><p><a href=\"http://www.yahoo.com\">Quisque dignissim</a> neque a ipsum sodales, mattis aliquam ante dictum. Vestibulum elementum pellentesque tortor ac congue. Mauris vel nibh id metus tincidunt eleifend.</p>'),(137,'                                                     <h1>Heading 1</h1><h2>Heading 2</h2><h3>Heading 3</h3><h4>Heading 4</h4><h5>Heading 5</h5><h6>Heading 6</h6>'),(138,'                                                     <p>Curabitur sagittis elementum felis at sodales. Nullam fermentum at urna quis accumsan. Nam bibendum leo nisi, lacinia molestie arcu consequat quis. Morbi at suscipit risus. Sed consequat eleifend metus, vitae malesuada eros elementum sed. Fusce risus felis, viverra et dignissim at, lobortis non est. Lorem ipsum dolor sit amet, consectetur adipiscing elit. Nullam sit amet consectetur lacus. Vestibulum neque lectus, egestas non cursus vitae, aliquam at magna. Etiam aliquam, justo et varius eleifend, dui lectus egestas nunc, vel malesuada nisl purus nec metus. In gravida turpis a pharetra commodo. Donec non turpis vulputate, faucibus metus a, consectetur nunc. Morbi tortor nisi, hendrerit sed laoreet eget, fermentum et justo. Suspendisse potenti.<br><br><br></p>'),(140,'                                                     <p><br><br>Curabitur sagittis elementum felis at sodales. Nullam fermentum at urna quis accumsan. Nam bibendum leo nisi, lacinia molestie arcu consequat quis. Morbi at suscipit risus. Sed consequat eleifend metus, vitae malesuada eros elementum sed. Fusce risus felis, viverra et dignissim at, lobortis non est. Lorem ipsum dolor sit amet, consectetur adipiscing elit. Nullam sit amet consectetur lacus. Vestibulum neque lectus, egestas non cursus vitae, aliquam at magna. Etiam aliquam, justo et varius eleifend, dui lectus egestas nunc, vel malesuada nisl purus nec metus. In gravida turpis a pharetra commodo. Donec non turpis vulputate, faucibus metus a, consectetur nunc. Morbi tortor nisi, hendrerit sed laoreet eget, fermentum et justo. Suspendisse potenti.</p>'),(144,'                                                     <p class=\"title-thin\">Get in Touch</p><p>Sed cursus facilisis dignissim. Aliquam rhoncus enim et pellentesque varius. Nulla sodales nibh lorem, sit amet imperdiet arcu commodo sit amet.<br><br></p><p><a class=\"btn btn-success\" href=\"{CCM:CID_159}\">Contact Us</a></p>'),(147,'<div style=\"height: 50px\"></div>'),(157,'                                                     <div class=\"title-thin\">Open Positions</div>'),(159,'                                     <p>Quisque accumsan leo sit amet neque pretium consectetur. Sed blandit nulla at justo volutpat rhoncus. Sed risus orci, luctus sit amet fringilla faucibus, congue nec dui. Phasellus mattis lobortis magna sed dapibus. Donec sagittis nunc sed accumsan eleifend. Ut porttitor sapien eu nisl volutpat, vitae interdum est mollis. Sed laoreet sit amet elit in eleifend. Sed a tincidunt velit, nec posuere urna. In eget metus non est varius viverra. Quisque accumsan odio sem, in consequat nunc lobortis ac.</p><p>Cras dignissim nulla ut euismod adipiscing. Mauris non eros sem. Cras at lacinia nulla. Maecenas nec magna arcu. Aenean iaculis, augue sed pretium semper, odio tellus volutpat risus, quis consectetur nibh mauris ut odio. Integer convallis, augue a accumsan condimentum, sem nisl congue lorem, consectetur lacinia neque tortor eu neque. Aenean convallis arcu vitae enim dignissim vestibulum. Phasellus tincidunt dolor id enim gravida ullamcorper. Nullam ut lorem auctor, congue quam non, auctor arcu. Morbi ac aliquam ipsum, at aliquet ligula.</p><p>Cras adipiscing tellus non nulla suscipit congue. Pellentesque id neque euismod, elementum augue vel, volutpat turpis. Pellentesque sit amet tortor non lorem hendrerit pellentesque ac in nisi. Sed aliquet tincidunt arcu, eu lacinia lorem fringilla id. Integer ut ornare orci. Donec scelerisque vulputate est a condimentum. Morbi tellus sapien, vehicula vel ipsum non, luctus ullamcorper mi. Phasellus felis tortor, egestas quis felis sit amet, malesuada auctor nibh. Sed mollis mi sit amet tristique scelerisque. Cras elementum mauris urna, ullamcorper consectetur orci vehicula ut.</p>'),(160,'                                     <p>Quisque accumsan leo sit amet neque pretium consectetur. Sed blandit nulla at justo volutpat rhoncus. Sed risus orci, luctus sit amet fringilla faucibus, congue nec dui. Phasellus mattis lobortis magna sed dapibus. Donec sagittis nunc sed accumsan eleifend. Ut porttitor sapien eu nisl volutpat, vitae interdum est mollis. Sed laoreet sit amet elit in eleifend. Sed a tincidunt velit, nec posuere urna. In eget metus non est varius viverra. Quisque accumsan odio sem, in consequat nunc lobortis ac.</p><p>Cras dignissim nulla ut euismod adipiscing. Mauris non eros sem. Cras at lacinia nulla. Maecenas nec magna arcu. Aenean iaculis, augue sed pretium semper, odio tellus volutpat risus, quis consectetur nibh mauris ut odio. Integer convallis, augue a accumsan condimentum, sem nisl congue lorem, consectetur lacinia neque tortor eu neque. Aenean convallis arcu vitae enim dignissim vestibulum. Phasellus tincidunt dolor id enim gravida ullamcorper. Nullam ut lorem auctor, congue quam non, auctor arcu. Morbi ac aliquam ipsum, at aliquet ligula.</p><p>Cras adipiscing tellus non nulla suscipit congue. Pellentesque id neque euismod, elementum augue vel, volutpat turpis. Pellentesque sit amet tortor non lorem hendrerit pellentesque ac in nisi. Sed aliquet tincidunt arcu, eu lacinia lorem fringilla id. Integer ut ornare orci. Donec scelerisque vulputate est a condimentum. Morbi tellus sapien, vehicula vel ipsum non, luctus ullamcorper mi. Phasellus felis tortor, egestas quis felis sit amet, malesuada auctor nibh. Sed mollis mi sit amet tristique scelerisque. Cras elementum mauris urna, ullamcorper consectetur orci vehicula ut.</p>'),(163,'<p><a href=\"{CCM:CID_1}\" id=\"header-site-title\">C5732</a></p>'),(164,'<p><a href=\"{CCM:CID_1}\" id=\"header-site-title\">c5732</a></p>'),(167,'<p>Test de getMimeType()=&gt; application/stream-octet ?!?</p>'),(184,'<p>Salut, Laurent, ceci est une simple page de mon site, spcifiquement faite pour crer un flux RSS de mon contenu, que tu peux insrer aisment dans ton site...</p>'),(185,'<p>Salut, Laurent, ceci est une simple page de mon site, spcifiquement faite pour crer un flux RSS de mon contenu, que tu peux insrer aisment dans ton site...</p>'),(199,'<p style=\"text-align: center;\">Conseillre #2</p>'),(206,''),(208,''),(210,'<p>Page FAQ</p>'),(216,'<p><a href=\"{CCM:CID_1}\" id=\"header-site-title\">c574rc2</a></p>'),(219,'<style>    .presentationAlexandra{    display: block;    background-image: url(\"{CCM:FID_DL_35}\");    font-family: \"Comic Sans Ms\";    font-size: 16px;    position: relative;    background-color: white;    letter-spacing: 0.1em;    color:black;    margin: 10px auto;    padding: 10px 20px;    opacity: 1;    width: 700px;    height: 450px;    border-radius: 20px;  }  .presentationAlexandra a{    text-decoration: none;  color:purple;  text-align:justify;  }    p {  margin:5px 0;  }    .photoAlexandra{    float: left;    display: inline-block;    width:200px;    height: 300px;    margin: 10px 10px 20px 0px;    border: 10px orange groove;    border-radius: 20px;  }    .laius a p{    margin-top: 10px;    padding: 0;    margin-left: 230px;    line-height: 1.4;    font-style: italic;  }  .laius .lettrine a p{    /*border:1px solid red;*/    margin: 10px 0;  }    .laius .lettrine p:first-letter {    display: inline;    margin-top: -10px;    margin-left: 100px;    font-family: trebuchet MS;    font-size:80px;    color:#0000fe;    width:55px;    float:left;  }  .laius .lettrine p:first-of-type{    display: inline-block;    color: #42326c;    font-size: 30px;    line-height: 1.2;    margin-top: 10px;    font-style: normal;  }    .numTel{    display: inline-block;    width: 100%;    font-size: 12px;    /*border:1px solid red;*/    line-height: 1;    vertical-align: middle;    /*margin: 5px 10px;*/  }    .boutonTel{    position: relative;    display: inline-block;    background-color: #00f;    border-radius: 20px;    width: 320px;    height: 70px;    vertical-align: middle;    border: 5px groove orange;    background: linear-gradient( #000, #2C2C2C, #777);    margin: 5px 3px;  }  .boutonTel img{    display: inline-block;    position: relative;    border:1px solid red;    /*float:left;*/    margin: 7px 0 7px 10px;    padding: 0;    border-radius: 7px;    border:1px solid yellow;  }  .boutonTel p{    position: relative;    display: inline-block;    color:gold;    width: 72%;      /*font-family: arial;*/    letter-spacing: 3px;    font-weight: bold;    margin: 0 auto;    padding: 0;    font-size: 24px;    /*border:1px solid greenyellow;*/    margin-left: 5px;    top: 5px;    text-align: center;    vertical-align: top;    line-height: 1.3;  }  .boutonTel .prix{    position: relative;    display: block;    margin: 0;    padding: 0;    font-style: italic;    top:5px;    font-size: 12px;    text-align: right;  }    </style>      <div class=\"presentationAlexandra\">          <a href=\"http://alexandra.sublime-voyance.be/doro/descriptionAlexandra.php\" alt=\" Site Alexandra \" title =\" Plus d\'infos sur Alexandra... \">            <img class=\"photoAlexandra\" src=\"{CCM:FID_DL_34}\" width=\"333\" height=\"500\" alt=\"alexandra\"/>              <div class=\"laius\">              <div class=\"lettrine\">                <p>Alo, je suis<br>lexandra.</p>              </div>                <div class=\"presentation\">                <p>Mes grands-mres tant paternelles que maternelles possdaient un don de voyance...</p>                <p>Aprs plusieurs annes de rflexion, jai dcid de vous faire bnficier de ce don qu\'ils m\'ont transmis et ainsi apporter des rponses claires  vos questions... <i><em><b>(En savoir plus...)</b></em></i></p>                <p>Profitez d\'une rponse GRATUITE  la question de VOTRE choix !</p>                <p> trs bientt</p>              </div>            </div>            <div class=\"numTel\">                <div class=\"boutonTel\">                <img src=\"{CCM:FID_DL_36}\" width=\"60\" height=\"53\" alt=\"belgique\" title=\" N BELGIQUE \" />                <p>0907-88-371<span class=\"prix\">(Belgique - 1,50/min)</span></p>              </div>              <div class=\"boutonTel\">                <img src=\"{CCM:FID_DL_37}\" width=\"60\" height=\"53\" alt=\"luxembourg\" title=\" N LUXEMBOURG \" />                <p>901-470-28<span class=\"prix\">(Luxembourg 1,15/min)</span></p>              </div>                <!--<div class=\"boutonTel\">Luxembourg:<br>901-470-28 (1,15/min)</div>-->              </div>          </a>        </div>'),(221,'<style>      .presentationAlexandra {      display: block;      background-image: url(\"{CCM:FID_DL_35}\");      font-family: \"Comic Sans Ms\";      font-size: 16px;      position: relative;      background-color: white;      letter-spacing: 0.1em;      color: black;      margin: 10px auto;      padding: 10px 20px;      opacity: 1;      width: 700px;      height: 450px;      border-radius: 20px;    }      .presentationAlexandra a {      text-decoration: none;      color: purple;      text-align: justify;    }      p {      margin: 5px 0;    }      .photoAlexandra {      float: left;      display: inline-block;      width: 200px;      height: 300px;      margin: 10px 10px 20px 0px;      border: 10px orange groove;      border-radius: 20px;    }      .laius a p {      margin-top: 10px;      padding: 0;      margin-left: 230px;      line-height: 1.4;      font-style: italic;    }      .laius .lettrine a p {      /*border:1px solid red;*/      margin: 10px 0;    }      .laius .lettrine p:first-letter {      display: inline;      margin-top: -10px;      margin-left: 100px;      font-family: trebuchet MS;      font-size: 80px;      color: #0000fe;      width: 55px;      float: left;    }      .laius .lettrine p:first-of-type {      display: inline-block;      color: #42326c;      font-size: 30px;      line-height: 1.2;      margin-top: 10px;      font-style: normal;    }      .numTel {      display: inline-block;      width: 100%;      font-size: 12px;      /*border:1px solid red;*/      line-height: 1;      vertical-align: middle;      /*margin: 5px 10px;*/    }      .boutonTel {      position: relative;      display: inline-block;      background-color: #00f;      border-radius: 20px;      width: 320px;      height: 70px;      vertical-align: middle;      border: 5px groove orange;      background: linear-gradient(#000, #2C2C2C, #777);      margin: 5px 3px;    }      .boutonTel img {      display: inline-block;      position: relative;      border: 1px solid red;      /*float:left;*/      margin: 7px 0 7px 10px;      padding: 0;      border-radius: 7px;      border: 1px solid yellow;    }      .boutonTel p {      position: relative;      display: inline-block;      color: gold;      width: 72%;      /*font-family: arial;*/      letter-spacing: 3px;      font-weight: bold;      margin: 0 auto;      padding: 0;      font-size: 24px;      /*border:1px solid greenyellow;*/      margin-left: 5px;      top: 5px;      text-align: center;      vertical-align: top;      line-height: 1.3;    }      .boutonTel .prix {      position: relative;      display: block;      margin: 0;      padding: 0;      font-style: italic;      top: 5px;      font-size: 12px;      text-align: right;    }    </style>      <div class=\"presentationAlexandra\">    <a href=\"http://alexandra.sublime-voyance.be/doro/descriptionAlexandra.php\" alt=\" Site Alexandra \"       title=\" Plus d\'infos sur Alexandra... \">      <img class=\"photoAlexandra\" src=\"{CCM:BASE_URL}/application/files/8514/3040/9294/arbre_jeanne.png\" width=\"333\"           height=\"500\" alt=\"alexandra\"/>        <div class=\"laius\">        <div class=\"lettrine\">          <p>Salut, je suis<br>eanne.</p>        </div>          <div class=\"presentation\">          <p>Depuis plusieurs annes, mon but est l\'aide aux personnes en attente d\'un claircissement.</p>                    <p>J\'ai dvelopp beaucoup d intuition. Des doutes? Des hsitations???</p>                    <p>Ne restez pas dans le flou...</p>            <p>tant  votre coute, je vous rponds avec franchise et honntet.</p>            <p>Je suis medium clairvoyante et passionne par ce besoin d\'aide  autrui.</p>            <p>Les cartes, tarots, oracles tirs sont un ensemble de rponses que je vous expliquerai clairement par          l\'intuition que j\'ai dvelopp dans ce domaine.</p>            <p>Profitez d\'une rponse GRATUITE  la question de VOTRE choix !</p>            <p>A bientt          </p>            </div>      </div>      <div class=\"numTel\">          <div class=\"boutonTel\">          <img src=\"{CCM:FID_DL_36}\" width=\"60\" height=\"53\" alt=\"belgique\" title=\" N BELGIQUE \"/>            <p>0907-37-091<span class=\"prix\">(Belgique - 1,50/min)</span></p>        </div>          <!--<div class=\"boutonTel\">Luxembourg:<br>901-470-28 (1,15/min)</div>-->        </div>    </a>  </div>'),(222,'<style>      .presentationJeanne {      display: block;      background-image: url(\"{CCM:BASE_URL}/application/files/thumbnails/file_manager_detail_2x/9314/3041/0370/fd_jeanne.jpg\");      font-family: \"Comic Sans Ms\";      font-size: 16px;      position: relative;      background-color: white;      letter-spacing: 0.1em;      color: black;      margin: 10px auto;      padding: 10px 20px;      opacity: 1;      width: 700px;      height: 450px;      border-radius: 20px;    }      .presentationJeanne a {      text-decoration: none;      color: purple;      text-align: justify;    }      p {      margin: 5px 0;    }      .photoAlexandra {      float: left;      display: inline-block;      width: 200px;      height: 300px;      margin: 10px 10px 20px 0px;      border: 10px orange groove;      border-radius: 20px;    }      .laius a p {      margin-top: 10px;      padding: 0;      margin-left: 230px;      line-height: 1.4;      font-style: italic;    }      .laius .lettrine a p {      /*border:1px solid red;*/      margin: 10px 0;    }      .laius .lettrine p:first-letter {      display: inline;      margin-top: -10px;      margin-left: 100px;      font-family: trebuchet MS;      font-size: 80px;      color: #0000fe;      width: 55px;      float: left;    }      .laius .lettrine p:first-of-type {      display: inline-block;      color: #42326c;      font-size: 30px;      line-height: 1.2;      margin-top: 10px;      font-style: normal;    }      .numTel {      display: inline-block;      width: 100%;      font-size: 12px;      /*border:1px solid red;*/      line-height: 1;      vertical-align: middle;      /*margin: 5px 10px;*/    }      .boutonTel {      position: relative;      display: inline-block;      background-color: #00f;      border-radius: 20px;      width: 320px;      height: 70px;      vertical-align: middle;      border: 5px groove orange;      background: linear-gradient(#000, #2C2C2C, #777);      margin: 5px 3px;    }      .boutonTel img {      display: inline-block;      position: relative;      border: 1px solid red;      /*float:left;*/      margin: 7px 0 7px 10px;      padding: 0;      border-radius: 7px;      border: 1px solid yellow;    }      .boutonTel p {      position: relative;      display: inline-block;      color: gold;      width: 72%;      /*font-family: arial;*/      letter-spacing: 3px;      font-weight: bold;      margin: 0 auto;      padding: 0;      font-size: 24px;      /*border:1px solid greenyellow;*/      margin-left: 5px;      top: 5px;      text-align: center;      vertical-align: top;      line-height: 1.3;    }      .boutonTel .prix {      position: relative;      display: block;      margin: 0;      padding: 0;      font-style: italic;      top: 5px;      font-size: 12px;      text-align: right;    }    </style>      <div class=\"presentationJeanne\">    <a href=\"http://alexandra.sublime-voyance.be/doro/descriptionAlexandra.php\" alt=\" Site Alexandra \"       title=\" Plus d\'infos sur Alexandra... \">      <img class=\"photoAlexandra\" src=\"{CCM:BASE_URL}/application/files/8514/3040/9294/arbre_jeanne.png\" width=\"333\"           height=\"500\" alt=\"alexandra\"/>        <div class=\"laius\">        <div class=\"lettrine\">          <p>Salut, je suis<br>eanne.</p>        </div>          <div class=\"presentation\">          <p>Depuis plusieurs annes, mon but est l\'aide aux personnes en attente d\'un claircissement.</p>            <p>J\'ai dvelopp beaucoup d intuition. Des doutes? Des hsitations???</p>            <p>Ne restez pas dans le flou...</p>            <p>tant  votre coute, je vous rponds avec franchise et honntet.</p>            <p>Je suis medium clairvoyante et passionne par ce besoin d\'aide  autrui.</p>            <p>Les cartes, tarots, oracles tirs sont un ensemble de rponses que je vous expliquerai clairement par          l\'intuition que j\'ai dvelopp dans ce domaine.</p>            <p>Profitez d\'une rponse GRATUITE  la question de VOTRE choix !</p>            <p>A bientt          </p>            </div>      </div>      <div class=\"numTel\">          <div class=\"boutonTel\">          <img src=\"{CCM:FID_DL_36}\" width=\"60\" height=\"53\" alt=\"belgique\" title=\" N BELGIQUE \"/>            <p>0907-37-091<span class=\"prix\">(Belgique - 1,50/min)</span></p>        </div>          <!--<div class=\"boutonTel\">Luxembourg:<br>901-470-28 (1,15/min)</div>-->        </div>    </a>  </div>'),(223,'<style>      .presentationJeanne {      display: block;      background-image: url(\"{CCM:BASE_URL}/application/files/thumbnails/file_manager_detail_2x/9314/3041/0370/fd_jeanne.jpg\");      font-family: \"Comic Sans Ms\";      font-size: 16px;      position: relative;      background-color: white;      letter-spacing: 0.1em;      color: black;      margin: 10px auto;      padding: 10px 20px;      opacity: 1;      width: 700px;      height: 560px;      border-radius: 20px;    }      .presentationJeanne a {      text-decoration: none;      color: purple;      text-align: justify;    }      p {      margin: 5px 0;    }      .photoAlexandra {      float: left;      display: inline-block;      width: 200px;      height: 300px;      margin: 10px 10px 20px 0px;      border: 10px orange groove;      border-radius: 20px;    }      .laius a p {      margin-top: 10px;      padding: 0;      margin-left: 230px;      line-height: 1.4;      font-style: italic;    }      .laius .lettrine a p {      /*border:1px solid red;*/      margin: 10px 0;    }      .laius .lettrine p:first-letter {      display: inline;      margin-top: -10px;      margin-left: 100px;      font-family: trebuchet MS;      font-size: 80px;      color: #0000fe;      width: 55px;      float: left;    }      .laius .lettrine p:first-of-type {      display: inline-block;      color: #42326c;      font-size: 30px;      line-height: 1.2;      margin-top: 10px;      font-style: normal;    }      .numTel {      display: inline-block;      width: 100%;      font-size: 12px;      /*border:1px solid red;*/      line-height: 1;      vertical-align: middle;      /*margin: 5px 10px;*/    }      .boutonTel {      position: relative;      display: inline-block;      background-color: #00f;      border-radius: 20px;      width: 320px;      height: 70px;      vertical-align: middle;      border: 5px groove orange;      background: linear-gradient(#000, #2C2C2C, #777);      margin: 5px 3px;    }      .boutonTel img {      display: inline-block;      position: relative;      border: 1px solid red;      /*float:left;*/      margin: 7px 0 7px 10px;      padding: 0;      border-radius: 7px;      border: 1px solid yellow;    }      .boutonTel p {      position: relative;      display: inline-block;      color: gold;      width: 72%;      /*font-family: arial;*/      letter-spacing: 3px;      font-weight: bold;      margin: 0 auto;      padding: 0;      font-size: 24px;      /*border:1px solid greenyellow;*/      margin-left: 5px;      top: 5px;      text-align: center;      vertical-align: top;      line-height: 1.3;    }      .boutonTel .prix {      position: relative;      display: block;      margin: 0;      padding: 0;      font-style: italic;      top: 5px;      font-size: 12px;      text-align: right;    }    </style>      <div class=\"presentationJeanne\">    <a href=\"http://alexandra.sublime-voyance.be/doro/descriptionAlexandra.php\" alt=\" Site Alexandra \"       title=\" Plus d\'infos sur Alexandra... \">      <img class=\"photoAlexandra\" src=\"{CCM:BASE_URL}/application/files/8514/3040/9294/arbre_jeanne.png\" width=\"333\"           height=\"500\" alt=\"alexandra\"/>        <div class=\"laius\">        <div class=\"lettrine\">          <p>Salut, je suis<br>eanne.</p>        </div>          <div class=\"presentation\">          <p>Depuis plusieurs annes, mon but est l\'aide aux personnes en attente d\'un claircissement.</p>            <p>J\'ai dvelopp beaucoup d intuition. Des doutes? Des hsitations???</p>            <p>Ne restez pas dans le flou...</p>            <p>tant  votre coute, je vous rponds avec franchise et honntet.</p>            <p>Je suis medium clairvoyante et passionne par ce besoin d\'aide  autrui.</p>            <p>Les cartes, tarots, oracles tirs sont un ensemble de rponses que je vous expliquerai clairement par          l\'intuition que j\'ai dvelopp dans ce domaine.</p>            <p>Profitez d\'une rponse GRATUITE  la question de VOTRE choix !</p>            <p>A bientt          </p>            </div>      </div>      <div class=\"numTel\">          <div class=\"boutonTel\">          <img src=\"{CCM:FID_DL_36}\" width=\"60\" height=\"53\" alt=\"belgique\" title=\" N BELGIQUE \"/>            <p>0907-37-091<span class=\"prix\">(Belgique - 1,50/min)</span></p>        </div>          <!--<div class=\"boutonTel\">Luxembourg:<br>901-470-28 (1,15/min)</div>-->        </div>    </a>  </div>'),(224,'<style>    body {    background-image: url(\"../../../z/ciel.gif\");  }      .presentationJeanne {      display: block;      background-image: url(\"{CCM:BASE_URL}/application/files/thumbnails/file_manager_detail_2x/9314/3041/0370/fd_jeanne.jpg\");      font-family: \"Comic Sans Ms\";      font-size: 16px;      position: relative;      background-color: white;      letter-spacing: 0.1em;      color: black;      margin: 10px auto;      padding: 10px 20px;      opacity: 1;      width: 700px;      height: 450px;      border-radius: 20px;    }      .presentationJeanne a {      text-decoration: none;      color: purple;      text-align: justify;      line-height: 1;    }      p {      margin: 5px 0;    }      .photoJeanne {      float: left;      display: inline-block;      width: 200px;      height: 300px;      margin: 10px 10px 20px 0px;      border: 10px orange groove;      border-radius: 20px;    }      .laius a p {      margin-top: 10px;      padding: 0;      margin-left: 230px;      line-height: 1.4;      font-style: italic;    }      .laius .lettrine a p {      /*border:1px solid red;*/      margin: 10px 0;    }      .laius .lettrine p:first-letter {      display: inline;      margin-top: -10px;      margin-left: 100px;      font-family: trebuchet MS;      font-size: 80px;      color: #0000fe;      width: 55px;      float: left;    }      .laius .lettrine p:first-of-type {      display: inline-block;      color: #42326c;      font-size: 30px;      line-height: 1.2;      margin-top: 10px;      font-style: normal;    }      .numTel {      display: inline-block;      width: 100%;      font-size: 12px;      /*border:1px solid red;*/      line-height: 1;      vertical-align: middle;      /*margin: 5px 10px;*/    }      .boutonTel {      position: relative;      display: inline-block;      background-color: #00f;      border-radius: 20px;      width: 320px;      height: 70px;      vertical-align: middle;      border: 5px groove orange;      background: linear-gradient(#000, #2C2C2C, #777);      margin: 5px 3px;    }      .boutonTel img {      display: inline-block;      position: relative;      border: 1px solid red;      /*float:left;*/      margin: 7px 0 7px 10px;      padding: 0;      border-radius: 7px;      border: 1px solid yellow;    }      .boutonTel p {      position: relative;      display: inline-block;      color: gold;      width: 72%;      /*font-family: arial;*/      letter-spacing: 3px;      font-weight: bold;      margin: 0 auto;      padding: 0;      font-size: 24px;      /*border:1px solid greenyellow;*/      margin-left: 5px;      top: 5px;      text-align: center;      vertical-align: top;      line-height: 1.3;    }      .boutonTel .prix {      position: relative;      display: block;      margin: 0;      padding: 0;      font-style: italic;      top: 5px;      font-size: 12px;      text-align: right;    }    </style>      <div class=\"presentationJeanne\">    <a href=\"mailto://Jeanne@Sublime-Voyance.be\" alt=\" crire  Jeanne \"       title=\" Plus de dial avec Jeanne... \">      <img class=\"photoJeanne\" src=\"{CCM:BASE_URL}/application/files/8514/3040/9294/arbre_jeanne.png\" width=\"333\"           height=\"500\" alt=\"alexandra\"/>        <div class=\"laius\">        <div class=\"lettrine\">          <p>Salut, je suis<br>eanne.</p>        </div>          <div class=\"presentation\">          <p>Depuis plusieurs annes, mon but est l\'aide aux personnes en attente d\'un claircissement.</p>            <p>J\'ai dvelopp beaucoup d\'intuition. Des doutes? Des hsitations???</p>            <p>Ne restez pas dans le flou...</p>            <p>tant  votre coute, je vous rponds avec franchise et honntet.</p>            <p>Je suis medium clairvoyante et passionne par ce besoin d\'aide  autrui.</p>            <p>Profitez d\'une rponse GRATUITE  la question de VOTRE choix ! A bientt          </p>            </div>      </div>      <div class=\"numTel\">          <div class=\"boutonTel\">          <img src=\"{CCM:FID_DL_36}\" width=\"60\" height=\"53\" alt=\"belgique\" title=\" N BELGIQUE \"/>            <p>0907-37-091<span class=\"prix\">(Belgique - 1,50/min)</span></p>        </div>          <!--<div class=\"boutonTel\">Luxembourg:<br>901-470-28 (1,15/min)</div>-->        </div>    </a>  </div>'),(225,'<style>    body {    background-image: url(\"../../../z/ciel.gif\");  }      .presentationJeanne {      display: block;      background-image: url(\"{CCM:BASE_URL}/application/files/thumbnails/file_manager_detail_2x/9314/3041/0370/fd_jeanne.jpg\");      font-family: \"Comic Sans Ms\";      font-size: 16px;      position: relative;      background-color: white;      letter-spacing: 0.1em;      color: black;      margin: 10px auto;      padding: 10px 20px;      opacity: 1;      width: 700px;      height: 450px;      border-radius: 20px;    }      .presentationJeanne a {      text-decoration: none;      color: purple;      text-align: justify;      line-height: 1;    }      p {      margin: 5px 0;    }      .photoJeanne {      float: left;      display: inline-block;      width: 200px;      height: 300px;      margin: 10px 10px 20px 0px;      border: 10px orange groove;      border-radius: 20px;    }      .laius a p {      margin-top: 10px;      padding: 0;      margin-left: 230px;      line-height: 1.4;      font-style: italic;    }      .laius .lettrine a p {      /*border:1px solid red;*/      margin: 10px 0;    }      .laius .lettrine p:first-letter {      display: inline;      margin-top: -10px;      margin-left: 100px;      font-family: trebuchet MS;      font-size: 80px;      color: #0000fe;      width: 55px;      float: left;    }      .laius .lettrine p:first-of-type {      display: inline-block;      color: #42326c;      font-size: 30px;      line-height: 1.2;      margin-top: 10px;      font-style: normal;    }      .numTel {      display: inline-block;      width: 100%;      font-size: 12px;      /*border:1px solid red;*/      line-height: 1;      vertical-align: middle;      /*margin: 5px 10px;*/    }      .boutonTel {      position: relative;      display: inline-block;      background-color: #00f;      border-radius: 20px;      width: 320px;      height: 70px;      vertical-align: middle;      border: 5px groove orange;      background: linear-gradient(#000, #2C2C2C, #777);      margin: 5px 3px;    }      .boutonTel img {      display: inline-block;      position: relative;      border: 1px solid red;      /*float:left;*/      margin: 7px 0 7px 10px;      padding: 0;      border-radius: 7px;      border: 1px solid yellow;    }      .boutonTel p {      position: relative;      display: inline-block;      color: gold;      width: 72%;      /*font-family: arial;*/      letter-spacing: 3px;      font-weight: bold;      margin: 0 auto;      padding: 0;      font-size: 24px;      /*border:1px solid greenyellow;*/      margin-left: 5px;      top: 5px;      text-align: center;      vertical-align: top;      line-height: 1.3;    }      .boutonTel .prix {      position: relative;      display: block;      margin: 0;      padding: 0;      font-style: italic;      top: 5px;      font-size: 12px;      text-align: right;    }    </style>      <div class=\"presentationJeanne\">    <a href=\"/team/jeanne\" alt=\" Plus d\'infos sur Jeanne \"       title=\" Plus de dtails sur Jeanne... \">      <img class=\"photoJeanne\" src=\"{CCM:BASE_URL}/application/files/8514/3040/9294/arbre_jeanne.png\" width=\"333\"           height=\"500\" alt=\"alexandra\"/>        <div class=\"laius\">        <div class=\"lettrine\">          <p>Je suis <br>eanne.</p>        </div>          <div class=\"presentation\">          <p>Depuis plusieurs annes, mon but est l\'aide aux personnes en attente d\'un claircissement.</p>            <p>J\'ai dvelopp beaucoup d\'intuition. Des doutes? Des hsitations???</p>            <p>Ne restez pas dans le flou...</p>            <p>tant  votre coute, je vous rponds avec franchise et honntet.</p>            <p>Je suis medium clairvoyante et passionne par ce besoin d\'aide  autrui.</p>            <p>Profitez d\'une rponse GRATUITE  la question de VOTRE choix ! A bientt          </p>            </div>      </div>      <div class=\"numTel\">          <div class=\"boutonTel\">          <img src=\"{CCM:FID_DL_36}\" width=\"60\" height=\"53\" alt=\"belgique\" title=\" N BELGIQUE \"/>            <p>0907-37-091<span class=\"prix\">(Belgique - 1,50/min)</span></p>        </div>          <!--<div class=\"boutonTel\">Luxembourg:<br>901-470-28 (1,15/min)</div>-->        </div>    </a>  </div>'),(226,'<style>      .presentationJeanne {      display: block;      background-image: url(\"{CCM:BASE_URL}/application/files/thumbnails/file_manager_detail_2x/9314/3041/0370/fd_jeanne.jpg\");      font-family: \"Comic Sans Ms\";      font-size: 16px;      position: relative;      background-color: white;      letter-spacing: 0.1em;      color: black;      margin: 10px auto;      padding: 10px 20px;      opacity: 1;      width: 700px;      height: 560px;      border-radius: 20px;    }      .presentationJeanne a {      text-decoration: none;      color: purple;      text-align: justify;    }      p {      margin: 5px 0;    }      .photoJeanne {      float: left;      display: inline-block;      width: 200px;      height: 300px;      margin: 10px 10px 20px 0px;      border: 10px orange groove;      border-radius: 20px;    }      .laius a p {      margin-top: 10px;      padding: 0;      margin-left: 230px;      line-height: 1.4;      font-style: italic;    }      .laius .lettrine a p {      /*border:1px solid red;*/      margin: 10px 0;    }      .laius .lettrine p:first-letter {      display: inline;      margin-top: -10px;      margin-left: 100px;      font-family: trebuchet MS;      font-size: 80px;      color: #0000fe;      width: 55px;      float: left;    }      .laius .lettrine p:first-of-type {      display: inline-block;      color: #42326c;      font-size: 30px;      line-height: 1.2;      margin-top: 10px;      font-style: normal;    }      .numTel {      display: inline-block;      width: 100%;      font-size: 12px;      /*border:1px solid red;*/      line-height: 1;      vertical-align: middle;      /*margin: 5px 10px;*/    }      .boutonTel {      position: relative;      display: inline-block;      background-color: #00f;      border-radius: 20px;      width: 320px;      height: 70px;      vertical-align: middle;      border: 5px groove orange;      background: linear-gradient(#000, #2C2C2C, #777);      margin: 5px 3px;    }      .boutonTel img {      display: inline-block;      position: relative;      border: 1px solid red;      /*float:left;*/      margin: 7px 0 7px 10px;      padding: 0;      border-radius: 7px;      border: 1px solid yellow;    }      .boutonTel p {      position: relative;      display: inline-block;      color: gold;      width: 72%;      /*font-family: arial;*/      letter-spacing: 3px;      font-weight: bold;      margin: 0 auto;      padding: 0;      font-size: 24px;      /*border:1px solid greenyellow;*/      margin-left: 5px;      top: 5px;      text-align: center;      vertical-align: top;      line-height: 1.3;    }      .boutonTel .prix {      position: relative;      display: block;      margin: 0;      padding: 0;      font-style: italic;      top: 5px;      font-size: 12px;      text-align: right;    }    </style>      <div class=\"presentationJeanne\">    <a href=\"mailto:Jeanne@Sublime-Voyance.be\" alt=\" crire  Jeanne \"       title=\" Plus de dial avec Jeanne... \" target=\"_blank\">      <img class=\"photoJeanne\" src=\"{CCM:BASE_URL}/application/files/8514/3040/9294/arbre_jeanne.png\" width=\"333\"           height=\"500\" alt=\"alexandra\"/>        <div class=\"laius\">        <div class=\"lettrine\">          <p>Je suis <br>eanne.</p>        </div>          <div class=\"presentation\">          <p>Depuis plusieurs annes, mon but est l\'aide aux personnes en attente d\'un claircissement.</p>            <p>J\'ai dvelopp beaucoup d intuition. Des doutes? Des hsitations???</p>            <p>Ne restez pas dans le flou...</p>            <p>tant  votre coute, je vous rponds avec franchise et honntet.</p>            <p>Je suis medium clairvoyante et passionne par ce besoin d\'aide  autrui.</p>            <p>Les cartes, tarots, oracles tirs sont un ensemble de rponses que je vous expliquerai clairement par          l\'intuition que j\'ai dvelopp dans ce domaine.</p>            <p>Profitez d\'une rponse GRATUITE  la question de VOTRE choix !</p>            <p>A bientt          </p>            </div>      </div>      <div class=\"numTel\">          <div class=\"boutonTel\">          <img src=\"{CCM:FID_DL_36}\" width=\"60\" height=\"53\" alt=\"belgique\" title=\" N BELGIQUE \"/>            <p>0907-37-091<span class=\"prix\">(Belgique - 1,50/min)</span></p>        </div>          <!--<div class=\"boutonTel\">Luxembourg:<br>901-470-28 (1,15/min)</div>-->        </div>    </a>  </div>'),(227,'<style>      .presentationJeanne {      display: block;      background-image: url(\"{CCM:BASE_URL}/application/files/thumbnails/file_manager_detail_2x/9314/3041/0370/fd_jeanne.jpg\");      font-family: \"Comic Sans Ms\";      font-size: 16px;      position: relative;      background-color: white;      letter-spacing: 0.1em;      color: black;      margin: 10px auto;      padding: 10px 20px;      opacity: 1;      width: 700px;      height: 540px;      border-radius: 20px;    }      .presentationJeanne a {      text-decoration: none;      color: purple;      text-align: justify;    }      p {      margin: 5px 0;    }      .photoJeanne {      float: left;      display: inline-block;      width: 200px;      height: 300px;      margin: 10px 10px 20px 0px;      border: 10px orange groove;      border-radius: 20px;    }      .laius a p {      margin-top: 10px;      padding: 0;      margin-left: 230px;      line-height: 1.4;      font-style: italic;    }      .laius .lettrine a p {      /*border:1px solid red;*/      margin: 10px 0;    }      .laius .lettrine p:first-letter {      display: inline;      margin-top: -10px;      margin-left: 100px;      font-family: trebuchet MS;      font-size: 80px;      color: #0000fe;      width: 55px;      float: left;    }      .laius .lettrine p:first-of-type {      display: inline-block;      color: #42326c;      font-size: 30px;      line-height: 1.2;      margin-top: 10px;      font-style: normal;    }      .numTel {      display: inline-block;      width: 100%;      font-size: 12px;      /*border:1px solid red;*/      line-height: 1;      /* vertical-align: middle; */      text-align: right;            /*margin: 5px 10px;*/      border: 1px solid red;            margin-top: -20px;          }      .boutonTel {      position: relative;      display: inline-block;      background-color: #00f;      border-radius: 20px;      width: 320px;      height: 70px;      vertical-align: middle;      border: 5px groove orange;      background: linear-gradient(#000, #2C2C2C, #777);      margin: 5px 3px;    }      .boutonTel img {      display: inline-block;      position: relative;      border: 1px solid red;      /*float:left;*/      margin: 7px 0 7px 10px;      padding: 0;      border-radius: 7px;      border: 1px solid yellow;    }      .boutonTel p {      position: relative;      display: inline-block;      color: gold;      width: 72%;      /*font-family: arial;*/      letter-spacing: 3px;      font-weight: bold;      margin: 0 auto;      padding: 0;      font-size: 24px;      /*border:1px solid greenyellow;*/      margin-left: 5px;      top: 5px;      text-align: center;      vertical-align: top;      line-height: 1.3;    }      .boutonTel .prix {      position: relative;      display: block;      margin: 0;      padding: 0;      font-style: italic;      top: 5px;      font-size: 12px;      text-align: right;    }    </style>      <div class=\"presentationJeanne\">    <a href=\"mailto:Jeanne@Sublime-Voyance.be\" alt=\" crire  Jeanne \"       title=\" Plus de dial avec Jeanne... \" target=\"_blank\">      <img class=\"photoJeanne\" src=\"{CCM:BASE_URL}/application/files/8514/3040/9294/arbre_jeanne.png\" width=\"333\"           height=\"500\" alt=\"alexandra\"/>        <div class=\"laius\">        <div class=\"lettrine\">          <p>Je suis <br>eanne.</p>        </div>          <div class=\"presentation\">          <p>Depuis plusieurs annes, mon but est l\'aide aux personnes en attente d\'un claircissement.</p>            <p>J\'ai dvelopp beaucoup d intuition. Des doutes? Des hsitations???</p>            <p>Ne restez pas dans le flou...</p>            <p>tant  votre coute, je vous rponds avec franchise et honntet.</p>            <p>Je suis medium clairvoyante et passionne par ce besoin d\'aide  autrui.</p>            <p>Les cartes, tarots, oracles tirs sont un ensemble de rponses que je vous expliquerai clairement par          l\'intuition que j\'ai dvelopp dans ce domaine.</p>            <p>Profitez d\'une rponse GRATUITE  la question de VOTRE choix !</p>            <p>A bientt          </p>            </div>      </div>      <div class=\"numTel\">          <div class=\"boutonTel\">          <img src=\"{CCM:FID_DL_36}\" width=\"60\" height=\"53\" alt=\"belgique\" title=\" N BELGIQUE \"/>            <p>0907-37-091<span class=\"prix\">(Belgique - 1,50/min)</span></p>        </div>          <!--<div class=\"boutonTel\">Luxembourg:<br>901-470-28 (1,15/min)</div>-->        </div>    </a>  </div>'),(228,'<style>      body {      background-image: url(\"../../../z/ciel.gif\");    }      .presentationJeanne {      display: block;      background-image: url(\"{CCM:BASE_URL}/application/files/thumbnails/file_manager_detail_2x/9314/3041/0370/fd_jeanne.jpg\");      font-family: \"Comic Sans Ms\";      font-size: 16px;      position: relative;      background-color: white;      letter-spacing: 0.1em;      /*line-height: 2;*/      color: black;      margin: 10px auto;      padding: 10px 20px;      opacity: 1;      width: 700px;      height: 450px;      border-radius: 20px;    }      .presentationJeanne a {      text-decoration: none;      color: purple;      text-align: justify;      line-height: 1;    }      p {      margin: 5px 0;    }      .photoJeanne {      float: left;      display: inline-block;      width: 200px;      height: 300px;      margin: 10px 10px 20px 0px;      border: 10px orange groove;      border-radius: 20px;    }      .laius a p {      margin-top: 10px;      padding: 0;      margin-left: 230px;      line-height: 1.4;      font-style: italic;    }      .laius .lettrine a p {      /*border:1px solid red;*/      margin: 10px 0;    }      .laius .lettrine p:first-letter {      display: inline;      margin-top: -10px;      margin-left: 100px;      font-family: trebuchet MS;      font-size: 80px;      color: #0000fe;      width: 55px;      float: left;    }      .laius .lettrine p:first-of-type {      display: inline-block;      color: #42326c;      font-size: 30px;      line-height: 1.2;      margin-top: 10px;      font-style: normal;    }      .numTel {      display: inline-block;      width: 100%;      font-size: 12px;      /*border:1px solid red;*/      line-height: 1;      vertical-align: middle;      text-align: right;      /*margin: 5px 10px;*/      /*margin-top: -20px;*/    }      .boutonTel {      position: relative;      display: inline-block;      background-color: #00f;      border-radius: 20px;      width: 320px;      height: 70px;      vertical-align: middle;      border: 5px groove orange;      background: linear-gradient(#000, #2C2C2C, #777);      margin: 5px 3px;    }      .boutonTel img {      display: inline-block;      position: relative;      border: 1px solid red;      /*float:left;*/      margin: 7px 0 7px 10px;      padding: 0;      border-radius: 7px;      border: 1px solid yellow;    }      .boutonTel p {      position: relative;      display: inline-block;      color: gold;      width: 72%;      /*font-family: arial;*/      letter-spacing: 3px;      font-weight: bold;      margin: 0 auto;      padding: 0;      font-size: 24px;      /*border:1px solid greenyellow;*/      margin-left: 5px;      top: 5px;      text-align: center;      vertical-align: top;      line-height: 1.3;    }      .boutonTel .prix {      position: relative;      display: block;      margin: 0;      padding: 0;      font-style: italic;      top: 5px;      font-size: 12px;      text-align: right;    }      .presentation {      line-height: 1.2;    }  </style>      <div class=\"presentationJeanne\">    <a href=\"/team/jeanne\" alt=\" Plus d\'infos sur Jeanne \"       title=\" Plus de dtails sur Jeanne... \">      <img class=\"photoJeanne\" src=\"{CCM:BASE_URL}/application/files/8514/3040/9294/arbre_jeanne.png\" width=\"333\"           height=\"500\" alt=\"alexandra\"/>        <div class=\"laius\">        <div class=\"lettrine\">          <p>Je suis <br>eanne.</p>        </div>          <div class=\"presentation\">          <p>Depuis plusieurs annes, mon but est l\'aide aux personnes en attente d\'un claircissement.</p>            <p>J\'ai dvelopp beaucoup d\'intuition. Des doutes? Des hsitations???</p>            <p>Ne restez pas dans le flou...</p>            <p>tant  votre coute, je vous rponds avec franchise et honntet.</p>            <p>Je suis medium clairvoyante et passionne par ce besoin d\'aide  autrui.</p>            <p>Profitez d\'une rponse GRATUITE  la question de VOTRE choix ! A bientt          </p>            </div>      </div>      <div class=\"numTel\">          <div class=\"boutonTel\">          <img src=\"{CCM:FID_DL_36}\" width=\"60\" height=\"53\" alt=\"belgique\" title=\" N BELGIQUE \"/>            <p>0907-37-091<span class=\"prix\">(Belgique - 1,50/min)</span></p>        </div>          <!--<div class=\"boutonTel\">Luxembourg:<br>901-470-28 (1,15/min)</div>-->        </div>    </a>  </div>'),(233,'<style>      .presentationJeanne {      display: block;      background-image: url(\"{CCM:BASE_URL}/application/files/thumbnails/file_manager_detail_2x/9314/3041/0370/fd_jeanne.jpg\");      font-family: \"Comic Sans Ms\";      font-size: 16px;      position: relative;      background-color: white;      letter-spacing: 0.1em;      color: black;      margin: 10px auto;      padding: 10px 20px;      opacity: 1;      width: 700px;      height: 540px;      border-radius: 20px;    }      .presentationJeanne a {      text-decoration: none;      color: purple !important;      text-align: justify;    }      p {      margin: 5px 0;    }      .photoJeanne {      float: left;      display: inline-block;      width: 200px;      height: 300px;      margin: 10px 10px 20px 0px;      border: 10px orange groove;      border-radius: 20px;    }      .laius a p {      margin-top: 10px;      padding: 0;      margin-left: 230px;      line-height: 1.4;      font-style: italic;    }      .laius .lettrine a p {      /*border:1px solid red;*/      margin: 10px 0;    }      .laius .lettrine p:first-letter {      display: inline;      margin-top: -10px;      margin-left: 100px;      font-family: trebuchet MS;      font-size: 80px;      color: #0000fe;      width: 55px;      float: left;    }      .laius .lettrine p:first-of-type {      display: inline-block;      color: #42326c;      font-size: 30px;      line-height: 1.2;      margin-top: 10px;      font-style: normal;    }      .numTel {      display: inline-block;      width: 100%;      font-size: 12px;      /*border:1px solid red;*/      line-height: 1;      /* vertical-align: middle; */      text-align: right;            /*margin: 5px 10px;*/      /*border: 1px solid red;*/            margin-top: -20px;          }      .boutonTel {      position: relative;      display: inline-block;      background-color: #00f;      border-radius: 20px;      width: 320px;      height: 70px;      vertical-align: middle;      border: 5px groove orange;      background: linear-gradient(#000, #2C2C2C, #777);      margin: 5px 3px;    }      .boutonTel img {      display: inline-block;      position: relative;      /*border: 1px solid red;*/      /*float:left;*/      margin: 7px 0 7px 10px;      padding: 0;      border-radius: 7px;      border: 1px solid yellow;    }      .boutonTel p {      position: relative;      display: inline-block;      color: gold;      width: 72%;      /*font-family: arial;*/      letter-spacing: 3px;      font-weight: bold;      margin: 0 auto;      padding: 0;      font-size: 24px;      /*border:1px solid greenyellow;*/      margin-left: 5px;      top: 5px;      text-align: center;      vertical-align: top;      line-height: 1.3;    }      .boutonTel .prix {      position: relative;      display: block;      margin: 0;      padding: 0;      font-style: italic;      top: 5px;      font-size: 12px;      text-align: right;    }      .presentation p {      color: purple !important;    }  </style>      <div class=\"presentationJeanne\">    <a href=\"mailto:Jeanne@Sublime-Voyance.be\" alt=\" crire  Jeanne \"       title=\" Plus de dial avec Jeanne... \" target=\"_blank\">      <img class=\"photoJeanne\" src=\"{CCM:BASE_URL}/application/files/8514/3040/9294/arbre_jeanne.png\" width=\"333\"           height=\"500\" alt=\"alexandra\"/>        <div class=\"laius\">        <div class=\"lettrine\">          <p>Je suis <br>eanne.</p>        </div>          <div class=\"presentation\">          <p>Depuis plusieurs annes, mon but est l\'aide aux personnes en attente d\'un claircissement.</p>            <p>J\'ai dvelopp beaucoup d intuition. Des doutes? Des hsitations???</p>            <p>Ne restez pas dans le flou...</p>            <p>tant  votre coute, je vous rponds avec franchise et honntet.</p>            <p>Je suis medium clairvoyante et passionne par ce besoin d\'aide  autrui.</p>            <p>Les cartes, tarots, oracles tirs sont un ensemble de rponses que je vous expliquerai clairement par          l\'intuition que j\'ai dvelopp dans ce domaine.</p>            <p>Profitez d\'une rponse GRATUITE  la question de VOTRE choix !</p>            <p>A bientt          </p>            </div>      </div>      <div class=\"numTel\">          <div class=\"boutonTel\">          <img src=\"{CCM:FID_DL_36}\" width=\"60\" height=\"53\" alt=\"belgique\" title=\" N BELGIQUE \"/>            <p>0907-37-091<span class=\"prix\">(Belgique - 1,50/min)</span></p>        </div>          <!--<div class=\"boutonTel\">Luxembourg:<br>901-470-28 (1,15/min)</div>-->        </div>    </a>  </div>'),(234,'<style>      body {      background-image: url(\"../../../z/ciel.gif\");    }      .presentationJeanne {      display: block;      background-image: url(\"{CCM:BASE_URL}/application/files/thumbnails/file_manager_detail_2x/9314/3041/0370/fd_jeanne.jpg\");      font-family: \"Comic Sans Ms\";      font-size: 16px;      position: relative;      background-color: white;      letter-spacing: 0.1em;      /*line-height: 2;*/      color: black;      margin: 10px auto;      padding: 10px 20px;      opacity: 1;      width: 700px;      height: 450px;      border-radius: 20px;    }      .presentationJeanne a {      text-decoration: none;      color: purple;      text-align: justify;      line-height: 1;    }      p {      margin: 5px 0;    }      .photoJeanne {      float: left;      display: inline-block;      width: 200px;      height: 300px;      margin: 10px 10px 20px 0px;      border: 10px orange groove;      border-radius: 20px;    }      .laius a p {      margin-top: 10px;      padding: 0;      margin-left: 230px;      line-height: 1.4;      font-style: italic;    }      .laius .lettrine a p {      /*border:1px solid red;*/      margin: 10px 0;    }      .laius .lettrine p:first-letter {      display: inline;      margin-top: -10px;      margin-left: 100px;      font-family: trebuchet MS;      font-size: 80px;      color: #0000fe;      width: 55px;      float: left;    }      .laius .lettrine p:first-of-type {      display: inline-block;      color: #42326c;      font-size: 30px;      line-height: 1.2;      margin-top: 10px;      font-style: normal;    }      .numTel {      display: inline-block;      width: 100%;      font-size: 12px;      /*border:1px solid red;*/      line-height: 1;      vertical-align: middle;      text-align: right;      /*margin: 5px 10px;*/      /*margin-top: -20px;*/    }      .boutonTel {      position: relative;      display: inline-block;      background-color: #00f;      border-radius: 20px;      width: 320px;      height: 70px;      vertical-align: middle;      border: 5px groove orange;      background: linear-gradient(#000, #2C2C2C, #777);      margin: 5px 3px;    }      .boutonTel img {      display: inline-block;      position: relative;      border: 1px solid red;      /*float:left;*/      margin: 7px 0 7px 10px;      padding: 0;      border-radius: 7px;      border: 1px solid yellow;    }      .boutonTel p {      position: relative;      display: inline-block;      color: gold;      width: 72%;      /*font-family: arial;*/      letter-spacing: 3px;      font-weight: bold;      margin: 0 auto;      padding: 0;      font-size: 24px;      /*border:1px solid greenyellow;*/      margin-left: 5px;      top: 5px;      text-align: center;      vertical-align: top;      line-height: 1.3;    }      .boutonTel .prix {      position: relative;      display: block;      margin: 0;      padding: 0;      font-style: italic;      top: 5px;      font-size: 12px;      text-align: right;    }      .presentation p {      line-height: 1.2;      color: purple !important;    }  </style>      <div class=\"presentationJeanne\">    <a href=\"/team/jeanne\" alt=\" Plus d\'infos sur Jeanne \"       title=\" Plus de dtails sur Jeanne... \">      <img class=\"photoJeanne\" src=\"{CCM:BASE_URL}/application/files/8514/3040/9294/arbre_jeanne.png\" width=\"333\"           height=\"500\" alt=\"alexandra\"/>        <div class=\"laius\">        <div class=\"lettrine\">          <p>Je suis <br>eanne.</p>        </div>          <div class=\"presentation\">          <p>Depuis plusieurs annes, mon but est l\'aide aux personnes en attente d\'un claircissement.</p>            <p>J\'ai dvelopp beaucoup d\'intuition. Des doutes? Des hsitations???</p>            <p>Ne restez pas dans le flou...</p>            <p>tant  votre coute, je vous rponds avec franchise et honntet.</p>            <p>Je suis medium clairvoyante et passionne par ce besoin d\'aide  autrui.</p>            <p>Profitez d\'une rponse GRATUITE  la question de VOTRE choix ! A bientt          </p>            </div>      </div>      <div class=\"numTel\">          <div class=\"boutonTel\">          <img src=\"{CCM:FID_DL_36}\" width=\"60\" height=\"53\" alt=\"belgique\" title=\" N BELGIQUE \"/>            <p>0907-37-091<span class=\"prix\">(Belgique - 1,50/min)</span></p>        </div>          <!--<div class=\"boutonTel\">Luxembourg:<br>901-470-28 (1,15/min)</div>-->        </div>    </a>  </div>'),(236,'<style>    	.presentationAlexandra {  		display: block;  		background-image: url(\"img/fond.png\");  		font-family: \"Comic Sans Ms\";  		font-size: 16px;  		position: relative;  		background-color: white;  		letter-spacing: 0.1em;  		color: black;  		margin: 10px auto;  		padding: 10px 20px;  		opacity: 1;  		width: 700px;  		height: 450px;  		border-radius: 20px;  	}    	.presentationAlexandra a {  		text-decoration: none;  		color: purple;  		text-align: justify;  	}    	p {  		margin: 5px 0;  	}    	.photoAlexandra {  		float: left;  		display: inline-block;  		width: 200px;  		height: 300px;  		margin: 10px 10px 20px 0px;  		border: 10px orange groove;  		border-radius: 20px;  	}    	.laius a p {  		margin-top: 10px;  		padding: 0;  		margin-left: 230px;  		line-height: 1.4;  		font-style: italic;  	}    	.laius .lettrine a p {  		/*border:1px solid red;*/  		margin: 10px 0;  	}    	.laius .lettrine p:first-letter {  		display: inline;  		margin-top: -10px;  		margin-left: 100px;  		font-family: trebuchet MS;  		font-size: 80px;  		color: #0000fe;  		width: 55px;  		float: left;  	}    	.laius .lettrine p:first-of-type {  		display: inline-block;  		color: #42326c;  		font-size: 30px;  		line-height: 1.2;  		margin-top: 10px;  		font-style: normal;  	}    	.numTel {  		display: inline-block;  		width: 100%;  		font-size: 12px;  		/*border:1px solid red;*/  		line-height: 1;  		vertical-align: middle;  		/*margin: 5px 10px;*/  	}    	.boutonTel {  		position: relative;  		display: inline-block;  		background-color: #00f;  		border-radius: 20px;  		width: 320px;  		height: 70px;  		vertical-align: middle;  		border: 5px groove orange;  		background: linear-gradient(#000, #2C2C2C, #777);  		margin: 5px 3px;  	}    	.boutonTel img {  		display: inline-block;  		position: relative;  		border: 1px solid red;  		/*float:left;*/  		margin: 7px 0 7px 10px;  		padding: 0;  		border-radius: 7px;  		border: 1px solid yellow;  	}    	.boutonTel p {  		position: relative;  		display: inline-block;  		color: gold;  		width: 72%;  		/*font-family: arial;*/  		letter-spacing: 3px;  		font-weight: bold;  		margin: 0 auto;  		padding: 0;  		font-size: 24px;  		/*border:1px solid greenyellow;*/  		margin-left: 5px;  		top: 5px;  		text-align: center;  		vertical-align: top;  		line-height: 1.3;  	}    	.boutonTel .prix {  		position: relative;  		display: block;  		margin: 0;  		padding: 0;  		font-style: italic;  		top: 5px;  		font-size: 12px;  		text-align: right;  	}    </style>      <div class=\"presentationAlexandra\">  	<a href=\"http://alexandra.sublime-voyance.be/doro/descriptionAlexandra.php\" alt=\" Site Alexandra \"  	   title=\" Plus d\'infos sur Alexandra... \">  		<img class=\"photoAlexandra\" src=\"img/alexandra.jpg\" width=\"333\" height=\"500\" alt=\"alexandra\"/>    		<div class=\"laius\">  			<div class=\"lettrine\">  				<p>Alo, je suis<br>lexandra.</p>  			</div>    			<div class=\"presentation\">  				<p>Mes grands-mres tant paternelles que maternelles possdaient un don de voyance...</p>    				<p>Aprs plusieurs annes de rflexion, jai dcid de vous faire bnficier de ce don qu\'ils m\'ont transmis et  					ainsi apporter des rponses claires  vos questions... <i><em><b>(En savoir plus...)</b></em></i></p>    				<p>Profitez d\'une rponse GRATUITE  la question de VOTRE choix !</p>    				<p> trs bientt</p>  			</div>  		</div>  		<div class=\"numTel\">    			<center>  				<div class=\"boutonTel\">  					<img src=\"img/be.gif\" width=\"60\" height=\"53\" alt=\"belgique\" title=\" N BELGIQUE \"/>    					<p>0907-37-157<span class=\"prix\">(Belgique - 1,50/min)</span></p>  				</div>  			</center>  			<!--<div class=\"boutonTel\">-->  			<!--  <img src=\"img/lu.gif\" width=\"60\" height=\"53\" alt=\"luxembourg\" title=\" N LUXEMBOURG \" />-->  			<!--  <p>901-470-28<span class=\"prix\">(Luxembourg 1,15/min)</span></p>-->  			<!--</div>-->    			<!--<div class=\"boutonTel\">Luxembourg:<br>901-470-28 (1,15/min)</div>-->    		</div>  	</a>  </div>'),(237,'<style>    	.presentationAlexandra {  		display: block;  		background-image: url(\"img/fond.png\");  		font-family: \"Comic Sans Ms\";  		font-size: 16px;  		position: relative;  		background-color: white;  		letter-spacing: 0.1em;  		color: black;  		margin: 10px auto;  		padding: 10px 20px;  		opacity: 1;  		width: 700px;  		height: 450px;  		border-radius: 20px;  	}    	.presentationAlexandra a {  		text-decoration: none;  		color: purple;  		text-align: justify;  	}    	p {  		margin: 5px 0;  	}    	.photoAlexandra {  		float: left;  		display: inline-block;  		width: 200px;  		height: 300px;  		margin: 10px 10px 20px 0px;  		border: 10px orange groove;  		border-radius: 20px;  	}    	.laius a p {  		margin-top: 10px;  		padding: 0;  		margin-left: 230px;  		line-height: 1.4;  		font-style: italic;  	}    	.laius .lettrine a p {  		/*border:1px solid red;*/  		margin: 10px 0;  	}    	.laius .lettrine p:first-letter {  		display: inline;  		margin-top: -10px;  		margin-left: 100px;  		font-family: trebuchet MS;  		font-size: 80px;  		color: #0000fe;  		width: 55px;  		float: left;  	}    	.laius .lettrine p:first-of-type {  		display: inline-block;  		color: #42326c;  		font-size: 30px;  		line-height: 1.2;  		margin-top: 10px;  		font-style: normal;  	}    	.numTel {  		display: inline-block;  		width: 100%;  		font-size: 12px;  		/*border:1px solid red;*/  		line-height: 1;  		vertical-align: middle;  		/*margin: 5px 10px;*/  	}    	.boutonTel {  		position: relative;  		display: inline-block;  		background-color: #00f;  		border-radius: 20px;  		width: 320px;  		height: 70px;  		vertical-align: middle;  		border: 5px groove orange;  		background: linear-gradient(#000, #2C2C2C, #777);  		margin: 5px 3px;  	}    	.boutonTel img {  		display: inline-block;  		position: relative;  		border: 1px solid red;  		/*float:left;*/  		margin: 7px 0 7px 10px;  		padding: 0;  		border-radius: 7px;  		border: 1px solid yellow;  	}    	.boutonTel p {  		position: relative;  		display: inline-block;  		color: gold;  		width: 72%;  		/*font-family: arial;*/  		letter-spacing: 3px;  		font-weight: bold;  		margin: 0 auto;  		padding: 0;  		font-size: 24px;  		/*border:1px solid greenyellow;*/  		margin-left: 5px;  		top: 5px;  		text-align: center;  		vertical-align: top;  		line-height: 1.3;  	}    	.boutonTel .prix {  		position: relative;  		display: block;  		margin: 0;  		padding: 0;  		font-style: italic;  		top: 5px;  		font-size: 12px;  		text-align: right;  	}    </style>      <div class=\"presentationAlexandra\">  	<a href=\"http://alexandra.sublime-voyance.be\" alt=\" Site Alexandra \"  	   title=\" Plus d\'infos sur Alexandra... \">  		<img class=\"photoAlexandra\" src=\"img/alexandra.jpg\" width=\"333\" height=\"500\" alt=\"alexandra\"/>    		<div class=\"laius\">  			<div class=\"lettrine\">  				<p>Alo, je suis<br>lexandra.</p>  			</div>    			<div class=\"presentation\">  				<p>Mes grands-mres tant paternelles que maternelles possdaient un don de voyance...</p>    				<p>Aprs plusieurs annes de rflexion, jai dcid de vous faire bnficier de ce don qu\'ils m\'ont transmis et  					ainsi apporter des rponses claires  vos questions... <i><em><b>(En savoir plus...)</b></em></i></p>    				<p>Profitez d\'une rponse GRATUITE  la question de VOTRE choix !</p>    				<p> trs bientt</p>  			</div>  		</div>  		<div class=\"numTel\">    			<center>  				<div class=\"boutonTel\">  					<img src=\"img/be.gif\" width=\"60\" height=\"53\" alt=\"belgique\" title=\" N BELGIQUE \"/>    					<p>0907-37-157<span class=\"prix\">(Belgique - 1,50/min)</span></p>  				</div>  			</center>  			<!--<div class=\"boutonTel\">-->  			<!--  <img src=\"img/lu.gif\" width=\"60\" height=\"53\" alt=\"luxembourg\" title=\" N LUXEMBOURG \" />-->  			<!--  <p>901-470-28<span class=\"prix\">(Luxembourg 1,15/min)</span></p>-->  			<!--</div>-->    			<!--<div class=\"boutonTel\">Luxembourg:<br>901-470-28 (1,15/min)</div>-->    		</div>  	</a>  </div>'),(238,'<h1>Administration Oprateur / Opratrice</h1><p><br></p><p>Titre sera adapt en fonction du sexe...</p>');
/*!40000 ALTER TABLE `btContentLocal` ENABLE KEYS */;
UNLOCK TABLES;

--
-- Table structure for table `btCoreAreaLayout`
--

DROP TABLE IF EXISTS `btCoreAreaLayout`;
/*!40101 SET @saved_cs_client     = @@character_set_client */;
/*!40101 SET character_set_client = utf8 */;
CREATE TABLE `btCoreAreaLayout` (
  `bID` int(10) unsigned NOT NULL DEFAULT '0',
  `arLayoutID` int(10) unsigned NOT NULL DEFAULT '0',
  PRIMARY KEY (`bID`),
  KEY `arLayoutID` (`arLayoutID`)
) ENGINE=InnoDB DEFAULT CHARSET=utf8 COLLATE=utf8_unicode_ci;
/*!40101 SET character_set_client = @saved_cs_client */;

--
-- Dumping data for table `btCoreAreaLayout`
--

LOCK TABLES `btCoreAreaLayout` WRITE;
/*!40000 ALTER TABLE `btCoreAreaLayout` DISABLE KEYS */;
INSERT INTO `btCoreAreaLayout` VALUES (36,1),(52,2),(60,3),(63,4),(69,5),(75,6),(79,7),(97,8),(101,9),(109,10),(120,11),(124,12),(131,13),(136,14),(142,15),(148,16),(156,17),(191,18),(198,19),(211,20);
/*!40000 ALTER TABLE `btCoreAreaLayout` ENABLE KEYS */;
UNLOCK TABLES;

--
-- Table structure for table `btCoreConversation`
--

DROP TABLE IF EXISTS `btCoreConversation`;
/*!40101 SET @saved_cs_client     = @@character_set_client */;
/*!40101 SET character_set_client = utf8 */;
CREATE TABLE `btCoreConversation` (
  `bID` int(10) unsigned NOT NULL,
  `cnvID` int(11) DEFAULT NULL,
  `enablePosting` int(11) DEFAULT '1',
  `paginate` tinyint(1) NOT NULL DEFAULT '1',
  `itemsPerPage` smallint(5) unsigned NOT NULL DEFAULT '50',
  `displayMode` varchar(255) COLLATE utf8_unicode_ci NOT NULL DEFAULT 'threaded',
  `orderBy` varchar(255) COLLATE utf8_unicode_ci NOT NULL DEFAULT 'date_desc',
  `enableOrdering` tinyint(1) NOT NULL DEFAULT '1',
  `enableCommentRating` tinyint(1) NOT NULL DEFAULT '1',
  `displayPostingForm` varchar(255) COLLATE utf8_unicode_ci NOT NULL DEFAULT 'top',
  `addMessageLabel` varchar(255) COLLATE utf8_unicode_ci NOT NULL DEFAULT '',
  `dateFormat` varchar(255) COLLATE utf8_unicode_ci DEFAULT 'default',
  `customDateFormat` varchar(255) COLLATE utf8_unicode_ci DEFAULT NULL,
  PRIMARY KEY (`bID`),
  KEY `cnvID` (`cnvID`)
) ENGINE=InnoDB DEFAULT CHARSET=utf8 COLLATE=utf8_unicode_ci;
/*!40101 SET character_set_client = @saved_cs_client */;

--
-- Dumping data for table `btCoreConversation`
--

LOCK TABLES `btCoreConversation` WRITE;
/*!40000 ALTER TABLE `btCoreConversation` DISABLE KEYS */;
INSERT INTO `btCoreConversation` VALUES (16,1,1,1,50,'threaded','date_asc',0,1,'top','Add Message','default',''),(112,2,1,1,50,'threaded','date_asc',0,1,'top','Add Message','default',''),(114,3,1,1,50,'threaded','date_asc',0,1,'top','Add Message','default',''),(116,4,1,1,50,'threaded','date_asc',0,1,'top','Add Message','default','');
/*!40000 ALTER TABLE `btCoreConversation` ENABLE KEYS */;
UNLOCK TABLES;

--
-- Table structure for table `btCorePageTypeComposerControlOutput`
--

DROP TABLE IF EXISTS `btCorePageTypeComposerControlOutput`;
/*!40101 SET @saved_cs_client     = @@character_set_client */;
/*!40101 SET character_set_client = utf8 */;
CREATE TABLE `btCorePageTypeComposerControlOutput` (
  `bID` int(10) unsigned NOT NULL,
  `ptComposerOutputControlID` int(10) unsigned NOT NULL DEFAULT '0',
  PRIMARY KEY (`bID`),
  KEY `ptComposerOutputControlID` (`ptComposerOutputControlID`)
) ENGINE=InnoDB DEFAULT CHARSET=utf8 COLLATE=utf8_unicode_ci;
/*!40101 SET character_set_client = @saved_cs_client */;

--
-- Dumping data for table `btCorePageTypeComposerControlOutput`
--

LOCK TABLES `btCorePageTypeComposerControlOutput` WRITE;
/*!40000 ALTER TABLE `btCorePageTypeComposerControlOutput` DISABLE KEYS */;
INSERT INTO `btCorePageTypeComposerControlOutput` VALUES (10,1),(25,2),(28,3),(32,4);
/*!40000 ALTER TABLE `btCorePageTypeComposerControlOutput` ENABLE KEYS */;
UNLOCK TABLES;

--
-- Table structure for table `btCoreScrapbookDisplay`
--

DROP TABLE IF EXISTS `btCoreScrapbookDisplay`;
/*!40101 SET @saved_cs_client     = @@character_set_client */;
/*!40101 SET character_set_client = utf8 */;
CREATE TABLE `btCoreScrapbookDisplay` (
  `bID` int(10) unsigned NOT NULL,
  `bOriginalID` int(10) unsigned NOT NULL,
  PRIMARY KEY (`bID`),
  KEY `bOriginalID` (`bOriginalID`)
) ENGINE=InnoDB DEFAULT CHARSET=utf8 COLLATE=utf8_unicode_ci;
/*!40101 SET character_set_client = @saved_cs_client */;

--
-- Dumping data for table `btCoreScrapbookDisplay`
--

LOCK TABLES `btCoreScrapbookDisplay` WRITE;
/*!40000 ALTER TABLE `btCoreScrapbookDisplay` DISABLE KEYS */;
/*!40000 ALTER TABLE `btCoreScrapbookDisplay` ENABLE KEYS */;
UNLOCK TABLES;

--
-- Table structure for table `btCoreStackDisplay`
--

DROP TABLE IF EXISTS `btCoreStackDisplay`;
/*!40101 SET @saved_cs_client     = @@character_set_client */;
/*!40101 SET character_set_client = utf8 */;
CREATE TABLE `btCoreStackDisplay` (
  `bID` int(10) unsigned NOT NULL,
  `stID` int(10) unsigned NOT NULL,
  PRIMARY KEY (`bID`),
  KEY `stID` (`stID`)
) ENGINE=InnoDB DEFAULT CHARSET=utf8 COLLATE=utf8_unicode_ci;
/*!40101 SET character_set_client = @saved_cs_client */;

--
-- Dumping data for table `btCoreStackDisplay`
--

LOCK TABLES `btCoreStackDisplay` WRITE;
/*!40000 ALTER TABLE `btCoreStackDisplay` DISABLE KEYS */;
/*!40000 ALTER TABLE `btCoreStackDisplay` ENABLE KEYS */;
UNLOCK TABLES;

--
-- Table structure for table `btDashboardNewsflowLatest`
--

DROP TABLE IF EXISTS `btDashboardNewsflowLatest`;
/*!40101 SET @saved_cs_client     = @@character_set_client */;
/*!40101 SET character_set_client = utf8 */;
CREATE TABLE `btDashboardNewsflowLatest` (
  `bID` int(10) unsigned NOT NULL,
  `slot` varchar(1) COLLATE utf8_unicode_ci NOT NULL,
  PRIMARY KEY (`bID`)
) ENGINE=InnoDB DEFAULT CHARSET=utf8 COLLATE=utf8_unicode_ci;
/*!40101 SET character_set_client = @saved_cs_client */;

--
-- Dumping data for table `btDashboardNewsflowLatest`
--

LOCK TABLES `btDashboardNewsflowLatest` WRITE;
/*!40000 ALTER TABLE `btDashboardNewsflowLatest` DISABLE KEYS */;
INSERT INTO `btDashboardNewsflowLatest` VALUES (4,'A'),(5,'B'),(8,'C');
/*!40000 ALTER TABLE `btDashboardNewsflowLatest` ENABLE KEYS */;
UNLOCK TABLES;

--
-- Table structure for table `btDateNavigation`
--

DROP TABLE IF EXISTS `btDateNavigation`;
/*!40101 SET @saved_cs_client     = @@character_set_client */;
/*!40101 SET character_set_client = utf8 */;
CREATE TABLE `btDateNavigation` (
  `bID` int(10) unsigned NOT NULL,
  `title` varchar(255) COLLATE utf8_unicode_ci NOT NULL DEFAULT '',
  `filterByParent` tinyint(1) DEFAULT '0',
  `redirectToResults` tinyint(1) DEFAULT '0',
  `cParentID` int(10) unsigned NOT NULL DEFAULT '0',
  `cTargetID` int(10) unsigned NOT NULL DEFAULT '0',
  `ptID` smallint(5) unsigned DEFAULT NULL,
  PRIMARY KEY (`bID`)
) ENGINE=InnoDB DEFAULT CHARSET=utf8 COLLATE=utf8_unicode_ci;
/*!40101 SET character_set_client = @saved_cs_client */;

--
-- Dumping data for table `btDateNavigation`
--

LOCK TABLES `btDateNavigation` WRITE;
/*!40000 ALTER TABLE `btDateNavigation` DISABLE KEYS */;
INSERT INTO `btDateNavigation` VALUES (39,'Archives',1,0,157,0,6);
/*!40000 ALTER TABLE `btDateNavigation` ENABLE KEYS */;
UNLOCK TABLES;

--
-- Table structure for table `btExternalForm`
--

DROP TABLE IF EXISTS `btExternalForm`;
/*!40101 SET @saved_cs_client     = @@character_set_client */;
/*!40101 SET character_set_client = utf8 */;
CREATE TABLE `btExternalForm` (
  `bID` int(10) unsigned NOT NULL,
  `filename` varchar(128) COLLATE utf8_unicode_ci DEFAULT NULL,
  PRIMARY KEY (`bID`)
) ENGINE=InnoDB DEFAULT CHARSET=utf8 COLLATE=utf8_unicode_ci;
/*!40101 SET character_set_client = @saved_cs_client */;

--
-- Dumping data for table `btExternalForm`
--

LOCK TABLES `btExternalForm` WRITE;
/*!40000 ALTER TABLE `btExternalForm` DISABLE KEYS */;
INSERT INTO `btExternalForm` VALUES (209,'test_form.php');
/*!40000 ALTER TABLE `btExternalForm` ENABLE KEYS */;
UNLOCK TABLES;

--
-- Table structure for table `btFaq`
--

DROP TABLE IF EXISTS `btFaq`;
/*!40101 SET @saved_cs_client     = @@character_set_client */;
/*!40101 SET character_set_client = utf8 */;
CREATE TABLE `btFaq` (
  `bID` int(10) unsigned NOT NULL,
  `blockTitle` varchar(255) COLLATE utf8_unicode_ci DEFAULT NULL,
  PRIMARY KEY (`bID`)
) ENGINE=InnoDB DEFAULT CHARSET=utf8 COLLATE=utf8_unicode_ci;
/*!40101 SET character_set_client = @saved_cs_client */;

--
-- Dumping data for table `btFaq`
--

LOCK TABLES `btFaq` WRITE;
/*!40000 ALTER TABLE `btFaq` DISABLE KEYS */;
INSERT INTO `btFaq` VALUES (162,''),(215,NULL),(229,NULL);
/*!40000 ALTER TABLE `btFaq` ENABLE KEYS */;
UNLOCK TABLES;

--
-- Table structure for table `btFaqEntries`
--

DROP TABLE IF EXISTS `btFaqEntries`;
/*!40101 SET @saved_cs_client     = @@character_set_client */;
/*!40101 SET character_set_client = utf8 */;
CREATE TABLE `btFaqEntries` (
  `id` int(10) unsigned NOT NULL AUTO_INCREMENT,
  `bID` int(10) unsigned DEFAULT NULL,
  `linkTitle` varchar(255) COLLATE utf8_unicode_ci DEFAULT NULL,
  `title` varchar(255) COLLATE utf8_unicode_ci DEFAULT NULL,
  `sortOrder` int(11) DEFAULT NULL,
  `description` longtext COLLATE utf8_unicode_ci,
  PRIMARY KEY (`id`),
  KEY `bID` (`bID`,`sortOrder`)
) ENGINE=InnoDB AUTO_INCREMENT=12 DEFAULT CHARSET=utf8 COLLATE=utf8_unicode_ci;
/*!40101 SET character_set_client = @saved_cs_client */;

--
-- Dumping data for table `btFaqEntries`
--

LOCK TABLES `btFaqEntries` WRITE;
/*!40000 ALTER TABLE `btFaqEntries` DISABLE KEYS */;
INSERT INTO `btFaqEntries` VALUES (4,162,'What are page versions?','What are page versions?',0,'\n                                    Pellentesque ultricies ligula vel neque dictum, eu mollis tortor adipiscing. Etiam congue, est vel tincidunt vestibulum, nunc nunc porta nulla, at adipiscing neque tellus quis urna. Pellentesque ultricies ligula vel neque dictum, eu mollis tortor adipiscing. Etiam congue, est vel tincidunt vestibulum, nunc nunc porta nulla, at adipiscing neque tellus quis urna. '),(5,162,'How do I add more people as editors in my website?','How do I add more people as editors in my website?',1,'\n                                    Pellentesque ultricies ligula vel neque dictum, eu mollis tortor adipiscing. Etiam congue, est vel tincidunt vestibulum, nunc nunc porta nulla, at adipiscing neque tellus quis urna. Pellentesque ultricies ligula vel neque dictum, eu mollis tortor adipiscing. Etiam congue, est vel tincidunt vestibulum, nunc nunc porta nulla, at adipiscing neque tellus quis urna. Pellentesque ultricies ligula vel neque dictum, eu mollis tortor adipiscing. Etiam congue, est vel tincidunt vestibulum, nunc nunc porta nulla, at adipiscing neque tellus quis urna. '),(10,215,'','Q1',0,'<p>R1</p>'),(11,229,'','q1',0,'<p>r1</p>');
/*!40000 ALTER TABLE `btFaqEntries` ENABLE KEYS */;
UNLOCK TABLES;

--
-- Table structure for table `btFeature`
--

DROP TABLE IF EXISTS `btFeature`;
/*!40101 SET @saved_cs_client     = @@character_set_client */;
/*!40101 SET character_set_client = utf8 */;
CREATE TABLE `btFeature` (
  `bID` int(10) unsigned NOT NULL,
  `icon` varchar(255) COLLATE utf8_unicode_ci DEFAULT NULL,
  `title` varchar(255) COLLATE utf8_unicode_ci DEFAULT NULL,
  `paragraph` text COLLATE utf8_unicode_ci,
  `externalLink` varchar(255) COLLATE utf8_unicode_ci DEFAULT NULL,
  `internalLinkCID` int(10) unsigned DEFAULT '0',
  PRIMARY KEY (`bID`)
) ENGINE=InnoDB DEFAULT CHARSET=utf8 COLLATE=utf8_unicode_ci;
/*!40101 SET character_set_client = @saved_cs_client */;

--
-- Dumping data for table `btFeature`
--

LOCK TABLES `btFeature` WRITE;
/*!40000 ALTER TABLE `btFeature` DISABLE KEYS */;
INSERT INTO `btFeature` VALUES (53,'pencil','Easy to Edit','                                                    Pellentesque ultricies ligula vel neque dictum, eu mollis tortor adipiscing. Etiam congue, est vel tincidunt vestibulum, nunc nunc porta nulla, at adipiscing neque tellus quis urna. ','',0),(54,'eye','Pixel Perfect','                                                    Pellentesque ultricies ligula vel neque dictum, eu mollis tortor adipiscing. Etiam congue, est vel tincidunt vestibulum, nunc nunc porta nulla, at adipiscing neque tellus quis urna. ','',0),(55,'youtube-play','Media Rich','                                                    Pellentesque ultricies ligula vel neque dictum, eu mollis tortor adipiscing. Etiam congue, est vel tincidunt vestibulum, nunc nunc porta nulla, at adipiscing neque tellus quis urna. ','',0),(70,'star','Quality','Lorem ipsum dolor sit amet, consectetur adipiscing elit. Nulla sodales non leo id aliquet.','',0),(71,'tint','Design','Lorem ipsum dolor sit amet, consectetur adipiscing elit. Nulla sodales non leo id aliquet.','',0),(72,'cog','Development','Lorem ipsum dolor sit amet, consectetur adipiscing elit. Nulla sodales non leo id aliquet.','',0),(73,'lock','Security','Lorem ipsum dolor sit amet, consectetur adipiscing elit. Nulla sodales non leo id aliquet.','',0),(149,'home','Welcome Home','\n                                                    Curabitur sagittis elementum felis at sodales. Nullam fermentum at urna quis accumsan.','',0),(150,'user','Great Workers','\n                                                    Curabitur sagittis elementum felis at sodales. Nullam fermentum at urna quis accumsan.','',0),(151,'flag','Amazing Location','\n                                                    Curabitur sagittis elementum felis at sodales. Nullam fermentum at urna quis accumsan.','',0),(152,'clock-o','Paid Time Off','\n                                                    Curabitur sagittis elementum felis at sodales. Nullam fermentum at urna quis accumsan.','',0),(153,'star','No Meetings','\n                                                    Curabitur sagittis elementum felis at sodales. Nullam fermentum at urna quis accumsan.','',0),(154,'beer','Free Drinks','\n                                                    Curabitur sagittis elementum felis at sodales. Nullam fermentum at urna quis accumsan.','',0);
/*!40000 ALTER TABLE `btFeature` ENABLE KEYS */;
UNLOCK TABLES;

--
-- Table structure for table `btForm`
--

DROP TABLE IF EXISTS `btForm`;
/*!40101 SET @saved_cs_client     = @@character_set_client */;
/*!40101 SET character_set_client = utf8 */;
CREATE TABLE `btForm` (
  `bID` int(10) unsigned NOT NULL,
  `questionSetId` int(10) unsigned DEFAULT '0',
  `surveyName` varchar(255) COLLATE utf8_unicode_ci DEFAULT NULL,
  `submitText` varchar(255) COLLATE utf8_unicode_ci DEFAULT 'Submit',
  `thankyouMsg` text COLLATE utf8_unicode_ci,
  `notifyMeOnSubmission` tinyint(1) NOT NULL DEFAULT '0',
  `recipientEmail` varchar(255) COLLATE utf8_unicode_ci DEFAULT NULL,
  `displayCaptcha` int(11) DEFAULT '1',
  `redirectCID` int(11) DEFAULT '0',
  `addFilesToSet` int(11) DEFAULT '0',
  PRIMARY KEY (`bID`),
  KEY `questionSetIdForeign` (`questionSetId`)
) ENGINE=InnoDB DEFAULT CHARSET=utf8 COLLATE=utf8_unicode_ci;
/*!40101 SET character_set_client = @saved_cs_client */;

--
-- Dumping data for table `btForm`
--

LOCK TABLES `btForm` WRITE;
/*!40000 ALTER TABLE `btForm` DISABLE KEYS */;
INSERT INTO `btForm` VALUES (128,1425331317,'Contact Us',NULL,'Thanks!',0,'',0,0,0),(235,1431331731,'Devenez Conseiller(e)','Submit','Merci !',0,'',0,0,0);
/*!40000 ALTER TABLE `btForm` ENABLE KEYS */;
UNLOCK TABLES;

--
-- Table structure for table `btFormAnswerSet`
--

DROP TABLE IF EXISTS `btFormAnswerSet`;
/*!40101 SET @saved_cs_client     = @@character_set_client */;
/*!40101 SET character_set_client = utf8 */;
CREATE TABLE `btFormAnswerSet` (
  `asID` int(10) unsigned NOT NULL AUTO_INCREMENT,
  `questionSetId` int(10) unsigned DEFAULT '0',
  `created` timestamp NOT NULL DEFAULT CURRENT_TIMESTAMP,
  `uID` int(10) unsigned DEFAULT '0',
  PRIMARY KEY (`asID`),
  KEY `questionSetId` (`questionSetId`),
  KEY `uID` (`uID`)
) ENGINE=InnoDB DEFAULT CHARSET=utf8 COLLATE=utf8_unicode_ci;
/*!40101 SET character_set_client = @saved_cs_client */;

--
-- Dumping data for table `btFormAnswerSet`
--

LOCK TABLES `btFormAnswerSet` WRITE;
/*!40000 ALTER TABLE `btFormAnswerSet` DISABLE KEYS */;
/*!40000 ALTER TABLE `btFormAnswerSet` ENABLE KEYS */;
UNLOCK TABLES;

--
-- Table structure for table `btFormAnswers`
--

DROP TABLE IF EXISTS `btFormAnswers`;
/*!40101 SET @saved_cs_client     = @@character_set_client */;
/*!40101 SET character_set_client = utf8 */;
CREATE TABLE `btFormAnswers` (
  `aID` int(10) unsigned NOT NULL AUTO_INCREMENT,
  `asID` int(10) unsigned DEFAULT '0',
  `msqID` int(10) unsigned DEFAULT '0',
  `answer` varchar(255) COLLATE utf8_unicode_ci DEFAULT NULL,
  `answerLong` text COLLATE utf8_unicode_ci,
  PRIMARY KEY (`aID`),
  KEY `asID` (`asID`),
  KEY `msqID` (`msqID`)
) ENGINE=InnoDB DEFAULT CHARSET=utf8 COLLATE=utf8_unicode_ci;
/*!40101 SET character_set_client = @saved_cs_client */;

--
-- Dumping data for table `btFormAnswers`
--

LOCK TABLES `btFormAnswers` WRITE;
/*!40000 ALTER TABLE `btFormAnswers` DISABLE KEYS */;
/*!40000 ALTER TABLE `btFormAnswers` ENABLE KEYS */;
UNLOCK TABLES;

--
-- Table structure for table `btFormQuestions`
--

DROP TABLE IF EXISTS `btFormQuestions`;
/*!40101 SET @saved_cs_client     = @@character_set_client */;
/*!40101 SET character_set_client = utf8 */;
CREATE TABLE `btFormQuestions` (
  `qID` int(10) unsigned NOT NULL AUTO_INCREMENT,
  `msqID` int(10) unsigned DEFAULT '0',
  `bID` int(10) unsigned DEFAULT '0',
  `questionSetId` int(10) unsigned DEFAULT '0',
  `question` varchar(255) COLLATE utf8_unicode_ci DEFAULT NULL,
  `inputType` varchar(255) COLLATE utf8_unicode_ci DEFAULT NULL,
  `options` text COLLATE utf8_unicode_ci,
  `position` int(10) unsigned DEFAULT '1000',
  `width` int(10) unsigned DEFAULT '50',
  `height` int(10) unsigned DEFAULT '3',
  `required` int(11) DEFAULT '0',
  `defaultDate` varchar(255) COLLATE utf8_unicode_ci DEFAULT '',
  PRIMARY KEY (`qID`),
  KEY `questionSetId` (`questionSetId`),
  KEY `msqID` (`msqID`),
  KEY `bID` (`bID`,`questionSetId`)
) ENGINE=InnoDB AUTO_INCREMENT=29 DEFAULT CHARSET=utf8 COLLATE=utf8_unicode_ci;
/*!40101 SET character_set_client = @saved_cs_client */;

--
-- Dumping data for table `btFormQuestions`
--

LOCK TABLES `btFormQuestions` WRITE;
/*!40000 ALTER TABLE `btFormQuestions` DISABLE KEYS */;
INSERT INTO `btFormQuestions` VALUES (19,1,128,1425331317,'First Name','field','',0,50,3,1,''),(20,2,128,1425331317,'Last Name','field','',0,50,3,1,''),(21,3,128,1425331317,'Email Address','email','a:1:{s:22:\"send_notification_from\";i:0;}',0,50,3,1,''),(25,4,128,1425331317,'Subject','select','\n                                                    I love your work.%%Great website.%%Check out this cool thing I found.%%Other.',0,50,3,0,''),(26,5,128,1425331317,'Message','text','',0,50,3,0,''),(27,6,235,1431331731,'Civilit','select','-----%%Mme.%%Mlle.%%M.',0,50,3,1,''),(28,7,235,1431331731,'Nom','field','',0,50,3,1,'');
/*!40000 ALTER TABLE `btFormQuestions` ENABLE KEYS */;
UNLOCK TABLES;

--
-- Table structure for table `btGoogleMap`
--

DROP TABLE IF EXISTS `btGoogleMap`;
/*!40101 SET @saved_cs_client     = @@character_set_client */;
/*!40101 SET character_set_client = utf8 */;
CREATE TABLE `btGoogleMap` (
  `bID` int(10) unsigned NOT NULL,
  `title` varchar(255) COLLATE utf8_unicode_ci DEFAULT NULL,
  `location` varchar(255) COLLATE utf8_unicode_ci DEFAULT NULL,
  `latitude` double DEFAULT NULL,
  `longitude` double DEFAULT NULL,
  `zoom` smallint(6) DEFAULT NULL,
  `width` varchar(8) COLLATE utf8_unicode_ci DEFAULT '100%',
  `height` varchar(8) COLLATE utf8_unicode_ci DEFAULT '400px',
  `scrollwheel` tinyint(1) NOT NULL DEFAULT '1',
  PRIMARY KEY (`bID`)
) ENGINE=InnoDB DEFAULT CHARSET=utf8 COLLATE=utf8_unicode_ci;
/*!40101 SET character_set_client = @saved_cs_client */;

--
-- Dumping data for table `btGoogleMap`
--

LOCK TABLES `btGoogleMap` WRITE;
/*!40000 ALTER TABLE `btGoogleMap` DISABLE KEYS */;
INSERT INTO `btGoogleMap` VALUES (121,'','1200 NW Naito Pkwy, Portland, OR, United States',45.5313254,-122.6763493,14,'100%','400px',0);
/*!40000 ALTER TABLE `btGoogleMap` ENABLE KEYS */;
UNLOCK TABLES;

--
-- Table structure for table `btImageSlider`
--

DROP TABLE IF EXISTS `btImageSlider`;
/*!40101 SET @saved_cs_client     = @@character_set_client */;
/*!40101 SET character_set_client = utf8 */;
CREATE TABLE `btImageSlider` (
  `bID` int(10) unsigned NOT NULL,
  `navigationType` int(10) unsigned DEFAULT '0',
  PRIMARY KEY (`bID`)
) ENGINE=InnoDB DEFAULT CHARSET=utf8 COLLATE=utf8_unicode_ci;
/*!40101 SET character_set_client = @saved_cs_client */;

--
-- Dumping data for table `btImageSlider`
--

LOCK TABLES `btImageSlider` WRITE;
/*!40000 ALTER TABLE `btImageSlider` DISABLE KEYS */;
INSERT INTO `btImageSlider` VALUES (51,1),(84,0),(86,0),(88,0),(90,0),(92,0),(94,0);
/*!40000 ALTER TABLE `btImageSlider` ENABLE KEYS */;
UNLOCK TABLES;

--
-- Table structure for table `btImageSliderEntries`
--

DROP TABLE IF EXISTS `btImageSliderEntries`;
/*!40101 SET @saved_cs_client     = @@character_set_client */;
/*!40101 SET character_set_client = utf8 */;
CREATE TABLE `btImageSliderEntries` (
  `id` int(10) unsigned NOT NULL AUTO_INCREMENT,
  `bID` int(10) unsigned DEFAULT NULL,
  `cID` int(10) unsigned DEFAULT '0',
  `fID` int(10) unsigned DEFAULT '0',
  `linkURL` varchar(255) COLLATE utf8_unicode_ci DEFAULT NULL,
  `internalLinkCID` int(10) unsigned DEFAULT '0',
  `title` longtext COLLATE utf8_unicode_ci,
  `description` longtext COLLATE utf8_unicode_ci,
  `sortOrder` int(11) DEFAULT NULL,
  PRIMARY KEY (`id`)
) ENGINE=InnoDB AUTO_INCREMENT=21 DEFAULT CHARSET=utf8 COLLATE=utf8_unicode_ci;
/*!40101 SET character_set_client = @saved_cs_client */;

--
-- Dumping data for table `btImageSliderEntries`
--

LOCK TABLES `btImageSliderEntries` WRITE;
/*!40000 ALTER TABLE `btImageSliderEntries` DISABLE KEYS */;
INSERT INTO `btImageSliderEntries` VALUES (1,51,0,11,'',0,'Stand Out on the Web','                                    <p>Share your business with an impressive, yet minimal presentation. Let your customers understand your web presence through elegance and clarity.</p>',0),(2,51,0,9,'',0,'A Simple Image Slider','                                    <p>This image slider can have any content that you want in it.</p>',1),(3,84,0,14,'',0,'','',0),(4,84,0,6,'',0,'','',1),(5,84,0,16,'',0,'','',2),(6,86,0,14,'',0,'','',0),(7,86,0,6,'',0,'','',1),(8,86,0,16,'',0,'','',2),(9,88,0,14,'',0,'','',0),(10,88,0,6,'',0,'','',1),(11,88,0,16,'',0,'','',2),(12,90,0,14,'',0,'','',0),(13,90,0,6,'',0,'','',1),(14,90,0,16,'',0,'','',2),(15,92,0,14,'',0,'','',0),(16,92,0,6,'',0,'','',1),(17,92,0,16,'',0,'','',2),(18,94,0,14,'',0,'','',0),(19,94,0,6,'',0,'','',1),(20,94,0,16,'',0,'','',2);
/*!40000 ALTER TABLE `btImageSliderEntries` ENABLE KEYS */;
UNLOCK TABLES;

--
-- Table structure for table `btNavigation`
--

DROP TABLE IF EXISTS `btNavigation`;
/*!40101 SET @saved_cs_client     = @@character_set_client */;
/*!40101 SET character_set_client = utf8 */;
CREATE TABLE `btNavigation` (
  `bID` int(10) unsigned NOT NULL,
  `orderBy` varchar(255) COLLATE utf8_unicode_ci DEFAULT 'alpha_asc',
  `displayPages` varchar(255) COLLATE utf8_unicode_ci DEFAULT 'top',
  `displayPagesCID` int(10) unsigned NOT NULL DEFAULT '1',
  `displayPagesIncludeSelf` tinyint(1) NOT NULL DEFAULT '0',
  `displaySubPages` varchar(255) COLLATE utf8_unicode_ci DEFAULT 'none',
  `displaySubPageLevels` varchar(255) COLLATE utf8_unicode_ci DEFAULT 'none',
  `displaySubPageLevelsNum` smallint(5) unsigned NOT NULL DEFAULT '0',
  `displayUnavailablePages` tinyint(1) NOT NULL DEFAULT '0',
  PRIMARY KEY (`bID`)
) ENGINE=InnoDB DEFAULT CHARSET=utf8 COLLATE=utf8_unicode_ci;
/*!40101 SET character_set_client = @saved_cs_client */;

--
-- Dumping data for table `btNavigation`
--

LOCK TABLES `btNavigation` WRITE;
/*!40000 ALTER TABLE `btNavigation` DISABLE KEYS */;
INSERT INTO `btNavigation` VALUES (48,'display_asc','top',0,0,'all','custom',1,0);
/*!40000 ALTER TABLE `btNavigation` ENABLE KEYS */;
UNLOCK TABLES;

--
-- Table structure for table `btNextPrevious`
--

DROP TABLE IF EXISTS `btNextPrevious`;
/*!40101 SET @saved_cs_client     = @@character_set_client */;
/*!40101 SET character_set_client = utf8 */;
CREATE TABLE `btNextPrevious` (
  `bID` int(10) unsigned NOT NULL,
  `nextLabel` varchar(128) COLLATE utf8_unicode_ci DEFAULT NULL,
  `previousLabel` varchar(128) COLLATE utf8_unicode_ci DEFAULT NULL,
  `parentLabel` varchar(128) COLLATE utf8_unicode_ci DEFAULT NULL,
  `loopSequence` int(11) DEFAULT '1',
  `excludeSystemPages` int(11) DEFAULT '1',
  `orderBy` varchar(20) COLLATE utf8_unicode_ci DEFAULT 'display_asc',
  PRIMARY KEY (`bID`)
) ENGINE=InnoDB DEFAULT CHARSET=utf8 COLLATE=utf8_unicode_ci;
/*!40101 SET character_set_client = @saved_cs_client */;

--
-- Dumping data for table `btNextPrevious`
--

LOCK TABLES `btNextPrevious` WRITE;
/*!40000 ALTER TABLE `btNextPrevious` DISABLE KEYS */;
INSERT INTO `btNextPrevious` VALUES (11,'Next Post','Last Post','',0,1,'chrono_desc');
/*!40000 ALTER TABLE `btNextPrevious` ENABLE KEYS */;
UNLOCK TABLES;

--
-- Table structure for table `btPageAttributeDisplay`
--

DROP TABLE IF EXISTS `btPageAttributeDisplay`;
/*!40101 SET @saved_cs_client     = @@character_set_client */;
/*!40101 SET character_set_client = utf8 */;
CREATE TABLE `btPageAttributeDisplay` (
  `bID` int(10) unsigned NOT NULL,
  `attributeHandle` varchar(255) COLLATE utf8_unicode_ci DEFAULT NULL,
  `attributeTitleText` varchar(255) COLLATE utf8_unicode_ci DEFAULT NULL,
  `displayTag` varchar(255) COLLATE utf8_unicode_ci DEFAULT NULL,
  `dateFormat` varchar(100) COLLATE utf8_unicode_ci DEFAULT 'div',
  `thumbnailHeight` int(10) unsigned DEFAULT NULL,
  `thumbnailWidth` int(10) unsigned DEFAULT NULL,
  PRIMARY KEY (`bID`)
) ENGINE=InnoDB DEFAULT CHARSET=utf8 COLLATE=utf8_unicode_ci;
/*!40101 SET character_set_client = @saved_cs_client */;

--
-- Dumping data for table `btPageAttributeDisplay`
--

LOCK TABLES `btPageAttributeDisplay` WRITE;
/*!40000 ALTER TABLE `btPageAttributeDisplay` DISABLE KEYS */;
INSERT INTO `btPageAttributeDisplay` VALUES (21,'job_posting_department','','p','m/d/y h:i:a',250,250),(23,'job_location','','p','m/d/y h:i:a',250,250),(29,'project_client','Client:','div','m/d/y h:i:a',250,250),(30,'project_tasks','Task:','div','m/d/y h:i:a',250,250),(31,'project_skills','Skills:','div','m/d/y h:i:a',250,250);
/*!40000 ALTER TABLE `btPageAttributeDisplay` ENABLE KEYS */;
UNLOCK TABLES;

--
-- Table structure for table `btPageList`
--

DROP TABLE IF EXISTS `btPageList`;
/*!40101 SET @saved_cs_client     = @@character_set_client */;
/*!40101 SET character_set_client = utf8 */;
CREATE TABLE `btPageList` (
  `bID` int(10) unsigned NOT NULL,
  `num` smallint(5) unsigned NOT NULL,
  `orderBy` varchar(32) COLLATE utf8_unicode_ci DEFAULT NULL,
  `cParentID` int(10) unsigned NOT NULL DEFAULT '1',
  `cThis` tinyint(1) NOT NULL DEFAULT '0',
  `useButtonForLink` tinyint(1) NOT NULL DEFAULT '0',
  `buttonLinkText` varchar(255) COLLATE utf8_unicode_ci DEFAULT NULL,
  `pageListTitle` varchar(255) COLLATE utf8_unicode_ci DEFAULT NULL,
  `relatedTopicAttributeKeyHandle` varchar(255) COLLATE utf8_unicode_ci DEFAULT NULL,
  `includeName` tinyint(1) NOT NULL DEFAULT '1',
  `includeDescription` tinyint(1) NOT NULL DEFAULT '1',
  `includeDate` tinyint(1) NOT NULL DEFAULT '0',
  `includeAllDescendents` tinyint(1) NOT NULL DEFAULT '0',
  `paginate` tinyint(1) NOT NULL DEFAULT '0',
  `displayAliases` tinyint(1) NOT NULL DEFAULT '1',
  `enableExternalFiltering` tinyint(1) NOT NULL DEFAULT '0',
  `filterByRelated` tinyint(1) NOT NULL DEFAULT '0',
  `ptID` smallint(5) unsigned DEFAULT NULL,
  `pfID` int(11) DEFAULT '0',
  `truncateSummaries` int(11) DEFAULT '0',
  `displayFeaturedOnly` tinyint(1) DEFAULT '0',
  `noResultsMessage` varchar(255) COLLATE utf8_unicode_ci DEFAULT NULL,
  `displayThumbnail` tinyint(1) DEFAULT '0',
  `truncateChars` int(11) DEFAULT '128',
  `filterByCustomTopic` tinyint(1) NOT NULL DEFAULT '0',
  `customTopicAttributeKeyHandle` varchar(255) COLLATE utf8_unicode_ci DEFAULT NULL,
  `customTopicTreeNodeID` int(10) unsigned NOT NULL DEFAULT '0',
  PRIMARY KEY (`bID`),
  KEY `ptID` (`ptID`)
) ENGINE=InnoDB DEFAULT CHARSET=utf8 COLLATE=utf8_unicode_ci;
/*!40101 SET character_set_client = @saved_cs_client */;

--
-- Dumping data for table `btPageList`
--

LOCK TABLES `btPageList` WRITE;
/*!40000 ALTER TABLE `btPageList` DISABLE KEYS */;
INSERT INTO `btPageList` VALUES (14,3,'random',157,0,0,NULL,'Related Posts','blog_entry_topics',1,0,0,0,0,0,0,1,6,0,0,0,NULL,0,0,0,NULL,0),(18,0,'chrono_desc',173,0,0,NULL,'Open Positions',NULL,1,0,0,0,0,0,0,0,0,0,0,0,NULL,0,0,0,NULL,0),(34,3,'random',0,0,0,NULL,'Related Projects','project_topics',1,0,0,0,0,0,0,1,8,0,0,0,'No related projects found.',0,0,0,NULL,0),(37,10,'chrono_desc',0,0,0,'',NULL,NULL,1,1,1,0,1,0,1,0,6,1,0,0,'No posts to this blog.',0,0,0,NULL,0),(42,0,'chrono_desc',0,0,0,'',NULL,NULL,1,0,0,0,1,0,1,0,8,0,0,0,'No projects found.',1,0,0,NULL,0),(58,3,'chrono_desc',0,0,1,'View Project',NULL,NULL,1,1,0,0,0,0,0,0,8,0,0,1,'',1,0,0,NULL,0),(64,1,'chrono_desc',0,0,0,'',NULL,NULL,0,0,0,0,0,0,0,0,6,0,0,0,'',1,0,0,NULL,0),(65,1,'display_asc',0,0,0,'',NULL,NULL,1,1,0,0,0,0,0,0,6,0,0,0,'',0,0,0,NULL,0),(158,0,'chrono_desc',173,1,1,'Apply Now',NULL,NULL,1,1,0,0,0,0,0,0,7,0,0,0,NULL,0,0,0,NULL,0),(188,3,'display_asc',181,1,0,'','testlaurent','',1,1,0,0,0,0,0,0,0,2,0,0,'',0,0,0,NULL,0),(190,3,'display_asc',155,0,0,'','testlaurent','',1,1,0,1,0,0,0,0,0,2,0,0,'',0,0,0,NULL,0);
/*!40000 ALTER TABLE `btPageList` ENABLE KEYS */;
UNLOCK TABLES;

--
-- Table structure for table `btPageTitle`
--

DROP TABLE IF EXISTS `btPageTitle`;
/*!40101 SET @saved_cs_client     = @@character_set_client */;
/*!40101 SET character_set_client = utf8 */;
CREATE TABLE `btPageTitle` (
  `bID` int(10) unsigned NOT NULL,
  `useCustomTitle` int(10) unsigned DEFAULT '0',
  `titleText` varchar(255) COLLATE utf8_unicode_ci DEFAULT NULL,
  `formatting` varchar(3) COLLATE utf8_unicode_ci DEFAULT NULL,
  PRIMARY KEY (`bID`)
) ENGINE=InnoDB DEFAULT CHARSET=utf8 COLLATE=utf8_unicode_ci;
/*!40101 SET character_set_client = @saved_cs_client */;

--
-- Dumping data for table `btPageTitle`
--

LOCK TABLES `btPageTitle` WRITE;
/*!40000 ALTER TABLE `btPageTitle` DISABLE KEYS */;
INSERT INTO `btPageTitle` VALUES (9,0,'[Page Title]',NULL),(17,0,'[Page Title]',NULL),(27,0,'[Page Title]',NULL),(35,0,'[Page Title]',NULL),(40,0,'[Page Title]',NULL),(68,1,'Our Expertise',NULL),(96,0,'',NULL),(119,0,'',NULL),(130,0,'',NULL),(145,1,'Work with Us',NULL),(161,0,'Frequently Asked Questions',NULL);
/*!40000 ALTER TABLE `btPageTitle` ENABLE KEYS */;
UNLOCK TABLES;

--
-- Table structure for table `btRssDisplay`
--

DROP TABLE IF EXISTS `btRssDisplay`;
/*!40101 SET @saved_cs_client     = @@character_set_client */;
/*!40101 SET character_set_client = utf8 */;
CREATE TABLE `btRssDisplay` (
  `bID` int(10) unsigned NOT NULL,
  `title` varchar(255) COLLATE utf8_unicode_ci DEFAULT NULL,
  `url` varchar(255) COLLATE utf8_unicode_ci DEFAULT NULL,
  `dateFormat` varchar(100) COLLATE utf8_unicode_ci DEFAULT NULL,
  `itemsToDisplay` int(10) unsigned DEFAULT '5',
  `showSummary` tinyint(1) NOT NULL DEFAULT '1',
  `launchInNewWindow` tinyint(1) NOT NULL DEFAULT '1',
  PRIMARY KEY (`bID`)
) ENGINE=InnoDB DEFAULT CHARSET=utf8 COLLATE=utf8_unicode_ci;
/*!40101 SET character_set_client = @saved_cs_client */;

--
-- Dumping data for table `btRssDisplay`
--

LOCK TABLES `btRssDisplay` WRITE;
/*!40000 ALTER TABLE `btRssDisplay` DISABLE KEYS */;
/*!40000 ALTER TABLE `btRssDisplay` ENABLE KEYS */;
UNLOCK TABLES;

--
-- Table structure for table `btSearch`
--

DROP TABLE IF EXISTS `btSearch`;
/*!40101 SET @saved_cs_client     = @@character_set_client */;
/*!40101 SET character_set_client = utf8 */;
CREATE TABLE `btSearch` (
  `bID` int(10) unsigned NOT NULL,
  `title` varchar(255) COLLATE utf8_unicode_ci DEFAULT NULL,
  `buttonText` varchar(128) COLLATE utf8_unicode_ci DEFAULT NULL,
  `baseSearchPath` varchar(255) COLLATE utf8_unicode_ci DEFAULT NULL,
  `postTo_cID` varchar(255) COLLATE utf8_unicode_ci DEFAULT NULL,
  `resultsURL` varchar(255) COLLATE utf8_unicode_ci DEFAULT NULL,
  PRIMARY KEY (`bID`)
) ENGINE=InnoDB DEFAULT CHARSET=utf8 COLLATE=utf8_unicode_ci;
/*!40101 SET character_set_client = @saved_cs_client */;

--
-- Dumping data for table `btSearch`
--

LOCK TABLES `btSearch` WRITE;
/*!40000 ALTER TABLE `btSearch` DISABLE KEYS */;
INSERT INTO `btSearch` VALUES (49,'','','','158',''),(118,'Search','Search','','','');
/*!40000 ALTER TABLE `btSearch` ENABLE KEYS */;
UNLOCK TABLES;

--
-- Table structure for table `btShareThisPage`
--

DROP TABLE IF EXISTS `btShareThisPage`;
/*!40101 SET @saved_cs_client     = @@character_set_client */;
/*!40101 SET character_set_client = utf8 */;
CREATE TABLE `btShareThisPage` (
  `btShareThisPageID` int(10) unsigned NOT NULL AUTO_INCREMENT,
  `bID` int(10) unsigned DEFAULT '0',
  `service` varchar(255) COLLATE utf8_unicode_ci DEFAULT NULL,
  `displayOrder` int(10) unsigned DEFAULT '0',
  PRIMARY KEY (`btShareThisPageID`)
) ENGINE=InnoDB AUTO_INCREMENT=6 DEFAULT CHARSET=utf8 COLLATE=utf8_unicode_ci;
/*!40101 SET character_set_client = @saved_cs_client */;

--
-- Dumping data for table `btShareThisPage`
--

LOCK TABLES `btShareThisPage` WRITE;
/*!40000 ALTER TABLE `btShareThisPage` DISABLE KEYS */;
INSERT INTO `btShareThisPage` VALUES (1,12,'facebook',0),(2,12,'twitter',1),(3,12,'linkedin',2),(4,12,'email',3),(5,187,'facebook',0);
/*!40000 ALTER TABLE `btShareThisPage` ENABLE KEYS */;
UNLOCK TABLES;

--
-- Table structure for table `btSocialLinks`
--

DROP TABLE IF EXISTS `btSocialLinks`;
/*!40101 SET @saved_cs_client     = @@character_set_client */;
/*!40101 SET character_set_client = utf8 */;
CREATE TABLE `btSocialLinks` (
  `btSocialLinkID` int(10) unsigned NOT NULL AUTO_INCREMENT,
  `bID` int(10) unsigned DEFAULT '0',
  `slID` int(10) unsigned DEFAULT '0',
  `displayOrder` int(10) unsigned DEFAULT '0',
  PRIMARY KEY (`btSocialLinkID`),
  KEY `bID` (`bID`,`displayOrder`),
  KEY `slID` (`slID`)
) ENGINE=InnoDB AUTO_INCREMENT=4 DEFAULT CHARSET=utf8 COLLATE=utf8_unicode_ci;
/*!40101 SET character_set_client = @saved_cs_client */;

--
-- Dumping data for table `btSocialLinks`
--

LOCK TABLES `btSocialLinks` WRITE;
/*!40000 ALTER TABLE `btSocialLinks` DISABLE KEYS */;
INSERT INTO `btSocialLinks` VALUES (1,47,3,0),(2,47,2,1),(3,47,1,2);
/*!40000 ALTER TABLE `btSocialLinks` ENABLE KEYS */;
UNLOCK TABLES;

--
-- Table structure for table `btSurvey`
--

DROP TABLE IF EXISTS `btSurvey`;
/*!40101 SET @saved_cs_client     = @@character_set_client */;
/*!40101 SET character_set_client = utf8 */;
CREATE TABLE `btSurvey` (
  `bID` int(10) unsigned NOT NULL,
  `question` varchar(255) COLLATE utf8_unicode_ci DEFAULT '',
  `requiresRegistration` int(11) DEFAULT '0',
  PRIMARY KEY (`bID`)
) ENGINE=InnoDB DEFAULT CHARSET=utf8 COLLATE=utf8_unicode_ci;
/*!40101 SET character_set_client = @saved_cs_client */;

--
-- Dumping data for table `btSurvey`
--

LOCK TABLES `btSurvey` WRITE;
/*!40000 ALTER TABLE `btSurvey` DISABLE KEYS */;
/*!40000 ALTER TABLE `btSurvey` ENABLE KEYS */;
UNLOCK TABLES;

--
-- Table structure for table `btSurveyOptions`
--

DROP TABLE IF EXISTS `btSurveyOptions`;
/*!40101 SET @saved_cs_client     = @@character_set_client */;
/*!40101 SET character_set_client = utf8 */;
CREATE TABLE `btSurveyOptions` (
  `optionID` int(10) unsigned NOT NULL AUTO_INCREMENT,
  `bID` int(11) DEFAULT NULL,
  `optionName` varchar(255) COLLATE utf8_unicode_ci DEFAULT NULL,
  `displayOrder` int(11) DEFAULT '0',
  PRIMARY KEY (`optionID`),
  KEY `bID` (`bID`,`displayOrder`)
) ENGINE=InnoDB DEFAULT CHARSET=utf8 COLLATE=utf8_unicode_ci;
/*!40101 SET character_set_client = @saved_cs_client */;

--
-- Dumping data for table `btSurveyOptions`
--

LOCK TABLES `btSurveyOptions` WRITE;
/*!40000 ALTER TABLE `btSurveyOptions` DISABLE KEYS */;
/*!40000 ALTER TABLE `btSurveyOptions` ENABLE KEYS */;
UNLOCK TABLES;

--
-- Table structure for table `btSurveyResults`
--

DROP TABLE IF EXISTS `btSurveyResults`;
/*!40101 SET @saved_cs_client     = @@character_set_client */;
/*!40101 SET character_set_client = utf8 */;
CREATE TABLE `btSurveyResults` (
  `resultID` int(10) unsigned NOT NULL AUTO_INCREMENT,
  `optionID` int(10) unsigned DEFAULT '0',
  `uID` int(10) unsigned DEFAULT '0',
  `bID` int(11) DEFAULT NULL,
  `cID` int(11) DEFAULT NULL,
  `ipAddress` varchar(128) COLLATE utf8_unicode_ci DEFAULT NULL,
  `timestamp` timestamp NOT NULL DEFAULT CURRENT_TIMESTAMP,
  PRIMARY KEY (`resultID`),
  KEY `optionID` (`optionID`),
  KEY `cID` (`cID`,`optionID`,`bID`),
  KEY `bID` (`bID`,`cID`,`uID`),
  KEY `uID` (`uID`)
) ENGINE=InnoDB DEFAULT CHARSET=utf8 COLLATE=utf8_unicode_ci;
/*!40101 SET character_set_client = @saved_cs_client */;

--
-- Dumping data for table `btSurveyResults`
--

LOCK TABLES `btSurveyResults` WRITE;
/*!40000 ALTER TABLE `btSurveyResults` DISABLE KEYS */;
/*!40000 ALTER TABLE `btSurveyResults` ENABLE KEYS */;
UNLOCK TABLES;

--
-- Table structure for table `btSwitchLanguage`
--

DROP TABLE IF EXISTS `btSwitchLanguage`;
/*!40101 SET @saved_cs_client     = @@character_set_client */;
/*!40101 SET character_set_client = utf8 */;
CREATE TABLE `btSwitchLanguage` (
  `bID` int(10) unsigned NOT NULL,
  `label` varchar(255) COLLATE utf8_unicode_ci DEFAULT '',
  PRIMARY KEY (`bID`)
) ENGINE=InnoDB DEFAULT CHARSET=utf8 COLLATE=utf8_unicode_ci;
/*!40101 SET character_set_client = @saved_cs_client */;

--
-- Dumping data for table `btSwitchLanguage`
--

LOCK TABLES `btSwitchLanguage` WRITE;
/*!40000 ALTER TABLE `btSwitchLanguage` DISABLE KEYS */;
/*!40000 ALTER TABLE `btSwitchLanguage` ENABLE KEYS */;
UNLOCK TABLES;

--
-- Table structure for table `btTags`
--

DROP TABLE IF EXISTS `btTags`;
/*!40101 SET @saved_cs_client     = @@character_set_client */;
/*!40101 SET character_set_client = utf8 */;
CREATE TABLE `btTags` (
  `bID` int(10) unsigned NOT NULL,
  `title` varchar(255) COLLATE utf8_unicode_ci DEFAULT NULL,
  `targetCID` int(11) DEFAULT NULL,
  `displayMode` varchar(20) COLLATE utf8_unicode_ci DEFAULT 'page',
  `cloudCount` int(11) DEFAULT '10',
  PRIMARY KEY (`bID`)
) ENGINE=InnoDB DEFAULT CHARSET=utf8 COLLATE=utf8_unicode_ci;
/*!40101 SET character_set_client = @saved_cs_client */;

--
-- Dumping data for table `btTags`
--

LOCK TABLES `btTags` WRITE;
/*!40000 ALTER TABLE `btTags` DISABLE KEYS */;
/*!40000 ALTER TABLE `btTags` ENABLE KEYS */;
UNLOCK TABLES;

--
-- Table structure for table `btTestimonial`
--

DROP TABLE IF EXISTS `btTestimonial`;
/*!40101 SET @saved_cs_client     = @@character_set_client */;
/*!40101 SET character_set_client = utf8 */;
CREATE TABLE `btTestimonial` (
  `bID` int(10) unsigned NOT NULL,
  `fID` int(10) unsigned DEFAULT '0',
  `name` varchar(255) COLLATE utf8_unicode_ci DEFAULT NULL,
  `position` varchar(255) COLLATE utf8_unicode_ci DEFAULT NULL,
  `company` varchar(255) COLLATE utf8_unicode_ci DEFAULT NULL,
  `companyURL` varchar(255) COLLATE utf8_unicode_ci DEFAULT NULL,
  `paragraph` text COLLATE utf8_unicode_ci,
  PRIMARY KEY (`bID`)
) ENGINE=InnoDB DEFAULT CHARSET=utf8 COLLATE=utf8_unicode_ci;
/*!40101 SET character_set_client = @saved_cs_client */;

--
-- Dumping data for table `btTestimonial`
--

LOCK TABLES `btTestimonial` WRITE;
/*!40000 ALTER TABLE `btTestimonial` DISABLE KEYS */;
INSERT INTO `btTestimonial` VALUES (80,5,'Franz Maruna','CEO & Founder','concrete5','http://concrete5.org','Curabitur sagittis elementum felis at sodales. Nullam fermentum at urna quis accumsan. Nam bibendum leo nisi, lacinia molestie arcu consequat quis. Morbi at suscipit risus.'),(81,5,'John Doe','Marketing Directory','CompanyCo','','Curabitur sagittis elementum felis at sodales. Nullam fermentum at urna quis accumsan. Nam bibendum leo nisi, lacinia molestie arcu consequat quis. Morbi at suscipit risus.'),(82,5,'Andrew Embler','CTO & Founder','concrete5','http://concrete5.org','Curabitur sagittis elementum felis at sodales. Nullam fermentum at urna quis accumsan. Nam bibendum leo nisi, lacinia molestie arcu consequat quis. Morbi at suscipit risus.'),(83,5,'Jane Doe','IT Manager','CompanyCo','','Curabitur sagittis elementum felis at sodales. Nullam fermentum at urna quis accumsan. Nam bibendum leo nisi, lacinia molestie arcu consequat quis. Morbi at suscipit risus.'),(98,8,'John Smith','Co-Founder / CEO','','','Curabitur sagittis elementum felis at sodales. Nullam fermentum at urna quis accumsan. Nam bibendum leo nisi, lacinia molestie arcu consequat quis.'),(99,8,'Bob Smith','Co-Founder / CTO','','','Curabitur sagittis elementum felis at sodales. Nullam fermentum at urna quis accumsan. Nam bibendum leo nisi, lacinia molestie arcu consequat quis.'),(102,8,'John Smith','Art Director','','','Curabitur sagittis elementum felis at sodales. Nullam fermentum at urna quis accumsan. Nam bibendum leo nisi, lacinia molestie arcu consequat quis.'),(103,8,'John Smith','Art Director','','','Curabitur sagittis elementum felis at sodales. Nullam fermentum at urna quis accumsan. Nam bibendum leo nisi, lacinia molestie arcu consequat quis.'),(104,8,'Bob Smith','Art Director','','','Curabitur sagittis elementum felis at sodales. Nullam fermentum at urna quis accumsan. Nam bibendum leo nisi, lacinia molestie arcu consequat quis.'),(105,8,'Bob Smith','Art Director','','','Curabitur sagittis elementum felis at sodales. Nullam fermentum at urna quis accumsan. Nam bibendum leo nisi, lacinia molestie arcu consequat quis.'),(106,8,'Bob Smith','Art Director','','','Curabitur sagittis elementum felis at sodales. Nullam fermentum at urna quis accumsan. Nam bibendum leo nisi, lacinia molestie arcu consequat quis.'),(107,8,'Bob Smith','Art Director','','','Curabitur sagittis elementum felis at sodales. Nullam fermentum at urna quis accumsan. Nam bibendum leo nisi, lacinia molestie arcu consequat quis.');
/*!40000 ALTER TABLE `btTestimonial` ENABLE KEYS */;
UNLOCK TABLES;

--
-- Table structure for table `btTopicList`
--

DROP TABLE IF EXISTS `btTopicList`;
/*!40101 SET @saved_cs_client     = @@character_set_client */;
/*!40101 SET character_set_client = utf8 */;
CREATE TABLE `btTopicList` (
  `bID` int(10) unsigned NOT NULL,
  `mode` varchar(1) COLLATE utf8_unicode_ci NOT NULL DEFAULT 'S',
  `topicAttributeKeyHandle` varchar(255) COLLATE utf8_unicode_ci NOT NULL DEFAULT '',
  `topicTreeID` int(10) unsigned NOT NULL DEFAULT '0',
  `cParentID` int(10) unsigned NOT NULL DEFAULT '0',
  `title` varchar(255) COLLATE utf8_unicode_ci NOT NULL DEFAULT '',
  PRIMARY KEY (`bID`)
) ENGINE=InnoDB DEFAULT CHARSET=utf8 COLLATE=utf8_unicode_ci;
/*!40101 SET character_set_client = @saved_cs_client */;

--
-- Dumping data for table `btTopicList`
--

LOCK TABLES `btTopicList` WRITE;
/*!40000 ALTER TABLE `btTopicList` DISABLE KEYS */;
INSERT INTO `btTopicList` VALUES (13,'P','blog_entry_topics',2,157,'Topics'),(38,'S','',2,0,'Topics'),(41,'S','',3,0,''),(231,'S','blog_entry_topics',2,0,'Sujets'),(232,'S','blog_entry_topics',3,0,'Sujets');
/*!40000 ALTER TABLE `btTopicList` ENABLE KEYS */;
UNLOCK TABLES;

--
-- Table structure for table `btVideo`
--

DROP TABLE IF EXISTS `btVideo`;
/*!40101 SET @saved_cs_client     = @@character_set_client */;
/*!40101 SET character_set_client = utf8 */;
CREATE TABLE `btVideo` (
  `bID` int(10) unsigned NOT NULL,
  `webmfID` int(10) unsigned DEFAULT '0',
  `oggfID` int(10) unsigned DEFAULT '0',
  `posterfID` int(10) unsigned DEFAULT '0',
  `mp4fID` int(10) unsigned DEFAULT '0',
  `width` int(10) unsigned DEFAULT NULL,
  `height` int(10) unsigned DEFAULT NULL,
  PRIMARY KEY (`bID`)
) ENGINE=InnoDB DEFAULT CHARSET=utf8 COLLATE=utf8_unicode_ci;
/*!40101 SET character_set_client = @saved_cs_client */;

--
-- Dumping data for table `btVideo`
--

LOCK TABLES `btVideo` WRITE;
/*!40000 ALTER TABLE `btVideo` DISABLE KEYS */;
/*!40000 ALTER TABLE `btVideo` ENABLE KEYS */;
UNLOCK TABLES;

--
-- Table structure for table `btYouTube`
--

DROP TABLE IF EXISTS `btYouTube`;
/*!40101 SET @saved_cs_client     = @@character_set_client */;
/*!40101 SET character_set_client = utf8 */;
CREATE TABLE `btYouTube` (
  `bID` int(10) unsigned NOT NULL,
  `title` varchar(255) COLLATE utf8_unicode_ci DEFAULT NULL,
  `videoURL` varchar(255) COLLATE utf8_unicode_ci DEFAULT NULL,
  `vHeight` varchar(255) COLLATE utf8_unicode_ci DEFAULT NULL,
  `vWidth` varchar(255) COLLATE utf8_unicode_ci DEFAULT NULL,
  `vPlayer` tinyint(1) NOT NULL DEFAULT '0',
  PRIMARY KEY (`bID`)
) ENGINE=InnoDB DEFAULT CHARSET=utf8 COLLATE=utf8_unicode_ci;
/*!40101 SET character_set_client = @saved_cs_client */;

--
-- Dumping data for table `btYouTube`
--

LOCK TABLES `btYouTube` WRITE;
/*!40000 ALTER TABLE `btYouTube` DISABLE KEYS */;
/*!40000 ALTER TABLE `btYouTube` ENABLE KEYS */;
UNLOCK TABLES;

--
-- Table structure for table `gaPage`
--

DROP TABLE IF EXISTS `gaPage`;
/*!40101 SET @saved_cs_client     = @@character_set_client */;
/*!40101 SET character_set_client = utf8 */;
CREATE TABLE `gaPage` (
  `gaiID` int(10) unsigned NOT NULL,
  `cID` int(10) unsigned DEFAULT NULL,
  PRIMARY KEY (`gaiID`),
  KEY `cID` (`cID`)
) ENGINE=InnoDB DEFAULT CHARSET=utf8 COLLATE=utf8_unicode_ci;
/*!40101 SET character_set_client = @saved_cs_client */;

--
-- Dumping data for table `gaPage`
--

LOCK TABLES `gaPage` WRITE;
/*!40000 ALTER TABLE `gaPage` DISABLE KEYS */;
/*!40000 ALTER TABLE `gaPage` ENABLE KEYS */;
UNLOCK TABLES;
/*!40103 SET TIME_ZONE=@OLD_TIME_ZONE */;

/*!40101 SET SQL_MODE=@OLD_SQL_MODE */;
/*!40014 SET FOREIGN_KEY_CHECKS=@OLD_FOREIGN_KEY_CHECKS */;
/*!40014 SET UNIQUE_CHECKS=@OLD_UNIQUE_CHECKS */;
/*!40101 SET CHARACTER_SET_CLIENT=@OLD_CHARACTER_SET_CLIENT */;
/*!40101 SET CHARACTER_SET_RESULTS=@OLD_CHARACTER_SET_RESULTS */;
/*!40101 SET COLLATION_CONNECTION=@OLD_COLLATION_CONNECTION */;
/*!40111 SET SQL_NOTES=@OLD_SQL_NOTES */;

-- Dump completed on 2015-09-04 10:49:20
